ItemNumber,BaseMaterialItemNumber,Item,UPC,ItemCategoryCode,ItemGroup,UnitofMeasure,CurrentUnitCost,ContainerCode,QuantityPerContainer,FGCode,Blocked,Genus,Discontinued,LastUpdated
100001,100001,Genovese Basil 0001,000000100001,HERB,Herbs,EA,1.00,C4,1,FG,false,Ocimum,false,2026-09-20T12:00:00
100002,100002,Italian Parsley 0002,000000100002,HERB,Herbs,EA,1.01,C4,2,FG,false,Petroselinum,false,2026-09-20T12:00:00
100003,100003,Beefsteak Tomato 0003,000000100003,VEG,Vegetables,EA,1.02,C4,3,FG,false,Solanum,false,2026-09-20T12:00:00
100004,100004,Roma Tomato 0004,000000100004,VEG,Vegetables,EA,1.03,C4,4,FG,false,Solanum,false,2026-09-20T12:00:00
100005,100005,Jalapeno Pepper 0005,000000100005,VEG,Vegetables,EA,1.04,C4,1,FG,false,Capsicum,false,2026-09-20T12:00:00
100006,100006,Red Russian Kale 0006,000000100006,VEG,Vegetables,EA,1.05,C4,2,FG,false,Brassica,false,2026-09-20T12:00:00
100007,100007,Nantes Carrot 0007,000000100007,VEG,Vegetables,EA,1.06,C4,3,FG,false,Daucus,false,2026-09-20T12:00:00
100008,100008,Buttercrunch Lettuce 0008,000000100008,VEG,Vegetables,EA,1.07,C4,4,FG,false,Lactuca,false,2026-09-20T12:00:00
100009,100009,French Marigold 0009,000000100009,FLOWER,Annuals,EA,1.08,C4,1,FG,false,Tagetes,false,2026-09-20T12:00:00
100010,100010,Wave Petunia 0010,000000100010,FLOWER,Annuals,EA,1.09,C4,2,FG,false,Petunia,false,2026-09-20T12:00:00
100011,100011,Black-eyed Susan 0011,000000100011,PER,Perennials,EA,1.10,C4,3,FG,false,Rudbeckia,false,2026-09-20T12:00:00
100012,100012,Purple Coneflower 0012,000000100012,PER,Perennials,EA,1.11,C4,4,FG,false,Echinacea,false,2026-09-20T12:00:00
100013,100013,Genovese Basil 0013,000000100013,HERB,Herbs,EA,1.12,C4,1,FG,false,Ocimum,false,2026-09-20T12:00:00
100014,100014,Italian Parsley 0014,000000100014,HERB,Herbs,EA,1.13,C4,2,FG,false,Petroselinum,false,2026-09-20T12:00:00
100015,100015,Beefsteak Tomato 0015,000000100015,VEG,Vegetables,EA,1.14,C4,3,FG,false,Solanum,false,2026-09-20T12:00:00
100016,100016,Roma Tomato 0016,000000100016,VEG,Vegetables,EA,1.15,C4,4,FG,false,Solanum,false,2026-09-20T12:00:00
100017,100017,Jalapeno Pepper 0017,000000100017,VEG,Vegetables,EA,1.16,C4,1,FG,false,Capsicum,false,2026-09-20T12:00:00
100018,100018,Red Russian Kale 0018,000000100018,VEG,Vegetables,EA,1.17,C4,2,FG,false,Brassica,false,2026-09-20T12:00:00
100019,100019,Nantes Carrot 0019,000000100019,VEG,Vegetables,EA,1.18,C4,3,FG,false,Daucus,false,2026-09-20T12:00:00
100020,100020,Buttercrunch Lettuce 0020,000000100020,VEG,Vegetables,EA,1.19,C4,4,FG,false,Lactuca,false,2026-09-20T12:00:00
100021,100021,French Marigold 0021,000000100021,FLOWER,Annuals,EA,1.20,C4,1,FG,false,Tagetes,false,2026-09-20T12:00:00
100022,100022,Wave Petunia 0022,000000100022,FLOWER,Annuals,EA,1.21,C4,2,FG,false,Petunia,false,2026-09-20T12:00:00
100023,100023,Black-eyed Susan 0023,000000100023,PER,Perennials,EA,1.22,C4,3,FG,false,Rudbeckia,false,2026-09-20T12:00:00
100024,100024,Purple Coneflower 0024,000000100024,PER,Perennials,EA,1.23,C4,4,FG,false,Echinacea,false,2026-09-20T12:00:00
100025,100025,Genovese Basil 0025,000000100025,HERB,Herbs,EA,1.24,C4,1,FG,false,Ocimum,false,2026-09-20T12:00:00
100026,100026,Italian Parsley 0026,000000100026,HERB,Herbs,EA,1.25,C4,2,FG,false,Petroselinum,false,2026-09-20T12:00:00
100027,100027,Beefsteak Tomato 0027,000000100027,VEG,Vegetables,EA,1.26,C4,3,FG,false,Solanum,false,2026-09-20T12:00:00
100028,100028,Roma Tomato 0028,000000100028,VEG,Vegetables,EA,1.27,C4,4,FG,false,Solanum,false,2026-09-20T12:00:00
100029,100029,Jalapeno Pepper 0029,000000100029,VEG,Vegetables,EA,1.28,C4,1,FG,false,Capsicum,false,2026-09-20T12:00:00
100030,100030,Red Russian Kale 0030,000000100030,VEG,Vegetables,EA,1.29,C4,2,FG,false,Brassica,false,2026-09-20T12:00:00
100031,100031,Nantes Carrot 0031,000000100031,VEG,Vegetables,EA,1.30,C4,3,FG,false,Daucus,false,2026-09-20T12:00:00
100032,100032,Buttercrunch Lettuce 0032,000000100032,VEG,Vegetables,EA,1.31,C4,4,FG,false,Lactuca,false,2026-09-20T12:00:00
100033,100033,French Marigold 0033,000000100033,FLOWER,Annuals,EA,1.32,C4,1,FG,false,Tagetes,false,2026-09-20T12:00:00
100034,100034,Wave Petunia 0034,000000100034,FLOWER,Annuals,EA,1.33,C4,2,FG,false,Petunia,false,2026-09-20T12:00:00
100035,100035,Black-eyed Susan 0035,000000100035,PER,Perennials,EA,1.34,C4,3,FG,false,Rudbeckia,false,2026-09-20T12:00:00
100036,100036,Purple Coneflower 0036,000000100036,PER,Perennials,EA,1.35,C4,4,FG,false,Echinacea,false,2026-09-20T12:00:00
100037,100037,Genovese Basil 0037,000000100037,HERB,Herbs,EA,1.36,C4,1,FG,false,Ocimum,false,2026-09-20T12:00:00
100038,100038,Italian Parsley 0038,000000100038,HERB,Herbs,EA,1.37,C4,2,FG,false,Petroselinum,false,2026-09-20T12:00:00
100039,100039,Beefsteak Tomato 0039,000000100039,VEG,Vegetables,EA,1.38,C4,3,FG,false,Solanum,false,2026-09-20T12:00:00
100040,100040,Roma Tomato 0040,000000100040,VEG,Vegetables,EA,1.39,C4,4,FG,false,Solanum,false,2026-09-20T12:00:00
100041,100041,Jalapeno Pepper 0041,000000100041,VEG,Vegetables,EA,1.40,C4,1,FG,false,Capsicum,false,2026-09-20T12:00:00
100042,100042,Red Russian Kale 0042,000000100042,VEG,Vegetables,EA,1.41,C4,2,FG,false,Brassica,false,2026-09-20T12:00:00
100043,100043,Nantes Carrot 0043,000000100043,VEG,Vegetables,EA,1.42,C4,3,FG,false,Daucus,false,2026-09-20T12:00:00
100044,100044,Buttercrunch Lettuce 0044,000000100044,VEG,Vegetables,EA,1.43,C4,4,FG,false,Lactuca,false,2026-09-20T12:00:00
100045,100045,French Marigold 0045,000000100045,FLOWER,Annuals,EA,1.44,C4,1,FG,false,Tagetes,false,2026-09-20T12:00:00
100046,100046,Wave Petunia 0046,000000100046,FLOWER,Annuals,EA,1.45,C4,2,FG,false,Petunia,false,2026-09-20T12:00:00
100047,100047,Black-eyed Susan 0047,000000100047,PER,Perennials,EA,1.46,C4,3,FG,false,Rudbeckia,false,2026-09-20T12:00:00
100048,100048,Purple Coneflower 0048,000000100048,PER,Perennials,EA,1.47,C4,4,FG,false,Echinacea,false,2026-09-20T12:00:00
100049,100049,Genovese Basil 0049,000000100049,HERB,Herbs,EA,1.48,C4,1,FG,false,Ocimum,false,2026-09-20T12:00:00
100050,100050,Italian Parsley 0050,000000100050,HERB,Herbs,EA,1.49,C4,2,FG,false,Petroselinum,false,2026-09-20T12:00:00
100051,100051,Beefsteak Tomato 0051,000000100051,VEG,Vegetables,EA,1.50,C4,3,FG,false,Solanum,false,2026-09-20T12:00:00
100052,100052,Roma Tomato 0052,000000100052,VEG,Vegetables,EA,1.51,C4,4,FG,false,Solanum,false,2026-09-20T12:00:00
100053,100053,Jalapeno Pepper 0053,000000100053,VEG,Vegetables,EA,1.52,C4,1,FG,false,Capsicum,false,2026-09-20T12:00:00
100054,100054,Red Russian Kale 0054,000000100054,VEG,Vegetables,EA,1.53,C4,2,FG,false,Brassica,false,2026-09-20T12:00:00
100055,100055,Nantes Carrot 0055,000000100055,VEG,Vegetables,EA,1.54,C4,3,FG,false,Daucus,false,2026-09-20T12:00:00
100056,100056,Buttercrunch Lettuce 0056,000000100056,VEG,Vegetables,EA,1.55,C4,4,FG,false,Lactuca,false,2026-09-20T12:00:00
100057,100057,French Marigold 0057,000000100057,FLOWER,Annuals,EA,1.56,C4,1,FG,false,Tagetes,false,2026-09-20T12:00:00
100058,100058,Wave Petunia 0058,000000100058,FLOWER,Annuals,EA,1.57,C4,2,FG,false,Petunia,false,2026-09-20T12:00:00
100059,100059,Black-eyed Susan 0059,000000100059,PER,Perennials,EA,1.58,C4,3,FG,false,Rudbeckia,false,2026-09-20T12:00:00
100060,100060,Purple Coneflower 0060,000000100060,PER,Perennials,EA,1.59,C4,4,FG,false,Echinacea,false,2026-09-20T12:00:00
100061,100061,Genovese Basil 0061,000000100061,HERB,Herbs,EA,1.60,C4,1,FG,false,Ocimum,false,2026-09-20T12:00:00
100062,100062,Italian Parsley 0062,000000100062,HERB,Herbs,EA,1.61,C4,2,FG,false,Petroselinum,false,2026-09-20T12:00:00
100063,100063,Beefsteak Tomato 0063,000000100063,VEG,Vegetables,EA,1.62,C4,3,FG,false,Solanum,false,2026-09-20T12:00:00
100064,100064,Roma Tomato 0064,000000100064,VEG,Vegetables,EA,1.63,C4,4,FG,false,Solanum,false,2026-09-20T12:00:00
100065,100065,Jalapeno Pepper 0065,000000100065,VEG,Vegetables,EA,1.64,C4,1,FG,false,Capsicum,false,2026-09-20T12:00:00
100066,100066,Red Russian Kale 0066,000000100066,VEG,Vegetables,EA,1.65,C4,2,FG,false,Brassica,false,2026-09-20T12:00:00
100067,100067,Nantes Carrot 0067,000000100067,VEG,Vegetables,EA,1.66,C4,3,FG,false,Daucus,false,2026-09-20T12:00:00
100068,100068,Buttercrunch Lettuce 0068,000000100068,VEG,Vegetables,EA,1.67,C4,4,FG,false,Lactuca,false,2026-09-20T12:00:00
100069,100069,French Marigold 0069,000000100069,FLOWER,Annuals,EA,1.68,C4,1,FG,false,Tagetes,false,2026-09-20T12:00:00
100070,100070,Wave Petunia 0070,000000100070,FLOWER,Annuals,EA,1.69,C4,2,FG,false,Petunia,false,2026-09-20T12:00:00
100071,100071,Black-eyed Susan 0071,000000100071,PER,Perennials,EA,1.70,C4,3,FG,false,Rudbeckia,false,2026-09-20T12:00:00
100072,100072,Purple Coneflower 0072,000000100072,PER,Perennials,EA,1.71,C4,4,FG,false,Echinacea,false,2026-09-20T12:00:00
100073,100073,Genovese Basil 0073,000000100073,HERB,Herbs,EA,1.72,C4,1,FG,false,Ocimum,false,2026-09-20T12:00:00
100074,100074,Italian Parsley 0074,000000100074,HERB,Herbs,EA,1.73,C4,2,FG,false,Petroselinum,false,2026-09-20T12:00:00
100075,100075,Beefsteak Tomato 0075,000000100075,VEG,Vegetables,EA,1.74,C4,3,FG,false,Solanum,false,2026-09-20T12:00:00
100076,100076,Roma Tomato 0076,000000100076,VEG,Vegetables,EA,1.75,C4,4,FG,false,Solanum,false,2026-09-20T12:00:00
100077,100077,Jalapeno Pepper 0077,000000100077,VEG,Vegetables,EA,1.76,C4,1,FG,false,Capsicum,false,2026-09-20T12:00:00
100078,100078,Red Russian Kale 0078,000000100078,VEG,Vegetables,EA,1.77,C4,2,FG,false,Brassica,false,2026-09-20T12:00:00
100079,100079,Nantes Carrot 0079,000000100079,VEG,Vegetables,EA,1.78,C4,3,FG,false,Daucus,false,2026-09-20T12:00:00
100080,100080,Buttercrunch Lettuce 0080,000000100080,VEG,Vegetables,EA,1.79,C4,4,FG,false,Lactuca,false,2026-09-20T12:00:00
100081,100081,French Marigold 0081,000000100081,FLOWER,Annuals,EA,1.80,C4,1,FG,false,Tagetes,false,2026-09-20T12:00:00
100082,100082,Wave Petunia 0082,000000100082,FLOWER,Annuals,EA,1.81,C4,2,FG,false,Petunia,false,2026-09-20T12:00:00
100083,100083,Black-eyed Susan 0083,000000100083,PER,Perennials,EA,1.82,C4,3,FG,false,Rudbeckia,false,2026-09-20T12:00:00
100084,100084,Purple Coneflower 0084,000000100084,PER,Perennials,EA,1.83,C4,4,FG,false,Echinacea,false,2026-09-20T12:00:00
100085,100085,Genovese Basil 0085,000000100085,HERB,Herbs,EA,1.84,C4,1,FG,false,Ocimum,false,2026-09-20T12:00:00
100086,100086,Italian Parsley 0086,000000100086,HERB,Herbs,EA,1.85,C4,2,FG,false,Petroselinum,false,2026-09-20T12:00:00
100087,100087,Beefsteak Tomato 0087,000000100087,VEG,Vegetables,EA,1.86,C4,3,FG,false,Solanum,false,2026-09-20T12:00:00
100088,100088,Roma Tomato 0088,000000100088,VEG,Vegetables,EA,1.87,C4,4,FG,false,Solanum,false,2026-09-20T12:00:00
100089,100089,Jalapeno Pepper 0089,000000100089,VEG,Vegetables,EA,1.88,C4,1,FG,false,Capsicum,false,2026-09-20T12:00:00
100090,100090,Red Russian Kale 0090,000000100090,VEG,Vegetables,EA,1.89,C4,2,FG,false,Brassica,false,2026-09-20T12:00:00
100091,100091,Nantes Carrot 0091,000000100091,VEG,Vegetables,EA,1.90,C4,3,FG,false,Daucus,false,2026-09-20T12:00:00
100092,100092,Buttercrunch Lettuce 0092,000000100092,VEG,Vegetables,EA,1.91,C4,4,FG,false,Lactuca,false,2026-09-20T12:00:00
100093,100093,French Marigold 0093,000000100093,FLOWER,Annuals,EA,1.92,C4,1,FG,false,Tagetes,false,2026-09-20T12:00:00
100094,100094,Wave Petunia 0094,000000100094,FLOWER,Annuals,EA,1.93,C4,2,FG,false,Petunia,false,2026-09-20T12:00:00
100095,100095,Black-eyed Susan 0095,000000100095,PER,Perennials,EA,1.94,C4,3,FG,false,Rudbeckia,false,2026-09-20T12:00:00
100096,100096,Purple Coneflower 0096,000000100096,PER,Perennials,EA,1.95,C4,4,FG,false,Echinacea,false,2026-09-20T12:00:00
100097,100097,Genovese Basil 0097,000000100097,HERB,Herbs,EA,1.96,C4,1,FG,false,Ocimum,false,2026-09-20T12:00:00
100098,100098,Italian Parsley 0098,000000100098,HERB,Herbs,EA,1.97,C4,2,FG,false,Petroselinum,false,2026-09-20T12:00:00
100099,100099,Beefsteak Tomato 0099,000000100099,VEG,Vegetables,EA,1.98,C4,3,FG,false,Solanum,false,2026-09-20T12:00:00
100100,100100,Roma Tomato 0100,000000100100,VEG,Vegetables,EA,1.99,C4,4,FG,false,Solanum,false,2026-09-20T12:00:00
100101,100101,Jalapeno Pepper 0101,000000100101,VEG,Vegetables,EA,1.00,C4,1,FG,false,Capsicum,false,2026-09-20T12:00:00
100102,100102,Red Russian Kale 0102,000000100102,VEG,Vegetables,EA,1.01,C4,2,FG,false,Brassica,false,2026-09-20T12:00:00
100103,100103,Nantes Carrot 0103,000000100103,VEG,Vegetables,EA,1.02,C4,3,FG,false,Daucus,false,2026-09-20T12:00:00
100104,100104,Buttercrunch Lettuce 0104,000000100104,VEG,Vegetables,EA,1.03,C4,4,FG,false,Lactuca,false,2026-09-20T12:00:00
100105,100105,French Marigold 0105,000000100105,FLOWER,Annuals,EA,1.04,C4,1,FG,false,Tagetes,false,2026-09-20T12:00:00
100106,100106,Wave Petunia 0106,000000100106,FLOWER,Annuals,EA,1.05,C4,2,FG,false,Petunia,false,2026-09-20T12:00:00
100107,100107,Black-eyed Susan 0107,000000100107,PER,Perennials,EA,1.06,C4,3,FG,false,Rudbeckia,false,2026-09-20T12:00:00
100108,100108,Purple Coneflower 0108,000000100108,PER,Perennials,EA,1.07,C4,4,FG,false,Echinacea,false,2026-09-20T12:00:00
100109,100109,Genovese Basil 0109,000000100109,HERB,Herbs,EA,1.08,C4,1,FG,false,Ocimum,false,2026-09-20T12:00:00
100110,100110,Italian Parsley 0110,000000100110,HERB,Herbs,EA,1.09,C4,2,FG,false,Petroselinum,false,2026-09-20T12:00:00
100111,100111,Beefsteak Tomato 0111,000000100111,VEG,Vegetables,EA,1.10,C4,3,FG,false,Solanum,false,2026-09-20T12:00:00
100112,100112,Roma Tomato 0112,000000100112,VEG,Vegetables,EA,1.11,C4,4,FG,false,Solanum,false,2026-09-20T12:00:00
100113,100113,Jalapeno Pepper 0113,000000100113,VEG,Vegetables,EA,1.12,C4,1,FG,false,Capsicum,false,2026-09-20T12:00:00
100114,100114,Red Russian Kale 0114,000000100114,VEG,Vegetables,EA,1.13,C4,2,FG,false,Brassica,false,2026-09-20T12:00:00
100115,100115,Nantes Carrot 0115,000000100115,VEG,Vegetables,EA,1.14,C4,3,FG,false,Daucus,false,2026-09-20T12:00:00
100116,100116,Buttercrunch Lettuce 0116,000000100116,VEG,Vegetables,EA,1.15,C4,4,FG,false,Lactuca,false,2026-09-20T12:00:00
100117,100117,French Marigold 0117,000000100117,FLOWER,Annuals,EA,1.16,C4,1,FG,false,Tagetes,false,2026-09-20T12:00:00
100118,100118,Wave Petunia 0118,000000100118,FLOWER,Annuals,EA,1.17,C4,2,FG,false,Petunia,false,2026-09-20T12:00:00
100119,100119,Black-eyed Susan 0119,000000100119,PER,Perennials,EA,1.18,C4,3,FG,false,Rudbeckia,false,2026-09-20T12:00:00
100120,100120,Purple Coneflower 0120,000000100120,PER,Perennials,EA,1.19,C4,4,FG,false,Echinacea,false,2026-09-20T12:00:00
100121,100121,Genovese Basil 0121,000000100121,HERB,Herbs,EA,1.20,C4,1,FG,false,Ocimum,false,2026-09-20T12:00:00
100122,100122,Italian Parsley 0122,000000100122,HERB,Herbs,EA,1.21,C4,2,FG,false,Petroselinum,false,2026-09-20T12:00:00
100123,100123,Beefsteak Tomato 0123,000000100123,VEG,Vegetables,EA,1.22,C4,3,FG,false,Solanum,false,2026-09-20T12:00:00
100124,100124,Roma Tomato 0124,000000100124,VEG,Vegetables,EA,1.23,C4,4,FG,false,Solanum,false,2026-09-20T12:00:00
100125,100125,Jalapeno Pepper 0125,000000100125,VEG,Vegetables,EA,1.24,C4,1,FG,false,Capsicum,false,2026-09-20T12:00:00
100126,100126,Red Russian Kale 0126,000000100126,VEG,Vegetables,EA,1.25,C4,2,FG,false,Brassica,false,2026-09-20T12:00:00
100127,100127,Nantes Carrot 0127,000000100127,VEG,Vegetables,EA,1.26,C4,3,FG,false,Daucus,false,2026-09-20T12:00:00
100128,100128,Buttercrunch Lettuce 0128,000000100128,VEG,Vegetables,EA,1.27,C4,4,FG,false,Lactuca,false,2026-09-20T12:00:00
100129,100129,French Marigold 0129,000000100129,FLOWER,Annuals,EA,1.28,C4,1,FG,false,Tagetes,false,2026-09-20T12:00:00
100130,100130,Wave Petunia 0130,000000100130,FLOWER,Annuals,EA,1.29,C4,2,FG,false,Petunia,false,2026-09-20T12:00:00
100131,100131,Black-eyed Susan 0131,000000100131,PER,Perennials,EA,1.30,C4,3,FG,false,Rudbeckia,false,2026-09-20T12:00:00
100132,100132,Purple Coneflower 0132,000000100132,PER,Perennials,EA,1.31,C4,4,FG,false,Echinacea,false,2026-09-20T12:00:00
100133,100133,Genovese Basil 0133,000000100133,HERB,Herbs,EA,1.32,C4,1,FG,false,Ocimum,false,2026-09-20T12:00:00
100134,100134,Italian Parsley 0134,000000100134,HERB,Herbs,EA,1.33,C4,2,FG,false,Petroselinum,false,2026-09-20T12:00:00
100135,100135,Beefsteak Tomato 0135,000000100135,VEG,Vegetables,EA,1.34,C4,3,FG,false,Solanum,false,2026-09-20T12:00:00
100136,100136,Roma Tomato 0136,000000100136,VEG,Vegetables,EA,1.35,C4,4,FG,false,Solanum,false,2026-09-20T12:00:00
100137,100137,Jalapeno Pepper 0137,000000100137,VEG,Vegetables,EA,1.36,C4,1,FG,false,Capsicum,false,2026-09-20T12:00:00
100138,100138,Red Russian Kale 0138,000000100138,VEG,Vegetables,EA,1.37,C4,2,FG,false,Brassica,false,2026-09-20T12:00:00
100139,100139,Nantes Carrot 0139,000000100139,VEG,Vegetables,EA,1.38,C4,3,FG,false,Daucus,false,2026-09-20T12:00:00
100140,100140,Buttercrunch Lettuce 0140,000000100140,VEG,Vegetables,EA,1.39,C4,4,FG,false,Lactuca,false,2026-09-20T12:00:00
100141,100141,French Marigold 0141,000000100141,FLOWER,Annuals,EA,1.40,C4,1,FG,false,Tagetes,false,2026-09-20T12:00:00
100142,100142,Wave Petunia 0142,000000100142,FLOWER,Annuals,EA,1.41,C4,2,FG,false,Petunia,false,2026-09-20T12:00:00
100143,100143,Black-eyed Susan 0143,000000100143,PER,Perennials,EA,1.42,C4,3,FG,false,Rudbeckia,false,2026-09-20T12:00:00
100144,100144,Purple Coneflower 0144,000000100144,PER,Perennials,EA,1.43,C4,4,FG,false,Echinacea,false,2026-09-20T12:00:00
100145,100145,Genovese Basil 0145,000000100145,HERB,Herbs,EA,1.44,C4,1,FG,false,Ocimum,false,2026-09-20T12:00:00
100146,100146,Italian Parsley 0146,000000100146,HERB,Herbs,EA,1.45,C4,2,FG,false,Petroselinum,false,2026-09-20T12:00:00
100147,100147,Beefsteak Tomato 0147,000000100147,VEG,Vegetables,EA,1.46,C4,3,FG,false,Solanum,false,2026-09-20T12:00:00
100148,100148,Roma Tomato 0148,000000100148,VEG,Vegetables,EA,1.47,C4,4,FG,false,Solanum,false,2026-09-20T12:00:00
100149,100149,Jalapeno Pepper 0149,000000100149,VEG,Vegetables,EA,1.48,C4,1,FG,false,Capsicum,false,2026-09-20T12:00:00
100150,100150,Red Russian Kale 0150,000000100150,VEG,Vegetables,EA,1.49,C4,2,FG,false,Brassica,false,2026-09-20T12:00:00
100151,100151,Nantes Carrot 0151,000000100151,VEG,Vegetables,EA,1.50,C4,3,FG,false,Daucus,false,2026-09-20T12:00:00
100152,100152,Buttercrunch Lettuce 0152,000000100152,VEG,Vegetables,EA,1.51,C4,4,FG,false,Lactuca,false,2026-09-20T12:00:00
100153,100153,French Marigold 0153,000000100153,FLOWER,Annuals,EA,1.52,C4,1,FG,false,Tagetes,false,2026-09-20T12:00:00
100154,100154,Wave Petunia 0154,000000100154,FLOWER,Annuals,EA,1.53,C4,2,FG,false,Petunia,false,2026-09-20T12:00:00
100155,100155,Black-eyed Susan 0155,000000100155,PER,Perennials,EA,1.54,C4,3,FG,false,Rudbeckia,false,2026-09-20T12:00:00
100156,100156,Purple Coneflower 0156,000000100156,PER,Perennials,EA,1.55,C4,4,FG,false,Echinacea,false,2026-09-20T12:00:00
100157,100157,Genovese Basil 0157,000000100157,HERB,Herbs,EA,1.56,C4,1,FG,false,Ocimum,false,2026-09-20T12:00:00
100158,100158,Italian Parsley 0158,000000100158,HERB,Herbs,EA,1.57,C4,2,FG,false,Petroselinum,false,2026-09-20T12:00:00
100159,100159,Beefsteak Tomato 0159,000000100159,VEG,Vegetables,EA,1.58,C4,3,FG,false,Solanum,false,2026-09-20T12:00:00
100160,100160,Roma Tomato 0160,000000100160,VEG,Vegetables,EA,1.59,C4,4,FG,false,Solanum,false,2026-09-20T12:00:00
100161,100161,Jalapeno Pepper 0161,000000100161,VEG,Vegetables,EA,1.60,C4,1,FG,false,Capsicum,false,2026-09-20T12:00:00
100162,100162,Red Russian Kale 0162,000000100162,VEG,Vegetables,EA,1.61,C4,2,FG,false,Brassica,false,2026-09-20T12:00:00
100163,100163,Nantes Carrot 0163,000000100163,VEG,Vegetables,EA,1.62,C4,3,FG,false,Daucus,false,2026-09-20T12:00:00
100164,100164,Buttercrunch Lettuce 0164,000000100164,VEG,Vegetables,EA,1.63,C4,4,FG,false,Lactuca,false,2026-09-20T12:00:00
100165,100165,French Marigold 0165,000000100165,FLOWER,Annuals,EA,1.64,C4,1,FG,false,Tagetes,false,2026-09-20T12:00:00
100166,100166,Wave Petunia 0166,000000100166,FLOWER,Annuals,EA,1.65,C4,2,FG,false,Petunia,false,2026-09-20T12:00:00
100167,100167,Black-eyed Susan 0167,000000100167,PER,Perennials,EA,1.66,C4,3,FG,false,Rudbeckia,false,2026-09-20T12:00:00
100168,100168,Purple Coneflower 0168,000000100168,PER,Perennials,EA,1.67,C4,4,FG,false,Echinacea,false,2026-09-20T12:00:00
100169,100169,Genovese Basil 0169,000000100169,HERB,Herbs,EA,1.68,C4,1,FG,false,Ocimum,false,2026-09-20T12:00:00
100170,100170,Italian Parsley 0170,000000100170,HERB,Herbs,EA,1.69,C4,2,FG,false,Petroselinum,false,2026-09-20T12:00:00
100171,100171,Beefsteak Tomato 0171,000000100171,VEG,Vegetables,EA,1.70,C4,3,FG,false,Solanum,false,2026-09-20T12:00:00
100172,100172,Roma Tomato 0172,000000100172,VEG,Vegetables,EA,1.71,C4,4,FG,false,Solanum,false,2026-09-20T12:00:00
100173,100173,Jalapeno Pepper 0173,000000100173,VEG,Vegetables,EA,1.72,C4,1,FG,false,Capsicum,false,2026-09-20T12:00:00
100174,100174,Red Russian Kale 0174,000000100174,VEG,Vegetables,EA,1.73,C4,2,FG,false,Brassica,false,2026-09-20T12:00:00
100175,100175,Nantes Carrot 0175,000000100175,VEG,Vegetables,EA,1.74,C4,3,FG,false,Daucus,false,2026-09-20T12:00:00
100176,100176,Buttercrunch Lettuce 0176,000000100176,VEG,Vegetables,EA,1.75,C4,4,FG,false,Lactuca,false,2026-09-20T12:00:00
100177,100177,French Marigold 0177,000000100177,FLOWER,Annuals,EA,1.76,C4,1,FG,false,Tagetes,false,2026-09-20T12:00:00
100178,100178,Wave Petunia 0178,000000100178,FLOWER,Annuals,EA,1.77,C4,2,FG,false,Petunia,false,2026-09-20T12:00:00
100179,100179,Black-eyed Susan 0179,000000100179,PER,Perennials,EA,1.78,C4,3,FG,false,Rudbeckia,false,2026-09-20T12:00:00
100180,100180,Purple Coneflower 0180,000000100180,PER,Perennials,EA,1.79,C4,4,FG,false,Echinacea,false,2026-09-20T12:00:00
100181,100181,Genovese Basil 0181,000000100181,HERB,Herbs,EA,1.80,C4,1,FG,false,Ocimum,false,2026-09-20T12:00:00
100182,100182,Italian Parsley 0182,000000100182,HERB,Herbs,EA,1.81,C4,2,FG,false,Petroselinum,false,2026-09-20T12:00:00
100183,100183,Beefsteak Tomato 0183,000000100183,VEG,Vegetables,EA,1.82,C4,3,FG,false,Solanum,false,2026-09-20T12:00:00
100184,100184,Roma Tomato 0184,000000100184,VEG,Vegetables,EA,1.83,C4,4,FG,false,Solanum,false,2026-09-20T12:00:00
100185,100185,Jalapeno Pepper 0185,000000100185,VEG,Vegetables,EA,1.84,C4,1,FG,false,Capsicum,false,2026-09-20T12:00:00
100186,100186,Red Russian Kale 0186,000000100186,VEG,Vegetables,EA,1.85,C4,2,FG,false,Brassica,false,2026-09-20T12:00:00
100187,100187,Nantes Carrot 0187,000000100187,VEG,Vegetables,EA,1.86,C4,3,FG,false,Daucus,false,2026-09-20T12:00:00
100188,100188,Buttercrunch Lettuce 0188,000000100188,VEG,Vegetables,EA,1.87,C4,4,FG,false,Lactuca,false,2026-09-20T12:00:00
100189,100189,French Marigold 0189,000000100189,FLOWER,Annuals,EA,1.88,C4,1,FG,false,Tagetes,false,2026-09-20T12:00:00
100190,100190,Wave Petunia 0190,000000100190,FLOWER,Annuals,EA,1.89,C4,2,FG,false,Petunia,false,2026-09-20T12:00:00
100191,100191,Black-eyed Susan 0191,000000100191,PER,Perennials,EA,1.90,C4,3,FG,false,Rudbeckia,false,2026-09-20T12:00:00
100192,100192,Purple Coneflower 0192,000000100192,PER,Perennials,EA,1.91,C4,4,FG,false,Echinacea,false,2026-09-20T12:00:00
100193,100193,Genovese Basil 0193,000000100193,HERB,Herbs,EA,1.92,C4,1,FG,false,Ocimum,false,2026-09-20T12:00:00
100194,100194,Italian Parsley 0194,000000100194,HERB,Herbs,EA,1.93,C4,2,FG,false,Petroselinum,false,2026-09-20T12:00:00
100195,100195,Beefsteak Tomato 0195,000000100195,VEG,Vegetables,EA,1.94,C4,3,FG,false,Solanum,false,2026-09-20T12:00:00
100196,100196,Roma Tomato 0196,000000100196,VEG,Vegetables,EA,1.95,C4,4,FG,false,Solanum,false,2026-09-20T12:00:00
100197,100197,Jalapeno Pepper 0197,000000100197,VEG,Vegetables,EA,1.96,C4,1,FG,false,Capsicum,false,2026-09-20T12:00:00
100198,100198,Red Russian Kale 0198,000000100198,VEG,Vegetables,EA,1.97,C4,2,FG,false,Brassica,false,2026-09-20T12:00:00
100199,100199,Nantes Carrot 0199,000000100199,VEG,Vegetables,EA,1.98,C4,3,FG,false,Daucus,false,2026-09-20T12:00:00
100200,100200,Buttercrunch Lettuce 0200,000000100200,VEG,Vegetables,EA,1.99,C4,4,FG,false,Lactuca,false,2026-09-20T12:00:00
100201,100201,French Marigold 0201,000000100201,FLOWER,Annuals,EA,1.00,C4,1,FG,false,Tagetes,false,2026-09-20T12:00:00
100202,100202,Wave Petunia 0202,000000100202,FLOWER,Annuals,EA,1.01,C4,2,FG,false,Petunia,false,2026-09-20T12:00:00
100203,100203,Black-eyed Susan 0203,000000100203,PER,Perennials,EA,1.02,C4,3,FG,false,Rudbeckia,false,2026-09-20T12:00:00
100204,100204,Purple Coneflower 0204,000000100204,PER,Perennials,EA,1.03,C4,4,FG,false,Echinacea,false,2026-09-20T12:00:00
100205,100205,Genovese Basil 0205,000000100205,HERB,Herbs,EA,1.04,C4,1,FG,false,Ocimum,false,2026-09-20T12:00:00
100206,100206,Italian Parsley 0206,000000100206,HERB,Herbs,EA,1.05,C4,2,FG,false,Petroselinum,false,2026-09-20T12:00:00
100207,100207,Beefsteak Tomato 0207,000000100207,VEG,Vegetables,EA,1.06,C4,3,FG,false,Solanum,false,2026-09-20T12:00:00
100208,100208,Roma Tomato 0208,000000100208,VEG,Vegetables,EA,1.07,C4,4,FG,false,Solanum,false,2026-09-20T12:00:00
100209,100209,Jalapeno Pepper 0209,000000100209,VEG,Vegetables,EA,1.08,C4,1,FG,false,Capsicum,false,2026-09-20T12:00:00
100210,100210,Red Russian Kale 0210,000000100210,VEG,Vegetables,EA,1.09,C4,2,FG,false,Brassica,false,2026-09-20T12:00:00
100211,100211,Nantes Carrot 0211,000000100211,VEG,Vegetables,EA,1.10,C4,3,FG,false,Daucus,false,2026-09-20T12:00:00
100212,100212,Buttercrunch Lettuce 0212,000000100212,VEG,Vegetables,EA,1.11,C4,4,FG,false,Lactuca,false,2026-09-20T12:00:00
100213,100213,French Marigold 0213,000000100213,FLOWER,Annuals,EA,1.12,C4,1,FG,false,Tagetes,false,2026-09-20T12:00:00
100214,100214,Wave Petunia 0214,000000100214,FLOWER,Annuals,EA,1.13,C4,2,FG,false,Petunia,false,2026-09-20T12:00:00
100215,100215,Black-eyed Susan 0215,000000100215,PER,Perennials,EA,1.14,C4,3,FG,false,Rudbeckia,false,2026-09-20T12:00:00
100216,100216,Purple Coneflower 0216,000000100216,PER,Perennials,EA,1.15,C4,4,FG,false,Echinacea,false,2026-09-20T12:00:00
100217,100217,Genovese Basil 0217,000000100217,HERB,Herbs,EA,1.16,C4,1,FG,false,Ocimum,false,2026-09-20T12:00:00
100218,100218,Italian Parsley 0218,000000100218,HERB,Herbs,EA,1.17,C4,2,FG,false,Petroselinum,false,2026-09-20T12:00:00
100219,100219,Beefsteak Tomato 0219,000000100219,VEG,Vegetables,EA,1.18,C4,3,FG,false,Solanum,false,2026-09-20T12:00:00
100220,100220,Roma Tomato 0220,000000100220,VEG,Vegetables,EA,1.19,C4,4,FG,false,Solanum,false,2026-09-20T12:00:00
100221,100221,Jalapeno Pepper 0221,000000100221,VEG,Vegetables,EA,1.20,C4,1,FG,false,Capsicum,false,2026-09-20T12:00:00
100222,100222,Red Russian Kale 0222,000000100222,VEG,Vegetables,EA,1.21,C4,2,FG,false,Brassica,false,2026-09-20T12:00:00
100223,100223,Nantes Carrot 0223,000000100223,VEG,Vegetables,EA,1.22,C4,3,FG,false,Daucus,false,2026-09-20T12:00:00
100224,100224,Buttercrunch Lettuce 0224,000000100224,VEG,Vegetables,EA,1.23,C4,4,FG,false,Lactuca,false,2026-09-20T12:00:00
100225,100225,French Marigold 0225,000000100225,FLOWER,Annuals,EA,1.24,C4,1,FG,false,Tagetes,false,2026-09-20T12:00:00
100226,100226,Wave Petunia 0226,000000100226,FLOWER,Annuals,EA,1.25,C4,2,FG,false,Petunia,false,2026-09-20T12:00:00
100227,100227,Black-eyed Susan 0227,000000100227,PER,Perennials,EA,1.26,C4,3,FG,false,Rudbeckia,false,2026-09-20T12:00:00
100228,100228,Purple Coneflower 0228,000000100228,PER,Perennials,EA,1.27,C4,4,FG,false,Echinacea,false,2026-09-20T12:00:00
100229,100229,Genovese Basil 0229,000000100229,HERB,Herbs,EA,1.28,C4,1,FG,false,Ocimum,false,2026-09-20T12:00:00
100230,100230,Italian Parsley 0230,000000100230,HERB,Herbs,EA,1.29,C4,2,FG,false,Petroselinum,false,2026-09-20T12:00:00
100231,100231,Beefsteak Tomato 0231,000000100231,VEG,Vegetables,EA,1.30,C4,3,FG,false,Solanum,false,2026-09-20T12:00:00
100232,100232,Roma Tomato 0232,000000100232,VEG,Vegetables,EA,1.31,C4,4,FG,false,Solanum,false,2026-09-20T12:00:00
100233,100233,Jalapeno Pepper 0233,000000100233,VEG,Vegetables,EA,1.32,C4,1,FG,false,Capsicum,false,2026-09-20T12:00:00
100234,100234,Red Russian Kale 0234,000000100234,VEG,Vegetables,EA,1.33,C4,2,FG,false,Brassica,false,2026-09-20T12:00:00
100235,100235,Nantes Carrot 0235,000000100235,VEG,Vegetables,EA,1.34,C4,3,FG,false,Daucus,false,2026-09-20T12:00:00
100236,100236,Buttercrunch Lettuce 0236,000000100236,VEG,Vegetables,EA,1.35,C4,4,FG,false,Lactuca,false,2026-09-20T12:00:00
100237,100237,French Marigold 0237,000000100237,FLOWER,Annuals,EA,1.36,C4,1,FG,false,Tagetes,false,2026-09-20T12:00:00
100238,100238,Wave Petunia 0238,000000100238,FLOWER,Annuals,EA,1.37,C4,2,FG,false,Petunia,false,2026-09-20T12:00:00
100239,100239,Black-eyed Susan 0239,000000100239,PER,Perennials,EA,1.38,C4,3,FG,false,Rudbeckia,false,2026-09-20T12:00:00
100240,100240,Purple Coneflower 0240,000000100240,PER,Perennials,EA,1.39,C4,4,FG,false,Echinacea,false,2026-09-20T12:00:00
100241,100241,Genovese Basil 0241,000000100241,HERB,Herbs,EA,1.40,C4,1,FG,false,Ocimum,false,2026-09-20T12:00:00
100242,100242,Italian Parsley 0242,000000100242,HERB,Herbs,EA,1.41,C4,2,FG,false,Petroselinum,false,2026-09-20T12:00:00
100243,100243,Beefsteak Tomato 0243,000000100243,VEG,Vegetables,EA,1.42,C4,3,FG,false,Solanum,false,2026-09-20T12:00:00
100244,100244,Roma Tomato 0244,000000100244,VEG,Vegetables,EA,1.43,C4,4,FG,false,Solanum,false,2026-09-20T12:00:00
100245,100245,Jalapeno Pepper 0245,000000100245,VEG,Vegetables,EA,1.44,C4,1,FG,false,Capsicum,false,2026-09-20T12:00:00
100246,100246,Red Russian Kale 0246,000000100246,VEG,Vegetables,EA,1.45,C4,2,FG,false,Brassica,false,2026-09-20T12:00:00
100247,100247,Nantes Carrot 0247,000000100247,VEG,Vegetables,EA,1.46,C4,3,FG,false,Daucus,false,2026-09-20T12:00:00
100248,100248,Buttercrunch Lettuce 0248,000000100248,VEG,Vegetables,EA,1.47,C4,4,FG,false,Lactuca,false,2026-09-20T12:00:00
100249,100249,French Marigold 0249,000000100249,FLOWER,Annuals,EA,1.48,C4,1,FG,false,Tagetes,false,2026-09-20T12:00:00
100250,100250,Wave Petunia 0250,000000100250,FLOWER,Annuals,EA,1.49,C4,2,FG,false,Petunia,false,2026-09-20T12:00:00
100251,100251,Black-eyed Susan 0251,000000100251,PER,Perennials,EA,1.50,C4,3,FG,false,Rudbeckia,false,2026-09-20T12:00:00
100252,100252,Purple Coneflower 0252,000000100252,PER,Perennials,EA,1.51,C4,4,FG,false,Echinacea,false,2026-09-20T12:00:00
100253,100253,Genovese Basil 0253,000000100253,HERB,Herbs,EA,1.52,C4,1,FG,false,Ocimum,false,2026-09-20T12:00:00
100254,100254,Italian Parsley 0254,000000100254,HERB,Herbs,EA,1.53,C4,2,FG,false,Petroselinum,false,2026-09-20T12:00:00
100255,100255,Beefsteak Tomato 0255,000000100255,VEG,Vegetables,EA,1.54,C4,3,FG,false,Solanum,false,2026-09-20T12:00:00
100256,100256,Roma Tomato 0256,000000100256,VEG,Vegetables,EA,1.55,C4,4,FG,false,Solanum,false,2026-09-20T12:00:00
100257,100257,Jalapeno Pepper 0257,000000100257,VEG,Vegetables,EA,1.56,C4,1,FG,false,Capsicum,false,2026-09-20T12:00:00
100258,100258,Red Russian Kale 0258,000000100258,VEG,Vegetables,EA,1.57,C4,2,FG,false,Brassica,false,2026-09-20T12:00:00
100259,100259,Nantes Carrot 0259,000000100259,VEG,Vegetables,EA,1.58,C4,3,FG,false,Daucus,false,2026-09-20T12:00:00
100260,100260,Buttercrunch Lettuce 0260,000000100260,VEG,Vegetables,EA,1.59,C4,4,FG,false,Lactuca,false,2026-09-20T12:00:00
100261,100261,French Marigold 0261,000000100261,FLOWER,Annuals,EA,1.60,C4,1,FG,false,Tagetes,false,2026-09-20T12:00:00
100262,100262,Wave Petunia 0262,000000100262,FLOWER,Annuals,EA,1.61,C4,2,FG,false,Petunia,false,2026-09-20T12:00:00
100263,100263,Black-eyed Susan 0263,000000100263,PER,Perennials,EA,1.62,C4,3,FG,false,Rudbeckia,false,2026-09-20T12:00:00
100264,100264,Purple Coneflower 0264,000000100264,PER,Perennials,EA,1.63,C4,4,FG,false,Echinacea,false,2026-09-20T12:00:00
100265,100265,Genovese Basil 0265,000000100265,HERB,Herbs,EA,1.64,C4,1,FG,false,Ocimum,false,2026-09-20T12:00:00
100266,100266,Italian Parsley 0266,000000100266,HERB,Herbs,EA,1.65,C4,2,FG,false,Petroselinum,false,2026-09-20T12:00:00
100267,100267,Beefsteak Tomato 0267,000000100267,VEG,Vegetables,EA,1.66,C4,3,FG,false,Solanum,false,2026-09-20T12:00:00
100268,100268,Roma Tomato 0268,000000100268,VEG,Vegetables,EA,1.67,C4,4,FG,false,Solanum,false,2026-09-20T12:00:00
100269,100269,Jalapeno Pepper 0269,000000100269,VEG,Vegetables,EA,1.68,C4,1,FG,false,Capsicum,false,2026-09-20T12:00:00
100270,100270,Red Russian Kale 0270,000000100270,VEG,Vegetables,EA,1.69,C4,2,FG,false,Brassica,false,2026-09-20T12:00:00
100271,100271,Nantes Carrot 0271,000000100271,VEG,Vegetables,EA,1.70,C4,3,FG,false,Daucus,false,2026-09-20T12:00:00
100272,100272,Buttercrunch Lettuce 0272,000000100272,VEG,Vegetables,EA,1.71,C4,4,FG,false,Lactuca,false,2026-09-20T12:00:00
100273,100273,French Marigold 0273,000000100273,FLOWER,Annuals,EA,1.72,C4,1,FG,false,Tagetes,false,2026-09-20T12:00:00
100274,100274,Wave Petunia 0274,000000100274,FLOWER,Annuals,EA,1.73,C4,2,FG,false,Petunia,false,2026-09-20T12:00:00
100275,100275,Black-eyed Susan 0275,000000100275,PER,Perennials,EA,1.74,C4,3,FG,false,Rudbeckia,false,2026-09-20T12:00:00
100276,100276,Purple Coneflower 0276,000000100276,PER,Perennials,EA,1.75,C4,4,FG,false,Echinacea,false,2026-09-20T12:00:00
100277,100277,Genovese Basil 0277,000000100277,HERB,Herbs,EA,1.76,C4,1,FG,false,Ocimum,false,2026-09-20T12:00:00
100278,100278,Italian Parsley 0278,000000100278,HERB,Herbs,EA,1.77,C4,2,FG,false,Petroselinum,false,2026-09-20T12:00:00
100279,100279,Beefsteak Tomato 0279,000000100279,VEG,Vegetables,EA,1.78,C4,3,FG,false,Solanum,false,2026-09-20T12:00:00
100280,100280,Roma Tomato 0280,000000100280,VEG,Vegetables,EA,1.79,C4,4,FG,false,Solanum,false,2026-09-20T12:00:00
100281,100281,Jalapeno Pepper 0281,000000100281,VEG,Vegetables,EA,1.80,C4,1,FG,false,Capsicum,false,2026-09-20T12:00:00
100282,100282,Red Russian Kale 0282,000000100282,VEG,Vegetables,EA,1.81,C4,2,FG,false,Brassica,false,2026-09-20T12:00:00
100283,100283,Nantes Carrot 0283,000000100283,VEG,Vegetables,EA,1.82,C4,3,FG,false,Daucus,false,2026-09-20T12:00:00
100284,100284,Buttercrunch Lettuce 0284,000000100284,VEG,Vegetables,EA,1.83,C4,4,FG,false,Lactuca,false,2026-09-20T12:00:00
100285,100285,French Marigold 0285,000000100285,FLOWER,Annuals,EA,1.84,C4,1,FG,false,Tagetes,false,2026-09-20T12:00:00
100286,100286,Wave Petunia 0286,000000100286,FLOWER,Annuals,EA,1.85,C4,2,FG,false,Petunia,false,2026-09-20T12:00:00
100287,100287,Black-eyed Susan 0287,000000100287,PER,Perennials,EA,1.86,C4,3,FG,false,Rudbeckia,false,2026-09-20T12:00:00
100288,100288,Purple Coneflower 0288,000000100288,PER,Perennials,EA,1.87,C4,4,FG,false,Echinacea,false,2026-09-20T12:00:00
100289,100289,Genovese Basil 0289,000000100289,HERB,Herbs,EA,1.88,C4,1,FG,false,Ocimum,false,2026-09-20T12:00:00
100290,100290,Italian Parsley 0290,000000100290,HERB,Herbs,EA,1.89,C4,2,FG,false,Petroselinum,false,2026-09-20T12:00:00
100291,100291,Beefsteak Tomato 0291,000000100291,VEG,Vegetables,EA,1.90,C4,3,FG,false,Solanum,false,2026-09-20T12:00:00
100292,100292,Roma Tomato 0292,000000100292,VEG,Vegetables,EA,1.91,C4,4,FG,false,Solanum,false,2026-09-20T12:00:00
100293,100293,Jalapeno Pepper 0293,000000100293,VEG,Vegetables,EA,1.92,C4,1,FG,false,Capsicum,false,2026-09-20T12:00:00
100294,100294,Red Russian Kale 0294,000000100294,VEG,Vegetables,EA,1.93,C4,2,FG,false,Brassica,false,2026-09-20T12:00:00
100295,100295,Nantes Carrot 0295,000000100295,VEG,Vegetables,EA,1.94,C4,3,FG,false,Daucus,false,2026-09-20T12:00:00
100296,100296,Buttercrunch Lettuce 0296,000000100296,VEG,Vegetables,EA,1.95,C4,4,FG,false,Lactuca,false,2026-09-20T12:00:00
100297,100297,French Marigold 0297,000000100297,FLOWER,Annuals,EA,1.96,C4,1,FG,false,Tagetes,false,2026-09-20T12:00:00
100298,100298,Wave Petunia 0298,000000100298,FLOWER,Annuals,EA,1.97,C4,2,FG,false,Petunia,false,2026-09-20T12:00:00
100299,100299,Black-eyed Susan 0299,000000100299,PER,Perennials,EA,1.98,C4,3,FG,false,Rudbeckia,false,2026-09-20T12:00:00
100300,100300,Purple Coneflower 0300,000000100300,PER,Perennials,EA,1.99,C4,4,FG,false,Echinacea,false,2026-09-20T12:00:00
100301,100301,Genovese Basil 0301,000000100301,HERB,Herbs,EA,1.00,C4,1,FG,false,Ocimum,false,2026-09-20T12:00:00
100302,100302,Italian Parsley 0302,000000100302,HERB,Herbs,EA,1.01,C4,2,FG,false,Petroselinum,false,2026-09-20T12:00:00
100303,100303,Beefsteak Tomato 0303,000000100303,VEG,Vegetables,EA,1.02,C4,3,FG,false,Solanum,false,2026-09-20T12:00:00
100304,100304,Roma Tomato 0304,000000100304,VEG,Vegetables,EA,1.03,C4,4,FG,false,Solanum,false,2026-09-20T12:00:00
100305,100305,Jalapeno Pepper 0305,000000100305,VEG,Vegetables,EA,1.04,C4,1,FG,false,Capsicum,false,2026-09-20T12:00:00
100306,100306,Red Russian Kale 0306,000000100306,VEG,Vegetables,EA,1.05,C4,2,FG,false,Brassica,false,2026-09-20T12:00:00
100307,100307,Nantes Carrot 0307,000000100307,VEG,Vegetables,EA,1.06,C4,3,FG,false,Daucus,false,2026-09-20T12:00:00
100308,100308,Buttercrunch Lettuce 0308,000000100308,VEG,Vegetables,EA,1.07,C4,4,FG,false,Lactuca,false,2026-09-20T12:00:00
100309,100309,French Marigold 0309,000000100309,FLOWER,Annuals,EA,1.08,C4,1,FG,false,Tagetes,false,2026-09-20T12:00:00
100310,100310,Wave Petunia 0310,000000100310,FLOWER,Annuals,EA,1.09,C4,2,FG,false,Petunia,false,2026-09-20T12:00:00
100311,100311,Black-eyed Susan 0311,000000100311,PER,Perennials,EA,1.10,C4,3,FG,false,Rudbeckia,false,2026-09-20T12:00:00
100312,100312,Purple Coneflower 0312,000000100312,PER,Perennials,EA,1.11,C4,4,FG,false,Echinacea,false,2026-09-20T12:00:00
100313,100313,Genovese Basil 0313,000000100313,HERB,Herbs,EA,1.12,C4,1,FG,false,Ocimum,false,2026-09-20T12:00:00
100314,100314,Italian Parsley 0314,000000100314,HERB,Herbs,EA,1.13,C4,2,FG,false,Petroselinum,false,2026-09-20T12:00:00
100315,100315,Beefsteak Tomato 0315,000000100315,VEG,Vegetables,EA,1.14,C4,3,FG,false,Solanum,false,2026-09-20T12:00:00
100316,100316,Roma Tomato 0316,000000100316,VEG,Vegetables,EA,1.15,C4,4,FG,false,Solanum,false,2026-09-20T12:00:00
100317,100317,Jalapeno Pepper 0317,000000100317,VEG,Vegetables,EA,1.16,C4,1,FG,false,Capsicum,false,2026-09-20T12:00:00
100318,100318,Red Russian Kale 0318,000000100318,VEG,Vegetables,EA,1.17,C4,2,FG,false,Brassica,false,2026-09-20T12:00:00
100319,100319,Nantes Carrot 0319,000000100319,VEG,Vegetables,EA,1.18,C4,3,FG,false,Daucus,false,2026-09-20T12:00:00
100320,100320,Buttercrunch Lettuce 0320,000000100320,VEG,Vegetables,EA,1.19,C4,4,FG,false,Lactuca,false,2026-09-20T12:00:00
100321,100321,French Marigold 0321,000000100321,FLOWER,Annuals,EA,1.20,C4,1,FG,false,Tagetes,false,2026-09-20T12:00:00
100322,100322,Wave Petunia 0322,000000100322,FLOWER,Annuals,EA,1.21,C4,2,FG,false,Petunia,false,2026-09-20T12:00:00
100323,100323,Black-eyed Susan 0323,000000100323,PER,Perennials,EA,1.22,C4,3,FG,false,Rudbeckia,false,2026-09-20T12:00:00
100324,100324,Purple Coneflower 0324,000000100324,PER,Perennials,EA,1.23,C4,4,FG,false,Echinacea,false,2026-09-20T12:00:00
100325,100325,Genovese Basil 0325,000000100325,HERB,Herbs,EA,1.24,C4,1,FG,false,Ocimum,false,2026-09-20T12:00:00
100326,100326,Italian Parsley 0326,000000100326,HERB,Herbs,EA,1.25,C4,2,FG,false,Petroselinum,false,2026-09-20T12:00:00
100327,100327,Beefsteak Tomato 0327,000000100327,VEG,Vegetables,EA,1.26,C4,3,FG,false,Solanum,false,2026-09-20T12:00:00
100328,100328,Roma Tomato 0328,000000100328,VEG,Vegetables,EA,1.27,C4,4,FG,false,Solanum,false,2026-09-20T12:00:00
100329,100329,Jalapeno Pepper 0329,000000100329,VEG,Vegetables,EA,1.28,C4,1,FG,false,Capsicum,false,2026-09-20T12:00:00
100330,100330,Red Russian Kale 0330,000000100330,VEG,Vegetables,EA,1.29,C4,2,FG,false,Brassica,false,2026-09-20T12:00:00
100331,100331,Nantes Carrot 0331,000000100331,VEG,Vegetables,EA,1.30,C4,3,FG,false,Daucus,false,2026-09-20T12:00:00
100332,100332,Buttercrunch Lettuce 0332,000000100332,VEG,Vegetables,EA,1.31,C4,4,FG,false,Lactuca,false,2026-09-20T12:00:00
100333,100333,French Marigold 0333,000000100333,FLOWER,Annuals,EA,1.32,C4,1,FG,false,Tagetes,false,2026-09-20T12:00:00
100334,100334,Wave Petunia 0334,000000100334,FLOWER,Annuals,EA,1.33,C4,2,FG,false,Petunia,false,2026-09-20T12:00:00
100335,100335,Black-eyed Susan 0335,000000100335,PER,Perennials,EA,1.34,C4,3,FG,false,Rudbeckia,false,2026-09-20T12:00:00
100336,100336,Purple Coneflower 0336,000000100336,PER,Perennials,EA,1.35,C4,4,FG,false,Echinacea,false,2026-09-20T12:00:00
100337,100337,Genovese Basil 0337,000000100337,HERB,Herbs,EA,1.36,C4,1,FG,false,Ocimum,false,2026-09-20T12:00:00
100338,100338,Italian Parsley 0338,000000100338,HERB,Herbs,EA,1.37,C4,2,FG,false,Petroselinum,false,2026-09-20T12:00:00
100339,100339,Beefsteak Tomato 0339,000000100339,VEG,Vegetables,EA,1.38,C4,3,FG,false,Solanum,false,2026-09-20T12:00:00
100340,100340,Roma Tomato 0340,000000100340,VEG,Vegetables,EA,1.39,C4,4,FG,false,Solanum,false,2026-09-20T12:00:00
100341,100341,Jalapeno Pepper 0341,000000100341,VEG,Vegetables,EA,1.40,C4,1,FG,false,Capsicum,false,2026-09-20T12:00:00
100342,100342,Red Russian Kale 0342,000000100342,VEG,Vegetables,EA,1.41,C4,2,FG,false,Brassica,false,2026-09-20T12:00:00
100343,100343,Nantes Carrot 0343,000000100343,VEG,Vegetables,EA,1.42,C4,3,FG,false,Daucus,false,2026-09-20T12:00:00
100344,100344,Buttercrunch Lettuce 0344,000000100344,VEG,Vegetables,EA,1.43,C4,4,FG,false,Lactuca,false,2026-09-20T12:00:00
100345,100345,French Marigold 0345,000000100345,FLOWER,Annuals,EA,1.44,C4,1,FG,false,Tagetes,false,2026-09-20T12:00:00
100346,100346,Wave Petunia 0346,000000100346,FLOWER,Annuals,EA,1.45,C4,2,FG,false,Petunia,false,2026-09-20T12:00:00
100347,100347,Black-eyed Susan 0347,000000100347,PER,Perennials,EA,1.46,C4,3,FG,false,Rudbeckia,false,2026-09-20T12:00:00
100348,100348,Purple Coneflower 0348,000000100348,PER,Perennials,EA,1.47,C4,4,FG,false,Echinacea,false,2026-09-20T12:00:00
100349,100349,Genovese Basil 0349,000000100349,HERB,Herbs,EA,1.48,C4,1,FG,false,Ocimum,false,2026-09-20T12:00:00
100350,100350,Italian Parsley 0350,000000100350,HERB,Herbs,EA,1.49,C4,2,FG,false,Petroselinum,false,2026-09-20T12:00:00
100351,100351,Beefsteak Tomato 0351,000000100351,VEG,Vegetables,EA,1.50,C4,3,FG,false,Solanum,false,2026-09-20T12:00:00
100352,100352,Roma Tomato 0352,000000100352,VEG,Vegetables,EA,1.51,C4,4,FG,false,Solanum,false,2026-09-20T12:00:00
100353,100353,Jalapeno Pepper 0353,000000100353,VEG,Vegetables,EA,1.52,C4,1,FG,false,Capsicum,false,2026-09-20T12:00:00
100354,100354,Red Russian Kale 0354,000000100354,VEG,Vegetables,EA,1.53,C4,2,FG,false,Brassica,false,2026-09-20T12:00:00
100355,100355,Nantes Carrot 0355,000000100355,VEG,Vegetables,EA,1.54,C4,3,FG,false,Daucus,false,2026-09-20T12:00:00
100356,100356,Buttercrunch Lettuce 0356,000000100356,VEG,Vegetables,EA,1.55,C4,4,FG,false,Lactuca,false,2026-09-20T12:00:00
100357,100357,French Marigold 0357,000000100357,FLOWER,Annuals,EA,1.56,C4,1,FG,false,Tagetes,false,2026-09-20T12:00:00
100358,100358,Wave Petunia 0358,000000100358,FLOWER,Annuals,EA,1.57,C4,2,FG,false,Petunia,false,2026-09-20T12:00:00
100359,100359,Black-eyed Susan 0359,000000100359,PER,Perennials,EA,1.58,C4,3,FG,false,Rudbeckia,false,2026-09-20T12:00:00
100360,100360,Purple Coneflower 0360,000000100360,PER,Perennials,EA,1.59,C4,4,FG,false,Echinacea,false,2026-09-20T12:00:00
100361,100361,Genovese Basil 0361,000000100361,HERB,Herbs,EA,1.60,C4,1,FG,false,Ocimum,false,2026-09-20T12:00:00
100362,100362,Italian Parsley 0362,000000100362,HERB,Herbs,EA,1.61,C4,2,FG,false,Petroselinum,false,2026-09-20T12:00:00
100363,100363,Beefsteak Tomato 0363,000000100363,VEG,Vegetables,EA,1.62,C4,3,FG,false,Solanum,false,2026-09-20T12:00:00
100364,100364,Roma Tomato 0364,000000100364,VEG,Vegetables,EA,1.63,C4,4,FG,false,Solanum,false,2026-09-20T12:00:00
100365,100365,Jalapeno Pepper 0365,000000100365,VEG,Vegetables,EA,1.64,C4,1,FG,false,Capsicum,false,2026-09-20T12:00:00
100366,100366,Red Russian Kale 0366,000000100366,VEG,Vegetables,EA,1.65,C4,2,FG,false,Brassica,false,2026-09-20T12:00:00
100367,100367,Nantes Carrot 0367,000000100367,VEG,Vegetables,EA,1.66,C4,3,FG,false,Daucus,false,2026-09-20T12:00:00
100368,100368,Buttercrunch Lettuce 0368,000000100368,VEG,Vegetables,EA,1.67,C4,4,FG,false,Lactuca,false,2026-09-20T12:00:00
100369,100369,French Marigold 0369,000000100369,FLOWER,Annuals,EA,1.68,C4,1,FG,false,Tagetes,false,2026-09-20T12:00:00
100370,100370,Wave Petunia 0370,000000100370,FLOWER,Annuals,EA,1.69,C4,2,FG,false,Petunia,false,2026-09-20T12:00:00
100371,100371,Black-eyed Susan 0371,000000100371,PER,Perennials,EA,1.70,C4,3,FG,false,Rudbeckia,false,2026-09-20T12:00:00
100372,100372,Purple Coneflower 0372,000000100372,PER,Perennials,EA,1.71,C4,4,FG,false,Echinacea,false,2026-09-20T12:00:00
100373,100373,Genovese Basil 0373,000000100373,HERB,Herbs,EA,1.72,C4,1,FG,false,Ocimum,false,2026-09-20T12:00:00
100374,100374,Italian Parsley 0374,000000100374,HERB,Herbs,EA,1.73,C4,2,FG,false,Petroselinum,false,2026-09-20T12:00:00
100375,100375,Beefsteak Tomato 0375,000000100375,VEG,Vegetables,EA,1.74,C4,3,FG,false,Solanum,false,2026-09-20T12:00:00
100376,100376,Roma Tomato 0376,000000100376,VEG,Vegetables,EA,1.75,C4,4,FG,false,Solanum,false,2026-09-20T12:00:00
100377,100377,Jalapeno Pepper 0377,000000100377,VEG,Vegetables,EA,1.76,C4,1,FG,false,Capsicum,false,2026-09-20T12:00:00
100378,100378,Red Russian Kale 0378,000000100378,VEG,Vegetables,EA,1.77,C4,2,FG,false,Brassica,false,2026-09-20T12:00:00
100379,100379,Nantes Carrot 0379,000000100379,VEG,Vegetables,EA,1.78,C4,3,FG,false,Daucus,false,2026-09-20T12:00:00
100380,100380,Buttercrunch Lettuce 0380,000000100380,VEG,Vegetables,EA,1.79,C4,4,FG,false,Lactuca,false,2026-09-20T12:00:00
100381,100381,French Marigold 0381,000000100381,FLOWER,Annuals,EA,1.80,C4,1,FG,false,Tagetes,false,2026-09-20T12:00:00
100382,100382,Wave Petunia 0382,000000100382,FLOWER,Annuals,EA,1.81,C4,2,FG,false,Petunia,false,2026-09-20T12:00:00
100383,100383,Black-eyed Susan 0383,000000100383,PER,Perennials,EA,1.82,C4,3,FG,false,Rudbeckia,false,2026-09-20T12:00:00
100384,100384,Purple Coneflower 0384,000000100384,PER,Perennials,EA,1.83,C4,4,FG,false,Echinacea,false,2026-09-20T12:00:00
100385,100385,Genovese Basil 0385,000000100385,HERB,Herbs,EA,1.84,C4,1,FG,false,Ocimum,false,2026-09-20T12:00:00
100386,100386,Italian Parsley 0386,000000100386,HERB,Herbs,EA,1.85,C4,2,FG,false,Petroselinum,false,2026-09-20T12:00:00
100387,100387,Beefsteak Tomato 0387,000000100387,VEG,Vegetables,EA,1.86,C4,3,FG,false,Solanum,false,2026-09-20T12:00:00
100388,100388,Roma Tomato 0388,000000100388,VEG,Vegetables,EA,1.87,C4,4,FG,false,Solanum,false,2026-09-20T12:00:00
100389,100389,Jalapeno Pepper 0389,000000100389,VEG,Vegetables,EA,1.88,C4,1,FG,false,Capsicum,false,2026-09-20T12:00:00
100390,100390,Red Russian Kale 0390,000000100390,VEG,Vegetables,EA,1.89,C4,2,FG,false,Brassica,false,2026-09-20T12:00:00
100391,100391,Nantes Carrot 0391,000000100391,VEG,Vegetables,EA,1.90,C4,3,FG,false,Daucus,false,2026-09-20T12:00:00
100392,100392,Buttercrunch Lettuce 0392,000000100392,VEG,Vegetables,EA,1.91,C4,4,FG,false,Lactuca,false,2026-09-20T12:00:00
100393,100393,French Marigold 0393,000000100393,FLOWER,Annuals,EA,1.92,C4,1,FG,false,Tagetes,false,2026-09-20T12:00:00
100394,100394,Wave Petunia 0394,000000100394,FLOWER,Annuals,EA,1.93,C4,2,FG,false,Petunia,false,2026-09-20T12:00:00
100395,100395,Black-eyed Susan 0395,000000100395,PER,Perennials,EA,1.94,C4,3,FG,false,Rudbeckia,false,2026-09-20T12:00:00
100396,100396,Purple Coneflower 0396,000000100396,PER,Perennials,EA,1.95,C4,4,FG,false,Echinacea,false,2026-09-20T12:00:00
100397,100397,Genovese Basil 0397,000000100397,HERB,Herbs,EA,1.96,C4,1,FG,false,Ocimum,false,2026-09-20T12:00:00
100398,100398,Italian Parsley 0398,000000100398,HERB,Herbs,EA,1.97,C4,2,FG,false,Petroselinum,false,2026-09-20T12:00:00
100399,100399,Beefsteak Tomato 0399,000000100399,VEG,Vegetables,EA,1.98,C4,3,FG,false,Solanum,false,2026-09-20T12:00:00
100400,100400,Roma Tomato 0400,000000100400,VEG,Vegetables,EA,1.99,C4,4,FG,false,Solanum,false,2026-09-20T12:00:00
100401,100401,Jalapeno Pepper 0401,000000100401,VEG,Vegetables,EA,1.00,C4,1,FG,false,Capsicum,false,2026-09-20T12:00:00
100402,100402,Red Russian Kale 0402,000000100402,VEG,Vegetables,EA,1.01,C4,2,FG,false,Brassica,false,2026-09-20T12:00:00
100403,100403,Nantes Carrot 0403,000000100403,VEG,Vegetables,EA,1.02,C4,3,FG,false,Daucus,false,2026-09-20T12:00:00
100404,100404,Buttercrunch Lettuce 0404,000000100404,VEG,Vegetables,EA,1.03,C4,4,FG,false,Lactuca,false,2026-09-20T12:00:00
100405,100405,French Marigold 0405,000000100405,FLOWER,Annuals,EA,1.04,C4,1,FG,false,Tagetes,false,2026-09-20T12:00:00
100406,100406,Wave Petunia 0406,000000100406,FLOWER,Annuals,EA,1.05,C4,2,FG,false,Petunia,false,2026-09-20T12:00:00
100407,100407,Black-eyed Susan 0407,000000100407,PER,Perennials,EA,1.06,C4,3,FG,false,Rudbeckia,false,2026-09-20T12:00:00
100408,100408,Purple Coneflower 0408,000000100408,PER,Perennials,EA,1.07,C4,4,FG,false,Echinacea,false,2026-09-20T12:00:00
100409,100409,Genovese Basil 0409,000000100409,HERB,Herbs,EA,1.08,C4,1,FG,false,Ocimum,false,2026-09-20T12:00:00
100410,100410,Italian Parsley 0410,000000100410,HERB,Herbs,EA,1.09,C4,2,FG,false,Petroselinum,false,2026-09-20T12:00:00
100411,100411,Beefsteak Tomato 0411,000000100411,VEG,Vegetables,EA,1.10,C4,3,FG,false,Solanum,false,2026-09-20T12:00:00
100412,100412,Roma Tomato 0412,000000100412,VEG,Vegetables,EA,1.11,C4,4,FG,false,Solanum,false,2026-09-20T12:00:00
100413,100413,Jalapeno Pepper 0413,000000100413,VEG,Vegetables,EA,1.12,C4,1,FG,false,Capsicum,false,2026-09-20T12:00:00
100414,100414,Red Russian Kale 0414,000000100414,VEG,Vegetables,EA,1.13,C4,2,FG,false,Brassica,false,2026-09-20T12:00:00
100415,100415,Nantes Carrot 0415,000000100415,VEG,Vegetables,EA,1.14,C4,3,FG,false,Daucus,false,2026-09-20T12:00:00
100416,100416,Buttercrunch Lettuce 0416,000000100416,VEG,Vegetables,EA,1.15,C4,4,FG,false,Lactuca,false,2026-09-20T12:00:00
100417,100417,French Marigold 0417,000000100417,FLOWER,Annuals,EA,1.16,C4,1,FG,false,Tagetes,false,2026-09-20T12:00:00
100418,100418,Wave Petunia 0418,000000100418,FLOWER,Annuals,EA,1.17,C4,2,FG,false,Petunia,false,2026-09-20T12:00:00
100419,100419,Black-eyed Susan 0419,000000100419,PER,Perennials,EA,1.18,C4,3,FG,false,Rudbeckia,false,2026-09-20T12:00:00
100420,100420,Purple Coneflower 0420,000000100420,PER,Perennials,EA,1.19,C4,4,FG,false,Echinacea,false,2026-09-20T12:00:00
100421,100421,Genovese Basil 0421,000000100421,HERB,Herbs,EA,1.20,C4,1,FG,false,Ocimum,false,2026-09-20T12:00:00
100422,100422,Italian Parsley 0422,000000100422,HERB,Herbs,EA,1.21,C4,2,FG,false,Petroselinum,false,2026-09-20T12:00:00
100423,100423,Beefsteak Tomato 0423,000000100423,VEG,Vegetables,EA,1.22,C4,3,FG,false,Solanum,false,2026-09-20T12:00:00
100424,100424,Roma Tomato 0424,000000100424,VEG,Vegetables,EA,1.23,C4,4,FG,false,Solanum,false,2026-09-20T12:00:00
100425,100425,Jalapeno Pepper 0425,000000100425,VEG,Vegetables,EA,1.24,C4,1,FG,false,Capsicum,false,2026-09-20T12:00:00
100426,100426,Red Russian Kale 0426,000000100426,VEG,Vegetables,EA,1.25,C4,2,FG,false,Brassica,false,2026-09-20T12:00:00
100427,100427,Nantes Carrot 0427,000000100427,VEG,Vegetables,EA,1.26,C4,3,FG,false,Daucus,false,2026-09-20T12:00:00
100428,100428,Buttercrunch Lettuce 0428,000000100428,VEG,Vegetables,EA,1.27,C4,4,FG,false,Lactuca,false,2026-09-20T12:00:00
100429,100429,French Marigold 0429,000000100429,FLOWER,Annuals,EA,1.28,C4,1,FG,false,Tagetes,false,2026-09-20T12:00:00
100430,100430,Wave Petunia 0430,000000100430,FLOWER,Annuals,EA,1.29,C4,2,FG,false,Petunia,false,2026-09-20T12:00:00
100431,100431,Black-eyed Susan 0431,000000100431,PER,Perennials,EA,1.30,C4,3,FG,false,Rudbeckia,false,2026-09-20T12:00:00
100432,100432,Purple Coneflower 0432,000000100432,PER,Perennials,EA,1.31,C4,4,FG,false,Echinacea,false,2026-09-20T12:00:00
100433,100433,Genovese Basil 0433,000000100433,HERB,Herbs,EA,1.32,C4,1,FG,false,Ocimum,false,2026-09-20T12:00:00
100434,100434,Italian Parsley 0434,000000100434,HERB,Herbs,EA,1.33,C4,2,FG,false,Petroselinum,false,2026-09-20T12:00:00
100435,100435,Beefsteak Tomato 0435,000000100435,VEG,Vegetables,EA,1.34,C4,3,FG,false,Solanum,false,2026-09-20T12:00:00
100436,100436,Roma Tomato 0436,000000100436,VEG,Vegetables,EA,1.35,C4,4,FG,false,Solanum,false,2026-09-20T12:00:00
100437,100437,Jalapeno Pepper 0437,000000100437,VEG,Vegetables,EA,1.36,C4,1,FG,false,Capsicum,false,2026-09-20T12:00:00
100438,100438,Red Russian Kale 0438,000000100438,VEG,Vegetables,EA,1.37,C4,2,FG,false,Brassica,false,2026-09-20T12:00:00
100439,100439,Nantes Carrot 0439,000000100439,VEG,Vegetables,EA,1.38,C4,3,FG,false,Daucus,false,2026-09-20T12:00:00
100440,100440,Buttercrunch Lettuce 0440,000000100440,VEG,Vegetables,EA,1.39,C4,4,FG,false,Lactuca,false,2026-09-20T12:00:00
100441,100441,French Marigold 0441,000000100441,FLOWER,Annuals,EA,1.40,C4,1,FG,false,Tagetes,false,2026-09-20T12:00:00
100442,100442,Wave Petunia 0442,000000100442,FLOWER,Annuals,EA,1.41,C4,2,FG,false,Petunia,false,2026-09-20T12:00:00
100443,100443,Black-eyed Susan 0443,000000100443,PER,Perennials,EA,1.42,C4,3,FG,false,Rudbeckia,false,2026-09-20T12:00:00
100444,100444,Purple Coneflower 0444,000000100444,PER,Perennials,EA,1.43,C4,4,FG,false,Echinacea,false,2026-09-20T12:00:00
100445,100445,Genovese Basil 0445,000000100445,HERB,Herbs,EA,1.44,C4,1,FG,false,Ocimum,false,2026-09-20T12:00:00
100446,100446,Italian Parsley 0446,000000100446,HERB,Herbs,EA,1.45,C4,2,FG,false,Petroselinum,false,2026-09-20T12:00:00
100447,100447,Beefsteak Tomato 0447,000000100447,VEG,Vegetables,EA,1.46,C4,3,FG,false,Solanum,false,2026-09-20T12:00:00
100448,100448,Roma Tomato 0448,000000100448,VEG,Vegetables,EA,1.47,C4,4,FG,false,Solanum,false,2026-09-20T12:00:00
100449,100449,Jalapeno Pepper 0449,000000100449,VEG,Vegetables,EA,1.48,C4,1,FG,false,Capsicum,false,2026-09-20T12:00:00
100450,100450,Red Russian Kale 0450,000000100450,VEG,Vegetables,EA,1.49,C4,2,FG,false,Brassica,false,2026-09-20T12:00:00
100451,100451,Nantes Carrot 0451,000000100451,VEG,Vegetables,EA,1.50,C4,3,FG,false,Daucus,false,2026-09-20T12:00:00
100452,100452,Buttercrunch Lettuce 0452,000000100452,VEG,Vegetables,EA,1.51,C4,4,FG,false,Lactuca,false,2026-09-20T12:00:00
100453,100453,French Marigold 0453,000000100453,FLOWER,Annuals,EA,1.52,C4,1,FG,false,Tagetes,false,2026-09-20T12:00:00
100454,100454,Wave Petunia 0454,000000100454,FLOWER,Annuals,EA,1.53,C4,2,FG,false,Petunia,false,2026-09-20T12:00:00
100455,100455,Black-eyed Susan 0455,000000100455,PER,Perennials,EA,1.54,C4,3,FG,false,Rudbeckia,false,2026-09-20T12:00:00
100456,100456,Purple Coneflower 0456,000000100456,PER,Perennials,EA,1.55,C4,4,FG,false,Echinacea,false,2026-09-20T12:00:00
100457,100457,Genovese Basil 0457,000000100457,HERB,Herbs,EA,1.56,C4,1,FG,false,Ocimum,false,2026-09-20T12:00:00
100458,100458,Italian Parsley 0458,000000100458,HERB,Herbs,EA,1.57,C4,2,FG,false,Petroselinum,false,2026-09-20T12:00:00
100459,100459,Beefsteak Tomato 0459,000000100459,VEG,Vegetables,EA,1.58,C4,3,FG,false,Solanum,false,2026-09-20T12:00:00
100460,100460,Roma Tomato 0460,000000100460,VEG,Vegetables,EA,1.59,C4,4,FG,false,Solanum,false,2026-09-20T12:00:00
100461,100461,Jalapeno Pepper 0461,000000100461,VEG,Vegetables,EA,1.60,C4,1,FG,false,Capsicum,false,2026-09-20T12:00:00
100462,100462,Red Russian Kale 0462,000000100462,VEG,Vegetables,EA,1.61,C4,2,FG,false,Brassica,false,2026-09-20T12:00:00
100463,100463,Nantes Carrot 0463,000000100463,VEG,Vegetables,EA,1.62,C4,3,FG,false,Daucus,false,2026-09-20T12:00:00
100464,100464,Buttercrunch Lettuce 0464,000000100464,VEG,Vegetables,EA,1.63,C4,4,FG,false,Lactuca,false,2026-09-20T12:00:00
100465,100465,French Marigold 0465,000000100465,FLOWER,Annuals,EA,1.64,C4,1,FG,false,Tagetes,false,2026-09-20T12:00:00
100466,100466,Wave Petunia 0466,000000100466,FLOWER,Annuals,EA,1.65,C4,2,FG,false,Petunia,false,2026-09-20T12:00:00
100467,100467,Black-eyed Susan 0467,000000100467,PER,Perennials,EA,1.66,C4,3,FG,false,Rudbeckia,false,2026-09-20T12:00:00
100468,100468,Purple Coneflower 0468,000000100468,PER,Perennials,EA,1.67,C4,4,FG,false,Echinacea,false,2026-09-20T12:00:00
100469,100469,Genovese Basil 0469,000000100469,HERB,Herbs,EA,1.68,C4,1,FG,false,Ocimum,false,2026-09-20T12:00:00
100470,100470,Italian Parsley 0470,000000100470,HERB,Herbs,EA,1.69,C4,2,FG,false,Petroselinum,false,2026-09-20T12:00:00
100471,100471,Beefsteak Tomato 0471,000000100471,VEG,Vegetables,EA,1.70,C4,3,FG,false,Solanum,false,2026-09-20T12:00:00
100472,100472,Roma Tomato 0472,000000100472,VEG,Vegetables,EA,1.71,C4,4,FG,false,Solanum,false,2026-09-20T12:00:00
100473,100473,Jalapeno Pepper 0473,000000100473,VEG,Vegetables,EA,1.72,C4,1,FG,false,Capsicum,false,2026-09-20T12:00:00
100474,100474,Red Russian Kale 0474,000000100474,VEG,Vegetables,EA,1.73,C4,2,FG,false,Brassica,false,2026-09-20T12:00:00
100475,100475,Nantes Carrot 0475,000000100475,VEG,Vegetables,EA,1.74,C4,3,FG,false,Daucus,false,2026-09-20T12:00:00
100476,100476,Buttercrunch Lettuce 0476,000000100476,VEG,Vegetables,EA,1.75,C4,4,FG,false,Lactuca,false,2026-09-20T12:00:00
100477,100477,French Marigold 0477,000000100477,FLOWER,Annuals,EA,1.76,C4,1,FG,false,Tagetes,false,2026-09-20T12:00:00
100478,100478,Wave Petunia 0478,000000100478,FLOWER,Annuals,EA,1.77,C4,2,FG,false,Petunia,false,2026-09-20T12:00:00
100479,100479,Black-eyed Susan 0479,000000100479,PER,Perennials,EA,1.78,C4,3,FG,false,Rudbeckia,false,2026-09-20T12:00:00
100480,100480,Purple Coneflower 0480,000000100480,PER,Perennials,EA,1.79,C4,4,FG,false,Echinacea,false,2026-09-20T12:00:00
100481,100481,Genovese Basil 0481,000000100481,HERB,Herbs,EA,1.80,C4,1,FG,false,Ocimum,false,2026-09-20T12:00:00
100482,100482,Italian Parsley 0482,000000100482,HERB,Herbs,EA,1.81,C4,2,FG,false,Petroselinum,false,2026-09-20T12:00:00
100483,100483,Beefsteak Tomato 0483,000000100483,VEG,Vegetables,EA,1.82,C4,3,FG,false,Solanum,false,2026-09-20T12:00:00
100484,100484,Roma Tomato 0484,000000100484,VEG,Vegetables,EA,1.83,C4,4,FG,false,Solanum,false,2026-09-20T12:00:00
100485,100485,Jalapeno Pepper 0485,000000100485,VEG,Vegetables,EA,1.84,C4,1,FG,false,Capsicum,false,2026-09-20T12:00:00
100486,100486,Red Russian Kale 0486,000000100486,VEG,Vegetables,EA,1.85,C4,2,FG,false,Brassica,false,2026-09-20T12:00:00
100487,100487,Nantes Carrot 0487,000000100487,VEG,Vegetables,EA,1.86,C4,3,FG,false,Daucus,false,2026-09-20T12:00:00
100488,100488,Buttercrunch Lettuce 0488,000000100488,VEG,Vegetables,EA,1.87,C4,4,FG,false,Lactuca,false,2026-09-20T12:00:00
100489,100489,French Marigold 0489,000000100489,FLOWER,Annuals,EA,1.88,C4,1,FG,false,Tagetes,false,2026-09-20T12:00:00
100490,100490,Wave Petunia 0490,000000100490,FLOWER,Annuals,EA,1.89,C4,2,FG,false,Petunia,false,2026-09-20T12:00:00
100491,100491,Black-eyed Susan 0491,000000100491,PER,Perennials,EA,1.90,C4,3,FG,false,Rudbeckia,false,2026-09-20T12:00:00
100492,100492,Purple Coneflower 0492,000000100492,PER,Perennials,EA,1.91,C4,4,FG,false,Echinacea,false,2026-09-20T12:00:00
100493,100493,Genovese Basil 0493,000000100493,HERB,Herbs,EA,1.92,C4,1,FG,false,Ocimum,false,2026-09-20T12:00:00
100494,100494,Italian Parsley 0494,000000100494,HERB,Herbs,EA,1.93,C4,2,FG,false,Petroselinum,false,2026-09-20T12:00:00
100495,100495,Beefsteak Tomato 0495,000000100495,VEG,Vegetables,EA,1.94,C4,3,FG,false,Solanum,false,2026-09-20T12:00:00
100496,100496,Roma Tomato 0496,000000100496,VEG,Vegetables,EA,1.95,C4,4,FG,false,Solanum,false,2026-09-20T12:00:00
100497,100497,Jalapeno Pepper 0497,000000100497,VEG,Vegetables,EA,1.96,C4,1,FG,false,Capsicum,false,2026-09-20T12:00:00
100498,100498,Red Russian Kale 0498,000000100498,VEG,Vegetables,EA,1.97,C4,2,FG,false,Brassica,false,2026-09-20T12:00:00
100499,100499,Nantes Carrot 0499,000000100499,VEG,Vegetables,EA,1.98,C4,3,FG,false,Daucus,false,2026-09-20T12:00:00
100500,100500,Buttercrunch Lettuce 0500,000000100500,VEG,Vegetables,EA,1.99,C4,4,FG,false,Lactuca,false,2026-09-20T12:00:00
100501,100501,French Marigold 0501,000000100501,FLOWER,Annuals,EA,1.00,C4,1,FG,false,Tagetes,false,2026-09-20T12:00:00
100502,100502,Wave Petunia 0502,000000100502,FLOWER,Annuals,EA,1.01,C4,2,FG,false,Petunia,false,2026-09-20T12:00:00
100503,100503,Black-eyed Susan 0503,000000100503,PER,Perennials,EA,1.02,C4,3,FG,false,Rudbeckia,false,2026-09-20T12:00:00
100504,100504,Purple Coneflower 0504,000000100504,PER,Perennials,EA,1.03,C4,4,FG,false,Echinacea,false,2026-09-20T12:00:00
100505,100505,Genovese Basil 0505,000000100505,HERB,Herbs,EA,1.04,C4,1,FG,false,Ocimum,false,2026-09-20T12:00:00
100506,100506,Italian Parsley 0506,000000100506,HERB,Herbs,EA,1.05,C4,2,FG,false,Petroselinum,false,2026-09-20T12:00:00
100507,100507,Beefsteak Tomato 0507,000000100507,VEG,Vegetables,EA,1.06,C4,3,FG,false,Solanum,false,2026-09-20T12:00:00
100508,100508,Roma Tomato 0508,000000100508,VEG,Vegetables,EA,1.07,C4,4,FG,false,Solanum,false,2026-09-20T12:00:00
100509,100509,Jalapeno Pepper 0509,000000100509,VEG,Vegetables,EA,1.08,C4,1,FG,false,Capsicum,false,2026-09-20T12:00:00
100510,100510,Red Russian Kale 0510,000000100510,VEG,Vegetables,EA,1.09,C4,2,FG,false,Brassica,false,2026-09-20T12:00:00
100511,100511,Nantes Carrot 0511,000000100511,VEG,Vegetables,EA,1.10,C4,3,FG,false,Daucus,false,2026-09-20T12:00:00
100512,100512,Buttercrunch Lettuce 0512,000000100512,VEG,Vegetables,EA,1.11,C4,4,FG,false,Lactuca,false,2026-09-20T12:00:00
100513,100513,French Marigold 0513,000000100513,FLOWER,Annuals,EA,1.12,C4,1,FG,false,Tagetes,false,2026-09-20T12:00:00
100514,100514,Wave Petunia 0514,000000100514,FLOWER,Annuals,EA,1.13,C4,2,FG,false,Petunia,false,2026-09-20T12:00:00
100515,100515,Black-eyed Susan 0515,000000100515,PER,Perennials,EA,1.14,C4,3,FG,false,Rudbeckia,false,2026-09-20T12:00:00
100516,100516,Purple Coneflower 0516,000000100516,PER,Perennials,EA,1.15,C4,4,FG,false,Echinacea,false,2026-09-20T12:00:00
100517,100517,Genovese Basil 0517,000000100517,HERB,Herbs,EA,1.16,C4,1,FG,false,Ocimum,false,2026-09-20T12:00:00
100518,100518,Italian Parsley 0518,000000100518,HERB,Herbs,EA,1.17,C4,2,FG,false,Petroselinum,false,2026-09-20T12:00:00
100519,100519,Beefsteak Tomato 0519,000000100519,VEG,Vegetables,EA,1.18,C4,3,FG,false,Solanum,false,2026-09-20T12:00:00
100520,100520,Roma Tomato 0520,000000100520,VEG,Vegetables,EA,1.19,C4,4,FG,false,Solanum,false,2026-09-20T12:00:00
100521,100521,Jalapeno Pepper 0521,000000100521,VEG,Vegetables,EA,1.20,C4,1,FG,false,Capsicum,false,2026-09-20T12:00:00
100522,100522,Red Russian Kale 0522,000000100522,VEG,Vegetables,EA,1.21,C4,2,FG,false,Brassica,false,2026-09-20T12:00:00
100523,100523,Nantes Carrot 0523,000000100523,VEG,Vegetables,EA,1.22,C4,3,FG,false,Daucus,false,2026-09-20T12:00:00
100524,100524,Buttercrunch Lettuce 0524,000000100524,VEG,Vegetables,EA,1.23,C4,4,FG,false,Lactuca,false,2026-09-20T12:00:00
100525,100525,French Marigold 0525,000000100525,FLOWER,Annuals,EA,1.24,C4,1,FG,false,Tagetes,false,2026-09-20T12:00:00
100526,100526,Wave Petunia 0526,000000100526,FLOWER,Annuals,EA,1.25,C4,2,FG,false,Petunia,false,2026-09-20T12:00:00
100527,100527,Black-eyed Susan 0527,000000100527,PER,Perennials,EA,1.26,C4,3,FG,false,Rudbeckia,false,2026-09-20T12:00:00
100528,100528,Purple Coneflower 0528,000000100528,PER,Perennials,EA,1.27,C4,4,FG,false,Echinacea,false,2026-09-20T12:00:00
100529,100529,Genovese Basil 0529,000000100529,HERB,Herbs,EA,1.28,C4,1,FG,false,Ocimum,false,2026-09-20T12:00:00
100530,100530,Italian Parsley 0530,000000100530,HERB,Herbs,EA,1.29,C4,2,FG,false,Petroselinum,false,2026-09-20T12:00:00
100531,100531,Beefsteak Tomato 0531,000000100531,VEG,Vegetables,EA,1.30,C4,3,FG,false,Solanum,false,2026-09-20T12:00:00
100532,100532,Roma Tomato 0532,000000100532,VEG,Vegetables,EA,1.31,C4,4,FG,false,Solanum,false,2026-09-20T12:00:00
100533,100533,Jalapeno Pepper 0533,000000100533,VEG,Vegetables,EA,1.32,C4,1,FG,false,Capsicum,false,2026-09-20T12:00:00
100534,100534,Red Russian Kale 0534,000000100534,VEG,Vegetables,EA,1.33,C4,2,FG,false,Brassica,false,2026-09-20T12:00:00
100535,100535,Nantes Carrot 0535,000000100535,VEG,Vegetables,EA,1.34,C4,3,FG,false,Daucus,false,2026-09-20T12:00:00
100536,100536,Buttercrunch Lettuce 0536,000000100536,VEG,Vegetables,EA,1.35,C4,4,FG,false,Lactuca,false,2026-09-20T12:00:00
100537,100537,French Marigold 0537,000000100537,FLOWER,Annuals,EA,1.36,C4,1,FG,false,Tagetes,false,2026-09-20T12:00:00
100538,100538,Wave Petunia 0538,000000100538,FLOWER,Annuals,EA,1.37,C4,2,FG,false,Petunia,false,2026-09-20T12:00:00
100539,100539,Black-eyed Susan 0539,000000100539,PER,Perennials,EA,1.38,C4,3,FG,false,Rudbeckia,false,2026-09-20T12:00:00
100540,100540,Purple Coneflower 0540,000000100540,PER,Perennials,EA,1.39,C4,4,FG,false,Echinacea,false,2026-09-20T12:00:00
100541,100541,Genovese Basil 0541,000000100541,HERB,Herbs,EA,1.40,C4,1,FG,false,Ocimum,false,2026-09-20T12:00:00
100542,100542,Italian Parsley 0542,000000100542,HERB,Herbs,EA,1.41,C4,2,FG,false,Petroselinum,false,2026-09-20T12:00:00
100543,100543,Beefsteak Tomato 0543,000000100543,VEG,Vegetables,EA,1.42,C4,3,FG,false,Solanum,false,2026-09-20T12:00:00
100544,100544,Roma Tomato 0544,000000100544,VEG,Vegetables,EA,1.43,C4,4,FG,false,Solanum,false,2026-09-20T12:00:00
100545,100545,Jalapeno Pepper 0545,000000100545,VEG,Vegetables,EA,1.44,C4,1,FG,false,Capsicum,false,2026-09-20T12:00:00
100546,100546,Red Russian Kale 0546,000000100546,VEG,Vegetables,EA,1.45,C4,2,FG,false,Brassica,false,2026-09-20T12:00:00
100547,100547,Nantes Carrot 0547,000000100547,VEG,Vegetables,EA,1.46,C4,3,FG,false,Daucus,false,2026-09-20T12:00:00
100548,100548,Buttercrunch Lettuce 0548,000000100548,VEG,Vegetables,EA,1.47,C4,4,FG,false,Lactuca,false,2026-09-20T12:00:00
100549,100549,French Marigold 0549,000000100549,FLOWER,Annuals,EA,1.48,C4,1,FG,false,Tagetes,false,2026-09-20T12:00:00
100550,100550,Wave Petunia 0550,000000100550,FLOWER,Annuals,EA,1.49,C4,2,FG,false,Petunia,false,2026-09-20T12:00:00
100551,100551,Black-eyed Susan 0551,000000100551,PER,Perennials,EA,1.50,C4,3,FG,false,Rudbeckia,false,2026-09-20T12:00:00
100552,100552,Purple Coneflower 0552,000000100552,PER,Perennials,EA,1.51,C4,4,FG,false,Echinacea,false,2026-09-20T12:00:00
100553,100553,Genovese Basil 0553,000000100553,HERB,Herbs,EA,1.52,C4,1,FG,false,Ocimum,false,2026-09-20T12:00:00
100554,100554,Italian Parsley 0554,000000100554,HERB,Herbs,EA,1.53,C4,2,FG,false,Petroselinum,false,2026-09-20T12:00:00
100555,100555,Beefsteak Tomato 0555,000000100555,VEG,Vegetables,EA,1.54,C4,3,FG,false,Solanum,false,2026-09-20T12:00:00
100556,100556,Roma Tomato 0556,000000100556,VEG,Vegetables,EA,1.55,C4,4,FG,false,Solanum,false,2026-09-20T12:00:00
100557,100557,Jalapeno Pepper 0557,000000100557,VEG,Vegetables,EA,1.56,C4,1,FG,false,Capsicum,false,2026-09-20T12:00:00
100558,100558,Red Russian Kale 0558,000000100558,VEG,Vegetables,EA,1.57,C4,2,FG,false,Brassica,false,2026-09-20T12:00:00
100559,100559,Nantes Carrot 0559,000000100559,VEG,Vegetables,EA,1.58,C4,3,FG,false,Daucus,false,2026-09-20T12:00:00
100560,100560,Buttercrunch Lettuce 0560,000000100560,VEG,Vegetables,EA,1.59,C4,4,FG,false,Lactuca,false,2026-09-20T12:00:00
100561,100561,French Marigold 0561,000000100561,FLOWER,Annuals,EA,1.60,C4,1,FG,false,Tagetes,false,2026-09-20T12:00:00
100562,100562,Wave Petunia 0562,000000100562,FLOWER,Annuals,EA,1.61,C4,2,FG,false,Petunia,false,2026-09-20T12:00:00
100563,100563,Black-eyed Susan 0563,000000100563,PER,Perennials,EA,1.62,C4,3,FG,false,Rudbeckia,false,2026-09-20T12:00:00
100564,100564,Purple Coneflower 0564,000000100564,PER,Perennials,EA,1.63,C4,4,FG,false,Echinacea,false,2026-09-20T12:00:00
100565,100565,Genovese Basil 0565,000000100565,HERB,Herbs,EA,1.64,C4,1,FG,false,Ocimum,false,2026-09-20T12:00:00
100566,100566,Italian Parsley 0566,000000100566,HERB,Herbs,EA,1.65,C4,2,FG,false,Petroselinum,false,2026-09-20T12:00:00
100567,100567,Beefsteak Tomato 0567,000000100567,VEG,Vegetables,EA,1.66,C4,3,FG,false,Solanum,false,2026-09-20T12:00:00
100568,100568,Roma Tomato 0568,000000100568,VEG,Vegetables,EA,1.67,C4,4,FG,false,Solanum,false,2026-09-20T12:00:00
100569,100569,Jalapeno Pepper 0569,000000100569,VEG,Vegetables,EA,1.68,C4,1,FG,false,Capsicum,false,2026-09-20T12:00:00
100570,100570,Red Russian Kale 0570,000000100570,VEG,Vegetables,EA,1.69,C4,2,FG,false,Brassica,false,2026-09-20T12:00:00
100571,100571,Nantes Carrot 0571,000000100571,VEG,Vegetables,EA,1.70,C4,3,FG,false,Daucus,false,2026-09-20T12:00:00
100572,100572,Buttercrunch Lettuce 0572,000000100572,VEG,Vegetables,EA,1.71,C4,4,FG,false,Lactuca,false,2026-09-20T12:00:00
100573,100573,French Marigold 0573,000000100573,FLOWER,Annuals,EA,1.72,C4,1,FG,false,Tagetes,false,2026-09-20T12:00:00
100574,100574,Wave Petunia 0574,000000100574,FLOWER,Annuals,EA,1.73,C4,2,FG,false,Petunia,false,2026-09-20T12:00:00
100575,100575,Black-eyed Susan 0575,000000100575,PER,Perennials,EA,1.74,C4,3,FG,false,Rudbeckia,false,2026-09-20T12:00:00
100576,100576,Purple Coneflower 0576,000000100576,PER,Perennials,EA,1.75,C4,4,FG,false,Echinacea,false,2026-09-20T12:00:00
100577,100577,Genovese Basil 0577,000000100577,HERB,Herbs,EA,1.76,C4,1,FG,false,Ocimum,false,2026-09-20T12:00:00
100578,100578,Italian Parsley 0578,000000100578,HERB,Herbs,EA,1.77,C4,2,FG,false,Petroselinum,false,2026-09-20T12:00:00
100579,100579,Beefsteak Tomato 0579,000000100579,VEG,Vegetables,EA,1.78,C4,3,FG,false,Solanum,false,2026-09-20T12:00:00
100580,100580,Roma Tomato 0580,000000100580,VEG,Vegetables,EA,1.79,C4,4,FG,false,Solanum,false,2026-09-20T12:00:00
100581,100581,Jalapeno Pepper 0581,000000100581,VEG,Vegetables,EA,1.80,C4,1,FG,false,Capsicum,false,2026-09-20T12:00:00
100582,100582,Red Russian Kale 0582,000000100582,VEG,Vegetables,EA,1.81,C4,2,FG,false,Brassica,false,2026-09-20T12:00:00
100583,100583,Nantes Carrot 0583,000000100583,VEG,Vegetables,EA,1.82,C4,3,FG,false,Daucus,false,2026-09-20T12:00:00
100584,100584,Buttercrunch Lettuce 0584,000000100584,VEG,Vegetables,EA,1.83,C4,4,FG,false,Lactuca,false,2026-09-20T12:00:00
100585,100585,French Marigold 0585,000000100585,FLOWER,Annuals,EA,1.84,C4,1,FG,false,Tagetes,false,2026-09-20T12:00:00
100586,100586,Wave Petunia 0586,000000100586,FLOWER,Annuals,EA,1.85,C4,2,FG,false,Petunia,false,2026-09-20T12:00:00
100587,100587,Black-eyed Susan 0587,000000100587,PER,Perennials,EA,1.86,C4,3,FG,false,Rudbeckia,false,2026-09-20T12:00:00
100588,100588,Purple Coneflower 0588,000000100588,PER,Perennials,EA,1.87,C4,4,FG,false,Echinacea,false,2026-09-20T12:00:00
100589,100589,Genovese Basil 0589,000000100589,HERB,Herbs,EA,1.88,C4,1,FG,false,Ocimum,false,2026-09-20T12:00:00
100590,100590,Italian Parsley 0590,000000100590,HERB,Herbs,EA,1.89,C4,2,FG,false,Petroselinum,false,2026-09-20T12:00:00
100591,100591,Beefsteak Tomato 0591,000000100591,VEG,Vegetables,EA,1.90,C4,3,FG,false,Solanum,false,2026-09-20T12:00:00
100592,100592,Roma Tomato 0592,000000100592,VEG,Vegetables,EA,1.91,C4,4,FG,false,Solanum,false,2026-09-20T12:00:00
100593,100593,Jalapeno Pepper 0593,000000100593,VEG,Vegetables,EA,1.92,C4,1,FG,false,Capsicum,false,2026-09-20T12:00:00
100594,100594,Red Russian Kale 0594,000000100594,VEG,Vegetables,EA,1.93,C4,2,FG,false,Brassica,false,2026-09-20T12:00:00
100595,100595,Nantes Carrot 0595,000000100595,VEG,Vegetables,EA,1.94,C4,3,FG,false,Daucus,false,2026-09-20T12:00:00
100596,100596,Buttercrunch Lettuce 0596,000000100596,VEG,Vegetables,EA,1.95,C4,4,FG,false,Lactuca,false,2026-09-20T12:00:00
100597,100597,French Marigold 0597,000000100597,FLOWER,Annuals,EA,1.96,C4,1,FG,false,Tagetes,false,2026-09-20T12:00:00
100598,100598,Wave Petunia 0598,000000100598,FLOWER,Annuals,EA,1.97,C4,2,FG,false,Petunia,false,2026-09-20T12:00:00
100599,100599,Black-eyed Susan 0599,000000100599,PER,Perennials,EA,1.98,C4,3,FG,false,Rudbeckia,false,2026-09-20T12:00:00
100600,100600,Purple Coneflower 0600,000000100600,PER,Perennials,EA,1.99,C4,4,FG,false,Echinacea,false,2026-09-20T12:00:00
100601,100601,Genovese Basil 0601,000000100601,HERB,Herbs,EA,1.00,C4,1,FG,false,Ocimum,false,2026-09-20T12:00:00
100602,100602,Italian Parsley 0602,000000100602,HERB,Herbs,EA,1.01,C4,2,FG,false,Petroselinum,false,2026-09-20T12:00:00
100603,100603,Beefsteak Tomato 0603,000000100603,VEG,Vegetables,EA,1.02,C4,3,FG,false,Solanum,false,2026-09-20T12:00:00
100604,100604,Roma Tomato 0604,000000100604,VEG,Vegetables,EA,1.03,C4,4,FG,false,Solanum,false,2026-09-20T12:00:00
100605,100605,Jalapeno Pepper 0605,000000100605,VEG,Vegetables,EA,1.04,C4,1,FG,false,Capsicum,false,2026-09-20T12:00:00
100606,100606,Red Russian Kale 0606,000000100606,VEG,Vegetables,EA,1.05,C4,2,FG,false,Brassica,false,2026-09-20T12:00:00
100607,100607,Nantes Carrot 0607,000000100607,VEG,Vegetables,EA,1.06,C4,3,FG,false,Daucus,false,2026-09-20T12:00:00
100608,100608,Buttercrunch Lettuce 0608,000000100608,VEG,Vegetables,EA,1.07,C4,4,FG,false,Lactuca,false,2026-09-20T12:00:00
100609,100609,French Marigold 0609,000000100609,FLOWER,Annuals,EA,1.08,C4,1,FG,false,Tagetes,false,2026-09-20T12:00:00
100610,100610,Wave Petunia 0610,000000100610,FLOWER,Annuals,EA,1.09,C4,2,FG,false,Petunia,false,2026-09-20T12:00:00
100611,100611,Black-eyed Susan 0611,000000100611,PER,Perennials,EA,1.10,C4,3,FG,false,Rudbeckia,false,2026-09-20T12:00:00
100612,100612,Purple Coneflower 0612,000000100612,PER,Perennials,EA,1.11,C4,4,FG,false,Echinacea,false,2026-09-20T12:00:00
100613,100613,Genovese Basil 0613,000000100613,HERB,Herbs,EA,1.12,C4,1,FG,false,Ocimum,false,2026-09-20T12:00:00
100614,100614,Italian Parsley 0614,000000100614,HERB,Herbs,EA,1.13,C4,2,FG,false,Petroselinum,false,2026-09-20T12:00:00
100615,100615,Beefsteak Tomato 0615,000000100615,VEG,Vegetables,EA,1.14,C4,3,FG,false,Solanum,false,2026-09-20T12:00:00
100616,100616,Roma Tomato 0616,000000100616,VEG,Vegetables,EA,1.15,C4,4,FG,false,Solanum,false,2026-09-20T12:00:00
100617,100617,Jalapeno Pepper 0617,000000100617,VEG,Vegetables,EA,1.16,C4,1,FG,false,Capsicum,false,2026-09-20T12:00:00
100618,100618,Red Russian Kale 0618,000000100618,VEG,Vegetables,EA,1.17,C4,2,FG,false,Brassica,false,2026-09-20T12:00:00
100619,100619,Nantes Carrot 0619,000000100619,VEG,Vegetables,EA,1.18,C4,3,FG,false,Daucus,false,2026-09-20T12:00:00
100620,100620,Buttercrunch Lettuce 0620,000000100620,VEG,Vegetables,EA,1.19,C4,4,FG,false,Lactuca,false,2026-09-20T12:00:00
100621,100621,French Marigold 0621,000000100621,FLOWER,Annuals,EA,1.20,C4,1,FG,false,Tagetes,false,2026-09-20T12:00:00
100622,100622,Wave Petunia 0622,000000100622,FLOWER,Annuals,EA,1.21,C4,2,FG,false,Petunia,false,2026-09-20T12:00:00
100623,100623,Black-eyed Susan 0623,000000100623,PER,Perennials,EA,1.22,C4,3,FG,false,Rudbeckia,false,2026-09-20T12:00:00
100624,100624,Purple Coneflower 0624,000000100624,PER,Perennials,EA,1.23,C4,4,FG,false,Echinacea,false,2026-09-20T12:00:00
100625,100625,Genovese Basil 0625,000000100625,HERB,Herbs,EA,1.24,C4,1,FG,false,Ocimum,false,2026-09-20T12:00:00
100626,100626,Italian Parsley 0626,000000100626,HERB,Herbs,EA,1.25,C4,2,FG,false,Petroselinum,false,2026-09-20T12:00:00
100627,100627,Beefsteak Tomato 0627,000000100627,VEG,Vegetables,EA,1.26,C4,3,FG,false,Solanum,false,2026-09-20T12:00:00
100628,100628,Roma Tomato 0628,000000100628,VEG,Vegetables,EA,1.27,C4,4,FG,false,Solanum,false,2026-09-20T12:00:00
100629,100629,Jalapeno Pepper 0629,000000100629,VEG,Vegetables,EA,1.28,C4,1,FG,false,Capsicum,false,2026-09-20T12:00:00
100630,100630,Red Russian Kale 0630,000000100630,VEG,Vegetables,EA,1.29,C4,2,FG,false,Brassica,false,2026-09-20T12:00:00
100631,100631,Nantes Carrot 0631,000000100631,VEG,Vegetables,EA,1.30,C4,3,FG,false,Daucus,false,2026-09-20T12:00:00
100632,100632,Buttercrunch Lettuce 0632,000000100632,VEG,Vegetables,EA,1.31,C4,4,FG,false,Lactuca,false,2026-09-20T12:00:00
100633,100633,French Marigold 0633,000000100633,FLOWER,Annuals,EA,1.32,C4,1,FG,false,Tagetes,false,2026-09-20T12:00:00
100634,100634,Wave Petunia 0634,000000100634,FLOWER,Annuals,EA,1.33,C4,2,FG,false,Petunia,false,2026-09-20T12:00:00
100635,100635,Black-eyed Susan 0635,000000100635,PER,Perennials,EA,1.34,C4,3,FG,false,Rudbeckia,false,2026-09-20T12:00:00
100636,100636,Purple Coneflower 0636,000000100636,PER,Perennials,EA,1.35,C4,4,FG,false,Echinacea,false,2026-09-20T12:00:00
100637,100637,Genovese Basil 0637,000000100637,HERB,Herbs,EA,1.36,C4,1,FG,false,Ocimum,false,2026-09-20T12:00:00
100638,100638,Italian Parsley 0638,000000100638,HERB,Herbs,EA,1.37,C4,2,FG,false,Petroselinum,false,2026-09-20T12:00:00
100639,100639,Beefsteak Tomato 0639,000000100639,VEG,Vegetables,EA,1.38,C4,3,FG,false,Solanum,false,2026-09-20T12:00:00
100640,100640,Roma Tomato 0640,000000100640,VEG,Vegetables,EA,1.39,C4,4,FG,false,Solanum,false,2026-09-20T12:00:00
100641,100641,Jalapeno Pepper 0641,000000100641,VEG,Vegetables,EA,1.40,C4,1,FG,false,Capsicum,false,2026-09-20T12:00:00
100642,100642,Red Russian Kale 0642,000000100642,VEG,Vegetables,EA,1.41,C4,2,FG,false,Brassica,false,2026-09-20T12:00:00
100643,100643,Nantes Carrot 0643,000000100643,VEG,Vegetables,EA,1.42,C4,3,FG,false,Daucus,false,2026-09-20T12:00:00
100644,100644,Buttercrunch Lettuce 0644,000000100644,VEG,Vegetables,EA,1.43,C4,4,FG,false,Lactuca,false,2026-09-20T12:00:00
100645,100645,French Marigold 0645,000000100645,FLOWER,Annuals,EA,1.44,C4,1,FG,false,Tagetes,false,2026-09-20T12:00:00
100646,100646,Wave Petunia 0646,000000100646,FLOWER,Annuals,EA,1.45,C4,2,FG,false,Petunia,false,2026-09-20T12:00:00
100647,100647,Black-eyed Susan 0647,000000100647,PER,Perennials,EA,1.46,C4,3,FG,false,Rudbeckia,false,2026-09-20T12:00:00
100648,100648,Purple Coneflower 0648,000000100648,PER,Perennials,EA,1.47,C4,4,FG,false,Echinacea,false,2026-09-20T12:00:00
100649,100649,Genovese Basil 0649,000000100649,HERB,Herbs,EA,1.48,C4,1,FG,false,Ocimum,false,2026-09-20T12:00:00
100650,100650,Italian Parsley 0650,000000100650,HERB,Herbs,EA,1.49,C4,2,FG,false,Petroselinum,false,2026-09-20T12:00:00
100651,100651,Beefsteak Tomato 0651,000000100651,VEG,Vegetables,EA,1.50,C4,3,FG,false,Solanum,false,2026-09-20T12:00:00
100652,100652,Roma Tomato 0652,000000100652,VEG,Vegetables,EA,1.51,C4,4,FG,false,Solanum,false,2026-09-20T12:00:00
100653,100653,Jalapeno Pepper 0653,000000100653,VEG,Vegetables,EA,1.52,C4,1,FG,false,Capsicum,false,2026-09-20T12:00:00
100654,100654,Red Russian Kale 0654,000000100654,VEG,Vegetables,EA,1.53,C4,2,FG,false,Brassica,false,2026-09-20T12:00:00
100655,100655,Nantes Carrot 0655,000000100655,VEG,Vegetables,EA,1.54,C4,3,FG,false,Daucus,false,2026-09-20T12:00:00
100656,100656,Buttercrunch Lettuce 0656,000000100656,VEG,Vegetables,EA,1.55,C4,4,FG,false,Lactuca,false,2026-09-20T12:00:00
100657,100657,French Marigold 0657,000000100657,FLOWER,Annuals,EA,1.56,C4,1,FG,false,Tagetes,false,2026-09-20T12:00:00
100658,100658,Wave Petunia 0658,000000100658,FLOWER,Annuals,EA,1.57,C4,2,FG,false,Petunia,false,2026-09-20T12:00:00
100659,100659,Black-eyed Susan 0659,000000100659,PER,Perennials,EA,1.58,C4,3,FG,false,Rudbeckia,false,2026-09-20T12:00:00
100660,100660,Purple Coneflower 0660,000000100660,PER,Perennials,EA,1.59,C4,4,FG,false,Echinacea,false,2026-09-20T12:00:00
100661,100661,Genovese Basil 0661,000000100661,HERB,Herbs,EA,1.60,C4,1,FG,false,Ocimum,false,2026-09-20T12:00:00
100662,100662,Italian Parsley 0662,000000100662,HERB,Herbs,EA,1.61,C4,2,FG,false,Petroselinum,false,2026-09-20T12:00:00
100663,100663,Beefsteak Tomato 0663,000000100663,VEG,Vegetables,EA,1.62,C4,3,FG,false,Solanum,false,2026-09-20T12:00:00
100664,100664,Roma Tomato 0664,000000100664,VEG,Vegetables,EA,1.63,C4,4,FG,false,Solanum,false,2026-09-20T12:00:00
100665,100665,Jalapeno Pepper 0665,000000100665,VEG,Vegetables,EA,1.64,C4,1,FG,false,Capsicum,false,2026-09-20T12:00:00
100666,100666,Red Russian Kale 0666,000000100666,VEG,Vegetables,EA,1.65,C4,2,FG,false,Brassica,false,2026-09-20T12:00:00
100667,100667,Nantes Carrot 0667,000000100667,VEG,Vegetables,EA,1.66,C4,3,FG,false,Daucus,false,2026-09-20T12:00:00
100668,100668,Buttercrunch Lettuce 0668,000000100668,VEG,Vegetables,EA,1.67,C4,4,FG,false,Lactuca,false,2026-09-20T12:00:00
100669,100669,French Marigold 0669,000000100669,FLOWER,Annuals,EA,1.68,C4,1,FG,false,Tagetes,false,2026-09-20T12:00:00
100670,100670,Wave Petunia 0670,000000100670,FLOWER,Annuals,EA,1.69,C4,2,FG,false,Petunia,false,2026-09-20T12:00:00
100671,100671,Black-eyed Susan 0671,000000100671,PER,Perennials,EA,1.70,C4,3,FG,false,Rudbeckia,false,2026-09-20T12:00:00
100672,100672,Purple Coneflower 0672,000000100672,PER,Perennials,EA,1.71,C4,4,FG,false,Echinacea,false,2026-09-20T12:00:00
100673,100673,Genovese Basil 0673,000000100673,HERB,Herbs,EA,1.72,C4,1,FG,false,Ocimum,false,2026-09-20T12:00:00
100674,100674,Italian Parsley 0674,000000100674,HERB,Herbs,EA,1.73,C4,2,FG,false,Petroselinum,false,2026-09-20T12:00:00
100675,100675,Beefsteak Tomato 0675,000000100675,VEG,Vegetables,EA,1.74,C4,3,FG,false,Solanum,false,2026-09-20T12:00:00
100676,100676,Roma Tomato 0676,000000100676,VEG,Vegetables,EA,1.75,C4,4,FG,false,Solanum,false,2026-09-20T12:00:00
100677,100677,Jalapeno Pepper 0677,000000100677,VEG,Vegetables,EA,1.76,C4,1,FG,false,Capsicum,false,2026-09-20T12:00:00
100678,100678,Red Russian Kale 0678,000000100678,VEG,Vegetables,EA,1.77,C4,2,FG,false,Brassica,false,2026-09-20T12:00:00
100679,100679,Nantes Carrot 0679,000000100679,VEG,Vegetables,EA,1.78,C4,3,FG,false,Daucus,false,2026-09-20T12:00:00
100680,100680,Buttercrunch Lettuce 0680,000000100680,VEG,Vegetables,EA,1.79,C4,4,FG,false,Lactuca,false,2026-09-20T12:00:00
100681,100681,French Marigold 0681,000000100681,FLOWER,Annuals,EA,1.80,C4,1,FG,false,Tagetes,false,2026-09-20T12:00:00
100682,100682,Wave Petunia 0682,000000100682,FLOWER,Annuals,EA,1.81,C4,2,FG,false,Petunia,false,2026-09-20T12:00:00
100683,100683,Black-eyed Susan 0683,000000100683,PER,Perennials,EA,1.82,C4,3,FG,false,Rudbeckia,false,2026-09-20T12:00:00
100684,100684,Purple Coneflower 0684,000000100684,PER,Perennials,EA,1.83,C4,4,FG,false,Echinacea,false,2026-09-20T12:00:00
100685,100685,Genovese Basil 0685,000000100685,HERB,Herbs,EA,1.84,C4,1,FG,false,Ocimum,false,2026-09-20T12:00:00
100686,100686,Italian Parsley 0686,000000100686,HERB,Herbs,EA,1.85,C4,2,FG,false,Petroselinum,false,2026-09-20T12:00:00
100687,100687,Beefsteak Tomato 0687,000000100687,VEG,Vegetables,EA,1.86,C4,3,FG,false,Solanum,false,2026-09-20T12:00:00
100688,100688,Roma Tomato 0688,000000100688,VEG,Vegetables,EA,1.87,C4,4,FG,false,Solanum,false,2026-09-20T12:00:00
100689,100689,Jalapeno Pepper 0689,000000100689,VEG,Vegetables,EA,1.88,C4,1,FG,false,Capsicum,false,2026-09-20T12:00:00
100690,100690,Red Russian Kale 0690,000000100690,VEG,Vegetables,EA,1.89,C4,2,FG,false,Brassica,false,2026-09-20T12:00:00
100691,100691,Nantes Carrot 0691,000000100691,VEG,Vegetables,EA,1.90,C4,3,FG,false,Daucus,false,2026-09-20T12:00:00
100692,100692,Buttercrunch Lettuce 0692,000000100692,VEG,Vegetables,EA,1.91,C4,4,FG,false,Lactuca,false,2026-09-20T12:00:00
100693,100693,French Marigold 0693,000000100693,FLOWER,Annuals,EA,1.92,C4,1,FG,false,Tagetes,false,2026-09-20T12:00:00
100694,100694,Wave Petunia 0694,000000100694,FLOWER,Annuals,EA,1.93,C4,2,FG,false,Petunia,false,2026-09-20T12:00:00
100695,100695,Black-eyed Susan 0695,000000100695,PER,Perennials,EA,1.94,C4,3,FG,false,Rudbeckia,false,2026-09-20T12:00:00
100696,100696,Purple Coneflower 0696,000000100696,PER,Perennials,EA,1.95,C4,4,FG,false,Echinacea,false,2026-09-20T12:00:00
100697,100697,Genovese Basil 0697,000000100697,HERB,Herbs,EA,1.96,C4,1,FG,false,Ocimum,false,2026-09-20T12:00:00
100698,100698,Italian Parsley 0698,000000100698,HERB,Herbs,EA,1.97,C4,2,FG,false,Petroselinum,false,2026-09-20T12:00:00
100699,100699,Beefsteak Tomato 0699,000000100699,VEG,Vegetables,EA,1.98,C4,3,FG,false,Solanum,false,2026-09-20T12:00:00
100700,100700,Roma Tomato 0700,000000100700,VEG,Vegetables,EA,1.99,C4,4,FG,false,Solanum,false,2026-09-20T12:00:00
100701,100701,Jalapeno Pepper 0701,000000100701,VEG,Vegetables,EA,1.00,C4,1,FG,false,Capsicum,false,2026-09-20T12:00:00
100702,100702,Red Russian Kale 0702,000000100702,VEG,Vegetables,EA,1.01,C4,2,FG,false,Brassica,false,2026-09-20T12:00:00
100703,100703,Nantes Carrot 0703,000000100703,VEG,Vegetables,EA,1.02,C4,3,FG,false,Daucus,false,2026-09-20T12:00:00
100704,100704,Buttercrunch Lettuce 0704,000000100704,VEG,Vegetables,EA,1.03,C4,4,FG,false,Lactuca,false,2026-09-20T12:00:00
100705,100705,French Marigold 0705,000000100705,FLOWER,Annuals,EA,1.04,C4,1,FG,false,Tagetes,false,2026-09-20T12:00:00
100706,100706,Wave Petunia 0706,000000100706,FLOWER,Annuals,EA,1.05,C4,2,FG,false,Petunia,false,2026-09-20T12:00:00
100707,100707,Black-eyed Susan 0707,000000100707,PER,Perennials,EA,1.06,C4,3,FG,false,Rudbeckia,false,2026-09-20T12:00:00
100708,100708,Purple Coneflower 0708,000000100708,PER,Perennials,EA,1.07,C4,4,FG,false,Echinacea,false,2026-09-20T12:00:00
100709,100709,Genovese Basil 0709,000000100709,HERB,Herbs,EA,1.08,C4,1,FG,false,Ocimum,false,2026-09-20T12:00:00
100710,100710,Italian Parsley 0710,000000100710,HERB,Herbs,EA,1.09,C4,2,FG,false,Petroselinum,false,2026-09-20T12:00:00
100711,100711,Beefsteak Tomato 0711,000000100711,VEG,Vegetables,EA,1.10,C4,3,FG,false,Solanum,false,2026-09-20T12:00:00
100712,100712,Roma Tomato 0712,000000100712,VEG,Vegetables,EA,1.11,C4,4,FG,false,Solanum,false,2026-09-20T12:00:00
100713,100713,Jalapeno Pepper 0713,000000100713,VEG,Vegetables,EA,1.12,C4,1,FG,false,Capsicum,false,2026-09-20T12:00:00
100714,100714,Red Russian Kale 0714,000000100714,VEG,Vegetables,EA,1.13,C4,2,FG,false,Brassica,false,2026-09-20T12:00:00
100715,100715,Nantes Carrot 0715,000000100715,VEG,Vegetables,EA,1.14,C4,3,FG,false,Daucus,false,2026-09-20T12:00:00
100716,100716,Buttercrunch Lettuce 0716,000000100716,VEG,Vegetables,EA,1.15,C4,4,FG,false,Lactuca,false,2026-09-20T12:00:00
100717,100717,French Marigold 0717,000000100717,FLOWER,Annuals,EA,1.16,C4,1,FG,false,Tagetes,false,2026-09-20T12:00:00
100718,100718,Wave Petunia 0718,000000100718,FLOWER,Annuals,EA,1.17,C4,2,FG,false,Petunia,false,2026-09-20T12:00:00
100719,100719,Black-eyed Susan 0719,000000100719,PER,Perennials,EA,1.18,C4,3,FG,false,Rudbeckia,false,2026-09-20T12:00:00
100720,100720,Purple Coneflower 0720,000000100720,PER,Perennials,EA,1.19,C4,4,FG,false,Echinacea,false,2026-09-20T12:00:00
100721,100721,Genovese Basil 0721,000000100721,HERB,Herbs,EA,1.20,C4,1,FG,false,Ocimum,false,2026-09-20T12:00:00
100722,100722,Italian Parsley 0722,000000100722,HERB,Herbs,EA,1.21,C4,2,FG,false,Petroselinum,false,2026-09-20T12:00:00
100723,100723,Beefsteak Tomato 0723,000000100723,VEG,Vegetables,EA,1.22,C4,3,FG,false,Solanum,false,2026-09-20T12:00:00
100724,100724,Roma Tomato 0724,000000100724,VEG,Vegetables,EA,1.23,C4,4,FG,false,Solanum,false,2026-09-20T12:00:00
100725,100725,Jalapeno Pepper 0725,000000100725,VEG,Vegetables,EA,1.24,C4,1,FG,false,Capsicum,false,2026-09-20T12:00:00
100726,100726,Red Russian Kale 0726,000000100726,VEG,Vegetables,EA,1.25,C4,2,FG,false,Brassica,false,2026-09-20T12:00:00
100727,100727,Nantes Carrot 0727,000000100727,VEG,Vegetables,EA,1.26,C4,3,FG,false,Daucus,false,2026-09-20T12:00:00
100728,100728,Buttercrunch Lettuce 0728,000000100728,VEG,Vegetables,EA,1.27,C4,4,FG,false,Lactuca,false,2026-09-20T12:00:00
100729,100729,French Marigold 0729,000000100729,FLOWER,Annuals,EA,1.28,C4,1,FG,false,Tagetes,false,2026-09-20T12:00:00
100730,100730,Wave Petunia 0730,000000100730,FLOWER,Annuals,EA,1.29,C4,2,FG,false,Petunia,false,2026-09-20T12:00:00
100731,100731,Black-eyed Susan 0731,000000100731,PER,Perennials,EA,1.30,C4,3,FG,false,Rudbeckia,false,2026-09-20T12:00:00
100732,100732,Purple Coneflower 0732,000000100732,PER,Perennials,EA,1.31,C4,4,FG,false,Echinacea,false,2026-09-20T12:00:00
100733,100733,Genovese Basil 0733,000000100733,HERB,Herbs,EA,1.32,C4,1,FG,false,Ocimum,false,2026-09-20T12:00:00
100734,100734,Italian Parsley 0734,000000100734,HERB,Herbs,EA,1.33,C4,2,FG,false,Petroselinum,false,2026-09-20T12:00:00
100735,100735,Beefsteak Tomato 0735,000000100735,VEG,Vegetables,EA,1.34,C4,3,FG,false,Solanum,false,2026-09-20T12:00:00
100736,100736,Roma Tomato 0736,000000100736,VEG,Vegetables,EA,1.35,C4,4,FG,false,Solanum,false,2026-09-20T12:00:00
100737,100737,Jalapeno Pepper 0737,000000100737,VEG,Vegetables,EA,1.36,C4,1,FG,false,Capsicum,false,2026-09-20T12:00:00
100738,100738,Red Russian Kale 0738,000000100738,VEG,Vegetables,EA,1.37,C4,2,FG,false,Brassica,false,2026-09-20T12:00:00
100739,100739,Nantes Carrot 0739,000000100739,VEG,Vegetables,EA,1.38,C4,3,FG,false,Daucus,false,2026-09-20T12:00:00
100740,100740,Buttercrunch Lettuce 0740,000000100740,VEG,Vegetables,EA,1.39,C4,4,FG,false,Lactuca,false,2026-09-20T12:00:00
100741,100741,French Marigold 0741,000000100741,FLOWER,Annuals,EA,1.40,C4,1,FG,false,Tagetes,false,2026-09-20T12:00:00
100742,100742,Wave Petunia 0742,000000100742,FLOWER,Annuals,EA,1.41,C4,2,FG,false,Petunia,false,2026-09-20T12:00:00
100743,100743,Black-eyed Susan 0743,000000100743,PER,Perennials,EA,1.42,C4,3,FG,false,Rudbeckia,false,2026-09-20T12:00:00
100744,100744,Purple Coneflower 0744,000000100744,PER,Perennials,EA,1.43,C4,4,FG,false,Echinacea,false,2026-09-20T12:00:00
100745,100745,Genovese Basil 0745,000000100745,HERB,Herbs,EA,1.44,C4,1,FG,false,Ocimum,false,2026-09-20T12:00:00
100746,100746,Italian Parsley 0746,000000100746,HERB,Herbs,EA,1.45,C4,2,FG,false,Petroselinum,false,2026-09-20T12:00:00
100747,100747,Beefsteak Tomato 0747,000000100747,VEG,Vegetables,EA,1.46,C4,3,FG,false,Solanum,false,2026-09-20T12:00:00
100748,100748,Roma Tomato 0748,000000100748,VEG,Vegetables,EA,1.47,C4,4,FG,false,Solanum,false,2026-09-20T12:00:00
100749,100749,Jalapeno Pepper 0749,000000100749,VEG,Vegetables,EA,1.48,C4,1,FG,false,Capsicum,false,2026-09-20T12:00:00
100750,100750,Red Russian Kale 0750,000000100750,VEG,Vegetables,EA,1.49,C4,2,FG,false,Brassica,false,2026-09-20T12:00:00
100751,100751,Nantes Carrot 0751,000000100751,VEG,Vegetables,EA,1.50,C4,3,FG,false,Daucus,false,2026-09-20T12:00:00
100752,100752,Buttercrunch Lettuce 0752,000000100752,VEG,Vegetables,EA,1.51,C4,4,FG,false,Lactuca,false,2026-09-20T12:00:00
100753,100753,French Marigold 0753,000000100753,FLOWER,Annuals,EA,1.52,C4,1,FG,false,Tagetes,false,2026-09-20T12:00:00
100754,100754,Wave Petunia 0754,000000100754,FLOWER,Annuals,EA,1.53,C4,2,FG,false,Petunia,false,2026-09-20T12:00:00
100755,100755,Black-eyed Susan 0755,000000100755,PER,Perennials,EA,1.54,C4,3,FG,false,Rudbeckia,false,2026-09-20T12:00:00
100756,100756,Purple Coneflower 0756,000000100756,PER,Perennials,EA,1.55,C4,4,FG,false,Echinacea,false,2026-09-20T12:00:00
100757,100757,Genovese Basil 0757,000000100757,HERB,Herbs,EA,1.56,C4,1,FG,false,Ocimum,false,2026-09-20T12:00:00
100758,100758,Italian Parsley 0758,000000100758,HERB,Herbs,EA,1.57,C4,2,FG,false,Petroselinum,false,2026-09-20T12:00:00
100759,100759,Beefsteak Tomato 0759,000000100759,VEG,Vegetables,EA,1.58,C4,3,FG,false,Solanum,false,2026-09-20T12:00:00
100760,100760,Roma Tomato 0760,000000100760,VEG,Vegetables,EA,1.59,C4,4,FG,false,Solanum,false,2026-09-20T12:00:00
100761,100761,Jalapeno Pepper 0761,000000100761,VEG,Vegetables,EA,1.60,C4,1,FG,false,Capsicum,false,2026-09-20T12:00:00
100762,100762,Red Russian Kale 0762,000000100762,VEG,Vegetables,EA,1.61,C4,2,FG,false,Brassica,false,2026-09-20T12:00:00
100763,100763,Nantes Carrot 0763,000000100763,VEG,Vegetables,EA,1.62,C4,3,FG,false,Daucus,false,2026-09-20T12:00:00
100764,100764,Buttercrunch Lettuce 0764,000000100764,VEG,Vegetables,EA,1.63,C4,4,FG,false,Lactuca,false,2026-09-20T12:00:00
100765,100765,French Marigold 0765,000000100765,FLOWER,Annuals,EA,1.64,C4,1,FG,false,Tagetes,false,2026-09-20T12:00:00
100766,100766,Wave Petunia 0766,000000100766,FLOWER,Annuals,EA,1.65,C4,2,FG,false,Petunia,false,2026-09-20T12:00:00
100767,100767,Black-eyed Susan 0767,000000100767,PER,Perennials,EA,1.66,C4,3,FG,false,Rudbeckia,false,2026-09-20T12:00:00
100768,100768,Purple Coneflower 0768,000000100768,PER,Perennials,EA,1.67,C4,4,FG,false,Echinacea,false,2026-09-20T12:00:00
100769,100769,Genovese Basil 0769,000000100769,HERB,Herbs,EA,1.68,C4,1,FG,false,Ocimum,false,2026-09-20T12:00:00
100770,100770,Italian Parsley 0770,000000100770,HERB,Herbs,EA,1.69,C4,2,FG,false,Petroselinum,false,2026-09-20T12:00:00
100771,100771,Beefsteak Tomato 0771,000000100771,VEG,Vegetables,EA,1.70,C4,3,FG,false,Solanum,false,2026-09-20T12:00:00
100772,100772,Roma Tomato 0772,000000100772,VEG,Vegetables,EA,1.71,C4,4,FG,false,Solanum,false,2026-09-20T12:00:00
100773,100773,Jalapeno Pepper 0773,000000100773,VEG,Vegetables,EA,1.72,C4,1,FG,false,Capsicum,false,2026-09-20T12:00:00
100774,100774,Red Russian Kale 0774,000000100774,VEG,Vegetables,EA,1.73,C4,2,FG,false,Brassica,false,2026-09-20T12:00:00
100775,100775,Nantes Carrot 0775,000000100775,VEG,Vegetables,EA,1.74,C4,3,FG,false,Daucus,false,2026-09-20T12:00:00
100776,100776,Buttercrunch Lettuce 0776,000000100776,VEG,Vegetables,EA,1.75,C4,4,FG,false,Lactuca,false,2026-09-20T12:00:00
100777,100777,French Marigold 0777,000000100777,FLOWER,Annuals,EA,1.76,C4,1,FG,false,Tagetes,false,2026-09-20T12:00:00
100778,100778,Wave Petunia 0778,000000100778,FLOWER,Annuals,EA,1.77,C4,2,FG,false,Petunia,false,2026-09-20T12:00:00
100779,100779,Black-eyed Susan 0779,000000100779,PER,Perennials,EA,1.78,C4,3,FG,false,Rudbeckia,false,2026-09-20T12:00:00
100780,100780,Purple Coneflower 0780,000000100780,PER,Perennials,EA,1.79,C4,4,FG,false,Echinacea,false,2026-09-20T12:00:00
100781,100781,Genovese Basil 0781,000000100781,HERB,Herbs,EA,1.80,C4,1,FG,false,Ocimum,false,2026-09-20T12:00:00
100782,100782,Italian Parsley 0782,000000100782,HERB,Herbs,EA,1.81,C4,2,FG,false,Petroselinum,false,2026-09-20T12:00:00
100783,100783,Beefsteak Tomato 0783,000000100783,VEG,Vegetables,EA,1.82,C4,3,FG,false,Solanum,false,2026-09-20T12:00:00
100784,100784,Roma Tomato 0784,000000100784,VEG,Vegetables,EA,1.83,C4,4,FG,false,Solanum,false,2026-09-20T12:00:00
100785,100785,Jalapeno Pepper 0785,000000100785,VEG,Vegetables,EA,1.84,C4,1,FG,false,Capsicum,false,2026-09-20T12:00:00
100786,100786,Red Russian Kale 0786,000000100786,VEG,Vegetables,EA,1.85,C4,2,FG,false,Brassica,false,2026-09-20T12:00:00
100787,100787,Nantes Carrot 0787,000000100787,VEG,Vegetables,EA,1.86,C4,3,FG,false,Daucus,false,2026-09-20T12:00:00
100788,100788,Buttercrunch Lettuce 0788,000000100788,VEG,Vegetables,EA,1.87,C4,4,FG,false,Lactuca,false,2026-09-20T12:00:00
100789,100789,French Marigold 0789,000000100789,FLOWER,Annuals,EA,1.88,C4,1,FG,false,Tagetes,false,2026-09-20T12:00:00
100790,100790,Wave Petunia 0790,000000100790,FLOWER,Annuals,EA,1.89,C4,2,FG,false,Petunia,false,2026-09-20T12:00:00
100791,100791,Black-eyed Susan 0791,000000100791,PER,Perennials,EA,1.90,C4,3,FG,false,Rudbeckia,false,2026-09-20T12:00:00
100792,100792,Purple Coneflower 0792,000000100792,PER,Perennials,EA,1.91,C4,4,FG,false,Echinacea,false,2026-09-20T12:00:00
100793,100793,Genovese Basil 0793,000000100793,HERB,Herbs,EA,1.92,C4,1,FG,false,Ocimum,false,2026-09-20T12:00:00
100794,100794,Italian Parsley 0794,000000100794,HERB,Herbs,EA,1.93,C4,2,FG,false,Petroselinum,false,2026-09-20T12:00:00
100795,100795,Beefsteak Tomato 0795,000000100795,VEG,Vegetables,EA,1.94,C4,3,FG,false,Solanum,false,2026-09-20T12:00:00
100796,100796,Roma Tomato 0796,000000100796,VEG,Vegetables,EA,1.95,C4,4,FG,false,Solanum,false,2026-09-20T12:00:00
100797,100797,Jalapeno Pepper 0797,000000100797,VEG,Vegetables,EA,1.96,C4,1,FG,false,Capsicum,false,2026-09-20T12:00:00
100798,100798,Red Russian Kale 0798,000000100798,VEG,Vegetables,EA,1.97,C4,2,FG,false,Brassica,false,2026-09-20T12:00:00
100799,100799,Nantes Carrot 0799,000000100799,VEG,Vegetables,EA,1.98,C4,3,FG,false,Daucus,false,2026-09-20T12:00:00
100800,100800,Buttercrunch Lettuce 0800,000000100800,VEG,Vegetables,EA,1.99,C4,4,FG,false,Lactuca,false,2026-09-20T12:00:00
100801,100801,French Marigold 0801,000000100801,FLOWER,Annuals,EA,1.00,C4,1,FG,false,Tagetes,false,2026-09-20T12:00:00
100802,100802,Wave Petunia 0802,000000100802,FLOWER,Annuals,EA,1.01,C4,2,FG,false,Petunia,false,2026-09-20T12:00:00
100803,100803,Black-eyed Susan 0803,000000100803,PER,Perennials,EA,1.02,C4,3,FG,false,Rudbeckia,false,2026-09-20T12:00:00
100804,100804,Purple Coneflower 0804,000000100804,PER,Perennials,EA,1.03,C4,4,FG,false,Echinacea,false,2026-09-20T12:00:00
100805,100805,Genovese Basil 0805,000000100805,HERB,Herbs,EA,1.04,C4,1,FG,false,Ocimum,false,2026-09-20T12:00:00
100806,100806,Italian Parsley 0806,000000100806,HERB,Herbs,EA,1.05,C4,2,FG,false,Petroselinum,false,2026-09-20T12:00:00
100807,100807,Beefsteak Tomato 0807,000000100807,VEG,Vegetables,EA,1.06,C4,3,FG,false,Solanum,false,2026-09-20T12:00:00
100808,100808,Roma Tomato 0808,000000100808,VEG,Vegetables,EA,1.07,C4,4,FG,false,Solanum,false,2026-09-20T12:00:00
100809,100809,Jalapeno Pepper 0809,000000100809,VEG,Vegetables,EA,1.08,C4,1,FG,false,Capsicum,false,2026-09-20T12:00:00
100810,100810,Red Russian Kale 0810,000000100810,VEG,Vegetables,EA,1.09,C4,2,FG,false,Brassica,false,2026-09-20T12:00:00
100811,100811,Nantes Carrot 0811,000000100811,VEG,Vegetables,EA,1.10,C4,3,FG,false,Daucus,false,2026-09-20T12:00:00
100812,100812,Buttercrunch Lettuce 0812,000000100812,VEG,Vegetables,EA,1.11,C4,4,FG,false,Lactuca,false,2026-09-20T12:00:00
100813,100813,French Marigold 0813,000000100813,FLOWER,Annuals,EA,1.12,C4,1,FG,false,Tagetes,false,2026-09-20T12:00:00
100814,100814,Wave Petunia 0814,000000100814,FLOWER,Annuals,EA,1.13,C4,2,FG,false,Petunia,false,2026-09-20T12:00:00
100815,100815,Black-eyed Susan 0815,000000100815,PER,Perennials,EA,1.14,C4,3,FG,false,Rudbeckia,false,2026-09-20T12:00:00
100816,100816,Purple Coneflower 0816,000000100816,PER,Perennials,EA,1.15,C4,4,FG,false,Echinacea,false,2026-09-20T12:00:00
100817,100817,Genovese Basil 0817,000000100817,HERB,Herbs,EA,1.16,C4,1,FG,false,Ocimum,false,2026-09-20T12:00:00
100818,100818,Italian Parsley 0818,000000100818,HERB,Herbs,EA,1.17,C4,2,FG,false,Petroselinum,false,2026-09-20T12:00:00
100819,100819,Beefsteak Tomato 0819,000000100819,VEG,Vegetables,EA,1.18,C4,3,FG,false,Solanum,false,2026-09-20T12:00:00
100820,100820,Roma Tomato 0820,000000100820,VEG,Vegetables,EA,1.19,C4,4,FG,false,Solanum,false,2026-09-20T12:00:00
100821,100821,Jalapeno Pepper 0821,000000100821,VEG,Vegetables,EA,1.20,C4,1,FG,false,Capsicum,false,2026-09-20T12:00:00
100822,100822,Red Russian Kale 0822,000000100822,VEG,Vegetables,EA,1.21,C4,2,FG,false,Brassica,false,2026-09-20T12:00:00
100823,100823,Nantes Carrot 0823,000000100823,VEG,Vegetables,EA,1.22,C4,3,FG,false,Daucus,false,2026-09-20T12:00:00
100824,100824,Buttercrunch Lettuce 0824,000000100824,VEG,Vegetables,EA,1.23,C4,4,FG,false,Lactuca,false,2026-09-20T12:00:00
100825,100825,French Marigold 0825,000000100825,FLOWER,Annuals,EA,1.24,C4,1,FG,false,Tagetes,false,2026-09-20T12:00:00
100826,100826,Wave Petunia 0826,000000100826,FLOWER,Annuals,EA,1.25,C4,2,FG,false,Petunia,false,2026-09-20T12:00:00
100827,100827,Black-eyed Susan 0827,000000100827,PER,Perennials,EA,1.26,C4,3,FG,false,Rudbeckia,false,2026-09-20T12:00:00
100828,100828,Purple Coneflower 0828,000000100828,PER,Perennials,EA,1.27,C4,4,FG,false,Echinacea,false,2026-09-20T12:00:00
100829,100829,Genovese Basil 0829,000000100829,HERB,Herbs,EA,1.28,C4,1,FG,false,Ocimum,false,2026-09-20T12:00:00
100830,100830,Italian Parsley 0830,000000100830,HERB,Herbs,EA,1.29,C4,2,FG,false,Petroselinum,false,2026-09-20T12:00:00
100831,100831,Beefsteak Tomato 0831,000000100831,VEG,Vegetables,EA,1.30,C4,3,FG,false,Solanum,false,2026-09-20T12:00:00
100832,100832,Roma Tomato 0832,000000100832,VEG,Vegetables,EA,1.31,C4,4,FG,false,Solanum,false,2026-09-20T12:00:00
100833,100833,Jalapeno Pepper 0833,000000100833,VEG,Vegetables,EA,1.32,C4,1,FG,false,Capsicum,false,2026-09-20T12:00:00
100834,100834,Red Russian Kale 0834,000000100834,VEG,Vegetables,EA,1.33,C4,2,FG,false,Brassica,false,2026-09-20T12:00:00
100835,100835,Nantes Carrot 0835,000000100835,VEG,Vegetables,EA,1.34,C4,3,FG,false,Daucus,false,2026-09-20T12:00:00
100836,100836,Buttercrunch Lettuce 0836,000000100836,VEG,Vegetables,EA,1.35,C4,4,FG,false,Lactuca,false,2026-09-20T12:00:00
100837,100837,French Marigold 0837,000000100837,FLOWER,Annuals,EA,1.36,C4,1,FG,false,Tagetes,false,2026-09-20T12:00:00
100838,100838,Wave Petunia 0838,000000100838,FLOWER,Annuals,EA,1.37,C4,2,FG,false,Petunia,false,2026-09-20T12:00:00
100839,100839,Black-eyed Susan 0839,000000100839,PER,Perennials,EA,1.38,C4,3,FG,false,Rudbeckia,false,2026-09-20T12:00:00
100840,100840,Purple Coneflower 0840,000000100840,PER,Perennials,EA,1.39,C4,4,FG,false,Echinacea,false,2026-09-20T12:00:00
100841,100841,Genovese Basil 0841,000000100841,HERB,Herbs,EA,1.40,C4,1,FG,false,Ocimum,false,2026-09-20T12:00:00
100842,100842,Italian Parsley 0842,000000100842,HERB,Herbs,EA,1.41,C4,2,FG,false,Petroselinum,false,2026-09-20T12:00:00
100843,100843,Beefsteak Tomato 0843,000000100843,VEG,Vegetables,EA,1.42,C4,3,FG,false,Solanum,false,2026-09-20T12:00:00
100844,100844,Roma Tomato 0844,000000100844,VEG,Vegetables,EA,1.43,C4,4,FG,false,Solanum,false,2026-09-20T12:00:00
100845,100845,Jalapeno Pepper 0845,000000100845,VEG,Vegetables,EA,1.44,C4,1,FG,false,Capsicum,false,2026-09-20T12:00:00
100846,100846,Red Russian Kale 0846,000000100846,VEG,Vegetables,EA,1.45,C4,2,FG,false,Brassica,false,2026-09-20T12:00:00
100847,100847,Nantes Carrot 0847,000000100847,VEG,Vegetables,EA,1.46,C4,3,FG,false,Daucus,false,2026-09-20T12:00:00
100848,100848,Buttercrunch Lettuce 0848,000000100848,VEG,Vegetables,EA,1.47,C4,4,FG,false,Lactuca,false,2026-09-20T12:00:00
100849,100849,French Marigold 0849,000000100849,FLOWER,Annuals,EA,1.48,C4,1,FG,false,Tagetes,false,2026-09-20T12:00:00
100850,100850,Wave Petunia 0850,000000100850,FLOWER,Annuals,EA,1.49,C4,2,FG,false,Petunia,false,2026-09-20T12:00:00
100851,100851,Black-eyed Susan 0851,000000100851,PER,Perennials,EA,1.50,C4,3,FG,false,Rudbeckia,false,2026-09-20T12:00:00
100852,100852,Purple Coneflower 0852,000000100852,PER,Perennials,EA,1.51,C4,4,FG,false,Echinacea,false,2026-09-20T12:00:00
100853,100853,Genovese Basil 0853,000000100853,HERB,Herbs,EA,1.52,C4,1,FG,false,Ocimum,false,2026-09-20T12:00:00
100854,100854,Italian Parsley 0854,000000100854,HERB,Herbs,EA,1.53,C4,2,FG,false,Petroselinum,false,2026-09-20T12:00:00
100855,100855,Beefsteak Tomato 0855,000000100855,VEG,Vegetables,EA,1.54,C4,3,FG,false,Solanum,false,2026-09-20T12:00:00
100856,100856,Roma Tomato 0856,000000100856,VEG,Vegetables,EA,1.55,C4,4,FG,false,Solanum,false,2026-09-20T12:00:00
100857,100857,Jalapeno Pepper 0857,000000100857,VEG,Vegetables,EA,1.56,C4,1,FG,false,Capsicum,false,2026-09-20T12:00:00
100858,100858,Red Russian Kale 0858,000000100858,VEG,Vegetables,EA,1.57,C4,2,FG,false,Brassica,false,2026-09-20T12:00:00
100859,100859,Nantes Carrot 0859,000000100859,VEG,Vegetables,EA,1.58,C4,3,FG,false,Daucus,false,2026-09-20T12:00:00
100860,100860,Buttercrunch Lettuce 0860,000000100860,VEG,Vegetables,EA,1.59,C4,4,FG,false,Lactuca,false,2026-09-20T12:00:00
100861,100861,French Marigold 0861,000000100861,FLOWER,Annuals,EA,1.60,C4,1,FG,false,Tagetes,false,2026-09-20T12:00:00
100862,100862,Wave Petunia 0862,000000100862,FLOWER,Annuals,EA,1.61,C4,2,FG,false,Petunia,false,2026-09-20T12:00:00
100863,100863,Black-eyed Susan 0863,000000100863,PER,Perennials,EA,1.62,C4,3,FG,false,Rudbeckia,false,2026-09-20T12:00:00
100864,100864,Purple Coneflower 0864,000000100864,PER,Perennials,EA,1.63,C4,4,FG,false,Echinacea,false,2026-09-20T12:00:00
100865,100865,Genovese Basil 0865,000000100865,HERB,Herbs,EA,1.64,C4,1,FG,false,Ocimum,false,2026-09-20T12:00:00
100866,100866,Italian Parsley 0866,000000100866,HERB,Herbs,EA,1.65,C4,2,FG,false,Petroselinum,false,2026-09-20T12:00:00
100867,100867,Beefsteak Tomato 0867,000000100867,VEG,Vegetables,EA,1.66,C4,3,FG,false,Solanum,false,2026-09-20T12:00:00
100868,100868,Roma Tomato 0868,000000100868,VEG,Vegetables,EA,1.67,C4,4,FG,false,Solanum,false,2026-09-20T12:00:00
100869,100869,Jalapeno Pepper 0869,000000100869,VEG,Vegetables,EA,1.68,C4,1,FG,false,Capsicum,false,2026-09-20T12:00:00
100870,100870,Red Russian Kale 0870,000000100870,VEG,Vegetables,EA,1.69,C4,2,FG,false,Brassica,false,2026-09-20T12:00:00
100871,100871,Nantes Carrot 0871,000000100871,VEG,Vegetables,EA,1.70,C4,3,FG,false,Daucus,false,2026-09-20T12:00:00
100872,100872,Buttercrunch Lettuce 0872,000000100872,VEG,Vegetables,EA,1.71,C4,4,FG,false,Lactuca,false,2026-09-20T12:00:00
100873,100873,French Marigold 0873,000000100873,FLOWER,Annuals,EA,1.72,C4,1,FG,false,Tagetes,false,2026-09-20T12:00:00
100874,100874,Wave Petunia 0874,000000100874,FLOWER,Annuals,EA,1.73,C4,2,FG,false,Petunia,false,2026-09-20T12:00:00
100875,100875,Black-eyed Susan 0875,000000100875,PER,Perennials,EA,1.74,C4,3,FG,false,Rudbeckia,false,2026-09-20T12:00:00
100876,100876,Purple Coneflower 0876,000000100876,PER,Perennials,EA,1.75,C4,4,FG,false,Echinacea,false,2026-09-20T12:00:00
100877,100877,Genovese Basil 0877,000000100877,HERB,Herbs,EA,1.76,C4,1,FG,false,Ocimum,false,2026-09-20T12:00:00
100878,100878,Italian Parsley 0878,000000100878,HERB,Herbs,EA,1.77,C4,2,FG,false,Petroselinum,false,2026-09-20T12:00:00
100879,100879,Beefsteak Tomato 0879,000000100879,VEG,Vegetables,EA,1.78,C4,3,FG,false,Solanum,false,2026-09-20T12:00:00
100880,100880,Roma Tomato 0880,000000100880,VEG,Vegetables,EA,1.79,C4,4,FG,false,Solanum,false,2026-09-20T12:00:00
100881,100881,Jalapeno Pepper 0881,000000100881,VEG,Vegetables,EA,1.80,C4,1,FG,false,Capsicum,false,2026-09-20T12:00:00
100882,100882,Red Russian Kale 0882,000000100882,VEG,Vegetables,EA,1.81,C4,2,FG,false,Brassica,false,2026-09-20T12:00:00
100883,100883,Nantes Carrot 0883,000000100883,VEG,Vegetables,EA,1.82,C4,3,FG,false,Daucus,false,2026-09-20T12:00:00
100884,100884,Buttercrunch Lettuce 0884,000000100884,VEG,Vegetables,EA,1.83,C4,4,FG,false,Lactuca,false,2026-09-20T12:00:00
100885,100885,French Marigold 0885,000000100885,FLOWER,Annuals,EA,1.84,C4,1,FG,false,Tagetes,false,2026-09-20T12:00:00
100886,100886,Wave Petunia 0886,000000100886,FLOWER,Annuals,EA,1.85,C4,2,FG,false,Petunia,false,2026-09-20T12:00:00
100887,100887,Black-eyed Susan 0887,000000100887,PER,Perennials,EA,1.86,C4,3,FG,false,Rudbeckia,false,2026-09-20T12:00:00
100888,100888,Purple Coneflower 0888,000000100888,PER,Perennials,EA,1.87,C4,4,FG,false,Echinacea,false,2026-09-20T12:00:00
100889,100889,Genovese Basil 0889,000000100889,HERB,Herbs,EA,1.88,C4,1,FG,false,Ocimum,false,2026-09-20T12:00:00
100890,100890,Italian Parsley 0890,000000100890,HERB,Herbs,EA,1.89,C4,2,FG,false,Petroselinum,false,2026-09-20T12:00:00
100891,100891,Beefsteak Tomato 0891,000000100891,VEG,Vegetables,EA,1.90,C4,3,FG,false,Solanum,false,2026-09-20T12:00:00
100892,100892,Roma Tomato 0892,000000100892,VEG,Vegetables,EA,1.91,C4,4,FG,false,Solanum,false,2026-09-20T12:00:00
100893,100893,Jalapeno Pepper 0893,000000100893,VEG,Vegetables,EA,1.92,C4,1,FG,false,Capsicum,false,2026-09-20T12:00:00
100894,100894,Red Russian Kale 0894,000000100894,VEG,Vegetables,EA,1.93,C4,2,FG,false,Brassica,false,2026-09-20T12:00:00
100895,100895,Nantes Carrot 0895,000000100895,VEG,Vegetables,EA,1.94,C4,3,FG,false,Daucus,false,2026-09-20T12:00:00
100896,100896,Buttercrunch Lettuce 0896,000000100896,VEG,Vegetables,EA,1.95,C4,4,FG,false,Lactuca,false,2026-09-20T12:00:00
100897,100897,French Marigold 0897,000000100897,FLOWER,Annuals,EA,1.96,C4,1,FG,false,Tagetes,false,2026-09-20T12:00:00
100898,100898,Wave Petunia 0898,000000100898,FLOWER,Annuals,EA,1.97,C4,2,FG,false,Petunia,false,2026-09-20T12:00:00
100899,100899,Black-eyed Susan 0899,000000100899,PER,Perennials,EA,1.98,C4,3,FG,false,Rudbeckia,false,2026-09-20T12:00:00
100900,100900,Purple Coneflower 0900,000000100900,PER,Perennials,EA,1.99,C4,4,FG,false,Echinacea,false,2026-09-20T12:00:00
100901,100901,Genovese Basil 0901,000000100901,HERB,Herbs,EA,1.00,C4,1,FG,false,Ocimum,false,2026-09-20T12:00:00
100902,100902,Italian Parsley 0902,000000100902,HERB,Herbs,EA,1.01,C4,2,FG,false,Petroselinum,false,2026-09-20T12:00:00
100903,100903,Beefsteak Tomato 0903,000000100903,VEG,Vegetables,EA,1.02,C4,3,FG,false,Solanum,false,2026-09-20T12:00:00
100904,100904,Roma Tomato 0904,000000100904,VEG,Vegetables,EA,1.03,C4,4,FG,false,Solanum,false,2026-09-20T12:00:00
100905,100905,Jalapeno Pepper 0905,000000100905,VEG,Vegetables,EA,1.04,C4,1,FG,false,Capsicum,false,2026-09-20T12:00:00
100906,100906,Red Russian Kale 0906,000000100906,VEG,Vegetables,EA,1.05,C4,2,FG,false,Brassica,false,2026-09-20T12:00:00
100907,100907,Nantes Carrot 0907,000000100907,VEG,Vegetables,EA,1.06,C4,3,FG,false,Daucus,false,2026-09-20T12:00:00
100908,100908,Buttercrunch Lettuce 0908,000000100908,VEG,Vegetables,EA,1.07,C4,4,FG,false,Lactuca,false,2026-09-20T12:00:00
100909,100909,French Marigold 0909,000000100909,FLOWER,Annuals,EA,1.08,C4,1,FG,false,Tagetes,false,2026-09-20T12:00:00
100910,100910,Wave Petunia 0910,000000100910,FLOWER,Annuals,EA,1.09,C4,2,FG,false,Petunia,false,2026-09-20T12:00:00
100911,100911,Black-eyed Susan 0911,000000100911,PER,Perennials,EA,1.10,C4,3,FG,false,Rudbeckia,false,2026-09-20T12:00:00
100912,100912,Purple Coneflower 0912,000000100912,PER,Perennials,EA,1.11,C4,4,FG,false,Echinacea,false,2026-09-20T12:00:00
100913,100913,Genovese Basil 0913,000000100913,HERB,Herbs,EA,1.12,C4,1,FG,false,Ocimum,false,2026-09-20T12:00:00
100914,100914,Italian Parsley 0914,000000100914,HERB,Herbs,EA,1.13,C4,2,FG,false,Petroselinum,false,2026-09-20T12:00:00
100915,100915,Beefsteak Tomato 0915,000000100915,VEG,Vegetables,EA,1.14,C4,3,FG,false,Solanum,false,2026-09-20T12:00:00
100916,100916,Roma Tomato 0916,000000100916,VEG,Vegetables,EA,1.15,C4,4,FG,false,Solanum,false,2026-09-20T12:00:00
100917,100917,Jalapeno Pepper 0917,000000100917,VEG,Vegetables,EA,1.16,C4,1,FG,false,Capsicum,false,2026-09-20T12:00:00
100918,100918,Red Russian Kale 0918,000000100918,VEG,Vegetables,EA,1.17,C4,2,FG,false,Brassica,false,2026-09-20T12:00:00
100919,100919,Nantes Carrot 0919,000000100919,VEG,Vegetables,EA,1.18,C4,3,FG,false,Daucus,false,2026-09-20T12:00:00
100920,100920,Buttercrunch Lettuce 0920,000000100920,VEG,Vegetables,EA,1.19,C4,4,FG,false,Lactuca,false,2026-09-20T12:00:00
100921,100921,French Marigold 0921,000000100921,FLOWER,Annuals,EA,1.20,C4,1,FG,false,Tagetes,false,2026-09-20T12:00:00
100922,100922,Wave Petunia 0922,000000100922,FLOWER,Annuals,EA,1.21,C4,2,FG,false,Petunia,false,2026-09-20T12:00:00
100923,100923,Black-eyed Susan 0923,000000100923,PER,Perennials,EA,1.22,C4,3,FG,false,Rudbeckia,false,2026-09-20T12:00:00
100924,100924,Purple Coneflower 0924,000000100924,PER,Perennials,EA,1.23,C4,4,FG,false,Echinacea,false,2026-09-20T12:00:00
100925,100925,Genovese Basil 0925,000000100925,HERB,Herbs,EA,1.24,C4,1,FG,false,Ocimum,false,2026-09-20T12:00:00
100926,100926,Italian Parsley 0926,000000100926,HERB,Herbs,EA,1.25,C4,2,FG,false,Petroselinum,false,2026-09-20T12:00:00
100927,100927,Beefsteak Tomato 0927,000000100927,VEG,Vegetables,EA,1.26,C4,3,FG,false,Solanum,false,2026-09-20T12:00:00
100928,100928,Roma Tomato 0928,000000100928,VEG,Vegetables,EA,1.27,C4,4,FG,false,Solanum,false,2026-09-20T12:00:00
100929,100929,Jalapeno Pepper 0929,000000100929,VEG,Vegetables,EA,1.28,C4,1,FG,false,Capsicum,false,2026-09-20T12:00:00
100930,100930,Red Russian Kale 0930,000000100930,VEG,Vegetables,EA,1.29,C4,2,FG,false,Brassica,false,2026-09-20T12:00:00
100931,100931,Nantes Carrot 0931,000000100931,VEG,Vegetables,EA,1.30,C4,3,FG,false,Daucus,false,2026-09-20T12:00:00
100932,100932,Buttercrunch Lettuce 0932,000000100932,VEG,Vegetables,EA,1.31,C4,4,FG,false,Lactuca,false,2026-09-20T12:00:00
100933,100933,French Marigold 0933,000000100933,FLOWER,Annuals,EA,1.32,C4,1,FG,false,Tagetes,false,2026-09-20T12:00:00
100934,100934,Wave Petunia 0934,000000100934,FLOWER,Annuals,EA,1.33,C4,2,FG,false,Petunia,false,2026-09-20T12:00:00
100935,100935,Black-eyed Susan 0935,000000100935,PER,Perennials,EA,1.34,C4,3,FG,false,Rudbeckia,false,2026-09-20T12:00:00
100936,100936,Purple Coneflower 0936,000000100936,PER,Perennials,EA,1.35,C4,4,FG,false,Echinacea,false,2026-09-20T12:00:00
100937,100937,Genovese Basil 0937,000000100937,HERB,Herbs,EA,1.36,C4,1,FG,false,Ocimum,false,2026-09-20T12:00:00
100938,100938,Italian Parsley 0938,000000100938,HERB,Herbs,EA,1.37,C4,2,FG,false,Petroselinum,false,2026-09-20T12:00:00
100939,100939,Beefsteak Tomato 0939,000000100939,VEG,Vegetables,EA,1.38,C4,3,FG,false,Solanum,false,2026-09-20T12:00:00
100940,100940,Roma Tomato 0940,000000100940,VEG,Vegetables,EA,1.39,C4,4,FG,false,Solanum,false,2026-09-20T12:00:00
100941,100941,Jalapeno Pepper 0941,000000100941,VEG,Vegetables,EA,1.40,C4,1,FG,false,Capsicum,false,2026-09-20T12:00:00
100942,100942,Red Russian Kale 0942,000000100942,VEG,Vegetables,EA,1.41,C4,2,FG,false,Brassica,false,2026-09-20T12:00:00
100943,100943,Nantes Carrot 0943,000000100943,VEG,Vegetables,EA,1.42,C4,3,FG,false,Daucus,false,2026-09-20T12:00:00
100944,100944,Buttercrunch Lettuce 0944,000000100944,VEG,Vegetables,EA,1.43,C4,4,FG,false,Lactuca,false,2026-09-20T12:00:00
100945,100945,French Marigold 0945,000000100945,FLOWER,Annuals,EA,1.44,C4,1,FG,false,Tagetes,false,2026-09-20T12:00:00
100946,100946,Wave Petunia 0946,000000100946,FLOWER,Annuals,EA,1.45,C4,2,FG,false,Petunia,false,2026-09-20T12:00:00
100947,100947,Black-eyed Susan 0947,000000100947,PER,Perennials,EA,1.46,C4,3,FG,false,Rudbeckia,false,2026-09-20T12:00:00
100948,100948,Purple Coneflower 0948,000000100948,PER,Perennials,EA,1.47,C4,4,FG,false,Echinacea,false,2026-09-20T12:00:00
100949,100949,Genovese Basil 0949,000000100949,HERB,Herbs,EA,1.48,C4,1,FG,false,Ocimum,false,2026-09-20T12:00:00
100950,100950,Italian Parsley 0950,000000100950,HERB,Herbs,EA,1.49,C4,2,FG,false,Petroselinum,false,2026-09-20T12:00:00
100951,100951,Beefsteak Tomato 0951,000000100951,VEG,Vegetables,EA,1.50,C4,3,FG,false,Solanum,false,2026-09-20T12:00:00
100952,100952,Roma Tomato 0952,000000100952,VEG,Vegetables,EA,1.51,C4,4,FG,false,Solanum,false,2026-09-20T12:00:00
100953,100953,Jalapeno Pepper 0953,000000100953,VEG,Vegetables,EA,1.52,C4,1,FG,false,Capsicum,false,2026-09-20T12:00:00
100954,100954,Red Russian Kale 0954,000000100954,VEG,Vegetables,EA,1.53,C4,2,FG,false,Brassica,false,2026-09-20T12:00:00
100955,100955,Nantes Carrot 0955,000000100955,VEG,Vegetables,EA,1.54,C4,3,FG,false,Daucus,false,2026-09-20T12:00:00
100956,100956,Buttercrunch Lettuce 0956,000000100956,VEG,Vegetables,EA,1.55,C4,4,FG,false,Lactuca,false,2026-09-20T12:00:00
100957,100957,French Marigold 0957,000000100957,FLOWER,Annuals,EA,1.56,C4,1,FG,false,Tagetes,false,2026-09-20T12:00:00
100958,100958,Wave Petunia 0958,000000100958,FLOWER,Annuals,EA,1.57,C4,2,FG,false,Petunia,false,2026-09-20T12:00:00
100959,100959,Black-eyed Susan 0959,000000100959,PER,Perennials,EA,1.58,C4,3,FG,false,Rudbeckia,false,2026-09-20T12:00:00
100960,100960,Purple Coneflower 0960,000000100960,PER,Perennials,EA,1.59,C4,4,FG,false,Echinacea,false,2026-09-20T12:00:00
100961,100961,Genovese Basil 0961,000000100961,HERB,Herbs,EA,1.60,C4,1,FG,false,Ocimum,false,2026-09-20T12:00:00
100962,100962,Italian Parsley 0962,000000100962,HERB,Herbs,EA,1.61,C4,2,FG,false,Petroselinum,false,2026-09-20T12:00:00
100963,100963,Beefsteak Tomato 0963,000000100963,VEG,Vegetables,EA,1.62,C4,3,FG,false,Solanum,false,2026-09-20T12:00:00
100964,100964,Roma Tomato 0964,000000100964,VEG,Vegetables,EA,1.63,C4,4,FG,false,Solanum,false,2026-09-20T12:00:00
100965,100965,Jalapeno Pepper 0965,000000100965,VEG,Vegetables,EA,1.64,C4,1,FG,false,Capsicum,false,2026-09-20T12:00:00
100966,100966,Red Russian Kale 0966,000000100966,VEG,Vegetables,EA,1.65,C4,2,FG,false,Brassica,false,2026-09-20T12:00:00
100967,100967,Nantes Carrot 0967,000000100967,VEG,Vegetables,EA,1.66,C4,3,FG,false,Daucus,false,2026-09-20T12:00:00
100968,100968,Buttercrunch Lettuce 0968,000000100968,VEG,Vegetables,EA,1.67,C4,4,FG,false,Lactuca,false,2026-09-20T12:00:00
100969,100969,French Marigold 0969,000000100969,FLOWER,Annuals,EA,1.68,C4,1,FG,false,Tagetes,false,2026-09-20T12:00:00
100970,100970,Wave Petunia 0970,000000100970,FLOWER,Annuals,EA,1.69,C4,2,FG,false,Petunia,false,2026-09-20T12:00:00
100971,100971,Black-eyed Susan 0971,000000100971,PER,Perennials,EA,1.70,C4,3,FG,false,Rudbeckia,false,2026-09-20T12:00:00
100972,100972,Purple Coneflower 0972,000000100972,PER,Perennials,EA,1.71,C4,4,FG,false,Echinacea,false,2026-09-20T12:00:00
100973,100973,Genovese Basil 0973,000000100973,HERB,Herbs,EA,1.72,C4,1,FG,false,Ocimum,false,2026-09-20T12:00:00
100974,100974,Italian Parsley 0974,000000100974,HERB,Herbs,EA,1.73,C4,2,FG,false,Petroselinum,false,2026-09-20T12:00:00
100975,100975,Beefsteak Tomato 0975,000000100975,VEG,Vegetables,EA,1.74,C4,3,FG,false,Solanum,false,2026-09-20T12:00:00
100976,100976,Roma Tomato 0976,000000100976,VEG,Vegetables,EA,1.75,C4,4,FG,false,Solanum,false,2026-09-20T12:00:00
100977,100977,Jalapeno Pepper 0977,000000100977,VEG,Vegetables,EA,1.76,C4,1,FG,false,Capsicum,false,2026-09-20T12:00:00
100978,100978,Red Russian Kale 0978,000000100978,VEG,Vegetables,EA,1.77,C4,2,FG,false,Brassica,false,2026-09-20T12:00:00
100979,100979,Nantes Carrot 0979,000000100979,VEG,Vegetables,EA,1.78,C4,3,FG,false,Daucus,false,2026-09-20T12:00:00
100980,100980,Buttercrunch Lettuce 0980,000000100980,VEG,Vegetables,EA,1.79,C4,4,FG,false,Lactuca,false,2026-09-20T12:00:00
100981,100981,French Marigold 0981,000000100981,FLOWER,Annuals,EA,1.80,C4,1,FG,false,Tagetes,false,2026-09-20T12:00:00
100982,100982,Wave Petunia 0982,000000100982,FLOWER,Annuals,EA,1.81,C4,2,FG,false,Petunia,false,2026-09-20T12:00:00
100983,100983,Black-eyed Susan 0983,000000100983,PER,Perennials,EA,1.82,C4,3,FG,false,Rudbeckia,false,2026-09-20T12:00:00
100984,100984,Purple Coneflower 0984,000000100984,PER,Perennials,EA,1.83,C4,4,FG,false,Echinacea,false,2026-09-20T12:00:00
100985,100985,Genovese Basil 0985,000000100985,HERB,Herbs,EA,1.84,C4,1,FG,false,Ocimum,false,2026-09-20T12:00:00
100986,100986,Italian Parsley 0986,000000100986,HERB,Herbs,EA,1.85,C4,2,FG,false,Petroselinum,false,2026-09-20T12:00:00
100987,100987,Beefsteak Tomato 0987,000000100987,VEG,Vegetables,EA,1.86,C4,3,FG,false,Solanum,false,2026-09-20T12:00:00
100988,100988,Roma Tomato 0988,000000100988,VEG,Vegetables,EA,1.87,C4,4,FG,false,Solanum,false,2026-09-20T12:00:00
100989,100989,Jalapeno Pepper 0989,000000100989,VEG,Vegetables,EA,1.88,C4,1,FG,false,Capsicum,false,2026-09-20T12:00:00
100990,100990,Red Russian Kale 0990,000000100990,VEG,Vegetables,EA,1.89,C4,2,FG,false,Brassica,false,2026-09-20T12:00:00
100991,100991,Nantes Carrot 0991,000000100991,VEG,Vegetables,EA,1.90,C4,3,FG,false,Daucus,false,2026-09-20T12:00:00
100992,100992,Buttercrunch Lettuce 0992,000000100992,VEG,Vegetables,EA,1.91,C4,4,FG,false,Lactuca,false,2026-09-20T12:00:00
100993,100993,French Marigold 0993,000000100993,FLOWER,Annuals,EA,1.92,C4,1,FG,false,Tagetes,false,2026-09-20T12:00:00
100994,100994,Wave Petunia 0994,000000100994,FLOWER,Annuals,EA,1.93,C4,2,FG,false,Petunia,false,2026-09-20T12:00:00
100995,100995,Black-eyed Susan 0995,000000100995,PER,Perennials,EA,1.94,C4,3,FG,false,Rudbeckia,false,2026-09-20T12:00:00
100996,100996,Purple Coneflower 0996,000000100996,PER,Perennials,EA,1.95,C4,4,FG,false,Echinacea,false,2026-09-20T12:00:00
100997,100997,Genovese Basil 0997,000000100997,HERB,Herbs,EA,1.96,C4,1,FG,false,Ocimum,false,2026-09-20T12:00:00
100998,100998,Italian Parsley 0998,000000100998,HERB,Herbs,EA,1.97,C4,2,FG,false,Petroselinum,false,2026-09-20T12:00:00
100999,100999,Beefsteak Tomato 0999,000000100999,VEG,Vegetables,EA,1.98,C4,3,FG,false,Solanum,false,2026-09-20T12:00:00
101000,101000,Roma Tomato 1000,000000101000,VEG,Vegetables,EA,1.99,C4,4,FG,false,Solanum,false,2026-09-20T12:00:00
