PurchaseOrderNumber,ExpectedReceiptDate,LastUpdated
PO-DEMO-000001,2026-01-01,2026-09-20T12:00:00
PO-DEMO-000002,2026-01-02,2026-09-20T12:00:00
PO-DEMO-000003,2026-01-03,2026-09-20T12:00:00
PO-DEMO-000004,2026-01-04,2026-09-20T12:00:00
PO-DEMO-000005,2026-01-05,2026-09-20T12:00:00
PO-DEMO-000006,2026-01-06,2026-09-20T12:00:00
PO-DEMO-000007,2026-01-07,2026-09-20T12:00:00
PO-DEMO-000008,2026-01-08,2026-09-20T12:00:00
PO-DEMO-000009,2026-01-09,2026-09-20T12:00:00
PO-DEMO-000010,2026-01-10,2026-09-20T12:00:00
PO-DEMO-000011,2026-01-11,2026-09-20T12:00:00
PO-DEMO-000012,2026-01-12,2026-09-20T12:00:00
PO-DEMO-000013,2026-01-13,2026-09-20T12:00:00
PO-DEMO-000014,2026-01-14,2026-09-20T12:00:00
PO-DEMO-000015,2026-01-15,2026-09-20T12:00:00
PO-DEMO-000016,2026-01-16,2026-09-20T12:00:00
PO-DEMO-000017,2026-01-17,2026-09-20T12:00:00
PO-DEMO-000018,2026-01-18,2026-09-20T12:00:00
PO-DEMO-000019,2026-01-19,2026-09-20T12:00:00
PO-DEMO-000020,2026-01-20,2026-09-20T12:00:00
PO-DEMO-000021,2026-01-21,2026-09-20T12:00:00
PO-DEMO-000022,2026-01-22,2026-09-20T12:00:00
PO-DEMO-000023,2026-01-23,2026-09-20T12:00:00
PO-DEMO-000024,2026-01-24,2026-09-20T12:00:00
PO-DEMO-000025,2026-01-25,2026-09-20T12:00:00
PO-DEMO-000026,2026-01-26,2026-09-20T12:00:00
PO-DEMO-000027,2026-01-27,2026-09-20T12:00:00
PO-DEMO-000028,2026-01-28,2026-09-20T12:00:00
PO-DEMO-000029,2026-01-29,2026-09-20T12:00:00
PO-DEMO-000030,2026-01-30,2026-09-20T12:00:00
PO-DEMO-000031,2026-01-31,2026-09-20T12:00:00
PO-DEMO-000032,2026-02-01,2026-09-20T12:00:00
PO-DEMO-000033,2026-02-02,2026-09-20T12:00:00
PO-DEMO-000034,2026-02-03,2026-09-20T12:00:00
PO-DEMO-000035,2026-02-04,2026-09-20T12:00:00
PO-DEMO-000036,2026-02-05,2026-09-20T12:00:00
PO-DEMO-000037,2026-02-06,2026-09-20T12:00:00
PO-DEMO-000038,2026-02-07,2026-09-20T12:00:00
PO-DEMO-000039,2026-02-08,2026-09-20T12:00:00
PO-DEMO-000040,2026-02-09,2026-09-20T12:00:00
PO-DEMO-000041,2026-02-10,2026-09-20T12:00:00
PO-DEMO-000042,2026-02-11,2026-09-20T12:00:00
PO-DEMO-000043,2026-02-12,2026-09-20T12:00:00
PO-DEMO-000044,2026-02-13,2026-09-20T12:00:00
PO-DEMO-000045,2026-02-14,2026-09-20T12:00:00
PO-DEMO-000046,2026-02-15,2026-09-20T12:00:00
PO-DEMO-000047,2026-02-16,2026-09-20T12:00:00
PO-DEMO-000048,2026-02-17,2026-09-20T12:00:00
PO-DEMO-000049,2026-02-18,2026-09-20T12:00:00
PO-DEMO-000050,2026-02-19,2026-09-20T12:00:00
PO-DEMO-000051,2026-02-20,2026-09-20T12:00:00
PO-DEMO-000052,2026-02-21,2026-09-20T12:00:00
PO-DEMO-000053,2026-02-22,2026-09-20T12:00:00
PO-DEMO-000054,2026-02-23,2026-09-20T12:00:00
PO-DEMO-000055,2026-02-24,2026-09-20T12:00:00
PO-DEMO-000056,2026-02-25,2026-09-20T12:00:00
PO-DEMO-000057,2026-02-26,2026-09-20T12:00:00
PO-DEMO-000058,2026-02-27,2026-09-20T12:00:00
PO-DEMO-000059,2026-02-28,2026-09-20T12:00:00
PO-DEMO-000060,2026-03-01,2026-09-20T12:00:00
PO-DEMO-000061,2026-03-02,2026-09-20T12:00:00
PO-DEMO-000062,2026-03-03,2026-09-20T12:00:00
PO-DEMO-000063,2026-03-04,2026-09-20T12:00:00
PO-DEMO-000064,2026-03-05,2026-09-20T12:00:00
PO-DEMO-000065,2026-03-06,2026-09-20T12:00:00
PO-DEMO-000066,2026-03-07,2026-09-20T12:00:00
PO-DEMO-000067,2026-03-08,2026-09-20T12:00:00
PO-DEMO-000068,2026-03-09,2026-09-20T12:00:00
PO-DEMO-000069,2026-03-10,2026-09-20T12:00:00
PO-DEMO-000070,2026-03-11,2026-09-20T12:00:00
PO-DEMO-000071,2026-03-12,2026-09-20T12:00:00
PO-DEMO-000072,2026-03-13,2026-09-20T12:00:00
PO-DEMO-000073,2026-03-14,2026-09-20T12:00:00
PO-DEMO-000074,2026-03-15,2026-09-20T12:00:00
PO-DEMO-000075,2026-03-16,2026-09-20T12:00:00
PO-DEMO-000076,2026-03-17,2026-09-20T12:00:00
PO-DEMO-000077,2026-03-18,2026-09-20T12:00:00
PO-DEMO-000078,2026-03-19,2026-09-20T12:00:00
PO-DEMO-000079,2026-03-20,2026-09-20T12:00:00
PO-DEMO-000080,2026-03-21,2026-09-20T12:00:00
PO-DEMO-000081,2026-03-22,2026-09-20T12:00:00
PO-DEMO-000082,2026-03-23,2026-09-20T12:00:00
PO-DEMO-000083,2026-03-24,2026-09-20T12:00:00
PO-DEMO-000084,2026-03-25,2026-09-20T12:00:00
PO-DEMO-000085,2026-03-26,2026-09-20T12:00:00
PO-DEMO-000086,2026-03-27,2026-09-20T12:00:00
PO-DEMO-000087,2026-03-28,2026-09-20T12:00:00
PO-DEMO-000088,2026-03-29,2026-09-20T12:00:00
PO-DEMO-000089,2026-03-30,2026-09-20T12:00:00
PO-DEMO-000090,2026-03-31,2026-09-20T12:00:00
PO-DEMO-000091,2026-04-01,2026-09-20T12:00:00
PO-DEMO-000092,2026-04-02,2026-09-20T12:00:00
PO-DEMO-000093,2026-04-03,2026-09-20T12:00:00
PO-DEMO-000094,2026-04-04,2026-09-20T12:00:00
PO-DEMO-000095,2026-04-05,2026-09-20T12:00:00
PO-DEMO-000096,2026-04-06,2026-09-20T12:00:00
PO-DEMO-000097,2026-04-07,2026-09-20T12:00:00
PO-DEMO-000098,2026-04-08,2026-09-20T12:00:00
PO-DEMO-000099,2026-04-09,2026-09-20T12:00:00
PO-DEMO-000100,2026-04-10,2026-09-20T12:00:00
PO-DEMO-000101,2026-04-11,2026-09-20T12:00:00
PO-DEMO-000102,2026-04-12,2026-09-20T12:00:00
PO-DEMO-000103,2026-04-13,2026-09-20T12:00:00
PO-DEMO-000104,2026-04-14,2026-09-20T12:00:00
PO-DEMO-000105,2026-04-15,2026-09-20T12:00:00
PO-DEMO-000106,2026-04-16,2026-09-20T12:00:00
PO-DEMO-000107,2026-04-17,2026-09-20T12:00:00
PO-DEMO-000108,2026-04-18,2026-09-20T12:00:00
PO-DEMO-000109,2026-04-19,2026-09-20T12:00:00
PO-DEMO-000110,2026-04-20,2026-09-20T12:00:00
PO-DEMO-000111,2026-04-21,2026-09-20T12:00:00
PO-DEMO-000112,2026-04-22,2026-09-20T12:00:00
PO-DEMO-000113,2026-04-23,2026-09-20T12:00:00
PO-DEMO-000114,2026-04-24,2026-09-20T12:00:00
PO-DEMO-000115,2026-04-25,2026-09-20T12:00:00
PO-DEMO-000116,2026-04-26,2026-09-20T12:00:00
PO-DEMO-000117,2026-04-27,2026-09-20T12:00:00
PO-DEMO-000118,2026-04-28,2026-09-20T12:00:00
PO-DEMO-000119,2026-04-29,2026-09-20T12:00:00
PO-DEMO-000120,2026-04-30,2026-09-20T12:00:00
PO-DEMO-000121,2026-05-01,2026-09-20T12:00:00
PO-DEMO-000122,2026-05-02,2026-09-20T12:00:00
PO-DEMO-000123,2026-05-03,2026-09-20T12:00:00
PO-DEMO-000124,2026-05-04,2026-09-20T12:00:00
PO-DEMO-000125,2026-05-05,2026-09-20T12:00:00
PO-DEMO-000126,2026-05-06,2026-09-20T12:00:00
PO-DEMO-000127,2026-05-07,2026-09-20T12:00:00
PO-DEMO-000128,2026-05-08,2026-09-20T12:00:00
PO-DEMO-000129,2026-05-09,2026-09-20T12:00:00
PO-DEMO-000130,2026-05-10,2026-09-20T12:00:00
PO-DEMO-000131,2026-05-11,2026-09-20T12:00:00
PO-DEMO-000132,2026-05-12,2026-09-20T12:00:00
PO-DEMO-000133,2026-05-13,2026-09-20T12:00:00
PO-DEMO-000134,2026-05-14,2026-09-20T12:00:00
PO-DEMO-000135,2026-05-15,2026-09-20T12:00:00
PO-DEMO-000136,2026-05-16,2026-09-20T12:00:00
PO-DEMO-000137,2026-05-17,2026-09-20T12:00:00
PO-DEMO-000138,2026-05-18,2026-09-20T12:00:00
PO-DEMO-000139,2026-05-19,2026-09-20T12:00:00
PO-DEMO-000140,2026-05-20,2026-09-20T12:00:00
PO-DEMO-000141,2026-05-21,2026-09-20T12:00:00
PO-DEMO-000142,2026-05-22,2026-09-20T12:00:00
PO-DEMO-000143,2026-05-23,2026-09-20T12:00:00
PO-DEMO-000144,2026-05-24,2026-09-20T12:00:00
PO-DEMO-000145,2026-05-25,2026-09-20T12:00:00
PO-DEMO-000146,2026-05-26,2026-09-20T12:00:00
PO-DEMO-000147,2026-05-27,2026-09-20T12:00:00
PO-DEMO-000148,2026-05-28,2026-09-20T12:00:00
PO-DEMO-000149,2026-05-29,2026-09-20T12:00:00
PO-DEMO-000150,2026-05-30,2026-09-20T12:00:00
PO-DEMO-000151,2026-05-31,2026-09-20T12:00:00
PO-DEMO-000152,2026-06-01,2026-09-20T12:00:00
PO-DEMO-000153,2026-06-02,2026-09-20T12:00:00
PO-DEMO-000154,2026-06-03,2026-09-20T12:00:00
PO-DEMO-000155,2026-06-04,2026-09-20T12:00:00
PO-DEMO-000156,2026-06-05,2026-09-20T12:00:00
PO-DEMO-000157,2026-06-06,2026-09-20T12:00:00
PO-DEMO-000158,2026-06-07,2026-09-20T12:00:00
PO-DEMO-000159,2026-06-08,2026-09-20T12:00:00
PO-DEMO-000160,2026-06-09,2026-09-20T12:00:00
PO-DEMO-000161,2026-06-10,2026-09-20T12:00:00
PO-DEMO-000162,2026-06-11,2026-09-20T12:00:00
PO-DEMO-000163,2026-06-12,2026-09-20T12:00:00
PO-DEMO-000164,2026-06-13,2026-09-20T12:00:00
PO-DEMO-000165,2026-06-14,2026-09-20T12:00:00
PO-DEMO-000166,2026-06-15,2026-09-20T12:00:00
PO-DEMO-000167,2026-06-16,2026-09-20T12:00:00
PO-DEMO-000168,2026-06-17,2026-09-20T12:00:00
PO-DEMO-000169,2026-06-18,2026-09-20T12:00:00
PO-DEMO-000170,2026-06-19,2026-09-20T12:00:00
PO-DEMO-000171,2026-06-20,2026-09-20T12:00:00
PO-DEMO-000172,2026-06-21,2026-09-20T12:00:00
PO-DEMO-000173,2026-06-22,2026-09-20T12:00:00
PO-DEMO-000174,2026-06-23,2026-09-20T12:00:00
PO-DEMO-000175,2026-06-24,2026-09-20T12:00:00
PO-DEMO-000176,2026-06-25,2026-09-20T12:00:00
PO-DEMO-000177,2026-06-26,2026-09-20T12:00:00
PO-DEMO-000178,2026-06-27,2026-09-20T12:00:00
PO-DEMO-000179,2026-06-28,2026-09-20T12:00:00
PO-DEMO-000180,2026-06-29,2026-09-20T12:00:00
PO-DEMO-000181,2026-06-30,2026-09-20T12:00:00
PO-DEMO-000182,2026-07-01,2026-09-20T12:00:00
PO-DEMO-000183,2026-07-02,2026-09-20T12:00:00
PO-DEMO-000184,2026-07-03,2026-09-20T12:00:00
PO-DEMO-000185,2026-07-04,2026-09-20T12:00:00
PO-DEMO-000186,2026-07-05,2026-09-20T12:00:00
PO-DEMO-000187,2026-07-06,2026-09-20T12:00:00
PO-DEMO-000188,2026-07-07,2026-09-20T12:00:00
PO-DEMO-000189,2026-07-08,2026-09-20T12:00:00
PO-DEMO-000190,2026-07-09,2026-09-20T12:00:00
PO-DEMO-000191,2026-07-10,2026-09-20T12:00:00
PO-DEMO-000192,2026-07-11,2026-09-20T12:00:00
PO-DEMO-000193,2026-07-12,2026-09-20T12:00:00
PO-DEMO-000194,2026-07-13,2026-09-20T12:00:00
PO-DEMO-000195,2026-07-14,2026-09-20T12:00:00
PO-DEMO-000196,2026-07-15,2026-09-20T12:00:00
PO-DEMO-000197,2026-07-16,2026-09-20T12:00:00
PO-DEMO-000198,2026-07-17,2026-09-20T12:00:00
PO-DEMO-000199,2026-07-18,2026-09-20T12:00:00
PO-DEMO-000200,2026-07-19,2026-09-20T12:00:00
PO-DEMO-000201,2026-07-20,2026-09-20T12:00:00
PO-DEMO-000202,2026-07-21,2026-09-20T12:00:00
PO-DEMO-000203,2026-07-22,2026-09-20T12:00:00
PO-DEMO-000204,2026-07-23,2026-09-20T12:00:00
PO-DEMO-000205,2026-07-24,2026-09-20T12:00:00
PO-DEMO-000206,2026-07-25,2026-09-20T12:00:00
PO-DEMO-000207,2026-07-26,2026-09-20T12:00:00
PO-DEMO-000208,2026-07-27,2026-09-20T12:00:00
PO-DEMO-000209,2026-07-28,2026-09-20T12:00:00
PO-DEMO-000210,2026-07-29,2026-09-20T12:00:00
PO-DEMO-000211,2026-07-30,2026-09-20T12:00:00
PO-DEMO-000212,2026-07-31,2026-09-20T12:00:00
PO-DEMO-000213,2026-08-01,2026-09-20T12:00:00
PO-DEMO-000214,2026-08-02,2026-09-20T12:00:00
PO-DEMO-000215,2026-08-03,2026-09-20T12:00:00
PO-DEMO-000216,2026-08-04,2026-09-20T12:00:00
PO-DEMO-000217,2026-08-05,2026-09-20T12:00:00
PO-DEMO-000218,2026-08-06,2026-09-20T12:00:00
PO-DEMO-000219,2026-08-07,2026-09-20T12:00:00
PO-DEMO-000220,2026-08-08,2026-09-20T12:00:00
PO-DEMO-000221,2026-08-09,2026-09-20T12:00:00
PO-DEMO-000222,2026-08-10,2026-09-20T12:00:00
PO-DEMO-000223,2026-08-11,2026-09-20T12:00:00
PO-DEMO-000224,2026-08-12,2026-09-20T12:00:00
PO-DEMO-000225,2026-08-13,2026-09-20T12:00:00
PO-DEMO-000226,2026-08-14,2026-09-20T12:00:00
PO-DEMO-000227,2026-08-15,2026-09-20T12:00:00
PO-DEMO-000228,2026-08-16,2026-09-20T12:00:00
PO-DEMO-000229,2026-08-17,2026-09-20T12:00:00
PO-DEMO-000230,2026-08-18,2026-09-20T12:00:00
PO-DEMO-000231,2026-08-19,2026-09-20T12:00:00
PO-DEMO-000232,2026-08-20,2026-09-20T12:00:00
PO-DEMO-000233,2026-08-21,2026-09-20T12:00:00
PO-DEMO-000234,2026-08-22,2026-09-20T12:00:00
PO-DEMO-000235,2026-08-23,2026-09-20T12:00:00
PO-DEMO-000236,2026-08-24,2026-09-20T12:00:00
PO-DEMO-000237,2026-08-25,2026-09-20T12:00:00
PO-DEMO-000238,2026-08-26,2026-09-20T12:00:00
PO-DEMO-000239,2026-08-27,2026-09-20T12:00:00
PO-DEMO-000240,2026-08-28,2026-09-20T12:00:00
PO-DEMO-000241,2026-08-29,2026-09-20T12:00:00
PO-DEMO-000242,2026-08-30,2026-09-20T12:00:00
PO-DEMO-000243,2026-08-31,2026-09-20T12:00:00
PO-DEMO-000244,2026-09-01,2026-09-20T12:00:00
PO-DEMO-000245,2026-09-02,2026-09-20T12:00:00
PO-DEMO-000246,2026-09-03,2026-09-20T12:00:00
PO-DEMO-000247,2026-09-04,2026-09-20T12:00:00
PO-DEMO-000248,2026-09-05,2026-09-20T12:00:00
PO-DEMO-000249,2026-09-06,2026-09-20T12:00:00
PO-DEMO-000250,2026-09-07,2026-09-20T12:00:00
PO-DEMO-000251,2026-09-08,2026-09-20T12:00:00
PO-DEMO-000252,2026-09-09,2026-09-20T12:00:00
PO-DEMO-000253,2026-09-10,2026-09-20T12:00:00
PO-DEMO-000254,2026-09-11,2026-09-20T12:00:00
PO-DEMO-000255,2026-09-12,2026-09-20T12:00:00
PO-DEMO-000256,2026-09-13,2026-09-20T12:00:00
PO-DEMO-000257,2026-09-14,2026-09-20T12:00:00
PO-DEMO-000258,2026-09-15,2026-09-20T12:00:00
PO-DEMO-000259,2026-09-16,2026-09-20T12:00:00
PO-DEMO-000260,2026-09-17,2026-09-20T12:00:00
PO-DEMO-000261,2026-09-18,2026-09-20T12:00:00
PO-DEMO-000262,2026-09-19,2026-09-20T12:00:00
PO-DEMO-000263,2026-09-20,2026-09-20T12:00:00
PO-DEMO-000264,2026-09-21,2026-09-20T12:00:00
PO-DEMO-000265,2026-09-22,2026-09-20T12:00:00
PO-DEMO-000266,2026-09-23,2026-09-20T12:00:00
PO-DEMO-000267,2026-09-24,2026-09-20T12:00:00
PO-DEMO-000268,2026-09-25,2026-09-20T12:00:00
PO-DEMO-000269,2026-09-26,2026-09-20T12:00:00
PO-DEMO-000270,2026-09-27,2026-09-20T12:00:00
PO-DEMO-000271,2026-09-28,2026-09-20T12:00:00
PO-DEMO-000272,2026-09-29,2026-09-20T12:00:00
PO-DEMO-000273,2026-09-30,2026-09-20T12:00:00
PO-DEMO-000274,2026-10-01,2026-09-20T12:00:00
PO-DEMO-000275,2026-10-02,2026-09-20T12:00:00
PO-DEMO-000276,2026-10-03,2026-09-20T12:00:00
PO-DEMO-000277,2026-10-04,2026-09-20T12:00:00
PO-DEMO-000278,2026-10-05,2026-09-20T12:00:00
PO-DEMO-000279,2026-10-06,2026-09-20T12:00:00
PO-DEMO-000280,2026-10-07,2026-09-20T12:00:00
PO-DEMO-000281,2026-10-08,2026-09-20T12:00:00
PO-DEMO-000282,2026-10-09,2026-09-20T12:00:00
PO-DEMO-000283,2026-10-10,2026-09-20T12:00:00
PO-DEMO-000284,2026-10-11,2026-09-20T12:00:00
PO-DEMO-000285,2026-10-12,2026-09-20T12:00:00
PO-DEMO-000286,2026-10-13,2026-09-20T12:00:00
PO-DEMO-000287,2026-10-14,2026-09-20T12:00:00
PO-DEMO-000288,2026-10-15,2026-09-20T12:00:00
PO-DEMO-000289,2026-10-16,2026-09-20T12:00:00
PO-DEMO-000290,2026-10-17,2026-09-20T12:00:00
PO-DEMO-000291,2026-10-18,2026-09-20T12:00:00
PO-DEMO-000292,2026-10-19,2026-09-20T12:00:00
PO-DEMO-000293,2026-10-20,2026-09-20T12:00:00
PO-DEMO-000294,2026-10-21,2026-09-20T12:00:00
PO-DEMO-000295,2026-10-22,2026-09-20T12:00:00
PO-DEMO-000296,2026-10-23,2026-09-20T12:00:00
PO-DEMO-000297,2026-10-24,2026-09-20T12:00:00
PO-DEMO-000298,2026-10-25,2026-09-20T12:00:00
PO-DEMO-000299,2026-10-26,2026-09-20T12:00:00
PO-DEMO-000300,2026-10-27,2026-09-20T12:00:00
PO-DEMO-000301,2026-10-28,2026-09-20T12:00:00
PO-DEMO-000302,2026-10-29,2026-09-20T12:00:00
PO-DEMO-000303,2026-10-30,2026-09-20T12:00:00
PO-DEMO-000304,2026-10-31,2026-09-20T12:00:00
PO-DEMO-000305,2026-11-01,2026-09-20T12:00:00
PO-DEMO-000306,2026-11-02,2026-09-20T12:00:00
PO-DEMO-000307,2026-11-03,2026-09-20T12:00:00
PO-DEMO-000308,2026-11-04,2026-09-20T12:00:00
PO-DEMO-000309,2026-11-05,2026-09-20T12:00:00
PO-DEMO-000310,2026-11-06,2026-09-20T12:00:00
PO-DEMO-000311,2026-11-07,2026-09-20T12:00:00
PO-DEMO-000312,2026-11-08,2026-09-20T12:00:00
PO-DEMO-000313,2026-11-09,2026-09-20T12:00:00
PO-DEMO-000314,2026-11-10,2026-09-20T12:00:00
PO-DEMO-000315,2026-11-11,2026-09-20T12:00:00
PO-DEMO-000316,2026-11-12,2026-09-20T12:00:00
PO-DEMO-000317,2026-11-13,2026-09-20T12:00:00
PO-DEMO-000318,2026-11-14,2026-09-20T12:00:00
PO-DEMO-000319,2026-11-15,2026-09-20T12:00:00
PO-DEMO-000320,2026-11-16,2026-09-20T12:00:00
PO-DEMO-000321,2026-11-17,2026-09-20T12:00:00
PO-DEMO-000322,2026-11-18,2026-09-20T12:00:00
PO-DEMO-000323,2026-11-19,2026-09-20T12:00:00
PO-DEMO-000324,2026-11-20,2026-09-20T12:00:00
PO-DEMO-000325,2026-11-21,2026-09-20T12:00:00
PO-DEMO-000326,2026-11-22,2026-09-20T12:00:00
PO-DEMO-000327,2026-11-23,2026-09-20T12:00:00
PO-DEMO-000328,2026-11-24,2026-09-20T12:00:00
PO-DEMO-000329,2026-11-25,2026-09-20T12:00:00
PO-DEMO-000330,2026-11-26,2026-09-20T12:00:00
PO-DEMO-000331,2026-11-27,2026-09-20T12:00:00
PO-DEMO-000332,2026-11-28,2026-09-20T12:00:00
PO-DEMO-000333,2026-11-29,2026-09-20T12:00:00
PO-DEMO-000334,2026-11-30,2026-09-20T12:00:00
PO-DEMO-000335,2026-12-01,2026-09-20T12:00:00
PO-DEMO-000336,2026-12-02,2026-09-20T12:00:00
PO-DEMO-000337,2026-12-03,2026-09-20T12:00:00
PO-DEMO-000338,2026-12-04,2026-09-20T12:00:00
PO-DEMO-000339,2026-12-05,2026-09-20T12:00:00
PO-DEMO-000340,2026-12-06,2026-09-20T12:00:00
PO-DEMO-000341,2026-12-07,2026-09-20T12:00:00
PO-DEMO-000342,2026-12-08,2026-09-20T12:00:00
PO-DEMO-000343,2026-12-09,2026-09-20T12:00:00
PO-DEMO-000344,2026-12-10,2026-09-20T12:00:00
PO-DEMO-000345,2026-12-11,2026-09-20T12:00:00
PO-DEMO-000346,2026-12-12,2026-09-20T12:00:00
PO-DEMO-000347,2026-12-13,2026-09-20T12:00:00
PO-DEMO-000348,2026-12-14,2026-09-20T12:00:00
PO-DEMO-000349,2026-12-15,2026-09-20T12:00:00
PO-DEMO-000350,2026-12-16,2026-09-20T12:00:00
PO-DEMO-000351,2026-12-17,2026-09-20T12:00:00
PO-DEMO-000352,2026-12-18,2026-09-20T12:00:00
PO-DEMO-000353,2026-12-19,2026-09-20T12:00:00
PO-DEMO-000354,2026-12-20,2026-09-20T12:00:00
PO-DEMO-000355,2026-12-21,2026-09-20T12:00:00
PO-DEMO-000356,2026-12-22,2026-09-20T12:00:00
PO-DEMO-000357,2026-12-23,2026-09-20T12:00:00
PO-DEMO-000358,2026-12-24,2026-09-20T12:00:00
PO-DEMO-000359,2026-12-25,2026-09-20T12:00:00
PO-DEMO-000360,2026-12-26,2026-09-20T12:00:00
PO-DEMO-000361,2026-12-27,2026-09-20T12:00:00
PO-DEMO-000362,2026-12-28,2026-09-20T12:00:00
PO-DEMO-000363,2026-12-29,2026-09-20T12:00:00
PO-DEMO-000364,2026-12-30,2026-09-20T12:00:00
PO-DEMO-000365,2026-12-31,2026-09-20T12:00:00
PO-DEMO-000366,2026-01-01,2026-09-20T12:00:00
PO-DEMO-000367,2026-01-02,2026-09-20T12:00:00
PO-DEMO-000368,2026-01-03,2026-09-20T12:00:00
PO-DEMO-000369,2026-01-04,2026-09-20T12:00:00
PO-DEMO-000370,2026-01-05,2026-09-20T12:00:00
PO-DEMO-000371,2026-01-06,2026-09-20T12:00:00
PO-DEMO-000372,2026-01-07,2026-09-20T12:00:00
PO-DEMO-000373,2026-01-08,2026-09-20T12:00:00
PO-DEMO-000374,2026-01-09,2026-09-20T12:00:00
PO-DEMO-000375,2026-01-10,2026-09-20T12:00:00
PO-DEMO-000376,2026-01-11,2026-09-20T12:00:00
PO-DEMO-000377,2026-01-12,2026-09-20T12:00:00
PO-DEMO-000378,2026-01-13,2026-09-20T12:00:00
PO-DEMO-000379,2026-01-14,2026-09-20T12:00:00
PO-DEMO-000380,2026-01-15,2026-09-20T12:00:00
PO-DEMO-000381,2026-01-16,2026-09-20T12:00:00
PO-DEMO-000382,2026-01-17,2026-09-20T12:00:00
PO-DEMO-000383,2026-01-18,2026-09-20T12:00:00
PO-DEMO-000384,2026-01-19,2026-09-20T12:00:00
PO-DEMO-000385,2026-01-20,2026-09-20T12:00:00
PO-DEMO-000386,2026-01-21,2026-09-20T12:00:00
PO-DEMO-000387,2026-01-22,2026-09-20T12:00:00
PO-DEMO-000388,2026-01-23,2026-09-20T12:00:00
PO-DEMO-000389,2026-01-24,2026-09-20T12:00:00
PO-DEMO-000390,2026-01-25,2026-09-20T12:00:00
PO-DEMO-000391,2026-01-26,2026-09-20T12:00:00
PO-DEMO-000392,2026-01-27,2026-09-20T12:00:00
PO-DEMO-000393,2026-01-28,2026-09-20T12:00:00
PO-DEMO-000394,2026-01-29,2026-09-20T12:00:00
PO-DEMO-000395,2026-01-30,2026-09-20T12:00:00
PO-DEMO-000396,2026-01-31,2026-09-20T12:00:00
PO-DEMO-000397,2026-02-01,2026-09-20T12:00:00
PO-DEMO-000398,2026-02-02,2026-09-20T12:00:00
PO-DEMO-000399,2026-02-03,2026-09-20T12:00:00
PO-DEMO-000400,2026-02-04,2026-09-20T12:00:00
PO-DEMO-000401,2026-02-05,2026-09-20T12:00:00
PO-DEMO-000402,2026-02-06,2026-09-20T12:00:00
PO-DEMO-000403,2026-02-07,2026-09-20T12:00:00
PO-DEMO-000404,2026-02-08,2026-09-20T12:00:00
PO-DEMO-000405,2026-02-09,2026-09-20T12:00:00
PO-DEMO-000406,2026-02-10,2026-09-20T12:00:00
PO-DEMO-000407,2026-02-11,2026-09-20T12:00:00
PO-DEMO-000408,2026-02-12,2026-09-20T12:00:00
PO-DEMO-000409,2026-02-13,2026-09-20T12:00:00
PO-DEMO-000410,2026-02-14,2026-09-20T12:00:00
PO-DEMO-000411,2026-02-15,2026-09-20T12:00:00
PO-DEMO-000412,2026-02-16,2026-09-20T12:00:00
PO-DEMO-000413,2026-02-17,2026-09-20T12:00:00
PO-DEMO-000414,2026-02-18,2026-09-20T12:00:00
PO-DEMO-000415,2026-02-19,2026-09-20T12:00:00
PO-DEMO-000416,2026-02-20,2026-09-20T12:00:00
PO-DEMO-000417,2026-02-21,2026-09-20T12:00:00
PO-DEMO-000418,2026-02-22,2026-09-20T12:00:00
PO-DEMO-000419,2026-02-23,2026-09-20T12:00:00
PO-DEMO-000420,2026-02-24,2026-09-20T12:00:00
PO-DEMO-000421,2026-02-25,2026-09-20T12:00:00
PO-DEMO-000422,2026-02-26,2026-09-20T12:00:00
PO-DEMO-000423,2026-02-27,2026-09-20T12:00:00
PO-DEMO-000424,2026-02-28,2026-09-20T12:00:00
PO-DEMO-000425,2026-03-01,2026-09-20T12:00:00
PO-DEMO-000426,2026-03-02,2026-09-20T12:00:00
PO-DEMO-000427,2026-03-03,2026-09-20T12:00:00
PO-DEMO-000428,2026-03-04,2026-09-20T12:00:00
PO-DEMO-000429,2026-03-05,2026-09-20T12:00:00
PO-DEMO-000430,2026-03-06,2026-09-20T12:00:00
PO-DEMO-000431,2026-03-07,2026-09-20T12:00:00
PO-DEMO-000432,2026-03-08,2026-09-20T12:00:00
PO-DEMO-000433,2026-03-09,2026-09-20T12:00:00
PO-DEMO-000434,2026-03-10,2026-09-20T12:00:00
PO-DEMO-000435,2026-03-11,2026-09-20T12:00:00
PO-DEMO-000436,2026-03-12,2026-09-20T12:00:00
PO-DEMO-000437,2026-03-13,2026-09-20T12:00:00
PO-DEMO-000438,2026-03-14,2026-09-20T12:00:00
PO-DEMO-000439,2026-03-15,2026-09-20T12:00:00
PO-DEMO-000440,2026-03-16,2026-09-20T12:00:00
PO-DEMO-000441,2026-03-17,2026-09-20T12:00:00
PO-DEMO-000442,2026-03-18,2026-09-20T12:00:00
PO-DEMO-000443,2026-03-19,2026-09-20T12:00:00
PO-DEMO-000444,2026-03-20,2026-09-20T12:00:00
PO-DEMO-000445,2026-03-21,2026-09-20T12:00:00
PO-DEMO-000446,2026-03-22,2026-09-20T12:00:00
PO-DEMO-000447,2026-03-23,2026-09-20T12:00:00
PO-DEMO-000448,2026-03-24,2026-09-20T12:00:00
PO-DEMO-000449,2026-03-25,2026-09-20T12:00:00
PO-DEMO-000450,2026-03-26,2026-09-20T12:00:00
PO-DEMO-000451,2026-03-27,2026-09-20T12:00:00
PO-DEMO-000452,2026-03-28,2026-09-20T12:00:00
PO-DEMO-000453,2026-03-29,2026-09-20T12:00:00
PO-DEMO-000454,2026-03-30,2026-09-20T12:00:00
PO-DEMO-000455,2026-03-31,2026-09-20T12:00:00
PO-DEMO-000456,2026-04-01,2026-09-20T12:00:00
PO-DEMO-000457,2026-04-02,2026-09-20T12:00:00
PO-DEMO-000458,2026-04-03,2026-09-20T12:00:00
PO-DEMO-000459,2026-04-04,2026-09-20T12:00:00
PO-DEMO-000460,2026-04-05,2026-09-20T12:00:00
PO-DEMO-000461,2026-04-06,2026-09-20T12:00:00
PO-DEMO-000462,2026-04-07,2026-09-20T12:00:00
PO-DEMO-000463,2026-04-08,2026-09-20T12:00:00
PO-DEMO-000464,2026-04-09,2026-09-20T12:00:00
PO-DEMO-000465,2026-04-10,2026-09-20T12:00:00
PO-DEMO-000466,2026-04-11,2026-09-20T12:00:00
PO-DEMO-000467,2026-04-12,2026-09-20T12:00:00
PO-DEMO-000468,2026-04-13,2026-09-20T12:00:00
PO-DEMO-000469,2026-04-14,2026-09-20T12:00:00
PO-DEMO-000470,2026-04-15,2026-09-20T12:00:00
PO-DEMO-000471,2026-04-16,2026-09-20T12:00:00
PO-DEMO-000472,2026-04-17,2026-09-20T12:00:00
PO-DEMO-000473,2026-04-18,2026-09-20T12:00:00
PO-DEMO-000474,2026-04-19,2026-09-20T12:00:00
PO-DEMO-000475,2026-04-20,2026-09-20T12:00:00
PO-DEMO-000476,2026-04-21,2026-09-20T12:00:00
PO-DEMO-000477,2026-04-22,2026-09-20T12:00:00
PO-DEMO-000478,2026-04-23,2026-09-20T12:00:00
PO-DEMO-000479,2026-04-24,2026-09-20T12:00:00
PO-DEMO-000480,2026-04-25,2026-09-20T12:00:00
PO-DEMO-000481,2026-04-26,2026-09-20T12:00:00
PO-DEMO-000482,2026-04-27,2026-09-20T12:00:00
PO-DEMO-000483,2026-04-28,2026-09-20T12:00:00
PO-DEMO-000484,2026-04-29,2026-09-20T12:00:00
PO-DEMO-000485,2026-04-30,2026-09-20T12:00:00
PO-DEMO-000486,2026-05-01,2026-09-20T12:00:00
PO-DEMO-000487,2026-05-02,2026-09-20T12:00:00
PO-DEMO-000488,2026-05-03,2026-09-20T12:00:00
PO-DEMO-000489,2026-05-04,2026-09-20T12:00:00
PO-DEMO-000490,2026-05-05,2026-09-20T12:00:00
PO-DEMO-000491,2026-05-06,2026-09-20T12:00:00
PO-DEMO-000492,2026-05-07,2026-09-20T12:00:00
PO-DEMO-000493,2026-05-08,2026-09-20T12:00:00
PO-DEMO-000494,2026-05-09,2026-09-20T12:00:00
PO-DEMO-000495,2026-05-10,2026-09-20T12:00:00
PO-DEMO-000496,2026-05-11,2026-09-20T12:00:00
PO-DEMO-000497,2026-05-12,2026-09-20T12:00:00
PO-DEMO-000498,2026-05-13,2026-09-20T12:00:00
PO-DEMO-000499,2026-05-14,2026-09-20T12:00:00
PO-DEMO-000500,2026-05-15,2026-09-20T12:00:00
PO-DEMO-000501,2026-05-16,2026-09-20T12:00:00
PO-DEMO-000502,2026-05-17,2026-09-20T12:00:00
PO-DEMO-000503,2026-05-18,2026-09-20T12:00:00
PO-DEMO-000504,2026-05-19,2026-09-20T12:00:00
PO-DEMO-000505,2026-05-20,2026-09-20T12:00:00
PO-DEMO-000506,2026-05-21,2026-09-20T12:00:00
PO-DEMO-000507,2026-05-22,2026-09-20T12:00:00
PO-DEMO-000508,2026-05-23,2026-09-20T12:00:00
PO-DEMO-000509,2026-05-24,2026-09-20T12:00:00
PO-DEMO-000510,2026-05-25,2026-09-20T12:00:00
PO-DEMO-000511,2026-05-26,2026-09-20T12:00:00
PO-DEMO-000512,2026-05-27,2026-09-20T12:00:00
PO-DEMO-000513,2026-05-28,2026-09-20T12:00:00
PO-DEMO-000514,2026-05-29,2026-09-20T12:00:00
PO-DEMO-000515,2026-05-30,2026-09-20T12:00:00
PO-DEMO-000516,2026-05-31,2026-09-20T12:00:00
PO-DEMO-000517,2026-06-01,2026-09-20T12:00:00
PO-DEMO-000518,2026-06-02,2026-09-20T12:00:00
PO-DEMO-000519,2026-06-03,2026-09-20T12:00:00
PO-DEMO-000520,2026-06-04,2026-09-20T12:00:00
PO-DEMO-000521,2026-06-05,2026-09-20T12:00:00
PO-DEMO-000522,2026-06-06,2026-09-20T12:00:00
PO-DEMO-000523,2026-06-07,2026-09-20T12:00:00
PO-DEMO-000524,2026-06-08,2026-09-20T12:00:00
PO-DEMO-000525,2026-06-09,2026-09-20T12:00:00
PO-DEMO-000526,2026-06-10,2026-09-20T12:00:00
PO-DEMO-000527,2026-06-11,2026-09-20T12:00:00
PO-DEMO-000528,2026-06-12,2026-09-20T12:00:00
PO-DEMO-000529,2026-06-13,2026-09-20T12:00:00
PO-DEMO-000530,2026-06-14,2026-09-20T12:00:00
PO-DEMO-000531,2026-06-15,2026-09-20T12:00:00
PO-DEMO-000532,2026-06-16,2026-09-20T12:00:00
PO-DEMO-000533,2026-06-17,2026-09-20T12:00:00
PO-DEMO-000534,2026-06-18,2026-09-20T12:00:00
PO-DEMO-000535,2026-06-19,2026-09-20T12:00:00
PO-DEMO-000536,2026-06-20,2026-09-20T12:00:00
PO-DEMO-000537,2026-06-21,2026-09-20T12:00:00
PO-DEMO-000538,2026-06-22,2026-09-20T12:00:00
PO-DEMO-000539,2026-06-23,2026-09-20T12:00:00
PO-DEMO-000540,2026-06-24,2026-09-20T12:00:00
PO-DEMO-000541,2026-06-25,2026-09-20T12:00:00
PO-DEMO-000542,2026-06-26,2026-09-20T12:00:00
PO-DEMO-000543,2026-06-27,2026-09-20T12:00:00
PO-DEMO-000544,2026-06-28,2026-09-20T12:00:00
PO-DEMO-000545,2026-06-29,2026-09-20T12:00:00
PO-DEMO-000546,2026-06-30,2026-09-20T12:00:00
PO-DEMO-000547,2026-07-01,2026-09-20T12:00:00
PO-DEMO-000548,2026-07-02,2026-09-20T12:00:00
PO-DEMO-000549,2026-07-03,2026-09-20T12:00:00
PO-DEMO-000550,2026-07-04,2026-09-20T12:00:00
PO-DEMO-000551,2026-07-05,2026-09-20T12:00:00
PO-DEMO-000552,2026-07-06,2026-09-20T12:00:00
PO-DEMO-000553,2026-07-07,2026-09-20T12:00:00
PO-DEMO-000554,2026-07-08,2026-09-20T12:00:00
PO-DEMO-000555,2026-07-09,2026-09-20T12:00:00
PO-DEMO-000556,2026-07-10,2026-09-20T12:00:00
PO-DEMO-000557,2026-07-11,2026-09-20T12:00:00
PO-DEMO-000558,2026-07-12,2026-09-20T12:00:00
PO-DEMO-000559,2026-07-13,2026-09-20T12:00:00
PO-DEMO-000560,2026-07-14,2026-09-20T12:00:00
PO-DEMO-000561,2026-07-15,2026-09-20T12:00:00
PO-DEMO-000562,2026-07-16,2026-09-20T12:00:00
PO-DEMO-000563,2026-07-17,2026-09-20T12:00:00
PO-DEMO-000564,2026-07-18,2026-09-20T12:00:00
PO-DEMO-000565,2026-07-19,2026-09-20T12:00:00
PO-DEMO-000566,2026-07-20,2026-09-20T12:00:00
PO-DEMO-000567,2026-07-21,2026-09-20T12:00:00
PO-DEMO-000568,2026-07-22,2026-09-20T12:00:00
PO-DEMO-000569,2026-07-23,2026-09-20T12:00:00
PO-DEMO-000570,2026-07-24,2026-09-20T12:00:00
PO-DEMO-000571,2026-07-25,2026-09-20T12:00:00
PO-DEMO-000572,2026-07-26,2026-09-20T12:00:00
PO-DEMO-000573,2026-07-27,2026-09-20T12:00:00
PO-DEMO-000574,2026-07-28,2026-09-20T12:00:00
PO-DEMO-000575,2026-07-29,2026-09-20T12:00:00
PO-DEMO-000576,2026-07-30,2026-09-20T12:00:00
PO-DEMO-000577,2026-07-31,2026-09-20T12:00:00
PO-DEMO-000578,2026-08-01,2026-09-20T12:00:00
PO-DEMO-000579,2026-08-02,2026-09-20T12:00:00
PO-DEMO-000580,2026-08-03,2026-09-20T12:00:00
PO-DEMO-000581,2026-08-04,2026-09-20T12:00:00
PO-DEMO-000582,2026-08-05,2026-09-20T12:00:00
PO-DEMO-000583,2026-08-06,2026-09-20T12:00:00
PO-DEMO-000584,2026-08-07,2026-09-20T12:00:00
PO-DEMO-000585,2026-08-08,2026-09-20T12:00:00
PO-DEMO-000586,2026-08-09,2026-09-20T12:00:00
PO-DEMO-000587,2026-08-10,2026-09-20T12:00:00
PO-DEMO-000588,2026-08-11,2026-09-20T12:00:00
PO-DEMO-000589,2026-08-12,2026-09-20T12:00:00
PO-DEMO-000590,2026-08-13,2026-09-20T12:00:00
PO-DEMO-000591,2026-08-14,2026-09-20T12:00:00
PO-DEMO-000592,2026-08-15,2026-09-20T12:00:00
PO-DEMO-000593,2026-08-16,2026-09-20T12:00:00
PO-DEMO-000594,2026-08-17,2026-09-20T12:00:00
PO-DEMO-000595,2026-08-18,2026-09-20T12:00:00
PO-DEMO-000596,2026-08-19,2026-09-20T12:00:00
PO-DEMO-000597,2026-08-20,2026-09-20T12:00:00
PO-DEMO-000598,2026-08-21,2026-09-20T12:00:00
PO-DEMO-000599,2026-08-22,2026-09-20T12:00:00
PO-DEMO-000600,2026-08-23,2026-09-20T12:00:00
PO-DEMO-000601,2026-08-24,2026-09-20T12:00:00
PO-DEMO-000602,2026-08-25,2026-09-20T12:00:00
PO-DEMO-000603,2026-08-26,2026-09-20T12:00:00
PO-DEMO-000604,2026-08-27,2026-09-20T12:00:00
PO-DEMO-000605,2026-08-28,2026-09-20T12:00:00
PO-DEMO-000606,2026-08-29,2026-09-20T12:00:00
PO-DEMO-000607,2026-08-30,2026-09-20T12:00:00
PO-DEMO-000608,2026-08-31,2026-09-20T12:00:00
PO-DEMO-000609,2026-09-01,2026-09-20T12:00:00
PO-DEMO-000610,2026-09-02,2026-09-20T12:00:00
PO-DEMO-000611,2026-09-03,2026-09-20T12:00:00
PO-DEMO-000612,2026-09-04,2026-09-20T12:00:00
PO-DEMO-000613,2026-09-05,2026-09-20T12:00:00
PO-DEMO-000614,2026-09-06,2026-09-20T12:00:00
PO-DEMO-000615,2026-09-07,2026-09-20T12:00:00
PO-DEMO-000616,2026-09-08,2026-09-20T12:00:00
PO-DEMO-000617,2026-09-09,2026-09-20T12:00:00
PO-DEMO-000618,2026-09-10,2026-09-20T12:00:00
PO-DEMO-000619,2026-09-11,2026-09-20T12:00:00
PO-DEMO-000620,2026-09-12,2026-09-20T12:00:00
PO-DEMO-000621,2026-09-13,2026-09-20T12:00:00
PO-DEMO-000622,2026-09-14,2026-09-20T12:00:00
PO-DEMO-000623,2026-09-15,2026-09-20T12:00:00
PO-DEMO-000624,2026-09-16,2026-09-20T12:00:00
PO-DEMO-000625,2026-09-17,2026-09-20T12:00:00
PO-DEMO-000626,2026-09-18,2026-09-20T12:00:00
PO-DEMO-000627,2026-09-19,2026-09-20T12:00:00
PO-DEMO-000628,2026-09-20,2026-09-20T12:00:00
PO-DEMO-000629,2026-09-21,2026-09-20T12:00:00
PO-DEMO-000630,2026-09-22,2026-09-20T12:00:00
PO-DEMO-000631,2026-09-23,2026-09-20T12:00:00
PO-DEMO-000632,2026-09-24,2026-09-20T12:00:00
PO-DEMO-000633,2026-09-25,2026-09-20T12:00:00
PO-DEMO-000634,2026-09-26,2026-09-20T12:00:00
PO-DEMO-000635,2026-09-27,2026-09-20T12:00:00
PO-DEMO-000636,2026-09-28,2026-09-20T12:00:00
PO-DEMO-000637,2026-09-29,2026-09-20T12:00:00
PO-DEMO-000638,2026-09-30,2026-09-20T12:00:00
PO-DEMO-000639,2026-10-01,2026-09-20T12:00:00
PO-DEMO-000640,2026-10-02,2026-09-20T12:00:00
PO-DEMO-000641,2026-10-03,2026-09-20T12:00:00
PO-DEMO-000642,2026-10-04,2026-09-20T12:00:00
PO-DEMO-000643,2026-10-05,2026-09-20T12:00:00
PO-DEMO-000644,2026-10-06,2026-09-20T12:00:00
PO-DEMO-000645,2026-10-07,2026-09-20T12:00:00
PO-DEMO-000646,2026-10-08,2026-09-20T12:00:00
PO-DEMO-000647,2026-10-09,2026-09-20T12:00:00
PO-DEMO-000648,2026-10-10,2026-09-20T12:00:00
PO-DEMO-000649,2026-10-11,2026-09-20T12:00:00
PO-DEMO-000650,2026-10-12,2026-09-20T12:00:00
PO-DEMO-000651,2026-10-13,2026-09-20T12:00:00
PO-DEMO-000652,2026-10-14,2026-09-20T12:00:00
PO-DEMO-000653,2026-10-15,2026-09-20T12:00:00
PO-DEMO-000654,2026-10-16,2026-09-20T12:00:00
PO-DEMO-000655,2026-10-17,2026-09-20T12:00:00
PO-DEMO-000656,2026-10-18,2026-09-20T12:00:00
PO-DEMO-000657,2026-10-19,2026-09-20T12:00:00
PO-DEMO-000658,2026-10-20,2026-09-20T12:00:00
PO-DEMO-000659,2026-10-21,2026-09-20T12:00:00
PO-DEMO-000660,2026-10-22,2026-09-20T12:00:00
PO-DEMO-000661,2026-10-23,2026-09-20T12:00:00
PO-DEMO-000662,2026-10-24,2026-09-20T12:00:00
PO-DEMO-000663,2026-10-25,2026-09-20T12:00:00
PO-DEMO-000664,2026-10-26,2026-09-20T12:00:00
PO-DEMO-000665,2026-10-27,2026-09-20T12:00:00
PO-DEMO-000666,2026-10-28,2026-09-20T12:00:00
PO-DEMO-000667,2026-10-29,2026-09-20T12:00:00
PO-DEMO-000668,2026-10-30,2026-09-20T12:00:00
PO-DEMO-000669,2026-10-31,2026-09-20T12:00:00
PO-DEMO-000670,2026-11-01,2026-09-20T12:00:00
PO-DEMO-000671,2026-11-02,2026-09-20T12:00:00
PO-DEMO-000672,2026-11-03,2026-09-20T12:00:00
PO-DEMO-000673,2026-11-04,2026-09-20T12:00:00
PO-DEMO-000674,2026-11-05,2026-09-20T12:00:00
PO-DEMO-000675,2026-11-06,2026-09-20T12:00:00
PO-DEMO-000676,2026-11-07,2026-09-20T12:00:00
PO-DEMO-000677,2026-11-08,2026-09-20T12:00:00
PO-DEMO-000678,2026-11-09,2026-09-20T12:00:00
PO-DEMO-000679,2026-11-10,2026-09-20T12:00:00
PO-DEMO-000680,2026-11-11,2026-09-20T12:00:00
PO-DEMO-000681,2026-11-12,2026-09-20T12:00:00
PO-DEMO-000682,2026-11-13,2026-09-20T12:00:00
PO-DEMO-000683,2026-11-14,2026-09-20T12:00:00
PO-DEMO-000684,2026-11-15,2026-09-20T12:00:00
PO-DEMO-000685,2026-11-16,2026-09-20T12:00:00
PO-DEMO-000686,2026-11-17,2026-09-20T12:00:00
PO-DEMO-000687,2026-11-18,2026-09-20T12:00:00
PO-DEMO-000688,2026-11-19,2026-09-20T12:00:00
PO-DEMO-000689,2026-11-20,2026-09-20T12:00:00
PO-DEMO-000690,2026-11-21,2026-09-20T12:00:00
PO-DEMO-000691,2026-11-22,2026-09-20T12:00:00
PO-DEMO-000692,2026-11-23,2026-09-20T12:00:00
PO-DEMO-000693,2026-11-24,2026-09-20T12:00:00
PO-DEMO-000694,2026-11-25,2026-09-20T12:00:00
PO-DEMO-000695,2026-11-26,2026-09-20T12:00:00
PO-DEMO-000696,2026-11-27,2026-09-20T12:00:00
PO-DEMO-000697,2026-11-28,2026-09-20T12:00:00
PO-DEMO-000698,2026-11-29,2026-09-20T12:00:00
PO-DEMO-000699,2026-11-30,2026-09-20T12:00:00
PO-DEMO-000700,2026-12-01,2026-09-20T12:00:00
PO-DEMO-000701,2026-12-02,2026-09-20T12:00:00
PO-DEMO-000702,2026-12-03,2026-09-20T12:00:00
PO-DEMO-000703,2026-12-04,2026-09-20T12:00:00
PO-DEMO-000704,2026-12-05,2026-09-20T12:00:00
PO-DEMO-000705,2026-12-06,2026-09-20T12:00:00
PO-DEMO-000706,2026-12-07,2026-09-20T12:00:00
PO-DEMO-000707,2026-12-08,2026-09-20T12:00:00
PO-DEMO-000708,2026-12-09,2026-09-20T12:00:00
PO-DEMO-000709,2026-12-10,2026-09-20T12:00:00
PO-DEMO-000710,2026-12-11,2026-09-20T12:00:00
PO-DEMO-000711,2026-12-12,2026-09-20T12:00:00
PO-DEMO-000712,2026-12-13,2026-09-20T12:00:00
PO-DEMO-000713,2026-12-14,2026-09-20T12:00:00
PO-DEMO-000714,2026-12-15,2026-09-20T12:00:00
PO-DEMO-000715,2026-12-16,2026-09-20T12:00:00
PO-DEMO-000716,2026-12-17,2026-09-20T12:00:00
PO-DEMO-000717,2026-12-18,2026-09-20T12:00:00
PO-DEMO-000718,2026-12-19,2026-09-20T12:00:00
PO-DEMO-000719,2026-12-20,2026-09-20T12:00:00
PO-DEMO-000720,2026-12-21,2026-09-20T12:00:00
PO-DEMO-000721,2026-12-22,2026-09-20T12:00:00
PO-DEMO-000722,2026-12-23,2026-09-20T12:00:00
PO-DEMO-000723,2026-12-24,2026-09-20T12:00:00
PO-DEMO-000724,2026-12-25,2026-09-20T12:00:00
PO-DEMO-000725,2026-12-26,2026-09-20T12:00:00
PO-DEMO-000726,2026-12-27,2026-09-20T12:00:00
PO-DEMO-000727,2026-12-28,2026-09-20T12:00:00
PO-DEMO-000728,2026-12-29,2026-09-20T12:00:00
PO-DEMO-000729,2026-12-30,2026-09-20T12:00:00
PO-DEMO-000730,2026-12-31,2026-09-20T12:00:00
PO-DEMO-000731,2026-01-01,2026-09-20T12:00:00
PO-DEMO-000732,2026-01-02,2026-09-20T12:00:00
PO-DEMO-000733,2026-01-03,2026-09-20T12:00:00
PO-DEMO-000734,2026-01-04,2026-09-20T12:00:00
PO-DEMO-000735,2026-01-05,2026-09-20T12:00:00
PO-DEMO-000736,2026-01-06,2026-09-20T12:00:00
PO-DEMO-000737,2026-01-07,2026-09-20T12:00:00
PO-DEMO-000738,2026-01-08,2026-09-20T12:00:00
PO-DEMO-000739,2026-01-09,2026-09-20T12:00:00
PO-DEMO-000740,2026-01-10,2026-09-20T12:00:00
PO-DEMO-000741,2026-01-11,2026-09-20T12:00:00
PO-DEMO-000742,2026-01-12,2026-09-20T12:00:00
PO-DEMO-000743,2026-01-13,2026-09-20T12:00:00
PO-DEMO-000744,2026-01-14,2026-09-20T12:00:00
PO-DEMO-000745,2026-01-15,2026-09-20T12:00:00
PO-DEMO-000746,2026-01-16,2026-09-20T12:00:00
PO-DEMO-000747,2026-01-17,2026-09-20T12:00:00
PO-DEMO-000748,2026-01-18,2026-09-20T12:00:00
PO-DEMO-000749,2026-01-19,2026-09-20T12:00:00
PO-DEMO-000750,2026-01-20,2026-09-20T12:00:00
PO-DEMO-000751,2026-01-21,2026-09-20T12:00:00
PO-DEMO-000752,2026-01-22,2026-09-20T12:00:00
PO-DEMO-000753,2026-01-23,2026-09-20T12:00:00
PO-DEMO-000754,2026-01-24,2026-09-20T12:00:00
PO-DEMO-000755,2026-01-25,2026-09-20T12:00:00
PO-DEMO-000756,2026-01-26,2026-09-20T12:00:00
PO-DEMO-000757,2026-01-27,2026-09-20T12:00:00
PO-DEMO-000758,2026-01-28,2026-09-20T12:00:00
PO-DEMO-000759,2026-01-29,2026-09-20T12:00:00
PO-DEMO-000760,2026-01-30,2026-09-20T12:00:00
PO-DEMO-000761,2026-01-31,2026-09-20T12:00:00
PO-DEMO-000762,2026-02-01,2026-09-20T12:00:00
PO-DEMO-000763,2026-02-02,2026-09-20T12:00:00
PO-DEMO-000764,2026-02-03,2026-09-20T12:00:00
PO-DEMO-000765,2026-02-04,2026-09-20T12:00:00
PO-DEMO-000766,2026-02-05,2026-09-20T12:00:00
PO-DEMO-000767,2026-02-06,2026-09-20T12:00:00
PO-DEMO-000768,2026-02-07,2026-09-20T12:00:00
PO-DEMO-000769,2026-02-08,2026-09-20T12:00:00
PO-DEMO-000770,2026-02-09,2026-09-20T12:00:00
PO-DEMO-000771,2026-02-10,2026-09-20T12:00:00
PO-DEMO-000772,2026-02-11,2026-09-20T12:00:00
PO-DEMO-000773,2026-02-12,2026-09-20T12:00:00
PO-DEMO-000774,2026-02-13,2026-09-20T12:00:00
PO-DEMO-000775,2026-02-14,2026-09-20T12:00:00
PO-DEMO-000776,2026-02-15,2026-09-20T12:00:00
PO-DEMO-000777,2026-02-16,2026-09-20T12:00:00
PO-DEMO-000778,2026-02-17,2026-09-20T12:00:00
PO-DEMO-000779,2026-02-18,2026-09-20T12:00:00
PO-DEMO-000780,2026-02-19,2026-09-20T12:00:00
PO-DEMO-000781,2026-02-20,2026-09-20T12:00:00
PO-DEMO-000782,2026-02-21,2026-09-20T12:00:00
PO-DEMO-000783,2026-02-22,2026-09-20T12:00:00
PO-DEMO-000784,2026-02-23,2026-09-20T12:00:00
PO-DEMO-000785,2026-02-24,2026-09-20T12:00:00
PO-DEMO-000786,2026-02-25,2026-09-20T12:00:00
PO-DEMO-000787,2026-02-26,2026-09-20T12:00:00
PO-DEMO-000788,2026-02-27,2026-09-20T12:00:00
PO-DEMO-000789,2026-02-28,2026-09-20T12:00:00
PO-DEMO-000790,2026-03-01,2026-09-20T12:00:00
PO-DEMO-000791,2026-03-02,2026-09-20T12:00:00
PO-DEMO-000792,2026-03-03,2026-09-20T12:00:00
PO-DEMO-000793,2026-03-04,2026-09-20T12:00:00
PO-DEMO-000794,2026-03-05,2026-09-20T12:00:00
PO-DEMO-000795,2026-03-06,2026-09-20T12:00:00
PO-DEMO-000796,2026-03-07,2026-09-20T12:00:00
PO-DEMO-000797,2026-03-08,2026-09-20T12:00:00
PO-DEMO-000798,2026-03-09,2026-09-20T12:00:00
PO-DEMO-000799,2026-03-10,2026-09-20T12:00:00
PO-DEMO-000800,2026-03-11,2026-09-20T12:00:00
PO-DEMO-000801,2026-03-12,2026-09-20T12:00:00
PO-DEMO-000802,2026-03-13,2026-09-20T12:00:00
PO-DEMO-000803,2026-03-14,2026-09-20T12:00:00
PO-DEMO-000804,2026-03-15,2026-09-20T12:00:00
PO-DEMO-000805,2026-03-16,2026-09-20T12:00:00
PO-DEMO-000806,2026-03-17,2026-09-20T12:00:00
PO-DEMO-000807,2026-03-18,2026-09-20T12:00:00
PO-DEMO-000808,2026-03-19,2026-09-20T12:00:00
PO-DEMO-000809,2026-03-20,2026-09-20T12:00:00
PO-DEMO-000810,2026-03-21,2026-09-20T12:00:00
PO-DEMO-000811,2026-03-22,2026-09-20T12:00:00
PO-DEMO-000812,2026-03-23,2026-09-20T12:00:00
PO-DEMO-000813,2026-03-24,2026-09-20T12:00:00
PO-DEMO-000814,2026-03-25,2026-09-20T12:00:00
PO-DEMO-000815,2026-03-26,2026-09-20T12:00:00
PO-DEMO-000816,2026-03-27,2026-09-20T12:00:00
PO-DEMO-000817,2026-03-28,2026-09-20T12:00:00
PO-DEMO-000818,2026-03-29,2026-09-20T12:00:00
PO-DEMO-000819,2026-03-30,2026-09-20T12:00:00
PO-DEMO-000820,2026-03-31,2026-09-20T12:00:00
PO-DEMO-000821,2026-04-01,2026-09-20T12:00:00
PO-DEMO-000822,2026-04-02,2026-09-20T12:00:00
PO-DEMO-000823,2026-04-03,2026-09-20T12:00:00
PO-DEMO-000824,2026-04-04,2026-09-20T12:00:00
PO-DEMO-000825,2026-04-05,2026-09-20T12:00:00
PO-DEMO-000826,2026-04-06,2026-09-20T12:00:00
PO-DEMO-000827,2026-04-07,2026-09-20T12:00:00
PO-DEMO-000828,2026-04-08,2026-09-20T12:00:00
PO-DEMO-000829,2026-04-09,2026-09-20T12:00:00
PO-DEMO-000830,2026-04-10,2026-09-20T12:00:00
PO-DEMO-000831,2026-04-11,2026-09-20T12:00:00
PO-DEMO-000832,2026-04-12,2026-09-20T12:00:00
PO-DEMO-000833,2026-04-13,2026-09-20T12:00:00
PO-DEMO-000834,2026-04-14,2026-09-20T12:00:00
PO-DEMO-000835,2026-04-15,2026-09-20T12:00:00
PO-DEMO-000836,2026-04-16,2026-09-20T12:00:00
PO-DEMO-000837,2026-04-17,2026-09-20T12:00:00
PO-DEMO-000838,2026-04-18,2026-09-20T12:00:00
PO-DEMO-000839,2026-04-19,2026-09-20T12:00:00
PO-DEMO-000840,2026-04-20,2026-09-20T12:00:00
PO-DEMO-000841,2026-04-21,2026-09-20T12:00:00
PO-DEMO-000842,2026-04-22,2026-09-20T12:00:00
PO-DEMO-000843,2026-04-23,2026-09-20T12:00:00
PO-DEMO-000844,2026-04-24,2026-09-20T12:00:00
PO-DEMO-000845,2026-04-25,2026-09-20T12:00:00
PO-DEMO-000846,2026-04-26,2026-09-20T12:00:00
PO-DEMO-000847,2026-04-27,2026-09-20T12:00:00
PO-DEMO-000848,2026-04-28,2026-09-20T12:00:00
PO-DEMO-000849,2026-04-29,2026-09-20T12:00:00
PO-DEMO-000850,2026-04-30,2026-09-20T12:00:00
PO-DEMO-000851,2026-05-01,2026-09-20T12:00:00
PO-DEMO-000852,2026-05-02,2026-09-20T12:00:00
PO-DEMO-000853,2026-05-03,2026-09-20T12:00:00
PO-DEMO-000854,2026-05-04,2026-09-20T12:00:00
PO-DEMO-000855,2026-05-05,2026-09-20T12:00:00
PO-DEMO-000856,2026-05-06,2026-09-20T12:00:00
PO-DEMO-000857,2026-05-07,2026-09-20T12:00:00
PO-DEMO-000858,2026-05-08,2026-09-20T12:00:00
PO-DEMO-000859,2026-05-09,2026-09-20T12:00:00
PO-DEMO-000860,2026-05-10,2026-09-20T12:00:00
PO-DEMO-000861,2026-05-11,2026-09-20T12:00:00
PO-DEMO-000862,2026-05-12,2026-09-20T12:00:00
PO-DEMO-000863,2026-05-13,2026-09-20T12:00:00
PO-DEMO-000864,2026-05-14,2026-09-20T12:00:00
PO-DEMO-000865,2026-05-15,2026-09-20T12:00:00
PO-DEMO-000866,2026-05-16,2026-09-20T12:00:00
PO-DEMO-000867,2026-05-17,2026-09-20T12:00:00
PO-DEMO-000868,2026-05-18,2026-09-20T12:00:00
PO-DEMO-000869,2026-05-19,2026-09-20T12:00:00
PO-DEMO-000870,2026-05-20,2026-09-20T12:00:00
PO-DEMO-000871,2026-05-21,2026-09-20T12:00:00
PO-DEMO-000872,2026-05-22,2026-09-20T12:00:00
PO-DEMO-000873,2026-05-23,2026-09-20T12:00:00
PO-DEMO-000874,2026-05-24,2026-09-20T12:00:00
PO-DEMO-000875,2026-05-25,2026-09-20T12:00:00
PO-DEMO-000876,2026-05-26,2026-09-20T12:00:00
PO-DEMO-000877,2026-05-27,2026-09-20T12:00:00
PO-DEMO-000878,2026-05-28,2026-09-20T12:00:00
PO-DEMO-000879,2026-05-29,2026-09-20T12:00:00
PO-DEMO-000880,2026-05-30,2026-09-20T12:00:00
PO-DEMO-000881,2026-05-31,2026-09-20T12:00:00
PO-DEMO-000882,2026-06-01,2026-09-20T12:00:00
PO-DEMO-000883,2026-06-02,2026-09-20T12:00:00
PO-DEMO-000884,2026-06-03,2026-09-20T12:00:00
PO-DEMO-000885,2026-06-04,2026-09-20T12:00:00
PO-DEMO-000886,2026-06-05,2026-09-20T12:00:00
PO-DEMO-000887,2026-06-06,2026-09-20T12:00:00
PO-DEMO-000888,2026-06-07,2026-09-20T12:00:00
PO-DEMO-000889,2026-06-08,2026-09-20T12:00:00
PO-DEMO-000890,2026-06-09,2026-09-20T12:00:00
PO-DEMO-000891,2026-06-10,2026-09-20T12:00:00
PO-DEMO-000892,2026-06-11,2026-09-20T12:00:00
PO-DEMO-000893,2026-06-12,2026-09-20T12:00:00
PO-DEMO-000894,2026-06-13,2026-09-20T12:00:00
PO-DEMO-000895,2026-06-14,2026-09-20T12:00:00
PO-DEMO-000896,2026-06-15,2026-09-20T12:00:00
PO-DEMO-000897,2026-06-16,2026-09-20T12:00:00
PO-DEMO-000898,2026-06-17,2026-09-20T12:00:00
PO-DEMO-000899,2026-06-18,2026-09-20T12:00:00
PO-DEMO-000900,2026-06-19,2026-09-20T12:00:00
PO-DEMO-000901,2026-06-20,2026-09-20T12:00:00
PO-DEMO-000902,2026-06-21,2026-09-20T12:00:00
PO-DEMO-000903,2026-06-22,2026-09-20T12:00:00
PO-DEMO-000904,2026-06-23,2026-09-20T12:00:00
PO-DEMO-000905,2026-06-24,2026-09-20T12:00:00
PO-DEMO-000906,2026-06-25,2026-09-20T12:00:00
PO-DEMO-000907,2026-06-26,2026-09-20T12:00:00
PO-DEMO-000908,2026-06-27,2026-09-20T12:00:00
PO-DEMO-000909,2026-06-28,2026-09-20T12:00:00
PO-DEMO-000910,2026-06-29,2026-09-20T12:00:00
PO-DEMO-000911,2026-06-30,2026-09-20T12:00:00
PO-DEMO-000912,2026-07-01,2026-09-20T12:00:00
PO-DEMO-000913,2026-07-02,2026-09-20T12:00:00
PO-DEMO-000914,2026-07-03,2026-09-20T12:00:00
PO-DEMO-000915,2026-07-04,2026-09-20T12:00:00
PO-DEMO-000916,2026-07-05,2026-09-20T12:00:00
PO-DEMO-000917,2026-07-06,2026-09-20T12:00:00
PO-DEMO-000918,2026-07-07,2026-09-20T12:00:00
PO-DEMO-000919,2026-07-08,2026-09-20T12:00:00
PO-DEMO-000920,2026-07-09,2026-09-20T12:00:00
PO-DEMO-000921,2026-07-10,2026-09-20T12:00:00
PO-DEMO-000922,2026-07-11,2026-09-20T12:00:00
PO-DEMO-000923,2026-07-12,2026-09-20T12:00:00
PO-DEMO-000924,2026-07-13,2026-09-20T12:00:00
PO-DEMO-000925,2026-07-14,2026-09-20T12:00:00
PO-DEMO-000926,2026-07-15,2026-09-20T12:00:00
PO-DEMO-000927,2026-07-16,2026-09-20T12:00:00
PO-DEMO-000928,2026-07-17,2026-09-20T12:00:00
PO-DEMO-000929,2026-07-18,2026-09-20T12:00:00
PO-DEMO-000930,2026-07-19,2026-09-20T12:00:00
PO-DEMO-000931,2026-07-20,2026-09-20T12:00:00
PO-DEMO-000932,2026-07-21,2026-09-20T12:00:00
PO-DEMO-000933,2026-07-22,2026-09-20T12:00:00
PO-DEMO-000934,2026-07-23,2026-09-20T12:00:00
PO-DEMO-000935,2026-07-24,2026-09-20T12:00:00
PO-DEMO-000936,2026-07-25,2026-09-20T12:00:00
PO-DEMO-000937,2026-07-26,2026-09-20T12:00:00
PO-DEMO-000938,2026-07-27,2026-09-20T12:00:00
PO-DEMO-000939,2026-07-28,2026-09-20T12:00:00
PO-DEMO-000940,2026-07-29,2026-09-20T12:00:00
PO-DEMO-000941,2026-07-30,2026-09-20T12:00:00
PO-DEMO-000942,2026-07-31,2026-09-20T12:00:00
PO-DEMO-000943,2026-08-01,2026-09-20T12:00:00
PO-DEMO-000944,2026-08-02,2026-09-20T12:00:00
PO-DEMO-000945,2026-08-03,2026-09-20T12:00:00
PO-DEMO-000946,2026-08-04,2026-09-20T12:00:00
PO-DEMO-000947,2026-08-05,2026-09-20T12:00:00
PO-DEMO-000948,2026-08-06,2026-09-20T12:00:00
PO-DEMO-000949,2026-08-07,2026-09-20T12:00:00
PO-DEMO-000950,2026-08-08,2026-09-20T12:00:00
PO-DEMO-000951,2026-08-09,2026-09-20T12:00:00
PO-DEMO-000952,2026-08-10,2026-09-20T12:00:00
PO-DEMO-000953,2026-08-11,2026-09-20T12:00:00
PO-DEMO-000954,2026-08-12,2026-09-20T12:00:00
PO-DEMO-000955,2026-08-13,2026-09-20T12:00:00
PO-DEMO-000956,2026-08-14,2026-09-20T12:00:00
PO-DEMO-000957,2026-08-15,2026-09-20T12:00:00
PO-DEMO-000958,2026-08-16,2026-09-20T12:00:00
PO-DEMO-000959,2026-08-17,2026-09-20T12:00:00
PO-DEMO-000960,2026-08-18,2026-09-20T12:00:00
PO-DEMO-000961,2026-08-19,2026-09-20T12:00:00
PO-DEMO-000962,2026-08-20,2026-09-20T12:00:00
PO-DEMO-000963,2026-08-21,2026-09-20T12:00:00
PO-DEMO-000964,2026-08-22,2026-09-20T12:00:00
PO-DEMO-000965,2026-08-23,2026-09-20T12:00:00
PO-DEMO-000966,2026-08-24,2026-09-20T12:00:00
PO-DEMO-000967,2026-08-25,2026-09-20T12:00:00
PO-DEMO-000968,2026-08-26,2026-09-20T12:00:00
PO-DEMO-000969,2026-08-27,2026-09-20T12:00:00
PO-DEMO-000970,2026-08-28,2026-09-20T12:00:00
PO-DEMO-000971,2026-08-29,2026-09-20T12:00:00
PO-DEMO-000972,2026-08-30,2026-09-20T12:00:00
PO-DEMO-000973,2026-08-31,2026-09-20T12:00:00
PO-DEMO-000974,2026-09-01,2026-09-20T12:00:00
PO-DEMO-000975,2026-09-02,2026-09-20T12:00:00
PO-DEMO-000976,2026-09-03,2026-09-20T12:00:00
PO-DEMO-000977,2026-09-04,2026-09-20T12:00:00
PO-DEMO-000978,2026-09-05,2026-09-20T12:00:00
PO-DEMO-000979,2026-09-06,2026-09-20T12:00:00
PO-DEMO-000980,2026-09-07,2026-09-20T12:00:00
PO-DEMO-000981,2026-09-08,2026-09-20T12:00:00
PO-DEMO-000982,2026-09-09,2026-09-20T12:00:00
PO-DEMO-000983,2026-09-10,2026-09-20T12:00:00
PO-DEMO-000984,2026-09-11,2026-09-20T12:00:00
PO-DEMO-000985,2026-09-12,2026-09-20T12:00:00
PO-DEMO-000986,2026-09-13,2026-09-20T12:00:00
PO-DEMO-000987,2026-09-14,2026-09-20T12:00:00
PO-DEMO-000988,2026-09-15,2026-09-20T12:00:00
PO-DEMO-000989,2026-09-16,2026-09-20T12:00:00
PO-DEMO-000990,2026-09-17,2026-09-20T12:00:00
PO-DEMO-000991,2026-09-18,2026-09-20T12:00:00
PO-DEMO-000992,2026-09-19,2026-09-20T12:00:00
PO-DEMO-000993,2026-09-20,2026-09-20T12:00:00
PO-DEMO-000994,2026-09-21,2026-09-20T12:00:00
PO-DEMO-000995,2026-09-22,2026-09-20T12:00:00
PO-DEMO-000996,2026-09-23,2026-09-20T12:00:00
PO-DEMO-000997,2026-09-24,2026-09-20T12:00:00
PO-DEMO-000998,2026-09-25,2026-09-20T12:00:00
PO-DEMO-000999,2026-09-26,2026-09-20T12:00:00
PO-DEMO-001000,2026-09-27,2026-09-20T12:00:00
PO-DEMO-001001,2026-09-28,2026-09-20T12:00:00
PO-DEMO-001002,2026-09-29,2026-09-20T12:00:00
PO-DEMO-001003,2026-09-30,2026-09-20T12:00:00
PO-DEMO-001004,2026-10-01,2026-09-20T12:00:00
PO-DEMO-001005,2026-10-02,2026-09-20T12:00:00
PO-DEMO-001006,2026-10-03,2026-09-20T12:00:00
PO-DEMO-001007,2026-10-04,2026-09-20T12:00:00
PO-DEMO-001008,2026-10-05,2026-09-20T12:00:00
PO-DEMO-001009,2026-10-06,2026-09-20T12:00:00
PO-DEMO-001010,2026-10-07,2026-09-20T12:00:00
PO-DEMO-001011,2026-10-08,2026-09-20T12:00:00
PO-DEMO-001012,2026-10-09,2026-09-20T12:00:00
PO-DEMO-001013,2026-10-10,2026-09-20T12:00:00
PO-DEMO-001014,2026-10-11,2026-09-20T12:00:00
PO-DEMO-001015,2026-10-12,2026-09-20T12:00:00
PO-DEMO-001016,2026-10-13,2026-09-20T12:00:00
PO-DEMO-001017,2026-10-14,2026-09-20T12:00:00
PO-DEMO-001018,2026-10-15,2026-09-20T12:00:00
PO-DEMO-001019,2026-10-16,2026-09-20T12:00:00
PO-DEMO-001020,2026-10-17,2026-09-20T12:00:00
PO-DEMO-001021,2026-10-18,2026-09-20T12:00:00
PO-DEMO-001022,2026-10-19,2026-09-20T12:00:00
PO-DEMO-001023,2026-10-20,2026-09-20T12:00:00
PO-DEMO-001024,2026-10-21,2026-09-20T12:00:00
PO-DEMO-001025,2026-10-22,2026-09-20T12:00:00
PO-DEMO-001026,2026-10-23,2026-09-20T12:00:00
PO-DEMO-001027,2026-10-24,2026-09-20T12:00:00
PO-DEMO-001028,2026-10-25,2026-09-20T12:00:00
PO-DEMO-001029,2026-10-26,2026-09-20T12:00:00
PO-DEMO-001030,2026-10-27,2026-09-20T12:00:00
PO-DEMO-001031,2026-10-28,2026-09-20T12:00:00
PO-DEMO-001032,2026-10-29,2026-09-20T12:00:00
PO-DEMO-001033,2026-10-30,2026-09-20T12:00:00
PO-DEMO-001034,2026-10-31,2026-09-20T12:00:00
PO-DEMO-001035,2026-11-01,2026-09-20T12:00:00
PO-DEMO-001036,2026-11-02,2026-09-20T12:00:00
PO-DEMO-001037,2026-11-03,2026-09-20T12:00:00
PO-DEMO-001038,2026-11-04,2026-09-20T12:00:00
PO-DEMO-001039,2026-11-05,2026-09-20T12:00:00
PO-DEMO-001040,2026-11-06,2026-09-20T12:00:00
PO-DEMO-001041,2026-11-07,2026-09-20T12:00:00
PO-DEMO-001042,2026-11-08,2026-09-20T12:00:00
PO-DEMO-001043,2026-11-09,2026-09-20T12:00:00
PO-DEMO-001044,2026-11-10,2026-09-20T12:00:00
PO-DEMO-001045,2026-11-11,2026-09-20T12:00:00
PO-DEMO-001046,2026-11-12,2026-09-20T12:00:00
PO-DEMO-001047,2026-11-13,2026-09-20T12:00:00
PO-DEMO-001048,2026-11-14,2026-09-20T12:00:00
PO-DEMO-001049,2026-11-15,2026-09-20T12:00:00
PO-DEMO-001050,2026-11-16,2026-09-20T12:00:00
PO-DEMO-001051,2026-11-17,2026-09-20T12:00:00
PO-DEMO-001052,2026-11-18,2026-09-20T12:00:00
PO-DEMO-001053,2026-11-19,2026-09-20T12:00:00
PO-DEMO-001054,2026-11-20,2026-09-20T12:00:00
PO-DEMO-001055,2026-11-21,2026-09-20T12:00:00
PO-DEMO-001056,2026-11-22,2026-09-20T12:00:00
PO-DEMO-001057,2026-11-23,2026-09-20T12:00:00
PO-DEMO-001058,2026-11-24,2026-09-20T12:00:00
PO-DEMO-001059,2026-11-25,2026-09-20T12:00:00
PO-DEMO-001060,2026-11-26,2026-09-20T12:00:00
PO-DEMO-001061,2026-11-27,2026-09-20T12:00:00
PO-DEMO-001062,2026-11-28,2026-09-20T12:00:00
PO-DEMO-001063,2026-11-29,2026-09-20T12:00:00
PO-DEMO-001064,2026-11-30,2026-09-20T12:00:00
PO-DEMO-001065,2026-12-01,2026-09-20T12:00:00
PO-DEMO-001066,2026-12-02,2026-09-20T12:00:00
PO-DEMO-001067,2026-12-03,2026-09-20T12:00:00
PO-DEMO-001068,2026-12-04,2026-09-20T12:00:00
PO-DEMO-001069,2026-12-05,2026-09-20T12:00:00
PO-DEMO-001070,2026-12-06,2026-09-20T12:00:00
PO-DEMO-001071,2026-12-07,2026-09-20T12:00:00
PO-DEMO-001072,2026-12-08,2026-09-20T12:00:00
PO-DEMO-001073,2026-12-09,2026-09-20T12:00:00
PO-DEMO-001074,2026-12-10,2026-09-20T12:00:00
PO-DEMO-001075,2026-12-11,2026-09-20T12:00:00
PO-DEMO-001076,2026-12-12,2026-09-20T12:00:00
PO-DEMO-001077,2026-12-13,2026-09-20T12:00:00
PO-DEMO-001078,2026-12-14,2026-09-20T12:00:00
PO-DEMO-001079,2026-12-15,2026-09-20T12:00:00
PO-DEMO-001080,2026-12-16,2026-09-20T12:00:00
PO-DEMO-001081,2026-12-17,2026-09-20T12:00:00
PO-DEMO-001082,2026-12-18,2026-09-20T12:00:00
PO-DEMO-001083,2026-12-19,2026-09-20T12:00:00
PO-DEMO-001084,2026-12-20,2026-09-20T12:00:00
PO-DEMO-001085,2026-12-21,2026-09-20T12:00:00
PO-DEMO-001086,2026-12-22,2026-09-20T12:00:00
PO-DEMO-001087,2026-12-23,2026-09-20T12:00:00
PO-DEMO-001088,2026-12-24,2026-09-20T12:00:00
PO-DEMO-001089,2026-12-25,2026-09-20T12:00:00
PO-DEMO-001090,2026-12-26,2026-09-20T12:00:00
PO-DEMO-001091,2026-12-27,2026-09-20T12:00:00
PO-DEMO-001092,2026-12-28,2026-09-20T12:00:00
PO-DEMO-001093,2026-12-29,2026-09-20T12:00:00
PO-DEMO-001094,2026-12-30,2026-09-20T12:00:00
PO-DEMO-001095,2026-12-31,2026-09-20T12:00:00
PO-DEMO-001096,2026-01-01,2026-09-20T12:00:00
PO-DEMO-001097,2026-01-02,2026-09-20T12:00:00
PO-DEMO-001098,2026-01-03,2026-09-20T12:00:00
PO-DEMO-001099,2026-01-04,2026-09-20T12:00:00
PO-DEMO-001100,2026-01-05,2026-09-20T12:00:00
PO-DEMO-001101,2026-01-06,2026-09-20T12:00:00
PO-DEMO-001102,2026-01-07,2026-09-20T12:00:00
PO-DEMO-001103,2026-01-08,2026-09-20T12:00:00
PO-DEMO-001104,2026-01-09,2026-09-20T12:00:00
PO-DEMO-001105,2026-01-10,2026-09-20T12:00:00
PO-DEMO-001106,2026-01-11,2026-09-20T12:00:00
PO-DEMO-001107,2026-01-12,2026-09-20T12:00:00
PO-DEMO-001108,2026-01-13,2026-09-20T12:00:00
PO-DEMO-001109,2026-01-14,2026-09-20T12:00:00
PO-DEMO-001110,2026-01-15,2026-09-20T12:00:00
PO-DEMO-001111,2026-01-16,2026-09-20T12:00:00
PO-DEMO-001112,2026-01-17,2026-09-20T12:00:00
PO-DEMO-001113,2026-01-18,2026-09-20T12:00:00
PO-DEMO-001114,2026-01-19,2026-09-20T12:00:00
PO-DEMO-001115,2026-01-20,2026-09-20T12:00:00
PO-DEMO-001116,2026-01-21,2026-09-20T12:00:00
PO-DEMO-001117,2026-01-22,2026-09-20T12:00:00
PO-DEMO-001118,2026-01-23,2026-09-20T12:00:00
PO-DEMO-001119,2026-01-24,2026-09-20T12:00:00
PO-DEMO-001120,2026-01-25,2026-09-20T12:00:00
PO-DEMO-001121,2026-01-26,2026-09-20T12:00:00
PO-DEMO-001122,2026-01-27,2026-09-20T12:00:00
PO-DEMO-001123,2026-01-28,2026-09-20T12:00:00
PO-DEMO-001124,2026-01-29,2026-09-20T12:00:00
PO-DEMO-001125,2026-01-30,2026-09-20T12:00:00
PO-DEMO-001126,2026-01-31,2026-09-20T12:00:00
PO-DEMO-001127,2026-02-01,2026-09-20T12:00:00
PO-DEMO-001128,2026-02-02,2026-09-20T12:00:00
PO-DEMO-001129,2026-02-03,2026-09-20T12:00:00
PO-DEMO-001130,2026-02-04,2026-09-20T12:00:00
PO-DEMO-001131,2026-02-05,2026-09-20T12:00:00
PO-DEMO-001132,2026-02-06,2026-09-20T12:00:00
PO-DEMO-001133,2026-02-07,2026-09-20T12:00:00
PO-DEMO-001134,2026-02-08,2026-09-20T12:00:00
PO-DEMO-001135,2026-02-09,2026-09-20T12:00:00
PO-DEMO-001136,2026-02-10,2026-09-20T12:00:00
PO-DEMO-001137,2026-02-11,2026-09-20T12:00:00
PO-DEMO-001138,2026-02-12,2026-09-20T12:00:00
PO-DEMO-001139,2026-02-13,2026-09-20T12:00:00
PO-DEMO-001140,2026-02-14,2026-09-20T12:00:00
PO-DEMO-001141,2026-02-15,2026-09-20T12:00:00
PO-DEMO-001142,2026-02-16,2026-09-20T12:00:00
PO-DEMO-001143,2026-02-17,2026-09-20T12:00:00
PO-DEMO-001144,2026-02-18,2026-09-20T12:00:00
PO-DEMO-001145,2026-02-19,2026-09-20T12:00:00
PO-DEMO-001146,2026-02-20,2026-09-20T12:00:00
PO-DEMO-001147,2026-02-21,2026-09-20T12:00:00
PO-DEMO-001148,2026-02-22,2026-09-20T12:00:00
PO-DEMO-001149,2026-02-23,2026-09-20T12:00:00
PO-DEMO-001150,2026-02-24,2026-09-20T12:00:00
PO-DEMO-001151,2026-02-25,2026-09-20T12:00:00
PO-DEMO-001152,2026-02-26,2026-09-20T12:00:00
PO-DEMO-001153,2026-02-27,2026-09-20T12:00:00
PO-DEMO-001154,2026-02-28,2026-09-20T12:00:00
PO-DEMO-001155,2026-03-01,2026-09-20T12:00:00
PO-DEMO-001156,2026-03-02,2026-09-20T12:00:00
PO-DEMO-001157,2026-03-03,2026-09-20T12:00:00
PO-DEMO-001158,2026-03-04,2026-09-20T12:00:00
PO-DEMO-001159,2026-03-05,2026-09-20T12:00:00
PO-DEMO-001160,2026-03-06,2026-09-20T12:00:00
PO-DEMO-001161,2026-03-07,2026-09-20T12:00:00
PO-DEMO-001162,2026-03-08,2026-09-20T12:00:00
PO-DEMO-001163,2026-03-09,2026-09-20T12:00:00
PO-DEMO-001164,2026-03-10,2026-09-20T12:00:00
PO-DEMO-001165,2026-03-11,2026-09-20T12:00:00
PO-DEMO-001166,2026-03-12,2026-09-20T12:00:00
PO-DEMO-001167,2026-03-13,2026-09-20T12:00:00
PO-DEMO-001168,2026-03-14,2026-09-20T12:00:00
PO-DEMO-001169,2026-03-15,2026-09-20T12:00:00
PO-DEMO-001170,2026-03-16,2026-09-20T12:00:00
PO-DEMO-001171,2026-03-17,2026-09-20T12:00:00
PO-DEMO-001172,2026-03-18,2026-09-20T12:00:00
PO-DEMO-001173,2026-03-19,2026-09-20T12:00:00
PO-DEMO-001174,2026-03-20,2026-09-20T12:00:00
PO-DEMO-001175,2026-03-21,2026-09-20T12:00:00
PO-DEMO-001176,2026-03-22,2026-09-20T12:00:00
PO-DEMO-001177,2026-03-23,2026-09-20T12:00:00
PO-DEMO-001178,2026-03-24,2026-09-20T12:00:00
PO-DEMO-001179,2026-03-25,2026-09-20T12:00:00
PO-DEMO-001180,2026-03-26,2026-09-20T12:00:00
PO-DEMO-001181,2026-03-27,2026-09-20T12:00:00
PO-DEMO-001182,2026-03-28,2026-09-20T12:00:00
PO-DEMO-001183,2026-03-29,2026-09-20T12:00:00
PO-DEMO-001184,2026-03-30,2026-09-20T12:00:00
PO-DEMO-001185,2026-03-31,2026-09-20T12:00:00
PO-DEMO-001186,2026-04-01,2026-09-20T12:00:00
PO-DEMO-001187,2026-04-02,2026-09-20T12:00:00
PO-DEMO-001188,2026-04-03,2026-09-20T12:00:00
PO-DEMO-001189,2026-04-04,2026-09-20T12:00:00
PO-DEMO-001190,2026-04-05,2026-09-20T12:00:00
PO-DEMO-001191,2026-04-06,2026-09-20T12:00:00
PO-DEMO-001192,2026-04-07,2026-09-20T12:00:00
PO-DEMO-001193,2026-04-08,2026-09-20T12:00:00
PO-DEMO-001194,2026-04-09,2026-09-20T12:00:00
PO-DEMO-001195,2026-04-10,2026-09-20T12:00:00
PO-DEMO-001196,2026-04-11,2026-09-20T12:00:00
PO-DEMO-001197,2026-04-12,2026-09-20T12:00:00
PO-DEMO-001198,2026-04-13,2026-09-20T12:00:00
PO-DEMO-001199,2026-04-14,2026-09-20T12:00:00
PO-DEMO-001200,2026-04-15,2026-09-20T12:00:00
PO-DEMO-001201,2026-04-16,2026-09-20T12:00:00
PO-DEMO-001202,2026-04-17,2026-09-20T12:00:00
PO-DEMO-001203,2026-04-18,2026-09-20T12:00:00
PO-DEMO-001204,2026-04-19,2026-09-20T12:00:00
PO-DEMO-001205,2026-04-20,2026-09-20T12:00:00
PO-DEMO-001206,2026-04-21,2026-09-20T12:00:00
PO-DEMO-001207,2026-04-22,2026-09-20T12:00:00
PO-DEMO-001208,2026-04-23,2026-09-20T12:00:00
PO-DEMO-001209,2026-04-24,2026-09-20T12:00:00
PO-DEMO-001210,2026-04-25,2026-09-20T12:00:00
PO-DEMO-001211,2026-04-26,2026-09-20T12:00:00
PO-DEMO-001212,2026-04-27,2026-09-20T12:00:00
PO-DEMO-001213,2026-04-28,2026-09-20T12:00:00
PO-DEMO-001214,2026-04-29,2026-09-20T12:00:00
PO-DEMO-001215,2026-04-30,2026-09-20T12:00:00
PO-DEMO-001216,2026-05-01,2026-09-20T12:00:00
PO-DEMO-001217,2026-05-02,2026-09-20T12:00:00
PO-DEMO-001218,2026-05-03,2026-09-20T12:00:00
PO-DEMO-001219,2026-05-04,2026-09-20T12:00:00
PO-DEMO-001220,2026-05-05,2026-09-20T12:00:00
PO-DEMO-001221,2026-05-06,2026-09-20T12:00:00
PO-DEMO-001222,2026-05-07,2026-09-20T12:00:00
PO-DEMO-001223,2026-05-08,2026-09-20T12:00:00
PO-DEMO-001224,2026-05-09,2026-09-20T12:00:00
PO-DEMO-001225,2026-05-10,2026-09-20T12:00:00
PO-DEMO-001226,2026-05-11,2026-09-20T12:00:00
PO-DEMO-001227,2026-05-12,2026-09-20T12:00:00
PO-DEMO-001228,2026-05-13,2026-09-20T12:00:00
PO-DEMO-001229,2026-05-14,2026-09-20T12:00:00
PO-DEMO-001230,2026-05-15,2026-09-20T12:00:00
PO-DEMO-001231,2026-05-16,2026-09-20T12:00:00
PO-DEMO-001232,2026-05-17,2026-09-20T12:00:00
PO-DEMO-001233,2026-05-18,2026-09-20T12:00:00
PO-DEMO-001234,2026-05-19,2026-09-20T12:00:00
PO-DEMO-001235,2026-05-20,2026-09-20T12:00:00
PO-DEMO-001236,2026-05-21,2026-09-20T12:00:00
PO-DEMO-001237,2026-05-22,2026-09-20T12:00:00
PO-DEMO-001238,2026-05-23,2026-09-20T12:00:00
PO-DEMO-001239,2026-05-24,2026-09-20T12:00:00
PO-DEMO-001240,2026-05-25,2026-09-20T12:00:00
PO-DEMO-001241,2026-05-26,2026-09-20T12:00:00
PO-DEMO-001242,2026-05-27,2026-09-20T12:00:00
PO-DEMO-001243,2026-05-28,2026-09-20T12:00:00
PO-DEMO-001244,2026-05-29,2026-09-20T12:00:00
PO-DEMO-001245,2026-05-30,2026-09-20T12:00:00
PO-DEMO-001246,2026-05-31,2026-09-20T12:00:00
PO-DEMO-001247,2026-06-01,2026-09-20T12:00:00
PO-DEMO-001248,2026-06-02,2026-09-20T12:00:00
PO-DEMO-001249,2026-06-03,2026-09-20T12:00:00
PO-DEMO-001250,2026-06-04,2026-09-20T12:00:00
PO-DEMO-001251,2026-06-05,2026-09-20T12:00:00
PO-DEMO-001252,2026-06-06,2026-09-20T12:00:00
PO-DEMO-001253,2026-06-07,2026-09-20T12:00:00
PO-DEMO-001254,2026-06-08,2026-09-20T12:00:00
PO-DEMO-001255,2026-06-09,2026-09-20T12:00:00
PO-DEMO-001256,2026-06-10,2026-09-20T12:00:00
PO-DEMO-001257,2026-06-11,2026-09-20T12:00:00
PO-DEMO-001258,2026-06-12,2026-09-20T12:00:00
PO-DEMO-001259,2026-06-13,2026-09-20T12:00:00
PO-DEMO-001260,2026-06-14,2026-09-20T12:00:00
PO-DEMO-001261,2026-06-15,2026-09-20T12:00:00
PO-DEMO-001262,2026-06-16,2026-09-20T12:00:00
PO-DEMO-001263,2026-06-17,2026-09-20T12:00:00
PO-DEMO-001264,2026-06-18,2026-09-20T12:00:00
PO-DEMO-001265,2026-06-19,2026-09-20T12:00:00
PO-DEMO-001266,2026-06-20,2026-09-20T12:00:00
PO-DEMO-001267,2026-06-21,2026-09-20T12:00:00
PO-DEMO-001268,2026-06-22,2026-09-20T12:00:00
PO-DEMO-001269,2026-06-23,2026-09-20T12:00:00
PO-DEMO-001270,2026-06-24,2026-09-20T12:00:00
PO-DEMO-001271,2026-06-25,2026-09-20T12:00:00
PO-DEMO-001272,2026-06-26,2026-09-20T12:00:00
PO-DEMO-001273,2026-06-27,2026-09-20T12:00:00
PO-DEMO-001274,2026-06-28,2026-09-20T12:00:00
PO-DEMO-001275,2026-06-29,2026-09-20T12:00:00
PO-DEMO-001276,2026-06-30,2026-09-20T12:00:00
PO-DEMO-001277,2026-07-01,2026-09-20T12:00:00
PO-DEMO-001278,2026-07-02,2026-09-20T12:00:00
PO-DEMO-001279,2026-07-03,2026-09-20T12:00:00
PO-DEMO-001280,2026-07-04,2026-09-20T12:00:00
PO-DEMO-001281,2026-07-05,2026-09-20T12:00:00
PO-DEMO-001282,2026-07-06,2026-09-20T12:00:00
PO-DEMO-001283,2026-07-07,2026-09-20T12:00:00
PO-DEMO-001284,2026-07-08,2026-09-20T12:00:00
PO-DEMO-001285,2026-07-09,2026-09-20T12:00:00
PO-DEMO-001286,2026-07-10,2026-09-20T12:00:00
PO-DEMO-001287,2026-07-11,2026-09-20T12:00:00
PO-DEMO-001288,2026-07-12,2026-09-20T12:00:00
PO-DEMO-001289,2026-07-13,2026-09-20T12:00:00
PO-DEMO-001290,2026-07-14,2026-09-20T12:00:00
PO-DEMO-001291,2026-07-15,2026-09-20T12:00:00
PO-DEMO-001292,2026-07-16,2026-09-20T12:00:00
PO-DEMO-001293,2026-07-17,2026-09-20T12:00:00
PO-DEMO-001294,2026-07-18,2026-09-20T12:00:00
PO-DEMO-001295,2026-07-19,2026-09-20T12:00:00
PO-DEMO-001296,2026-07-20,2026-09-20T12:00:00
PO-DEMO-001297,2026-07-21,2026-09-20T12:00:00
PO-DEMO-001298,2026-07-22,2026-09-20T12:00:00
PO-DEMO-001299,2026-07-23,2026-09-20T12:00:00
PO-DEMO-001300,2026-07-24,2026-09-20T12:00:00
PO-DEMO-001301,2026-07-25,2026-09-20T12:00:00
PO-DEMO-001302,2026-07-26,2026-09-20T12:00:00
PO-DEMO-001303,2026-07-27,2026-09-20T12:00:00
PO-DEMO-001304,2026-07-28,2026-09-20T12:00:00
PO-DEMO-001305,2026-07-29,2026-09-20T12:00:00
PO-DEMO-001306,2026-07-30,2026-09-20T12:00:00
PO-DEMO-001307,2026-07-31,2026-09-20T12:00:00
PO-DEMO-001308,2026-08-01,2026-09-20T12:00:00
PO-DEMO-001309,2026-08-02,2026-09-20T12:00:00
PO-DEMO-001310,2026-08-03,2026-09-20T12:00:00
PO-DEMO-001311,2026-08-04,2026-09-20T12:00:00
PO-DEMO-001312,2026-08-05,2026-09-20T12:00:00
PO-DEMO-001313,2026-08-06,2026-09-20T12:00:00
PO-DEMO-001314,2026-08-07,2026-09-20T12:00:00
PO-DEMO-001315,2026-08-08,2026-09-20T12:00:00
PO-DEMO-001316,2026-08-09,2026-09-20T12:00:00
PO-DEMO-001317,2026-08-10,2026-09-20T12:00:00
PO-DEMO-001318,2026-08-11,2026-09-20T12:00:00
PO-DEMO-001319,2026-08-12,2026-09-20T12:00:00
PO-DEMO-001320,2026-08-13,2026-09-20T12:00:00
PO-DEMO-001321,2026-08-14,2026-09-20T12:00:00
PO-DEMO-001322,2026-08-15,2026-09-20T12:00:00
PO-DEMO-001323,2026-08-16,2026-09-20T12:00:00
PO-DEMO-001324,2026-08-17,2026-09-20T12:00:00
PO-DEMO-001325,2026-08-18,2026-09-20T12:00:00
PO-DEMO-001326,2026-08-19,2026-09-20T12:00:00
PO-DEMO-001327,2026-08-20,2026-09-20T12:00:00
PO-DEMO-001328,2026-08-21,2026-09-20T12:00:00
PO-DEMO-001329,2026-08-22,2026-09-20T12:00:00
PO-DEMO-001330,2026-08-23,2026-09-20T12:00:00
PO-DEMO-001331,2026-08-24,2026-09-20T12:00:00
PO-DEMO-001332,2026-08-25,2026-09-20T12:00:00
PO-DEMO-001333,2026-08-26,2026-09-20T12:00:00
PO-DEMO-001334,2026-08-27,2026-09-20T12:00:00
PO-DEMO-001335,2026-08-28,2026-09-20T12:00:00
PO-DEMO-001336,2026-08-29,2026-09-20T12:00:00
PO-DEMO-001337,2026-08-30,2026-09-20T12:00:00
PO-DEMO-001338,2026-08-31,2026-09-20T12:00:00
PO-DEMO-001339,2026-09-01,2026-09-20T12:00:00
PO-DEMO-001340,2026-09-02,2026-09-20T12:00:00
PO-DEMO-001341,2026-09-03,2026-09-20T12:00:00
PO-DEMO-001342,2026-09-04,2026-09-20T12:00:00
PO-DEMO-001343,2026-09-05,2026-09-20T12:00:00
PO-DEMO-001344,2026-09-06,2026-09-20T12:00:00
PO-DEMO-001345,2026-09-07,2026-09-20T12:00:00
PO-DEMO-001346,2026-09-08,2026-09-20T12:00:00
PO-DEMO-001347,2026-09-09,2026-09-20T12:00:00
PO-DEMO-001348,2026-09-10,2026-09-20T12:00:00
PO-DEMO-001349,2026-09-11,2026-09-20T12:00:00
PO-DEMO-001350,2026-09-12,2026-09-20T12:00:00
PO-DEMO-001351,2026-09-13,2026-09-20T12:00:00
PO-DEMO-001352,2026-09-14,2026-09-20T12:00:00
PO-DEMO-001353,2026-09-15,2026-09-20T12:00:00
PO-DEMO-001354,2026-09-16,2026-09-20T12:00:00
PO-DEMO-001355,2026-09-17,2026-09-20T12:00:00
PO-DEMO-001356,2026-09-18,2026-09-20T12:00:00
PO-DEMO-001357,2026-09-19,2026-09-20T12:00:00
PO-DEMO-001358,2026-09-20,2026-09-20T12:00:00
PO-DEMO-001359,2026-09-21,2026-09-20T12:00:00
PO-DEMO-001360,2026-09-22,2026-09-20T12:00:00
PO-DEMO-001361,2026-09-23,2026-09-20T12:00:00
PO-DEMO-001362,2026-09-24,2026-09-20T12:00:00
PO-DEMO-001363,2026-09-25,2026-09-20T12:00:00
PO-DEMO-001364,2026-09-26,2026-09-20T12:00:00
PO-DEMO-001365,2026-09-27,2026-09-20T12:00:00
PO-DEMO-001366,2026-09-28,2026-09-20T12:00:00
PO-DEMO-001367,2026-09-29,2026-09-20T12:00:00
PO-DEMO-001368,2026-09-30,2026-09-20T12:00:00
PO-DEMO-001369,2026-10-01,2026-09-20T12:00:00
PO-DEMO-001370,2026-10-02,2026-09-20T12:00:00
PO-DEMO-001371,2026-10-03,2026-09-20T12:00:00
PO-DEMO-001372,2026-10-04,2026-09-20T12:00:00
PO-DEMO-001373,2026-10-05,2026-09-20T12:00:00
PO-DEMO-001374,2026-10-06,2026-09-20T12:00:00
PO-DEMO-001375,2026-10-07,2026-09-20T12:00:00
PO-DEMO-001376,2026-10-08,2026-09-20T12:00:00
PO-DEMO-001377,2026-10-09,2026-09-20T12:00:00
PO-DEMO-001378,2026-10-10,2026-09-20T12:00:00
PO-DEMO-001379,2026-10-11,2026-09-20T12:00:00
PO-DEMO-001380,2026-10-12,2026-09-20T12:00:00
PO-DEMO-001381,2026-10-13,2026-09-20T12:00:00
PO-DEMO-001382,2026-10-14,2026-09-20T12:00:00
PO-DEMO-001383,2026-10-15,2026-09-20T12:00:00
PO-DEMO-001384,2026-10-16,2026-09-20T12:00:00
PO-DEMO-001385,2026-10-17,2026-09-20T12:00:00
PO-DEMO-001386,2026-10-18,2026-09-20T12:00:00
PO-DEMO-001387,2026-10-19,2026-09-20T12:00:00
PO-DEMO-001388,2026-10-20,2026-09-20T12:00:00
PO-DEMO-001389,2026-10-21,2026-09-20T12:00:00
PO-DEMO-001390,2026-10-22,2026-09-20T12:00:00
PO-DEMO-001391,2026-10-23,2026-09-20T12:00:00
PO-DEMO-001392,2026-10-24,2026-09-20T12:00:00
PO-DEMO-001393,2026-10-25,2026-09-20T12:00:00
PO-DEMO-001394,2026-10-26,2026-09-20T12:00:00
PO-DEMO-001395,2026-10-27,2026-09-20T12:00:00
PO-DEMO-001396,2026-10-28,2026-09-20T12:00:00
PO-DEMO-001397,2026-10-29,2026-09-20T12:00:00
PO-DEMO-001398,2026-10-30,2026-09-20T12:00:00
PO-DEMO-001399,2026-10-31,2026-09-20T12:00:00
PO-DEMO-001400,2026-11-01,2026-09-20T12:00:00
PO-DEMO-001401,2026-11-02,2026-09-20T12:00:00
PO-DEMO-001402,2026-11-03,2026-09-20T12:00:00
PO-DEMO-001403,2026-11-04,2026-09-20T12:00:00
PO-DEMO-001404,2026-11-05,2026-09-20T12:00:00
PO-DEMO-001405,2026-11-06,2026-09-20T12:00:00
PO-DEMO-001406,2026-11-07,2026-09-20T12:00:00
PO-DEMO-001407,2026-11-08,2026-09-20T12:00:00
PO-DEMO-001408,2026-11-09,2026-09-20T12:00:00
PO-DEMO-001409,2026-11-10,2026-09-20T12:00:00
PO-DEMO-001410,2026-11-11,2026-09-20T12:00:00
PO-DEMO-001411,2026-11-12,2026-09-20T12:00:00
PO-DEMO-001412,2026-11-13,2026-09-20T12:00:00
PO-DEMO-001413,2026-11-14,2026-09-20T12:00:00
PO-DEMO-001414,2026-11-15,2026-09-20T12:00:00
PO-DEMO-001415,2026-11-16,2026-09-20T12:00:00
PO-DEMO-001416,2026-11-17,2026-09-20T12:00:00
PO-DEMO-001417,2026-11-18,2026-09-20T12:00:00
PO-DEMO-001418,2026-11-19,2026-09-20T12:00:00
PO-DEMO-001419,2026-11-20,2026-09-20T12:00:00
PO-DEMO-001420,2026-11-21,2026-09-20T12:00:00
PO-DEMO-001421,2026-11-22,2026-09-20T12:00:00
PO-DEMO-001422,2026-11-23,2026-09-20T12:00:00
PO-DEMO-001423,2026-11-24,2026-09-20T12:00:00
PO-DEMO-001424,2026-11-25,2026-09-20T12:00:00
PO-DEMO-001425,2026-11-26,2026-09-20T12:00:00
PO-DEMO-001426,2026-11-27,2026-09-20T12:00:00
PO-DEMO-001427,2026-11-28,2026-09-20T12:00:00
PO-DEMO-001428,2026-11-29,2026-09-20T12:00:00
PO-DEMO-001429,2026-11-30,2026-09-20T12:00:00
PO-DEMO-001430,2026-12-01,2026-09-20T12:00:00
PO-DEMO-001431,2026-12-02,2026-09-20T12:00:00
PO-DEMO-001432,2026-12-03,2026-09-20T12:00:00
PO-DEMO-001433,2026-12-04,2026-09-20T12:00:00
PO-DEMO-001434,2026-12-05,2026-09-20T12:00:00
PO-DEMO-001435,2026-12-06,2026-09-20T12:00:00
PO-DEMO-001436,2026-12-07,2026-09-20T12:00:00
PO-DEMO-001437,2026-12-08,2026-09-20T12:00:00
PO-DEMO-001438,2026-12-09,2026-09-20T12:00:00
PO-DEMO-001439,2026-12-10,2026-09-20T12:00:00
PO-DEMO-001440,2026-12-11,2026-09-20T12:00:00
PO-DEMO-001441,2026-12-12,2026-09-20T12:00:00
PO-DEMO-001442,2026-12-13,2026-09-20T12:00:00
PO-DEMO-001443,2026-12-14,2026-09-20T12:00:00
PO-DEMO-001444,2026-12-15,2026-09-20T12:00:00
PO-DEMO-001445,2026-12-16,2026-09-20T12:00:00
PO-DEMO-001446,2026-12-17,2026-09-20T12:00:00
PO-DEMO-001447,2026-12-18,2026-09-20T12:00:00
PO-DEMO-001448,2026-12-19,2026-09-20T12:00:00
PO-DEMO-001449,2026-12-20,2026-09-20T12:00:00
PO-DEMO-001450,2026-12-21,2026-09-20T12:00:00
PO-DEMO-001451,2026-12-22,2026-09-20T12:00:00
PO-DEMO-001452,2026-12-23,2026-09-20T12:00:00
PO-DEMO-001453,2026-12-24,2026-09-20T12:00:00
PO-DEMO-001454,2026-12-25,2026-09-20T12:00:00
PO-DEMO-001455,2026-12-26,2026-09-20T12:00:00
PO-DEMO-001456,2026-12-27,2026-09-20T12:00:00
PO-DEMO-001457,2026-12-28,2026-09-20T12:00:00
PO-DEMO-001458,2026-12-29,2026-09-20T12:00:00
PO-DEMO-001459,2026-12-30,2026-09-20T12:00:00
PO-DEMO-001460,2026-12-31,2026-09-20T12:00:00
PO-DEMO-001461,2026-01-01,2026-09-20T12:00:00
PO-DEMO-001462,2026-01-02,2026-09-20T12:00:00
PO-DEMO-001463,2026-01-03,2026-09-20T12:00:00
PO-DEMO-001464,2026-01-04,2026-09-20T12:00:00
PO-DEMO-001465,2026-01-05,2026-09-20T12:00:00
PO-DEMO-001466,2026-01-06,2026-09-20T12:00:00
PO-DEMO-001467,2026-01-07,2026-09-20T12:00:00
PO-DEMO-001468,2026-01-08,2026-09-20T12:00:00
PO-DEMO-001469,2026-01-09,2026-09-20T12:00:00
PO-DEMO-001470,2026-01-10,2026-09-20T12:00:00
PO-DEMO-001471,2026-01-11,2026-09-20T12:00:00
PO-DEMO-001472,2026-01-12,2026-09-20T12:00:00
PO-DEMO-001473,2026-01-13,2026-09-20T12:00:00
PO-DEMO-001474,2026-01-14,2026-09-20T12:00:00
PO-DEMO-001475,2026-01-15,2026-09-20T12:00:00
PO-DEMO-001476,2026-01-16,2026-09-20T12:00:00
PO-DEMO-001477,2026-01-17,2026-09-20T12:00:00
PO-DEMO-001478,2026-01-18,2026-09-20T12:00:00
PO-DEMO-001479,2026-01-19,2026-09-20T12:00:00
PO-DEMO-001480,2026-01-20,2026-09-20T12:00:00
PO-DEMO-001481,2026-01-21,2026-09-20T12:00:00
PO-DEMO-001482,2026-01-22,2026-09-20T12:00:00
PO-DEMO-001483,2026-01-23,2026-09-20T12:00:00
PO-DEMO-001484,2026-01-24,2026-09-20T12:00:00
PO-DEMO-001485,2026-01-25,2026-09-20T12:00:00
PO-DEMO-001486,2026-01-26,2026-09-20T12:00:00
PO-DEMO-001487,2026-01-27,2026-09-20T12:00:00
PO-DEMO-001488,2026-01-28,2026-09-20T12:00:00
PO-DEMO-001489,2026-01-29,2026-09-20T12:00:00
PO-DEMO-001490,2026-01-30,2026-09-20T12:00:00
PO-DEMO-001491,2026-01-31,2026-09-20T12:00:00
PO-DEMO-001492,2026-02-01,2026-09-20T12:00:00
PO-DEMO-001493,2026-02-02,2026-09-20T12:00:00
PO-DEMO-001494,2026-02-03,2026-09-20T12:00:00
PO-DEMO-001495,2026-02-04,2026-09-20T12:00:00
PO-DEMO-001496,2026-02-05,2026-09-20T12:00:00
PO-DEMO-001497,2026-02-06,2026-09-20T12:00:00
PO-DEMO-001498,2026-02-07,2026-09-20T12:00:00
PO-DEMO-001499,2026-02-08,2026-09-20T12:00:00
PO-DEMO-001500,2026-02-09,2026-09-20T12:00:00
PO-DEMO-001501,2026-02-10,2026-09-20T12:00:00
PO-DEMO-001502,2026-02-11,2026-09-20T12:00:00
PO-DEMO-001503,2026-02-12,2026-09-20T12:00:00
PO-DEMO-001504,2026-02-13,2026-09-20T12:00:00
PO-DEMO-001505,2026-02-14,2026-09-20T12:00:00
PO-DEMO-001506,2026-02-15,2026-09-20T12:00:00
PO-DEMO-001507,2026-02-16,2026-09-20T12:00:00
PO-DEMO-001508,2026-02-17,2026-09-20T12:00:00
PO-DEMO-001509,2026-02-18,2026-09-20T12:00:00
PO-DEMO-001510,2026-02-19,2026-09-20T12:00:00
PO-DEMO-001511,2026-02-20,2026-09-20T12:00:00
PO-DEMO-001512,2026-02-21,2026-09-20T12:00:00
PO-DEMO-001513,2026-02-22,2026-09-20T12:00:00
PO-DEMO-001514,2026-02-23,2026-09-20T12:00:00
PO-DEMO-001515,2026-02-24,2026-09-20T12:00:00
PO-DEMO-001516,2026-02-25,2026-09-20T12:00:00
PO-DEMO-001517,2026-02-26,2026-09-20T12:00:00
PO-DEMO-001518,2026-02-27,2026-09-20T12:00:00
PO-DEMO-001519,2026-02-28,2026-09-20T12:00:00
PO-DEMO-001520,2026-03-01,2026-09-20T12:00:00
PO-DEMO-001521,2026-03-02,2026-09-20T12:00:00
PO-DEMO-001522,2026-03-03,2026-09-20T12:00:00
PO-DEMO-001523,2026-03-04,2026-09-20T12:00:00
PO-DEMO-001524,2026-03-05,2026-09-20T12:00:00
PO-DEMO-001525,2026-03-06,2026-09-20T12:00:00
PO-DEMO-001526,2026-03-07,2026-09-20T12:00:00
PO-DEMO-001527,2026-03-08,2026-09-20T12:00:00
PO-DEMO-001528,2026-03-09,2026-09-20T12:00:00
PO-DEMO-001529,2026-03-10,2026-09-20T12:00:00
PO-DEMO-001530,2026-03-11,2026-09-20T12:00:00
PO-DEMO-001531,2026-03-12,2026-09-20T12:00:00
PO-DEMO-001532,2026-03-13,2026-09-20T12:00:00
PO-DEMO-001533,2026-03-14,2026-09-20T12:00:00
PO-DEMO-001534,2026-03-15,2026-09-20T12:00:00
PO-DEMO-001535,2026-03-16,2026-09-20T12:00:00
PO-DEMO-001536,2026-03-17,2026-09-20T12:00:00
PO-DEMO-001537,2026-03-18,2026-09-20T12:00:00
PO-DEMO-001538,2026-03-19,2026-09-20T12:00:00
PO-DEMO-001539,2026-03-20,2026-09-20T12:00:00
PO-DEMO-001540,2026-03-21,2026-09-20T12:00:00
PO-DEMO-001541,2026-03-22,2026-09-20T12:00:00
PO-DEMO-001542,2026-03-23,2026-09-20T12:00:00
PO-DEMO-001543,2026-03-24,2026-09-20T12:00:00
PO-DEMO-001544,2026-03-25,2026-09-20T12:00:00
PO-DEMO-001545,2026-03-26,2026-09-20T12:00:00
PO-DEMO-001546,2026-03-27,2026-09-20T12:00:00
PO-DEMO-001547,2026-03-28,2026-09-20T12:00:00
PO-DEMO-001548,2026-03-29,2026-09-20T12:00:00
PO-DEMO-001549,2026-03-30,2026-09-20T12:00:00
PO-DEMO-001550,2026-03-31,2026-09-20T12:00:00
PO-DEMO-001551,2026-04-01,2026-09-20T12:00:00
PO-DEMO-001552,2026-04-02,2026-09-20T12:00:00
PO-DEMO-001553,2026-04-03,2026-09-20T12:00:00
PO-DEMO-001554,2026-04-04,2026-09-20T12:00:00
PO-DEMO-001555,2026-04-05,2026-09-20T12:00:00
PO-DEMO-001556,2026-04-06,2026-09-20T12:00:00
PO-DEMO-001557,2026-04-07,2026-09-20T12:00:00
PO-DEMO-001558,2026-04-08,2026-09-20T12:00:00
PO-DEMO-001559,2026-04-09,2026-09-20T12:00:00
PO-DEMO-001560,2026-04-10,2026-09-20T12:00:00
PO-DEMO-001561,2026-04-11,2026-09-20T12:00:00
PO-DEMO-001562,2026-04-12,2026-09-20T12:00:00
PO-DEMO-001563,2026-04-13,2026-09-20T12:00:00
PO-DEMO-001564,2026-04-14,2026-09-20T12:00:00
PO-DEMO-001565,2026-04-15,2026-09-20T12:00:00
PO-DEMO-001566,2026-04-16,2026-09-20T12:00:00
PO-DEMO-001567,2026-04-17,2026-09-20T12:00:00
PO-DEMO-001568,2026-04-18,2026-09-20T12:00:00
PO-DEMO-001569,2026-04-19,2026-09-20T12:00:00
PO-DEMO-001570,2026-04-20,2026-09-20T12:00:00
PO-DEMO-001571,2026-04-21,2026-09-20T12:00:00
PO-DEMO-001572,2026-04-22,2026-09-20T12:00:00
PO-DEMO-001573,2026-04-23,2026-09-20T12:00:00
PO-DEMO-001574,2026-04-24,2026-09-20T12:00:00
PO-DEMO-001575,2026-04-25,2026-09-20T12:00:00
PO-DEMO-001576,2026-04-26,2026-09-20T12:00:00
PO-DEMO-001577,2026-04-27,2026-09-20T12:00:00
PO-DEMO-001578,2026-04-28,2026-09-20T12:00:00
PO-DEMO-001579,2026-04-29,2026-09-20T12:00:00
PO-DEMO-001580,2026-04-30,2026-09-20T12:00:00
PO-DEMO-001581,2026-05-01,2026-09-20T12:00:00
PO-DEMO-001582,2026-05-02,2026-09-20T12:00:00
PO-DEMO-001583,2026-05-03,2026-09-20T12:00:00
PO-DEMO-001584,2026-05-04,2026-09-20T12:00:00
PO-DEMO-001585,2026-05-05,2026-09-20T12:00:00
PO-DEMO-001586,2026-05-06,2026-09-20T12:00:00
PO-DEMO-001587,2026-05-07,2026-09-20T12:00:00
PO-DEMO-001588,2026-05-08,2026-09-20T12:00:00
PO-DEMO-001589,2026-05-09,2026-09-20T12:00:00
PO-DEMO-001590,2026-05-10,2026-09-20T12:00:00
PO-DEMO-001591,2026-05-11,2026-09-20T12:00:00
PO-DEMO-001592,2026-05-12,2026-09-20T12:00:00
PO-DEMO-001593,2026-05-13,2026-09-20T12:00:00
PO-DEMO-001594,2026-05-14,2026-09-20T12:00:00
PO-DEMO-001595,2026-05-15,2026-09-20T12:00:00
PO-DEMO-001596,2026-05-16,2026-09-20T12:00:00
PO-DEMO-001597,2026-05-17,2026-09-20T12:00:00
PO-DEMO-001598,2026-05-18,2026-09-20T12:00:00
PO-DEMO-001599,2026-05-19,2026-09-20T12:00:00
PO-DEMO-001600,2026-05-20,2026-09-20T12:00:00
PO-DEMO-001601,2026-05-21,2026-09-20T12:00:00
PO-DEMO-001602,2026-05-22,2026-09-20T12:00:00
PO-DEMO-001603,2026-05-23,2026-09-20T12:00:00
PO-DEMO-001604,2026-05-24,2026-09-20T12:00:00
PO-DEMO-001605,2026-05-25,2026-09-20T12:00:00
PO-DEMO-001606,2026-05-26,2026-09-20T12:00:00
PO-DEMO-001607,2026-05-27,2026-09-20T12:00:00
PO-DEMO-001608,2026-05-28,2026-09-20T12:00:00
PO-DEMO-001609,2026-05-29,2026-09-20T12:00:00
PO-DEMO-001610,2026-05-30,2026-09-20T12:00:00
PO-DEMO-001611,2026-05-31,2026-09-20T12:00:00
PO-DEMO-001612,2026-06-01,2026-09-20T12:00:00
PO-DEMO-001613,2026-06-02,2026-09-20T12:00:00
PO-DEMO-001614,2026-06-03,2026-09-20T12:00:00
PO-DEMO-001615,2026-06-04,2026-09-20T12:00:00
PO-DEMO-001616,2026-06-05,2026-09-20T12:00:00
PO-DEMO-001617,2026-06-06,2026-09-20T12:00:00
PO-DEMO-001618,2026-06-07,2026-09-20T12:00:00
PO-DEMO-001619,2026-06-08,2026-09-20T12:00:00
PO-DEMO-001620,2026-06-09,2026-09-20T12:00:00
PO-DEMO-001621,2026-06-10,2026-09-20T12:00:00
PO-DEMO-001622,2026-06-11,2026-09-20T12:00:00
PO-DEMO-001623,2026-06-12,2026-09-20T12:00:00
PO-DEMO-001624,2026-06-13,2026-09-20T12:00:00
PO-DEMO-001625,2026-06-14,2026-09-20T12:00:00
PO-DEMO-001626,2026-06-15,2026-09-20T12:00:00
PO-DEMO-001627,2026-06-16,2026-09-20T12:00:00
PO-DEMO-001628,2026-06-17,2026-09-20T12:00:00
PO-DEMO-001629,2026-06-18,2026-09-20T12:00:00
PO-DEMO-001630,2026-06-19,2026-09-20T12:00:00
PO-DEMO-001631,2026-06-20,2026-09-20T12:00:00
PO-DEMO-001632,2026-06-21,2026-09-20T12:00:00
PO-DEMO-001633,2026-06-22,2026-09-20T12:00:00
PO-DEMO-001634,2026-06-23,2026-09-20T12:00:00
PO-DEMO-001635,2026-06-24,2026-09-20T12:00:00
PO-DEMO-001636,2026-06-25,2026-09-20T12:00:00
PO-DEMO-001637,2026-06-26,2026-09-20T12:00:00
PO-DEMO-001638,2026-06-27,2026-09-20T12:00:00
PO-DEMO-001639,2026-06-28,2026-09-20T12:00:00
PO-DEMO-001640,2026-06-29,2026-09-20T12:00:00
PO-DEMO-001641,2026-06-30,2026-09-20T12:00:00
PO-DEMO-001642,2026-07-01,2026-09-20T12:00:00
PO-DEMO-001643,2026-07-02,2026-09-20T12:00:00
PO-DEMO-001644,2026-07-03,2026-09-20T12:00:00
PO-DEMO-001645,2026-07-04,2026-09-20T12:00:00
PO-DEMO-001646,2026-07-05,2026-09-20T12:00:00
PO-DEMO-001647,2026-07-06,2026-09-20T12:00:00
PO-DEMO-001648,2026-07-07,2026-09-20T12:00:00
PO-DEMO-001649,2026-07-08,2026-09-20T12:00:00
PO-DEMO-001650,2026-07-09,2026-09-20T12:00:00
PO-DEMO-001651,2026-07-10,2026-09-20T12:00:00
PO-DEMO-001652,2026-07-11,2026-09-20T12:00:00
PO-DEMO-001653,2026-07-12,2026-09-20T12:00:00
PO-DEMO-001654,2026-07-13,2026-09-20T12:00:00
PO-DEMO-001655,2026-07-14,2026-09-20T12:00:00
PO-DEMO-001656,2026-07-15,2026-09-20T12:00:00
PO-DEMO-001657,2026-07-16,2026-09-20T12:00:00
PO-DEMO-001658,2026-07-17,2026-09-20T12:00:00
PO-DEMO-001659,2026-07-18,2026-09-20T12:00:00
PO-DEMO-001660,2026-07-19,2026-09-20T12:00:00
PO-DEMO-001661,2026-07-20,2026-09-20T12:00:00
PO-DEMO-001662,2026-07-21,2026-09-20T12:00:00
PO-DEMO-001663,2026-07-22,2026-09-20T12:00:00
PO-DEMO-001664,2026-07-23,2026-09-20T12:00:00
PO-DEMO-001665,2026-07-24,2026-09-20T12:00:00
PO-DEMO-001666,2026-07-25,2026-09-20T12:00:00
PO-DEMO-001667,2026-07-26,2026-09-20T12:00:00
PO-DEMO-001668,2026-07-27,2026-09-20T12:00:00
PO-DEMO-001669,2026-07-28,2026-09-20T12:00:00
PO-DEMO-001670,2026-07-29,2026-09-20T12:00:00
PO-DEMO-001671,2026-07-30,2026-09-20T12:00:00
PO-DEMO-001672,2026-07-31,2026-09-20T12:00:00
PO-DEMO-001673,2026-08-01,2026-09-20T12:00:00
PO-DEMO-001674,2026-08-02,2026-09-20T12:00:00
PO-DEMO-001675,2026-08-03,2026-09-20T12:00:00
PO-DEMO-001676,2026-08-04,2026-09-20T12:00:00
PO-DEMO-001677,2026-08-05,2026-09-20T12:00:00
PO-DEMO-001678,2026-08-06,2026-09-20T12:00:00
PO-DEMO-001679,2026-08-07,2026-09-20T12:00:00
PO-DEMO-001680,2026-08-08,2026-09-20T12:00:00
PO-DEMO-001681,2026-08-09,2026-09-20T12:00:00
PO-DEMO-001682,2026-08-10,2026-09-20T12:00:00
PO-DEMO-001683,2026-08-11,2026-09-20T12:00:00
PO-DEMO-001684,2026-08-12,2026-09-20T12:00:00
PO-DEMO-001685,2026-08-13,2026-09-20T12:00:00
PO-DEMO-001686,2026-08-14,2026-09-20T12:00:00
PO-DEMO-001687,2026-08-15,2026-09-20T12:00:00
PO-DEMO-001688,2026-08-16,2026-09-20T12:00:00
PO-DEMO-001689,2026-08-17,2026-09-20T12:00:00
PO-DEMO-001690,2026-08-18,2026-09-20T12:00:00
PO-DEMO-001691,2026-08-19,2026-09-20T12:00:00
PO-DEMO-001692,2026-08-20,2026-09-20T12:00:00
PO-DEMO-001693,2026-08-21,2026-09-20T12:00:00
PO-DEMO-001694,2026-08-22,2026-09-20T12:00:00
PO-DEMO-001695,2026-08-23,2026-09-20T12:00:00
PO-DEMO-001696,2026-08-24,2026-09-20T12:00:00
PO-DEMO-001697,2026-08-25,2026-09-20T12:00:00
PO-DEMO-001698,2026-08-26,2026-09-20T12:00:00
PO-DEMO-001699,2026-08-27,2026-09-20T12:00:00
PO-DEMO-001700,2026-08-28,2026-09-20T12:00:00
PO-DEMO-001701,2026-08-29,2026-09-20T12:00:00
PO-DEMO-001702,2026-08-30,2026-09-20T12:00:00
PO-DEMO-001703,2026-08-31,2026-09-20T12:00:00
PO-DEMO-001704,2026-09-01,2026-09-20T12:00:00
PO-DEMO-001705,2026-09-02,2026-09-20T12:00:00
PO-DEMO-001706,2026-09-03,2026-09-20T12:00:00
PO-DEMO-001707,2026-09-04,2026-09-20T12:00:00
PO-DEMO-001708,2026-09-05,2026-09-20T12:00:00
PO-DEMO-001709,2026-09-06,2026-09-20T12:00:00
PO-DEMO-001710,2026-09-07,2026-09-20T12:00:00
PO-DEMO-001711,2026-09-08,2026-09-20T12:00:00
PO-DEMO-001712,2026-09-09,2026-09-20T12:00:00
PO-DEMO-001713,2026-09-10,2026-09-20T12:00:00
PO-DEMO-001714,2026-09-11,2026-09-20T12:00:00
PO-DEMO-001715,2026-09-12,2026-09-20T12:00:00
PO-DEMO-001716,2026-09-13,2026-09-20T12:00:00
PO-DEMO-001717,2026-09-14,2026-09-20T12:00:00
PO-DEMO-001718,2026-09-15,2026-09-20T12:00:00
PO-DEMO-001719,2026-09-16,2026-09-20T12:00:00
PO-DEMO-001720,2026-09-17,2026-09-20T12:00:00
PO-DEMO-001721,2026-09-18,2026-09-20T12:00:00
PO-DEMO-001722,2026-09-19,2026-09-20T12:00:00
PO-DEMO-001723,2026-09-20,2026-09-20T12:00:00
PO-DEMO-001724,2026-09-21,2026-09-20T12:00:00
PO-DEMO-001725,2026-09-22,2026-09-20T12:00:00
PO-DEMO-001726,2026-09-23,2026-09-20T12:00:00
PO-DEMO-001727,2026-09-24,2026-09-20T12:00:00
PO-DEMO-001728,2026-09-25,2026-09-20T12:00:00
PO-DEMO-001729,2026-09-26,2026-09-20T12:00:00
PO-DEMO-001730,2026-09-27,2026-09-20T12:00:00
PO-DEMO-001731,2026-09-28,2026-09-20T12:00:00
PO-DEMO-001732,2026-09-29,2026-09-20T12:00:00
PO-DEMO-001733,2026-09-30,2026-09-20T12:00:00
PO-DEMO-001734,2026-10-01,2026-09-20T12:00:00
PO-DEMO-001735,2026-10-02,2026-09-20T12:00:00
PO-DEMO-001736,2026-10-03,2026-09-20T12:00:00
PO-DEMO-001737,2026-10-04,2026-09-20T12:00:00
PO-DEMO-001738,2026-10-05,2026-09-20T12:00:00
PO-DEMO-001739,2026-10-06,2026-09-20T12:00:00
PO-DEMO-001740,2026-10-07,2026-09-20T12:00:00
PO-DEMO-001741,2026-10-08,2026-09-20T12:00:00
PO-DEMO-001742,2026-10-09,2026-09-20T12:00:00
PO-DEMO-001743,2026-10-10,2026-09-20T12:00:00
PO-DEMO-001744,2026-10-11,2026-09-20T12:00:00
PO-DEMO-001745,2026-10-12,2026-09-20T12:00:00
PO-DEMO-001746,2026-10-13,2026-09-20T12:00:00
PO-DEMO-001747,2026-10-14,2026-09-20T12:00:00
PO-DEMO-001748,2026-10-15,2026-09-20T12:00:00
PO-DEMO-001749,2026-10-16,2026-09-20T12:00:00
PO-DEMO-001750,2026-10-17,2026-09-20T12:00:00
PO-DEMO-001751,2026-10-18,2026-09-20T12:00:00
PO-DEMO-001752,2026-10-19,2026-09-20T12:00:00
PO-DEMO-001753,2026-10-20,2026-09-20T12:00:00
PO-DEMO-001754,2026-10-21,2026-09-20T12:00:00
PO-DEMO-001755,2026-10-22,2026-09-20T12:00:00
PO-DEMO-001756,2026-10-23,2026-09-20T12:00:00
PO-DEMO-001757,2026-10-24,2026-09-20T12:00:00
PO-DEMO-001758,2026-10-25,2026-09-20T12:00:00
PO-DEMO-001759,2026-10-26,2026-09-20T12:00:00
PO-DEMO-001760,2026-10-27,2026-09-20T12:00:00
PO-DEMO-001761,2026-10-28,2026-09-20T12:00:00
PO-DEMO-001762,2026-10-29,2026-09-20T12:00:00
PO-DEMO-001763,2026-10-30,2026-09-20T12:00:00
PO-DEMO-001764,2026-10-31,2026-09-20T12:00:00
PO-DEMO-001765,2026-11-01,2026-09-20T12:00:00
PO-DEMO-001766,2026-11-02,2026-09-20T12:00:00
PO-DEMO-001767,2026-11-03,2026-09-20T12:00:00
PO-DEMO-001768,2026-11-04,2026-09-20T12:00:00
PO-DEMO-001769,2026-11-05,2026-09-20T12:00:00
PO-DEMO-001770,2026-11-06,2026-09-20T12:00:00
PO-DEMO-001771,2026-11-07,2026-09-20T12:00:00
PO-DEMO-001772,2026-11-08,2026-09-20T12:00:00
PO-DEMO-001773,2026-11-09,2026-09-20T12:00:00
PO-DEMO-001774,2026-11-10,2026-09-20T12:00:00
PO-DEMO-001775,2026-11-11,2026-09-20T12:00:00
PO-DEMO-001776,2026-11-12,2026-09-20T12:00:00
PO-DEMO-001777,2026-11-13,2026-09-20T12:00:00
PO-DEMO-001778,2026-11-14,2026-09-20T12:00:00
PO-DEMO-001779,2026-11-15,2026-09-20T12:00:00
PO-DEMO-001780,2026-11-16,2026-09-20T12:00:00
PO-DEMO-001781,2026-11-17,2026-09-20T12:00:00
PO-DEMO-001782,2026-11-18,2026-09-20T12:00:00
PO-DEMO-001783,2026-11-19,2026-09-20T12:00:00
PO-DEMO-001784,2026-11-20,2026-09-20T12:00:00
PO-DEMO-001785,2026-11-21,2026-09-20T12:00:00
PO-DEMO-001786,2026-11-22,2026-09-20T12:00:00
PO-DEMO-001787,2026-11-23,2026-09-20T12:00:00
PO-DEMO-001788,2026-11-24,2026-09-20T12:00:00
PO-DEMO-001789,2026-11-25,2026-09-20T12:00:00
PO-DEMO-001790,2026-11-26,2026-09-20T12:00:00
PO-DEMO-001791,2026-11-27,2026-09-20T12:00:00
PO-DEMO-001792,2026-11-28,2026-09-20T12:00:00
PO-DEMO-001793,2026-11-29,2026-09-20T12:00:00
PO-DEMO-001794,2026-11-30,2026-09-20T12:00:00
PO-DEMO-001795,2026-12-01,2026-09-20T12:00:00
PO-DEMO-001796,2026-12-02,2026-09-20T12:00:00
PO-DEMO-001797,2026-12-03,2026-09-20T12:00:00
PO-DEMO-001798,2026-12-04,2026-09-20T12:00:00
PO-DEMO-001799,2026-12-05,2026-09-20T12:00:00
PO-DEMO-001800,2026-12-06,2026-09-20T12:00:00
PO-DEMO-001801,2026-12-07,2026-09-20T12:00:00
PO-DEMO-001802,2026-12-08,2026-09-20T12:00:00
PO-DEMO-001803,2026-12-09,2026-09-20T12:00:00
PO-DEMO-001804,2026-12-10,2026-09-20T12:00:00
PO-DEMO-001805,2026-12-11,2026-09-20T12:00:00
PO-DEMO-001806,2026-12-12,2026-09-20T12:00:00
PO-DEMO-001807,2026-12-13,2026-09-20T12:00:00
PO-DEMO-001808,2026-12-14,2026-09-20T12:00:00
PO-DEMO-001809,2026-12-15,2026-09-20T12:00:00
PO-DEMO-001810,2026-12-16,2026-09-20T12:00:00
PO-DEMO-001811,2026-12-17,2026-09-20T12:00:00
PO-DEMO-001812,2026-12-18,2026-09-20T12:00:00
PO-DEMO-001813,2026-12-19,2026-09-20T12:00:00
PO-DEMO-001814,2026-12-20,2026-09-20T12:00:00
PO-DEMO-001815,2026-12-21,2026-09-20T12:00:00
PO-DEMO-001816,2026-12-22,2026-09-20T12:00:00
PO-DEMO-001817,2026-12-23,2026-09-20T12:00:00
PO-DEMO-001818,2026-12-24,2026-09-20T12:00:00
PO-DEMO-001819,2026-12-25,2026-09-20T12:00:00
PO-DEMO-001820,2026-12-26,2026-09-20T12:00:00
PO-DEMO-001821,2026-12-27,2026-09-20T12:00:00
PO-DEMO-001822,2026-12-28,2026-09-20T12:00:00
PO-DEMO-001823,2026-12-29,2026-09-20T12:00:00
PO-DEMO-001824,2026-12-30,2026-09-20T12:00:00
PO-DEMO-001825,2026-12-31,2026-09-20T12:00:00
PO-DEMO-001826,2026-01-01,2026-09-20T12:00:00
PO-DEMO-001827,2026-01-02,2026-09-20T12:00:00
PO-DEMO-001828,2026-01-03,2026-09-20T12:00:00
PO-DEMO-001829,2026-01-04,2026-09-20T12:00:00
PO-DEMO-001830,2026-01-05,2026-09-20T12:00:00
PO-DEMO-001831,2026-01-06,2026-09-20T12:00:00
PO-DEMO-001832,2026-01-07,2026-09-20T12:00:00
PO-DEMO-001833,2026-01-08,2026-09-20T12:00:00
PO-DEMO-001834,2026-01-09,2026-09-20T12:00:00
PO-DEMO-001835,2026-01-10,2026-09-20T12:00:00
PO-DEMO-001836,2026-01-11,2026-09-20T12:00:00
PO-DEMO-001837,2026-01-12,2026-09-20T12:00:00
PO-DEMO-001838,2026-01-13,2026-09-20T12:00:00
PO-DEMO-001839,2026-01-14,2026-09-20T12:00:00
PO-DEMO-001840,2026-01-15,2026-09-20T12:00:00
PO-DEMO-001841,2026-01-16,2026-09-20T12:00:00
PO-DEMO-001842,2026-01-17,2026-09-20T12:00:00
PO-DEMO-001843,2026-01-18,2026-09-20T12:00:00
PO-DEMO-001844,2026-01-19,2026-09-20T12:00:00
PO-DEMO-001845,2026-01-20,2026-09-20T12:00:00
PO-DEMO-001846,2026-01-21,2026-09-20T12:00:00
PO-DEMO-001847,2026-01-22,2026-09-20T12:00:00
PO-DEMO-001848,2026-01-23,2026-09-20T12:00:00
PO-DEMO-001849,2026-01-24,2026-09-20T12:00:00
PO-DEMO-001850,2026-01-25,2026-09-20T12:00:00
PO-DEMO-001851,2026-01-26,2026-09-20T12:00:00
PO-DEMO-001852,2026-01-27,2026-09-20T12:00:00
PO-DEMO-001853,2026-01-28,2026-09-20T12:00:00
PO-DEMO-001854,2026-01-29,2026-09-20T12:00:00
PO-DEMO-001855,2026-01-30,2026-09-20T12:00:00
PO-DEMO-001856,2026-01-31,2026-09-20T12:00:00
PO-DEMO-001857,2026-02-01,2026-09-20T12:00:00
PO-DEMO-001858,2026-02-02,2026-09-20T12:00:00
PO-DEMO-001859,2026-02-03,2026-09-20T12:00:00
PO-DEMO-001860,2026-02-04,2026-09-20T12:00:00
PO-DEMO-001861,2026-02-05,2026-09-20T12:00:00
PO-DEMO-001862,2026-02-06,2026-09-20T12:00:00
PO-DEMO-001863,2026-02-07,2026-09-20T12:00:00
PO-DEMO-001864,2026-02-08,2026-09-20T12:00:00
PO-DEMO-001865,2026-02-09,2026-09-20T12:00:00
PO-DEMO-001866,2026-02-10,2026-09-20T12:00:00
PO-DEMO-001867,2026-02-11,2026-09-20T12:00:00
PO-DEMO-001868,2026-02-12,2026-09-20T12:00:00
PO-DEMO-001869,2026-02-13,2026-09-20T12:00:00
PO-DEMO-001870,2026-02-14,2026-09-20T12:00:00
PO-DEMO-001871,2026-02-15,2026-09-20T12:00:00
PO-DEMO-001872,2026-02-16,2026-09-20T12:00:00
PO-DEMO-001873,2026-02-17,2026-09-20T12:00:00
PO-DEMO-001874,2026-02-18,2026-09-20T12:00:00
PO-DEMO-001875,2026-02-19,2026-09-20T12:00:00
PO-DEMO-001876,2026-02-20,2026-09-20T12:00:00
PO-DEMO-001877,2026-02-21,2026-09-20T12:00:00
PO-DEMO-001878,2026-02-22,2026-09-20T12:00:00
PO-DEMO-001879,2026-02-23,2026-09-20T12:00:00
PO-DEMO-001880,2026-02-24,2026-09-20T12:00:00
PO-DEMO-001881,2026-02-25,2026-09-20T12:00:00
PO-DEMO-001882,2026-02-26,2026-09-20T12:00:00
PO-DEMO-001883,2026-02-27,2026-09-20T12:00:00
PO-DEMO-001884,2026-02-28,2026-09-20T12:00:00
PO-DEMO-001885,2026-03-01,2026-09-20T12:00:00
PO-DEMO-001886,2026-03-02,2026-09-20T12:00:00
PO-DEMO-001887,2026-03-03,2026-09-20T12:00:00
PO-DEMO-001888,2026-03-04,2026-09-20T12:00:00
PO-DEMO-001889,2026-03-05,2026-09-20T12:00:00
PO-DEMO-001890,2026-03-06,2026-09-20T12:00:00
PO-DEMO-001891,2026-03-07,2026-09-20T12:00:00
PO-DEMO-001892,2026-03-08,2026-09-20T12:00:00
PO-DEMO-001893,2026-03-09,2026-09-20T12:00:00
PO-DEMO-001894,2026-03-10,2026-09-20T12:00:00
PO-DEMO-001895,2026-03-11,2026-09-20T12:00:00
PO-DEMO-001896,2026-03-12,2026-09-20T12:00:00
PO-DEMO-001897,2026-03-13,2026-09-20T12:00:00
PO-DEMO-001898,2026-03-14,2026-09-20T12:00:00
PO-DEMO-001899,2026-03-15,2026-09-20T12:00:00
PO-DEMO-001900,2026-03-16,2026-09-20T12:00:00
PO-DEMO-001901,2026-03-17,2026-09-20T12:00:00
PO-DEMO-001902,2026-03-18,2026-09-20T12:00:00
PO-DEMO-001903,2026-03-19,2026-09-20T12:00:00
PO-DEMO-001904,2026-03-20,2026-09-20T12:00:00
PO-DEMO-001905,2026-03-21,2026-09-20T12:00:00
PO-DEMO-001906,2026-03-22,2026-09-20T12:00:00
PO-DEMO-001907,2026-03-23,2026-09-20T12:00:00
PO-DEMO-001908,2026-03-24,2026-09-20T12:00:00
PO-DEMO-001909,2026-03-25,2026-09-20T12:00:00
PO-DEMO-001910,2026-03-26,2026-09-20T12:00:00
PO-DEMO-001911,2026-03-27,2026-09-20T12:00:00
PO-DEMO-001912,2026-03-28,2026-09-20T12:00:00
PO-DEMO-001913,2026-03-29,2026-09-20T12:00:00
PO-DEMO-001914,2026-03-30,2026-09-20T12:00:00
PO-DEMO-001915,2026-03-31,2026-09-20T12:00:00
PO-DEMO-001916,2026-04-01,2026-09-20T12:00:00
PO-DEMO-001917,2026-04-02,2026-09-20T12:00:00
PO-DEMO-001918,2026-04-03,2026-09-20T12:00:00
PO-DEMO-001919,2026-04-04,2026-09-20T12:00:00
PO-DEMO-001920,2026-04-05,2026-09-20T12:00:00
PO-DEMO-001921,2026-04-06,2026-09-20T12:00:00
PO-DEMO-001922,2026-04-07,2026-09-20T12:00:00
PO-DEMO-001923,2026-04-08,2026-09-20T12:00:00
PO-DEMO-001924,2026-04-09,2026-09-20T12:00:00
PO-DEMO-001925,2026-04-10,2026-09-20T12:00:00
PO-DEMO-001926,2026-04-11,2026-09-20T12:00:00
PO-DEMO-001927,2026-04-12,2026-09-20T12:00:00
PO-DEMO-001928,2026-04-13,2026-09-20T12:00:00
PO-DEMO-001929,2026-04-14,2026-09-20T12:00:00
PO-DEMO-001930,2026-04-15,2026-09-20T12:00:00
PO-DEMO-001931,2026-04-16,2026-09-20T12:00:00
PO-DEMO-001932,2026-04-17,2026-09-20T12:00:00
PO-DEMO-001933,2026-04-18,2026-09-20T12:00:00
PO-DEMO-001934,2026-04-19,2026-09-20T12:00:00
PO-DEMO-001935,2026-04-20,2026-09-20T12:00:00
PO-DEMO-001936,2026-04-21,2026-09-20T12:00:00
PO-DEMO-001937,2026-04-22,2026-09-20T12:00:00
PO-DEMO-001938,2026-04-23,2026-09-20T12:00:00
PO-DEMO-001939,2026-04-24,2026-09-20T12:00:00
PO-DEMO-001940,2026-04-25,2026-09-20T12:00:00
PO-DEMO-001941,2026-04-26,2026-09-20T12:00:00
PO-DEMO-001942,2026-04-27,2026-09-20T12:00:00
PO-DEMO-001943,2026-04-28,2026-09-20T12:00:00
PO-DEMO-001944,2026-04-29,2026-09-20T12:00:00
PO-DEMO-001945,2026-04-30,2026-09-20T12:00:00
PO-DEMO-001946,2026-05-01,2026-09-20T12:00:00
PO-DEMO-001947,2026-05-02,2026-09-20T12:00:00
PO-DEMO-001948,2026-05-03,2026-09-20T12:00:00
PO-DEMO-001949,2026-05-04,2026-09-20T12:00:00
PO-DEMO-001950,2026-05-05,2026-09-20T12:00:00
PO-DEMO-001951,2026-05-06,2026-09-20T12:00:00
PO-DEMO-001952,2026-05-07,2026-09-20T12:00:00
PO-DEMO-001953,2026-05-08,2026-09-20T12:00:00
PO-DEMO-001954,2026-05-09,2026-09-20T12:00:00
PO-DEMO-001955,2026-05-10,2026-09-20T12:00:00
PO-DEMO-001956,2026-05-11,2026-09-20T12:00:00
PO-DEMO-001957,2026-05-12,2026-09-20T12:00:00
PO-DEMO-001958,2026-05-13,2026-09-20T12:00:00
PO-DEMO-001959,2026-05-14,2026-09-20T12:00:00
PO-DEMO-001960,2026-05-15,2026-09-20T12:00:00
PO-DEMO-001961,2026-05-16,2026-09-20T12:00:00
PO-DEMO-001962,2026-05-17,2026-09-20T12:00:00
PO-DEMO-001963,2026-05-18,2026-09-20T12:00:00
PO-DEMO-001964,2026-05-19,2026-09-20T12:00:00
PO-DEMO-001965,2026-05-20,2026-09-20T12:00:00
PO-DEMO-001966,2026-05-21,2026-09-20T12:00:00
PO-DEMO-001967,2026-05-22,2026-09-20T12:00:00
PO-DEMO-001968,2026-05-23,2026-09-20T12:00:00
PO-DEMO-001969,2026-05-24,2026-09-20T12:00:00
PO-DEMO-001970,2026-05-25,2026-09-20T12:00:00
PO-DEMO-001971,2026-05-26,2026-09-20T12:00:00
PO-DEMO-001972,2026-05-27,2026-09-20T12:00:00
PO-DEMO-001973,2026-05-28,2026-09-20T12:00:00
PO-DEMO-001974,2026-05-29,2026-09-20T12:00:00
PO-DEMO-001975,2026-05-30,2026-09-20T12:00:00
PO-DEMO-001976,2026-05-31,2026-09-20T12:00:00
PO-DEMO-001977,2026-06-01,2026-09-20T12:00:00
PO-DEMO-001978,2026-06-02,2026-09-20T12:00:00
PO-DEMO-001979,2026-06-03,2026-09-20T12:00:00
PO-DEMO-001980,2026-06-04,2026-09-20T12:00:00
PO-DEMO-001981,2026-06-05,2026-09-20T12:00:00
PO-DEMO-001982,2026-06-06,2026-09-20T12:00:00
PO-DEMO-001983,2026-06-07,2026-09-20T12:00:00
PO-DEMO-001984,2026-06-08,2026-09-20T12:00:00
PO-DEMO-001985,2026-06-09,2026-09-20T12:00:00
PO-DEMO-001986,2026-06-10,2026-09-20T12:00:00
PO-DEMO-001987,2026-06-11,2026-09-20T12:00:00
PO-DEMO-001988,2026-06-12,2026-09-20T12:00:00
PO-DEMO-001989,2026-06-13,2026-09-20T12:00:00
PO-DEMO-001990,2026-06-14,2026-09-20T12:00:00
PO-DEMO-001991,2026-06-15,2026-09-20T12:00:00
PO-DEMO-001992,2026-06-16,2026-09-20T12:00:00
PO-DEMO-001993,2026-06-17,2026-09-20T12:00:00
PO-DEMO-001994,2026-06-18,2026-09-20T12:00:00
PO-DEMO-001995,2026-06-19,2026-09-20T12:00:00
PO-DEMO-001996,2026-06-20,2026-09-20T12:00:00
PO-DEMO-001997,2026-06-21,2026-09-20T12:00:00
PO-DEMO-001998,2026-06-22,2026-09-20T12:00:00
PO-DEMO-001999,2026-06-23,2026-09-20T12:00:00
PO-DEMO-002000,2026-06-24,2026-09-20T12:00:00
PO-DEMO-002001,2026-06-25,2026-09-20T12:00:00
PO-DEMO-002002,2026-06-26,2026-09-20T12:00:00
PO-DEMO-002003,2026-06-27,2026-09-20T12:00:00
PO-DEMO-002004,2026-06-28,2026-09-20T12:00:00
PO-DEMO-002005,2026-06-29,2026-09-20T12:00:00
PO-DEMO-002006,2026-06-30,2026-09-20T12:00:00
PO-DEMO-002007,2026-07-01,2026-09-20T12:00:00
PO-DEMO-002008,2026-07-02,2026-09-20T12:00:00
PO-DEMO-002009,2026-07-03,2026-09-20T12:00:00
PO-DEMO-002010,2026-07-04,2026-09-20T12:00:00
PO-DEMO-002011,2026-07-05,2026-09-20T12:00:00
PO-DEMO-002012,2026-07-06,2026-09-20T12:00:00
PO-DEMO-002013,2026-07-07,2026-09-20T12:00:00
PO-DEMO-002014,2026-07-08,2026-09-20T12:00:00
PO-DEMO-002015,2026-07-09,2026-09-20T12:00:00
PO-DEMO-002016,2026-07-10,2026-09-20T12:00:00
PO-DEMO-002017,2026-07-11,2026-09-20T12:00:00
PO-DEMO-002018,2026-07-12,2026-09-20T12:00:00
PO-DEMO-002019,2026-07-13,2026-09-20T12:00:00
PO-DEMO-002020,2026-07-14,2026-09-20T12:00:00
PO-DEMO-002021,2026-07-15,2026-09-20T12:00:00
PO-DEMO-002022,2026-07-16,2026-09-20T12:00:00
PO-DEMO-002023,2026-07-17,2026-09-20T12:00:00
PO-DEMO-002024,2026-07-18,2026-09-20T12:00:00
PO-DEMO-002025,2026-07-19,2026-09-20T12:00:00
PO-DEMO-002026,2026-07-20,2026-09-20T12:00:00
PO-DEMO-002027,2026-07-21,2026-09-20T12:00:00
PO-DEMO-002028,2026-07-22,2026-09-20T12:00:00
PO-DEMO-002029,2026-07-23,2026-09-20T12:00:00
PO-DEMO-002030,2026-07-24,2026-09-20T12:00:00
PO-DEMO-002031,2026-07-25,2026-09-20T12:00:00
PO-DEMO-002032,2026-07-26,2026-09-20T12:00:00
PO-DEMO-002033,2026-07-27,2026-09-20T12:00:00
PO-DEMO-002034,2026-07-28,2026-09-20T12:00:00
PO-DEMO-002035,2026-07-29,2026-09-20T12:00:00
PO-DEMO-002036,2026-07-30,2026-09-20T12:00:00
PO-DEMO-002037,2026-07-31,2026-09-20T12:00:00
PO-DEMO-002038,2026-08-01,2026-09-20T12:00:00
PO-DEMO-002039,2026-08-02,2026-09-20T12:00:00
PO-DEMO-002040,2026-08-03,2026-09-20T12:00:00
PO-DEMO-002041,2026-08-04,2026-09-20T12:00:00
PO-DEMO-002042,2026-08-05,2026-09-20T12:00:00
PO-DEMO-002043,2026-08-06,2026-09-20T12:00:00
PO-DEMO-002044,2026-08-07,2026-09-20T12:00:00
PO-DEMO-002045,2026-08-08,2026-09-20T12:00:00
PO-DEMO-002046,2026-08-09,2026-09-20T12:00:00
PO-DEMO-002047,2026-08-10,2026-09-20T12:00:00
PO-DEMO-002048,2026-08-11,2026-09-20T12:00:00
PO-DEMO-002049,2026-08-12,2026-09-20T12:00:00
PO-DEMO-002050,2026-08-13,2026-09-20T12:00:00
PO-DEMO-002051,2026-08-14,2026-09-20T12:00:00
PO-DEMO-002052,2026-08-15,2026-09-20T12:00:00
PO-DEMO-002053,2026-08-16,2026-09-20T12:00:00
PO-DEMO-002054,2026-08-17,2026-09-20T12:00:00
PO-DEMO-002055,2026-08-18,2026-09-20T12:00:00
PO-DEMO-002056,2026-08-19,2026-09-20T12:00:00
PO-DEMO-002057,2026-08-20,2026-09-20T12:00:00
PO-DEMO-002058,2026-08-21,2026-09-20T12:00:00
PO-DEMO-002059,2026-08-22,2026-09-20T12:00:00
PO-DEMO-002060,2026-08-23,2026-09-20T12:00:00
PO-DEMO-002061,2026-08-24,2026-09-20T12:00:00
PO-DEMO-002062,2026-08-25,2026-09-20T12:00:00
PO-DEMO-002063,2026-08-26,2026-09-20T12:00:00
PO-DEMO-002064,2026-08-27,2026-09-20T12:00:00
PO-DEMO-002065,2026-08-28,2026-09-20T12:00:00
PO-DEMO-002066,2026-08-29,2026-09-20T12:00:00
PO-DEMO-002067,2026-08-30,2026-09-20T12:00:00
PO-DEMO-002068,2026-08-31,2026-09-20T12:00:00
PO-DEMO-002069,2026-09-01,2026-09-20T12:00:00
PO-DEMO-002070,2026-09-02,2026-09-20T12:00:00
PO-DEMO-002071,2026-09-03,2026-09-20T12:00:00
PO-DEMO-002072,2026-09-04,2026-09-20T12:00:00
PO-DEMO-002073,2026-09-05,2026-09-20T12:00:00
PO-DEMO-002074,2026-09-06,2026-09-20T12:00:00
PO-DEMO-002075,2026-09-07,2026-09-20T12:00:00
PO-DEMO-002076,2026-09-08,2026-09-20T12:00:00
PO-DEMO-002077,2026-09-09,2026-09-20T12:00:00
PO-DEMO-002078,2026-09-10,2026-09-20T12:00:00
PO-DEMO-002079,2026-09-11,2026-09-20T12:00:00
PO-DEMO-002080,2026-09-12,2026-09-20T12:00:00
PO-DEMO-002081,2026-09-13,2026-09-20T12:00:00
PO-DEMO-002082,2026-09-14,2026-09-20T12:00:00
PO-DEMO-002083,2026-09-15,2026-09-20T12:00:00
PO-DEMO-002084,2026-09-16,2026-09-20T12:00:00
PO-DEMO-002085,2026-09-17,2026-09-20T12:00:00
PO-DEMO-002086,2026-09-18,2026-09-20T12:00:00
PO-DEMO-002087,2026-09-19,2026-09-20T12:00:00
PO-DEMO-002088,2026-09-20,2026-09-20T12:00:00
PO-DEMO-002089,2026-09-21,2026-09-20T12:00:00
PO-DEMO-002090,2026-09-22,2026-09-20T12:00:00
PO-DEMO-002091,2026-09-23,2026-09-20T12:00:00
PO-DEMO-002092,2026-09-24,2026-09-20T12:00:00
PO-DEMO-002093,2026-09-25,2026-09-20T12:00:00
PO-DEMO-002094,2026-09-26,2026-09-20T12:00:00
PO-DEMO-002095,2026-09-27,2026-09-20T12:00:00
PO-DEMO-002096,2026-09-28,2026-09-20T12:00:00
PO-DEMO-002097,2026-09-29,2026-09-20T12:00:00
PO-DEMO-002098,2026-09-30,2026-09-20T12:00:00
PO-DEMO-002099,2026-10-01,2026-09-20T12:00:00
PO-DEMO-002100,2026-10-02,2026-09-20T12:00:00
PO-DEMO-002101,2026-10-03,2026-09-20T12:00:00
PO-DEMO-002102,2026-10-04,2026-09-20T12:00:00
PO-DEMO-002103,2026-10-05,2026-09-20T12:00:00
PO-DEMO-002104,2026-10-06,2026-09-20T12:00:00
PO-DEMO-002105,2026-10-07,2026-09-20T12:00:00
PO-DEMO-002106,2026-10-08,2026-09-20T12:00:00
PO-DEMO-002107,2026-10-09,2026-09-20T12:00:00
PO-DEMO-002108,2026-10-10,2026-09-20T12:00:00
PO-DEMO-002109,2026-10-11,2026-09-20T12:00:00
PO-DEMO-002110,2026-10-12,2026-09-20T12:00:00
PO-DEMO-002111,2026-10-13,2026-09-20T12:00:00
PO-DEMO-002112,2026-10-14,2026-09-20T12:00:00
PO-DEMO-002113,2026-10-15,2026-09-20T12:00:00
PO-DEMO-002114,2026-10-16,2026-09-20T12:00:00
PO-DEMO-002115,2026-10-17,2026-09-20T12:00:00
PO-DEMO-002116,2026-10-18,2026-09-20T12:00:00
PO-DEMO-002117,2026-10-19,2026-09-20T12:00:00
PO-DEMO-002118,2026-10-20,2026-09-20T12:00:00
PO-DEMO-002119,2026-10-21,2026-09-20T12:00:00
PO-DEMO-002120,2026-10-22,2026-09-20T12:00:00
PO-DEMO-002121,2026-10-23,2026-09-20T12:00:00
PO-DEMO-002122,2026-10-24,2026-09-20T12:00:00
PO-DEMO-002123,2026-10-25,2026-09-20T12:00:00
PO-DEMO-002124,2026-10-26,2026-09-20T12:00:00
PO-DEMO-002125,2026-10-27,2026-09-20T12:00:00
PO-DEMO-002126,2026-10-28,2026-09-20T12:00:00
PO-DEMO-002127,2026-10-29,2026-09-20T12:00:00
PO-DEMO-002128,2026-10-30,2026-09-20T12:00:00
PO-DEMO-002129,2026-10-31,2026-09-20T12:00:00
PO-DEMO-002130,2026-11-01,2026-09-20T12:00:00
PO-DEMO-002131,2026-11-02,2026-09-20T12:00:00
PO-DEMO-002132,2026-11-03,2026-09-20T12:00:00
PO-DEMO-002133,2026-11-04,2026-09-20T12:00:00
PO-DEMO-002134,2026-11-05,2026-09-20T12:00:00
PO-DEMO-002135,2026-11-06,2026-09-20T12:00:00
PO-DEMO-002136,2026-11-07,2026-09-20T12:00:00
PO-DEMO-002137,2026-11-08,2026-09-20T12:00:00
PO-DEMO-002138,2026-11-09,2026-09-20T12:00:00
PO-DEMO-002139,2026-11-10,2026-09-20T12:00:00
PO-DEMO-002140,2026-11-11,2026-09-20T12:00:00
PO-DEMO-002141,2026-11-12,2026-09-20T12:00:00
PO-DEMO-002142,2026-11-13,2026-09-20T12:00:00
PO-DEMO-002143,2026-11-14,2026-09-20T12:00:00
PO-DEMO-002144,2026-11-15,2026-09-20T12:00:00
PO-DEMO-002145,2026-11-16,2026-09-20T12:00:00
PO-DEMO-002146,2026-11-17,2026-09-20T12:00:00
PO-DEMO-002147,2026-11-18,2026-09-20T12:00:00
PO-DEMO-002148,2026-11-19,2026-09-20T12:00:00
PO-DEMO-002149,2026-11-20,2026-09-20T12:00:00
PO-DEMO-002150,2026-11-21,2026-09-20T12:00:00
PO-DEMO-002151,2026-11-22,2026-09-20T12:00:00
PO-DEMO-002152,2026-11-23,2026-09-20T12:00:00
PO-DEMO-002153,2026-11-24,2026-09-20T12:00:00
PO-DEMO-002154,2026-11-25,2026-09-20T12:00:00
PO-DEMO-002155,2026-11-26,2026-09-20T12:00:00
PO-DEMO-002156,2026-11-27,2026-09-20T12:00:00
PO-DEMO-002157,2026-11-28,2026-09-20T12:00:00
PO-DEMO-002158,2026-11-29,2026-09-20T12:00:00
PO-DEMO-002159,2026-11-30,2026-09-20T12:00:00
PO-DEMO-002160,2026-12-01,2026-09-20T12:00:00
PO-DEMO-002161,2026-12-02,2026-09-20T12:00:00
PO-DEMO-002162,2026-12-03,2026-09-20T12:00:00
PO-DEMO-002163,2026-12-04,2026-09-20T12:00:00
PO-DEMO-002164,2026-12-05,2026-09-20T12:00:00
PO-DEMO-002165,2026-12-06,2026-09-20T12:00:00
PO-DEMO-002166,2026-12-07,2026-09-20T12:00:00
PO-DEMO-002167,2026-12-08,2026-09-20T12:00:00
PO-DEMO-002168,2026-12-09,2026-09-20T12:00:00
PO-DEMO-002169,2026-12-10,2026-09-20T12:00:00
PO-DEMO-002170,2026-12-11,2026-09-20T12:00:00
PO-DEMO-002171,2026-12-12,2026-09-20T12:00:00
PO-DEMO-002172,2026-12-13,2026-09-20T12:00:00
PO-DEMO-002173,2026-12-14,2026-09-20T12:00:00
PO-DEMO-002174,2026-12-15,2026-09-20T12:00:00
PO-DEMO-002175,2026-12-16,2026-09-20T12:00:00
PO-DEMO-002176,2026-12-17,2026-09-20T12:00:00
PO-DEMO-002177,2026-12-18,2026-09-20T12:00:00
PO-DEMO-002178,2026-12-19,2026-09-20T12:00:00
PO-DEMO-002179,2026-12-20,2026-09-20T12:00:00
PO-DEMO-002180,2026-12-21,2026-09-20T12:00:00
PO-DEMO-002181,2026-12-22,2026-09-20T12:00:00
PO-DEMO-002182,2026-12-23,2026-09-20T12:00:00
PO-DEMO-002183,2026-12-24,2026-09-20T12:00:00
PO-DEMO-002184,2026-12-25,2026-09-20T12:00:00
PO-DEMO-002185,2026-12-26,2026-09-20T12:00:00
PO-DEMO-002186,2026-12-27,2026-09-20T12:00:00
PO-DEMO-002187,2026-12-28,2026-09-20T12:00:00
PO-DEMO-002188,2026-12-29,2026-09-20T12:00:00
PO-DEMO-002189,2026-12-30,2026-09-20T12:00:00
PO-DEMO-002190,2026-12-31,2026-09-20T12:00:00
PO-DEMO-002191,2026-01-01,2026-09-20T12:00:00
PO-DEMO-002192,2026-01-02,2026-09-20T12:00:00
PO-DEMO-002193,2026-01-03,2026-09-20T12:00:00
PO-DEMO-002194,2026-01-04,2026-09-20T12:00:00
PO-DEMO-002195,2026-01-05,2026-09-20T12:00:00
PO-DEMO-002196,2026-01-06,2026-09-20T12:00:00
PO-DEMO-002197,2026-01-07,2026-09-20T12:00:00
PO-DEMO-002198,2026-01-08,2026-09-20T12:00:00
PO-DEMO-002199,2026-01-09,2026-09-20T12:00:00
PO-DEMO-002200,2026-01-10,2026-09-20T12:00:00
PO-DEMO-002201,2026-01-11,2026-09-20T12:00:00
PO-DEMO-002202,2026-01-12,2026-09-20T12:00:00
PO-DEMO-002203,2026-01-13,2026-09-20T12:00:00
PO-DEMO-002204,2026-01-14,2026-09-20T12:00:00
PO-DEMO-002205,2026-01-15,2026-09-20T12:00:00
PO-DEMO-002206,2026-01-16,2026-09-20T12:00:00
PO-DEMO-002207,2026-01-17,2026-09-20T12:00:00
PO-DEMO-002208,2026-01-18,2026-09-20T12:00:00
PO-DEMO-002209,2026-01-19,2026-09-20T12:00:00
PO-DEMO-002210,2026-01-20,2026-09-20T12:00:00
PO-DEMO-002211,2026-01-21,2026-09-20T12:00:00
PO-DEMO-002212,2026-01-22,2026-09-20T12:00:00
PO-DEMO-002213,2026-01-23,2026-09-20T12:00:00
PO-DEMO-002214,2026-01-24,2026-09-20T12:00:00
PO-DEMO-002215,2026-01-25,2026-09-20T12:00:00
PO-DEMO-002216,2026-01-26,2026-09-20T12:00:00
PO-DEMO-002217,2026-01-27,2026-09-20T12:00:00
PO-DEMO-002218,2026-01-28,2026-09-20T12:00:00
PO-DEMO-002219,2026-01-29,2026-09-20T12:00:00
PO-DEMO-002220,2026-01-30,2026-09-20T12:00:00
PO-DEMO-002221,2026-01-31,2026-09-20T12:00:00
PO-DEMO-002222,2026-02-01,2026-09-20T12:00:00
PO-DEMO-002223,2026-02-02,2026-09-20T12:00:00
PO-DEMO-002224,2026-02-03,2026-09-20T12:00:00
PO-DEMO-002225,2026-02-04,2026-09-20T12:00:00
PO-DEMO-002226,2026-02-05,2026-09-20T12:00:00
PO-DEMO-002227,2026-02-06,2026-09-20T12:00:00
PO-DEMO-002228,2026-02-07,2026-09-20T12:00:00
PO-DEMO-002229,2026-02-08,2026-09-20T12:00:00
PO-DEMO-002230,2026-02-09,2026-09-20T12:00:00
PO-DEMO-002231,2026-02-10,2026-09-20T12:00:00
PO-DEMO-002232,2026-02-11,2026-09-20T12:00:00
PO-DEMO-002233,2026-02-12,2026-09-20T12:00:00
PO-DEMO-002234,2026-02-13,2026-09-20T12:00:00
PO-DEMO-002235,2026-02-14,2026-09-20T12:00:00
PO-DEMO-002236,2026-02-15,2026-09-20T12:00:00
PO-DEMO-002237,2026-02-16,2026-09-20T12:00:00
PO-DEMO-002238,2026-02-17,2026-09-20T12:00:00
PO-DEMO-002239,2026-02-18,2026-09-20T12:00:00
PO-DEMO-002240,2026-02-19,2026-09-20T12:00:00
PO-DEMO-002241,2026-02-20,2026-09-20T12:00:00
PO-DEMO-002242,2026-02-21,2026-09-20T12:00:00
PO-DEMO-002243,2026-02-22,2026-09-20T12:00:00
PO-DEMO-002244,2026-02-23,2026-09-20T12:00:00
PO-DEMO-002245,2026-02-24,2026-09-20T12:00:00
PO-DEMO-002246,2026-02-25,2026-09-20T12:00:00
PO-DEMO-002247,2026-02-26,2026-09-20T12:00:00
PO-DEMO-002248,2026-02-27,2026-09-20T12:00:00
PO-DEMO-002249,2026-02-28,2026-09-20T12:00:00
PO-DEMO-002250,2026-03-01,2026-09-20T12:00:00
PO-DEMO-002251,2026-03-02,2026-09-20T12:00:00
PO-DEMO-002252,2026-03-03,2026-09-20T12:00:00
PO-DEMO-002253,2026-03-04,2026-09-20T12:00:00
PO-DEMO-002254,2026-03-05,2026-09-20T12:00:00
PO-DEMO-002255,2026-03-06,2026-09-20T12:00:00
PO-DEMO-002256,2026-03-07,2026-09-20T12:00:00
PO-DEMO-002257,2026-03-08,2026-09-20T12:00:00
PO-DEMO-002258,2026-03-09,2026-09-20T12:00:00
PO-DEMO-002259,2026-03-10,2026-09-20T12:00:00
PO-DEMO-002260,2026-03-11,2026-09-20T12:00:00
PO-DEMO-002261,2026-03-12,2026-09-20T12:00:00
PO-DEMO-002262,2026-03-13,2026-09-20T12:00:00
PO-DEMO-002263,2026-03-14,2026-09-20T12:00:00
PO-DEMO-002264,2026-03-15,2026-09-20T12:00:00
PO-DEMO-002265,2026-03-16,2026-09-20T12:00:00
PO-DEMO-002266,2026-03-17,2026-09-20T12:00:00
PO-DEMO-002267,2026-03-18,2026-09-20T12:00:00
PO-DEMO-002268,2026-03-19,2026-09-20T12:00:00
PO-DEMO-002269,2026-03-20,2026-09-20T12:00:00
PO-DEMO-002270,2026-03-21,2026-09-20T12:00:00
PO-DEMO-002271,2026-03-22,2026-09-20T12:00:00
PO-DEMO-002272,2026-03-23,2026-09-20T12:00:00
PO-DEMO-002273,2026-03-24,2026-09-20T12:00:00
PO-DEMO-002274,2026-03-25,2026-09-20T12:00:00
PO-DEMO-002275,2026-03-26,2026-09-20T12:00:00
PO-DEMO-002276,2026-03-27,2026-09-20T12:00:00
PO-DEMO-002277,2026-03-28,2026-09-20T12:00:00
PO-DEMO-002278,2026-03-29,2026-09-20T12:00:00
PO-DEMO-002279,2026-03-30,2026-09-20T12:00:00
PO-DEMO-002280,2026-03-31,2026-09-20T12:00:00
PO-DEMO-002281,2026-04-01,2026-09-20T12:00:00
PO-DEMO-002282,2026-04-02,2026-09-20T12:00:00
PO-DEMO-002283,2026-04-03,2026-09-20T12:00:00
PO-DEMO-002284,2026-04-04,2026-09-20T12:00:00
PO-DEMO-002285,2026-04-05,2026-09-20T12:00:00
PO-DEMO-002286,2026-04-06,2026-09-20T12:00:00
PO-DEMO-002287,2026-04-07,2026-09-20T12:00:00
PO-DEMO-002288,2026-04-08,2026-09-20T12:00:00
PO-DEMO-002289,2026-04-09,2026-09-20T12:00:00
PO-DEMO-002290,2026-04-10,2026-09-20T12:00:00
PO-DEMO-002291,2026-04-11,2026-09-20T12:00:00
PO-DEMO-002292,2026-04-12,2026-09-20T12:00:00
PO-DEMO-002293,2026-04-13,2026-09-20T12:00:00
PO-DEMO-002294,2026-04-14,2026-09-20T12:00:00
PO-DEMO-002295,2026-04-15,2026-09-20T12:00:00
PO-DEMO-002296,2026-04-16,2026-09-20T12:00:00
PO-DEMO-002297,2026-04-17,2026-09-20T12:00:00
PO-DEMO-002298,2026-04-18,2026-09-20T12:00:00
PO-DEMO-002299,2026-04-19,2026-09-20T12:00:00
PO-DEMO-002300,2026-04-20,2026-09-20T12:00:00
PO-DEMO-002301,2026-04-21,2026-09-20T12:00:00
PO-DEMO-002302,2026-04-22,2026-09-20T12:00:00
PO-DEMO-002303,2026-04-23,2026-09-20T12:00:00
PO-DEMO-002304,2026-04-24,2026-09-20T12:00:00
PO-DEMO-002305,2026-04-25,2026-09-20T12:00:00
PO-DEMO-002306,2026-04-26,2026-09-20T12:00:00
PO-DEMO-002307,2026-04-27,2026-09-20T12:00:00
PO-DEMO-002308,2026-04-28,2026-09-20T12:00:00
PO-DEMO-002309,2026-04-29,2026-09-20T12:00:00
PO-DEMO-002310,2026-04-30,2026-09-20T12:00:00
PO-DEMO-002311,2026-05-01,2026-09-20T12:00:00
PO-DEMO-002312,2026-05-02,2026-09-20T12:00:00
PO-DEMO-002313,2026-05-03,2026-09-20T12:00:00
PO-DEMO-002314,2026-05-04,2026-09-20T12:00:00
PO-DEMO-002315,2026-05-05,2026-09-20T12:00:00
PO-DEMO-002316,2026-05-06,2026-09-20T12:00:00
PO-DEMO-002317,2026-05-07,2026-09-20T12:00:00
PO-DEMO-002318,2026-05-08,2026-09-20T12:00:00
PO-DEMO-002319,2026-05-09,2026-09-20T12:00:00
PO-DEMO-002320,2026-05-10,2026-09-20T12:00:00
PO-DEMO-002321,2026-05-11,2026-09-20T12:00:00
PO-DEMO-002322,2026-05-12,2026-09-20T12:00:00
PO-DEMO-002323,2026-05-13,2026-09-20T12:00:00
PO-DEMO-002324,2026-05-14,2026-09-20T12:00:00
PO-DEMO-002325,2026-05-15,2026-09-20T12:00:00
PO-DEMO-002326,2026-05-16,2026-09-20T12:00:00
PO-DEMO-002327,2026-05-17,2026-09-20T12:00:00
PO-DEMO-002328,2026-05-18,2026-09-20T12:00:00
PO-DEMO-002329,2026-05-19,2026-09-20T12:00:00
PO-DEMO-002330,2026-05-20,2026-09-20T12:00:00
PO-DEMO-002331,2026-05-21,2026-09-20T12:00:00
PO-DEMO-002332,2026-05-22,2026-09-20T12:00:00
PO-DEMO-002333,2026-05-23,2026-09-20T12:00:00
PO-DEMO-002334,2026-05-24,2026-09-20T12:00:00
PO-DEMO-002335,2026-05-25,2026-09-20T12:00:00
PO-DEMO-002336,2026-05-26,2026-09-20T12:00:00
PO-DEMO-002337,2026-05-27,2026-09-20T12:00:00
PO-DEMO-002338,2026-05-28,2026-09-20T12:00:00
PO-DEMO-002339,2026-05-29,2026-09-20T12:00:00
PO-DEMO-002340,2026-05-30,2026-09-20T12:00:00
PO-DEMO-002341,2026-05-31,2026-09-20T12:00:00
PO-DEMO-002342,2026-06-01,2026-09-20T12:00:00
PO-DEMO-002343,2026-06-02,2026-09-20T12:00:00
PO-DEMO-002344,2026-06-03,2026-09-20T12:00:00
PO-DEMO-002345,2026-06-04,2026-09-20T12:00:00
PO-DEMO-002346,2026-06-05,2026-09-20T12:00:00
PO-DEMO-002347,2026-06-06,2026-09-20T12:00:00
PO-DEMO-002348,2026-06-07,2026-09-20T12:00:00
PO-DEMO-002349,2026-06-08,2026-09-20T12:00:00
PO-DEMO-002350,2026-06-09,2026-09-20T12:00:00
PO-DEMO-002351,2026-06-10,2026-09-20T12:00:00
PO-DEMO-002352,2026-06-11,2026-09-20T12:00:00
PO-DEMO-002353,2026-06-12,2026-09-20T12:00:00
PO-DEMO-002354,2026-06-13,2026-09-20T12:00:00
PO-DEMO-002355,2026-06-14,2026-09-20T12:00:00
PO-DEMO-002356,2026-06-15,2026-09-20T12:00:00
PO-DEMO-002357,2026-06-16,2026-09-20T12:00:00
PO-DEMO-002358,2026-06-17,2026-09-20T12:00:00
PO-DEMO-002359,2026-06-18,2026-09-20T12:00:00
PO-DEMO-002360,2026-06-19,2026-09-20T12:00:00
PO-DEMO-002361,2026-06-20,2026-09-20T12:00:00
PO-DEMO-002362,2026-06-21,2026-09-20T12:00:00
PO-DEMO-002363,2026-06-22,2026-09-20T12:00:00
PO-DEMO-002364,2026-06-23,2026-09-20T12:00:00
PO-DEMO-002365,2026-06-24,2026-09-20T12:00:00
PO-DEMO-002366,2026-06-25,2026-09-20T12:00:00
PO-DEMO-002367,2026-06-26,2026-09-20T12:00:00
PO-DEMO-002368,2026-06-27,2026-09-20T12:00:00
PO-DEMO-002369,2026-06-28,2026-09-20T12:00:00
PO-DEMO-002370,2026-06-29,2026-09-20T12:00:00
PO-DEMO-002371,2026-06-30,2026-09-20T12:00:00
PO-DEMO-002372,2026-07-01,2026-09-20T12:00:00
PO-DEMO-002373,2026-07-02,2026-09-20T12:00:00
PO-DEMO-002374,2026-07-03,2026-09-20T12:00:00
PO-DEMO-002375,2026-07-04,2026-09-20T12:00:00
PO-DEMO-002376,2026-07-05,2026-09-20T12:00:00
PO-DEMO-002377,2026-07-06,2026-09-20T12:00:00
PO-DEMO-002378,2026-07-07,2026-09-20T12:00:00
PO-DEMO-002379,2026-07-08,2026-09-20T12:00:00
PO-DEMO-002380,2026-07-09,2026-09-20T12:00:00
PO-DEMO-002381,2026-07-10,2026-09-20T12:00:00
PO-DEMO-002382,2026-07-11,2026-09-20T12:00:00
PO-DEMO-002383,2026-07-12,2026-09-20T12:00:00
PO-DEMO-002384,2026-07-13,2026-09-20T12:00:00
PO-DEMO-002385,2026-07-14,2026-09-20T12:00:00
PO-DEMO-002386,2026-07-15,2026-09-20T12:00:00
PO-DEMO-002387,2026-07-16,2026-09-20T12:00:00
PO-DEMO-002388,2026-07-17,2026-09-20T12:00:00
PO-DEMO-002389,2026-07-18,2026-09-20T12:00:00
PO-DEMO-002390,2026-07-19,2026-09-20T12:00:00
PO-DEMO-002391,2026-07-20,2026-09-20T12:00:00
PO-DEMO-002392,2026-07-21,2026-09-20T12:00:00
PO-DEMO-002393,2026-07-22,2026-09-20T12:00:00
PO-DEMO-002394,2026-07-23,2026-09-20T12:00:00
PO-DEMO-002395,2026-07-24,2026-09-20T12:00:00
PO-DEMO-002396,2026-07-25,2026-09-20T12:00:00
PO-DEMO-002397,2026-07-26,2026-09-20T12:00:00
PO-DEMO-002398,2026-07-27,2026-09-20T12:00:00
PO-DEMO-002399,2026-07-28,2026-09-20T12:00:00
PO-DEMO-002400,2026-07-29,2026-09-20T12:00:00
PO-DEMO-002401,2026-07-30,2026-09-20T12:00:00
PO-DEMO-002402,2026-07-31,2026-09-20T12:00:00
PO-DEMO-002403,2026-08-01,2026-09-20T12:00:00
PO-DEMO-002404,2026-08-02,2026-09-20T12:00:00
PO-DEMO-002405,2026-08-03,2026-09-20T12:00:00
PO-DEMO-002406,2026-08-04,2026-09-20T12:00:00
PO-DEMO-002407,2026-08-05,2026-09-20T12:00:00
PO-DEMO-002408,2026-08-06,2026-09-20T12:00:00
PO-DEMO-002409,2026-08-07,2026-09-20T12:00:00
PO-DEMO-002410,2026-08-08,2026-09-20T12:00:00
PO-DEMO-002411,2026-08-09,2026-09-20T12:00:00
PO-DEMO-002412,2026-08-10,2026-09-20T12:00:00
PO-DEMO-002413,2026-08-11,2026-09-20T12:00:00
PO-DEMO-002414,2026-08-12,2026-09-20T12:00:00
PO-DEMO-002415,2026-08-13,2026-09-20T12:00:00
PO-DEMO-002416,2026-08-14,2026-09-20T12:00:00
PO-DEMO-002417,2026-08-15,2026-09-20T12:00:00
PO-DEMO-002418,2026-08-16,2026-09-20T12:00:00
PO-DEMO-002419,2026-08-17,2026-09-20T12:00:00
PO-DEMO-002420,2026-08-18,2026-09-20T12:00:00
PO-DEMO-002421,2026-08-19,2026-09-20T12:00:00
PO-DEMO-002422,2026-08-20,2026-09-20T12:00:00
PO-DEMO-002423,2026-08-21,2026-09-20T12:00:00
PO-DEMO-002424,2026-08-22,2026-09-20T12:00:00
PO-DEMO-002425,2026-08-23,2026-09-20T12:00:00
PO-DEMO-002426,2026-08-24,2026-09-20T12:00:00
PO-DEMO-002427,2026-08-25,2026-09-20T12:00:00
PO-DEMO-002428,2026-08-26,2026-09-20T12:00:00
PO-DEMO-002429,2026-08-27,2026-09-20T12:00:00
PO-DEMO-002430,2026-08-28,2026-09-20T12:00:00
PO-DEMO-002431,2026-08-29,2026-09-20T12:00:00
PO-DEMO-002432,2026-08-30,2026-09-20T12:00:00
PO-DEMO-002433,2026-08-31,2026-09-20T12:00:00
PO-DEMO-002434,2026-09-01,2026-09-20T12:00:00
PO-DEMO-002435,2026-09-02,2026-09-20T12:00:00
PO-DEMO-002436,2026-09-03,2026-09-20T12:00:00
PO-DEMO-002437,2026-09-04,2026-09-20T12:00:00
PO-DEMO-002438,2026-09-05,2026-09-20T12:00:00
PO-DEMO-002439,2026-09-06,2026-09-20T12:00:00
PO-DEMO-002440,2026-09-07,2026-09-20T12:00:00
PO-DEMO-002441,2026-09-08,2026-09-20T12:00:00
PO-DEMO-002442,2026-09-09,2026-09-20T12:00:00
PO-DEMO-002443,2026-09-10,2026-09-20T12:00:00
PO-DEMO-002444,2026-09-11,2026-09-20T12:00:00
PO-DEMO-002445,2026-09-12,2026-09-20T12:00:00
PO-DEMO-002446,2026-09-13,2026-09-20T12:00:00
PO-DEMO-002447,2026-09-14,2026-09-20T12:00:00
PO-DEMO-002448,2026-09-15,2026-09-20T12:00:00
PO-DEMO-002449,2026-09-16,2026-09-20T12:00:00
PO-DEMO-002450,2026-09-17,2026-09-20T12:00:00
PO-DEMO-002451,2026-09-18,2026-09-20T12:00:00
PO-DEMO-002452,2026-09-19,2026-09-20T12:00:00
PO-DEMO-002453,2026-09-20,2026-09-20T12:00:00
PO-DEMO-002454,2026-09-21,2026-09-20T12:00:00
PO-DEMO-002455,2026-09-22,2026-09-20T12:00:00
PO-DEMO-002456,2026-09-23,2026-09-20T12:00:00
PO-DEMO-002457,2026-09-24,2026-09-20T12:00:00
PO-DEMO-002458,2026-09-25,2026-09-20T12:00:00
PO-DEMO-002459,2026-09-26,2026-09-20T12:00:00
PO-DEMO-002460,2026-09-27,2026-09-20T12:00:00
PO-DEMO-002461,2026-09-28,2026-09-20T12:00:00
PO-DEMO-002462,2026-09-29,2026-09-20T12:00:00
PO-DEMO-002463,2026-09-30,2026-09-20T12:00:00
PO-DEMO-002464,2026-10-01,2026-09-20T12:00:00
PO-DEMO-002465,2026-10-02,2026-09-20T12:00:00
PO-DEMO-002466,2026-10-03,2026-09-20T12:00:00
PO-DEMO-002467,2026-10-04,2026-09-20T12:00:00
PO-DEMO-002468,2026-10-05,2026-09-20T12:00:00
PO-DEMO-002469,2026-10-06,2026-09-20T12:00:00
PO-DEMO-002470,2026-10-07,2026-09-20T12:00:00
PO-DEMO-002471,2026-10-08,2026-09-20T12:00:00
PO-DEMO-002472,2026-10-09,2026-09-20T12:00:00
PO-DEMO-002473,2026-10-10,2026-09-20T12:00:00
PO-DEMO-002474,2026-10-11,2026-09-20T12:00:00
PO-DEMO-002475,2026-10-12,2026-09-20T12:00:00
PO-DEMO-002476,2026-10-13,2026-09-20T12:00:00
PO-DEMO-002477,2026-10-14,2026-09-20T12:00:00
PO-DEMO-002478,2026-10-15,2026-09-20T12:00:00
PO-DEMO-002479,2026-10-16,2026-09-20T12:00:00
PO-DEMO-002480,2026-10-17,2026-09-20T12:00:00
PO-DEMO-002481,2026-10-18,2026-09-20T12:00:00
PO-DEMO-002482,2026-10-19,2026-09-20T12:00:00
PO-DEMO-002483,2026-10-20,2026-09-20T12:00:00
PO-DEMO-002484,2026-10-21,2026-09-20T12:00:00
PO-DEMO-002485,2026-10-22,2026-09-20T12:00:00
PO-DEMO-002486,2026-10-23,2026-09-20T12:00:00
PO-DEMO-002487,2026-10-24,2026-09-20T12:00:00
PO-DEMO-002488,2026-10-25,2026-09-20T12:00:00
PO-DEMO-002489,2026-10-26,2026-09-20T12:00:00
PO-DEMO-002490,2026-10-27,2026-09-20T12:00:00
PO-DEMO-002491,2026-10-28,2026-09-20T12:00:00
PO-DEMO-002492,2026-10-29,2026-09-20T12:00:00
PO-DEMO-002493,2026-10-30,2026-09-20T12:00:00
PO-DEMO-002494,2026-10-31,2026-09-20T12:00:00
PO-DEMO-002495,2026-11-01,2026-09-20T12:00:00
PO-DEMO-002496,2026-11-02,2026-09-20T12:00:00
PO-DEMO-002497,2026-11-03,2026-09-20T12:00:00
PO-DEMO-002498,2026-11-04,2026-09-20T12:00:00
PO-DEMO-002499,2026-11-05,2026-09-20T12:00:00
PO-DEMO-002500,2026-11-06,2026-09-20T12:00:00
PO-DEMO-002501,2026-11-07,2026-09-20T12:00:00
PO-DEMO-002502,2026-11-08,2026-09-20T12:00:00
PO-DEMO-002503,2026-11-09,2026-09-20T12:00:00
PO-DEMO-002504,2026-11-10,2026-09-20T12:00:00
PO-DEMO-002505,2026-11-11,2026-09-20T12:00:00
PO-DEMO-002506,2026-11-12,2026-09-20T12:00:00
PO-DEMO-002507,2026-11-13,2026-09-20T12:00:00
PO-DEMO-002508,2026-11-14,2026-09-20T12:00:00
PO-DEMO-002509,2026-11-15,2026-09-20T12:00:00
PO-DEMO-002510,2026-11-16,2026-09-20T12:00:00
PO-DEMO-002511,2026-11-17,2026-09-20T12:00:00
PO-DEMO-002512,2026-11-18,2026-09-20T12:00:00
PO-DEMO-002513,2026-11-19,2026-09-20T12:00:00
PO-DEMO-002514,2026-11-20,2026-09-20T12:00:00
PO-DEMO-002515,2026-11-21,2026-09-20T12:00:00
PO-DEMO-002516,2026-11-22,2026-09-20T12:00:00
PO-DEMO-002517,2026-11-23,2026-09-20T12:00:00
PO-DEMO-002518,2026-11-24,2026-09-20T12:00:00
PO-DEMO-002519,2026-11-25,2026-09-20T12:00:00
PO-DEMO-002520,2026-11-26,2026-09-20T12:00:00
PO-DEMO-002521,2026-11-27,2026-09-20T12:00:00
PO-DEMO-002522,2026-11-28,2026-09-20T12:00:00
PO-DEMO-002523,2026-11-29,2026-09-20T12:00:00
PO-DEMO-002524,2026-11-30,2026-09-20T12:00:00
PO-DEMO-002525,2026-12-01,2026-09-20T12:00:00
PO-DEMO-002526,2026-12-02,2026-09-20T12:00:00
PO-DEMO-002527,2026-12-03,2026-09-20T12:00:00
PO-DEMO-002528,2026-12-04,2026-09-20T12:00:00
PO-DEMO-002529,2026-12-05,2026-09-20T12:00:00
PO-DEMO-002530,2026-12-06,2026-09-20T12:00:00
PO-DEMO-002531,2026-12-07,2026-09-20T12:00:00
PO-DEMO-002532,2026-12-08,2026-09-20T12:00:00
PO-DEMO-002533,2026-12-09,2026-09-20T12:00:00
PO-DEMO-002534,2026-12-10,2026-09-20T12:00:00
PO-DEMO-002535,2026-12-11,2026-09-20T12:00:00
PO-DEMO-002536,2026-12-12,2026-09-20T12:00:00
PO-DEMO-002537,2026-12-13,2026-09-20T12:00:00
PO-DEMO-002538,2026-12-14,2026-09-20T12:00:00
PO-DEMO-002539,2026-12-15,2026-09-20T12:00:00
PO-DEMO-002540,2026-12-16,2026-09-20T12:00:00
PO-DEMO-002541,2026-12-17,2026-09-20T12:00:00
PO-DEMO-002542,2026-12-18,2026-09-20T12:00:00
PO-DEMO-002543,2026-12-19,2026-09-20T12:00:00
PO-DEMO-002544,2026-12-20,2026-09-20T12:00:00
PO-DEMO-002545,2026-12-21,2026-09-20T12:00:00
PO-DEMO-002546,2026-12-22,2026-09-20T12:00:00
PO-DEMO-002547,2026-12-23,2026-09-20T12:00:00
PO-DEMO-002548,2026-12-24,2026-09-20T12:00:00
PO-DEMO-002549,2026-12-25,2026-09-20T12:00:00
PO-DEMO-002550,2026-12-26,2026-09-20T12:00:00
PO-DEMO-002551,2026-12-27,2026-09-20T12:00:00
PO-DEMO-002552,2026-12-28,2026-09-20T12:00:00
PO-DEMO-002553,2026-12-29,2026-09-20T12:00:00
PO-DEMO-002554,2026-12-30,2026-09-20T12:00:00
PO-DEMO-002555,2026-12-31,2026-09-20T12:00:00
PO-DEMO-002556,2026-01-01,2026-09-20T12:00:00
PO-DEMO-002557,2026-01-02,2026-09-20T12:00:00
PO-DEMO-002558,2026-01-03,2026-09-20T12:00:00
PO-DEMO-002559,2026-01-04,2026-09-20T12:00:00
PO-DEMO-002560,2026-01-05,2026-09-20T12:00:00
PO-DEMO-002561,2026-01-06,2026-09-20T12:00:00
PO-DEMO-002562,2026-01-07,2026-09-20T12:00:00
PO-DEMO-002563,2026-01-08,2026-09-20T12:00:00
PO-DEMO-002564,2026-01-09,2026-09-20T12:00:00
PO-DEMO-002565,2026-01-10,2026-09-20T12:00:00
PO-DEMO-002566,2026-01-11,2026-09-20T12:00:00
PO-DEMO-002567,2026-01-12,2026-09-20T12:00:00
PO-DEMO-002568,2026-01-13,2026-09-20T12:00:00
PO-DEMO-002569,2026-01-14,2026-09-20T12:00:00
PO-DEMO-002570,2026-01-15,2026-09-20T12:00:00
PO-DEMO-002571,2026-01-16,2026-09-20T12:00:00
PO-DEMO-002572,2026-01-17,2026-09-20T12:00:00
PO-DEMO-002573,2026-01-18,2026-09-20T12:00:00
PO-DEMO-002574,2026-01-19,2026-09-20T12:00:00
PO-DEMO-002575,2026-01-20,2026-09-20T12:00:00
PO-DEMO-002576,2026-01-21,2026-09-20T12:00:00
PO-DEMO-002577,2026-01-22,2026-09-20T12:00:00
PO-DEMO-002578,2026-01-23,2026-09-20T12:00:00
PO-DEMO-002579,2026-01-24,2026-09-20T12:00:00
PO-DEMO-002580,2026-01-25,2026-09-20T12:00:00
PO-DEMO-002581,2026-01-26,2026-09-20T12:00:00
PO-DEMO-002582,2026-01-27,2026-09-20T12:00:00
PO-DEMO-002583,2026-01-28,2026-09-20T12:00:00
PO-DEMO-002584,2026-01-29,2026-09-20T12:00:00
PO-DEMO-002585,2026-01-30,2026-09-20T12:00:00
PO-DEMO-002586,2026-01-31,2026-09-20T12:00:00
PO-DEMO-002587,2026-02-01,2026-09-20T12:00:00
PO-DEMO-002588,2026-02-02,2026-09-20T12:00:00
PO-DEMO-002589,2026-02-03,2026-09-20T12:00:00
PO-DEMO-002590,2026-02-04,2026-09-20T12:00:00
PO-DEMO-002591,2026-02-05,2026-09-20T12:00:00
PO-DEMO-002592,2026-02-06,2026-09-20T12:00:00
PO-DEMO-002593,2026-02-07,2026-09-20T12:00:00
PO-DEMO-002594,2026-02-08,2026-09-20T12:00:00
PO-DEMO-002595,2026-02-09,2026-09-20T12:00:00
PO-DEMO-002596,2026-02-10,2026-09-20T12:00:00
PO-DEMO-002597,2026-02-11,2026-09-20T12:00:00
PO-DEMO-002598,2026-02-12,2026-09-20T12:00:00
PO-DEMO-002599,2026-02-13,2026-09-20T12:00:00
PO-DEMO-002600,2026-02-14,2026-09-20T12:00:00
PO-DEMO-002601,2026-02-15,2026-09-20T12:00:00
PO-DEMO-002602,2026-02-16,2026-09-20T12:00:00
PO-DEMO-002603,2026-02-17,2026-09-20T12:00:00
PO-DEMO-002604,2026-02-18,2026-09-20T12:00:00
PO-DEMO-002605,2026-02-19,2026-09-20T12:00:00
PO-DEMO-002606,2026-02-20,2026-09-20T12:00:00
PO-DEMO-002607,2026-02-21,2026-09-20T12:00:00
PO-DEMO-002608,2026-02-22,2026-09-20T12:00:00
PO-DEMO-002609,2026-02-23,2026-09-20T12:00:00
PO-DEMO-002610,2026-02-24,2026-09-20T12:00:00
PO-DEMO-002611,2026-02-25,2026-09-20T12:00:00
PO-DEMO-002612,2026-02-26,2026-09-20T12:00:00
PO-DEMO-002613,2026-02-27,2026-09-20T12:00:00
PO-DEMO-002614,2026-02-28,2026-09-20T12:00:00
PO-DEMO-002615,2026-03-01,2026-09-20T12:00:00
PO-DEMO-002616,2026-03-02,2026-09-20T12:00:00
PO-DEMO-002617,2026-03-03,2026-09-20T12:00:00
PO-DEMO-002618,2026-03-04,2026-09-20T12:00:00
PO-DEMO-002619,2026-03-05,2026-09-20T12:00:00
PO-DEMO-002620,2026-03-06,2026-09-20T12:00:00
PO-DEMO-002621,2026-03-07,2026-09-20T12:00:00
PO-DEMO-002622,2026-03-08,2026-09-20T12:00:00
PO-DEMO-002623,2026-03-09,2026-09-20T12:00:00
PO-DEMO-002624,2026-03-10,2026-09-20T12:00:00
PO-DEMO-002625,2026-03-11,2026-09-20T12:00:00
PO-DEMO-002626,2026-03-12,2026-09-20T12:00:00
PO-DEMO-002627,2026-03-13,2026-09-20T12:00:00
PO-DEMO-002628,2026-03-14,2026-09-20T12:00:00
PO-DEMO-002629,2026-03-15,2026-09-20T12:00:00
PO-DEMO-002630,2026-03-16,2026-09-20T12:00:00
PO-DEMO-002631,2026-03-17,2026-09-20T12:00:00
PO-DEMO-002632,2026-03-18,2026-09-20T12:00:00
PO-DEMO-002633,2026-03-19,2026-09-20T12:00:00
PO-DEMO-002634,2026-03-20,2026-09-20T12:00:00
PO-DEMO-002635,2026-03-21,2026-09-20T12:00:00
PO-DEMO-002636,2026-03-22,2026-09-20T12:00:00
PO-DEMO-002637,2026-03-23,2026-09-20T12:00:00
PO-DEMO-002638,2026-03-24,2026-09-20T12:00:00
PO-DEMO-002639,2026-03-25,2026-09-20T12:00:00
PO-DEMO-002640,2026-03-26,2026-09-20T12:00:00
PO-DEMO-002641,2026-03-27,2026-09-20T12:00:00
PO-DEMO-002642,2026-03-28,2026-09-20T12:00:00
PO-DEMO-002643,2026-03-29,2026-09-20T12:00:00
PO-DEMO-002644,2026-03-30,2026-09-20T12:00:00
PO-DEMO-002645,2026-03-31,2026-09-20T12:00:00
PO-DEMO-002646,2026-04-01,2026-09-20T12:00:00
PO-DEMO-002647,2026-04-02,2026-09-20T12:00:00
PO-DEMO-002648,2026-04-03,2026-09-20T12:00:00
PO-DEMO-002649,2026-04-04,2026-09-20T12:00:00
PO-DEMO-002650,2026-04-05,2026-09-20T12:00:00
PO-DEMO-002651,2026-04-06,2026-09-20T12:00:00
PO-DEMO-002652,2026-04-07,2026-09-20T12:00:00
PO-DEMO-002653,2026-04-08,2026-09-20T12:00:00
PO-DEMO-002654,2026-04-09,2026-09-20T12:00:00
PO-DEMO-002655,2026-04-10,2026-09-20T12:00:00
PO-DEMO-002656,2026-04-11,2026-09-20T12:00:00
PO-DEMO-002657,2026-04-12,2026-09-20T12:00:00
PO-DEMO-002658,2026-04-13,2026-09-20T12:00:00
PO-DEMO-002659,2026-04-14,2026-09-20T12:00:00
PO-DEMO-002660,2026-04-15,2026-09-20T12:00:00
PO-DEMO-002661,2026-04-16,2026-09-20T12:00:00
PO-DEMO-002662,2026-04-17,2026-09-20T12:00:00
PO-DEMO-002663,2026-04-18,2026-09-20T12:00:00
PO-DEMO-002664,2026-04-19,2026-09-20T12:00:00
PO-DEMO-002665,2026-04-20,2026-09-20T12:00:00
PO-DEMO-002666,2026-04-21,2026-09-20T12:00:00
PO-DEMO-002667,2026-04-22,2026-09-20T12:00:00
PO-DEMO-002668,2026-04-23,2026-09-20T12:00:00
PO-DEMO-002669,2026-04-24,2026-09-20T12:00:00
PO-DEMO-002670,2026-04-25,2026-09-20T12:00:00
PO-DEMO-002671,2026-04-26,2026-09-20T12:00:00
PO-DEMO-002672,2026-04-27,2026-09-20T12:00:00
PO-DEMO-002673,2026-04-28,2026-09-20T12:00:00
PO-DEMO-002674,2026-04-29,2026-09-20T12:00:00
PO-DEMO-002675,2026-04-30,2026-09-20T12:00:00
PO-DEMO-002676,2026-05-01,2026-09-20T12:00:00
PO-DEMO-002677,2026-05-02,2026-09-20T12:00:00
PO-DEMO-002678,2026-05-03,2026-09-20T12:00:00
PO-DEMO-002679,2026-05-04,2026-09-20T12:00:00
PO-DEMO-002680,2026-05-05,2026-09-20T12:00:00
PO-DEMO-002681,2026-05-06,2026-09-20T12:00:00
PO-DEMO-002682,2026-05-07,2026-09-20T12:00:00
PO-DEMO-002683,2026-05-08,2026-09-20T12:00:00
PO-DEMO-002684,2026-05-09,2026-09-20T12:00:00
PO-DEMO-002685,2026-05-10,2026-09-20T12:00:00
PO-DEMO-002686,2026-05-11,2026-09-20T12:00:00
PO-DEMO-002687,2026-05-12,2026-09-20T12:00:00
PO-DEMO-002688,2026-05-13,2026-09-20T12:00:00
PO-DEMO-002689,2026-05-14,2026-09-20T12:00:00
PO-DEMO-002690,2026-05-15,2026-09-20T12:00:00
PO-DEMO-002691,2026-05-16,2026-09-20T12:00:00
PO-DEMO-002692,2026-05-17,2026-09-20T12:00:00
PO-DEMO-002693,2026-05-18,2026-09-20T12:00:00
PO-DEMO-002694,2026-05-19,2026-09-20T12:00:00
PO-DEMO-002695,2026-05-20,2026-09-20T12:00:00
PO-DEMO-002696,2026-05-21,2026-09-20T12:00:00
PO-DEMO-002697,2026-05-22,2026-09-20T12:00:00
PO-DEMO-002698,2026-05-23,2026-09-20T12:00:00
PO-DEMO-002699,2026-05-24,2026-09-20T12:00:00
PO-DEMO-002700,2026-05-25,2026-09-20T12:00:00
PO-DEMO-002701,2026-05-26,2026-09-20T12:00:00
PO-DEMO-002702,2026-05-27,2026-09-20T12:00:00
PO-DEMO-002703,2026-05-28,2026-09-20T12:00:00
PO-DEMO-002704,2026-05-29,2026-09-20T12:00:00
PO-DEMO-002705,2026-05-30,2026-09-20T12:00:00
PO-DEMO-002706,2026-05-31,2026-09-20T12:00:00
PO-DEMO-002707,2026-06-01,2026-09-20T12:00:00
PO-DEMO-002708,2026-06-02,2026-09-20T12:00:00
PO-DEMO-002709,2026-06-03,2026-09-20T12:00:00
PO-DEMO-002710,2026-06-04,2026-09-20T12:00:00
PO-DEMO-002711,2026-06-05,2026-09-20T12:00:00
PO-DEMO-002712,2026-06-06,2026-09-20T12:00:00
PO-DEMO-002713,2026-06-07,2026-09-20T12:00:00
PO-DEMO-002714,2026-06-08,2026-09-20T12:00:00
PO-DEMO-002715,2026-06-09,2026-09-20T12:00:00
PO-DEMO-002716,2026-06-10,2026-09-20T12:00:00
PO-DEMO-002717,2026-06-11,2026-09-20T12:00:00
PO-DEMO-002718,2026-06-12,2026-09-20T12:00:00
PO-DEMO-002719,2026-06-13,2026-09-20T12:00:00
PO-DEMO-002720,2026-06-14,2026-09-20T12:00:00
PO-DEMO-002721,2026-06-15,2026-09-20T12:00:00
PO-DEMO-002722,2026-06-16,2026-09-20T12:00:00
PO-DEMO-002723,2026-06-17,2026-09-20T12:00:00
PO-DEMO-002724,2026-06-18,2026-09-20T12:00:00
PO-DEMO-002725,2026-06-19,2026-09-20T12:00:00
PO-DEMO-002726,2026-06-20,2026-09-20T12:00:00
PO-DEMO-002727,2026-06-21,2026-09-20T12:00:00
PO-DEMO-002728,2026-06-22,2026-09-20T12:00:00
PO-DEMO-002729,2026-06-23,2026-09-20T12:00:00
PO-DEMO-002730,2026-06-24,2026-09-20T12:00:00
PO-DEMO-002731,2026-06-25,2026-09-20T12:00:00
PO-DEMO-002732,2026-06-26,2026-09-20T12:00:00
PO-DEMO-002733,2026-06-27,2026-09-20T12:00:00
PO-DEMO-002734,2026-06-28,2026-09-20T12:00:00
PO-DEMO-002735,2026-06-29,2026-09-20T12:00:00
PO-DEMO-002736,2026-06-30,2026-09-20T12:00:00
PO-DEMO-002737,2026-07-01,2026-09-20T12:00:00
PO-DEMO-002738,2026-07-02,2026-09-20T12:00:00
PO-DEMO-002739,2026-07-03,2026-09-20T12:00:00
PO-DEMO-002740,2026-07-04,2026-09-20T12:00:00
PO-DEMO-002741,2026-07-05,2026-09-20T12:00:00
PO-DEMO-002742,2026-07-06,2026-09-20T12:00:00
PO-DEMO-002743,2026-07-07,2026-09-20T12:00:00
PO-DEMO-002744,2026-07-08,2026-09-20T12:00:00
PO-DEMO-002745,2026-07-09,2026-09-20T12:00:00
PO-DEMO-002746,2026-07-10,2026-09-20T12:00:00
PO-DEMO-002747,2026-07-11,2026-09-20T12:00:00
PO-DEMO-002748,2026-07-12,2026-09-20T12:00:00
PO-DEMO-002749,2026-07-13,2026-09-20T12:00:00
PO-DEMO-002750,2026-07-14,2026-09-20T12:00:00
PO-DEMO-002751,2026-07-15,2026-09-20T12:00:00
PO-DEMO-002752,2026-07-16,2026-09-20T12:00:00
PO-DEMO-002753,2026-07-17,2026-09-20T12:00:00
PO-DEMO-002754,2026-07-18,2026-09-20T12:00:00
PO-DEMO-002755,2026-07-19,2026-09-20T12:00:00
PO-DEMO-002756,2026-07-20,2026-09-20T12:00:00
PO-DEMO-002757,2026-07-21,2026-09-20T12:00:00
PO-DEMO-002758,2026-07-22,2026-09-20T12:00:00
PO-DEMO-002759,2026-07-23,2026-09-20T12:00:00
PO-DEMO-002760,2026-07-24,2026-09-20T12:00:00
PO-DEMO-002761,2026-07-25,2026-09-20T12:00:00
PO-DEMO-002762,2026-07-26,2026-09-20T12:00:00
PO-DEMO-002763,2026-07-27,2026-09-20T12:00:00
PO-DEMO-002764,2026-07-28,2026-09-20T12:00:00
PO-DEMO-002765,2026-07-29,2026-09-20T12:00:00
PO-DEMO-002766,2026-07-30,2026-09-20T12:00:00
PO-DEMO-002767,2026-07-31,2026-09-20T12:00:00
PO-DEMO-002768,2026-08-01,2026-09-20T12:00:00
PO-DEMO-002769,2026-08-02,2026-09-20T12:00:00
PO-DEMO-002770,2026-08-03,2026-09-20T12:00:00
PO-DEMO-002771,2026-08-04,2026-09-20T12:00:00
PO-DEMO-002772,2026-08-05,2026-09-20T12:00:00
PO-DEMO-002773,2026-08-06,2026-09-20T12:00:00
PO-DEMO-002774,2026-08-07,2026-09-20T12:00:00
PO-DEMO-002775,2026-08-08,2026-09-20T12:00:00
PO-DEMO-002776,2026-08-09,2026-09-20T12:00:00
PO-DEMO-002777,2026-08-10,2026-09-20T12:00:00
PO-DEMO-002778,2026-08-11,2026-09-20T12:00:00
PO-DEMO-002779,2026-08-12,2026-09-20T12:00:00
PO-DEMO-002780,2026-08-13,2026-09-20T12:00:00
PO-DEMO-002781,2026-08-14,2026-09-20T12:00:00
PO-DEMO-002782,2026-08-15,2026-09-20T12:00:00
PO-DEMO-002783,2026-08-16,2026-09-20T12:00:00
PO-DEMO-002784,2026-08-17,2026-09-20T12:00:00
PO-DEMO-002785,2026-08-18,2026-09-20T12:00:00
PO-DEMO-002786,2026-08-19,2026-09-20T12:00:00
PO-DEMO-002787,2026-08-20,2026-09-20T12:00:00
PO-DEMO-002788,2026-08-21,2026-09-20T12:00:00
PO-DEMO-002789,2026-08-22,2026-09-20T12:00:00
PO-DEMO-002790,2026-08-23,2026-09-20T12:00:00
PO-DEMO-002791,2026-08-24,2026-09-20T12:00:00
PO-DEMO-002792,2026-08-25,2026-09-20T12:00:00
PO-DEMO-002793,2026-08-26,2026-09-20T12:00:00
PO-DEMO-002794,2026-08-27,2026-09-20T12:00:00
PO-DEMO-002795,2026-08-28,2026-09-20T12:00:00
PO-DEMO-002796,2026-08-29,2026-09-20T12:00:00
PO-DEMO-002797,2026-08-30,2026-09-20T12:00:00
PO-DEMO-002798,2026-08-31,2026-09-20T12:00:00
PO-DEMO-002799,2026-09-01,2026-09-20T12:00:00
PO-DEMO-002800,2026-09-02,2026-09-20T12:00:00
PO-DEMO-002801,2026-09-03,2026-09-20T12:00:00
PO-DEMO-002802,2026-09-04,2026-09-20T12:00:00
PO-DEMO-002803,2026-09-05,2026-09-20T12:00:00
PO-DEMO-002804,2026-09-06,2026-09-20T12:00:00
PO-DEMO-002805,2026-09-07,2026-09-20T12:00:00
PO-DEMO-002806,2026-09-08,2026-09-20T12:00:00
PO-DEMO-002807,2026-09-09,2026-09-20T12:00:00
PO-DEMO-002808,2026-09-10,2026-09-20T12:00:00
PO-DEMO-002809,2026-09-11,2026-09-20T12:00:00
PO-DEMO-002810,2026-09-12,2026-09-20T12:00:00
PO-DEMO-002811,2026-09-13,2026-09-20T12:00:00
PO-DEMO-002812,2026-09-14,2026-09-20T12:00:00
PO-DEMO-002813,2026-09-15,2026-09-20T12:00:00
PO-DEMO-002814,2026-09-16,2026-09-20T12:00:00
PO-DEMO-002815,2026-09-17,2026-09-20T12:00:00
PO-DEMO-002816,2026-09-18,2026-09-20T12:00:00
PO-DEMO-002817,2026-09-19,2026-09-20T12:00:00
PO-DEMO-002818,2026-09-20,2026-09-20T12:00:00
PO-DEMO-002819,2026-09-21,2026-09-20T12:00:00
PO-DEMO-002820,2026-09-22,2026-09-20T12:00:00
PO-DEMO-002821,2026-09-23,2026-09-20T12:00:00
PO-DEMO-002822,2026-09-24,2026-09-20T12:00:00
PO-DEMO-002823,2026-09-25,2026-09-20T12:00:00
PO-DEMO-002824,2026-09-26,2026-09-20T12:00:00
PO-DEMO-002825,2026-09-27,2026-09-20T12:00:00
PO-DEMO-002826,2026-09-28,2026-09-20T12:00:00
PO-DEMO-002827,2026-09-29,2026-09-20T12:00:00
PO-DEMO-002828,2026-09-30,2026-09-20T12:00:00
PO-DEMO-002829,2026-10-01,2026-09-20T12:00:00
PO-DEMO-002830,2026-10-02,2026-09-20T12:00:00
PO-DEMO-002831,2026-10-03,2026-09-20T12:00:00
PO-DEMO-002832,2026-10-04,2026-09-20T12:00:00
PO-DEMO-002833,2026-10-05,2026-09-20T12:00:00
PO-DEMO-002834,2026-10-06,2026-09-20T12:00:00
PO-DEMO-002835,2026-10-07,2026-09-20T12:00:00
PO-DEMO-002836,2026-10-08,2026-09-20T12:00:00
PO-DEMO-002837,2026-10-09,2026-09-20T12:00:00
PO-DEMO-002838,2026-10-10,2026-09-20T12:00:00
PO-DEMO-002839,2026-10-11,2026-09-20T12:00:00
PO-DEMO-002840,2026-10-12,2026-09-20T12:00:00
PO-DEMO-002841,2026-10-13,2026-09-20T12:00:00
PO-DEMO-002842,2026-10-14,2026-09-20T12:00:00
PO-DEMO-002843,2026-10-15,2026-09-20T12:00:00
PO-DEMO-002844,2026-10-16,2026-09-20T12:00:00
PO-DEMO-002845,2026-10-17,2026-09-20T12:00:00
PO-DEMO-002846,2026-10-18,2026-09-20T12:00:00
PO-DEMO-002847,2026-10-19,2026-09-20T12:00:00
PO-DEMO-002848,2026-10-20,2026-09-20T12:00:00
PO-DEMO-002849,2026-10-21,2026-09-20T12:00:00
PO-DEMO-002850,2026-10-22,2026-09-20T12:00:00
PO-DEMO-002851,2026-10-23,2026-09-20T12:00:00
PO-DEMO-002852,2026-10-24,2026-09-20T12:00:00
PO-DEMO-002853,2026-10-25,2026-09-20T12:00:00
PO-DEMO-002854,2026-10-26,2026-09-20T12:00:00
PO-DEMO-002855,2026-10-27,2026-09-20T12:00:00
PO-DEMO-002856,2026-10-28,2026-09-20T12:00:00
PO-DEMO-002857,2026-10-29,2026-09-20T12:00:00
PO-DEMO-002858,2026-10-30,2026-09-20T12:00:00
PO-DEMO-002859,2026-10-31,2026-09-20T12:00:00
PO-DEMO-002860,2026-11-01,2026-09-20T12:00:00
PO-DEMO-002861,2026-11-02,2026-09-20T12:00:00
PO-DEMO-002862,2026-11-03,2026-09-20T12:00:00
PO-DEMO-002863,2026-11-04,2026-09-20T12:00:00
PO-DEMO-002864,2026-11-05,2026-09-20T12:00:00
PO-DEMO-002865,2026-11-06,2026-09-20T12:00:00
PO-DEMO-002866,2026-11-07,2026-09-20T12:00:00
PO-DEMO-002867,2026-11-08,2026-09-20T12:00:00
PO-DEMO-002868,2026-11-09,2026-09-20T12:00:00
PO-DEMO-002869,2026-11-10,2026-09-20T12:00:00
PO-DEMO-002870,2026-11-11,2026-09-20T12:00:00
PO-DEMO-002871,2026-11-12,2026-09-20T12:00:00
PO-DEMO-002872,2026-11-13,2026-09-20T12:00:00
PO-DEMO-002873,2026-11-14,2026-09-20T12:00:00
PO-DEMO-002874,2026-11-15,2026-09-20T12:00:00
PO-DEMO-002875,2026-11-16,2026-09-20T12:00:00
PO-DEMO-002876,2026-11-17,2026-09-20T12:00:00
PO-DEMO-002877,2026-11-18,2026-09-20T12:00:00
PO-DEMO-002878,2026-11-19,2026-09-20T12:00:00
PO-DEMO-002879,2026-11-20,2026-09-20T12:00:00
PO-DEMO-002880,2026-11-21,2026-09-20T12:00:00
PO-DEMO-002881,2026-11-22,2026-09-20T12:00:00
PO-DEMO-002882,2026-11-23,2026-09-20T12:00:00
PO-DEMO-002883,2026-11-24,2026-09-20T12:00:00
PO-DEMO-002884,2026-11-25,2026-09-20T12:00:00
PO-DEMO-002885,2026-11-26,2026-09-20T12:00:00
PO-DEMO-002886,2026-11-27,2026-09-20T12:00:00
PO-DEMO-002887,2026-11-28,2026-09-20T12:00:00
PO-DEMO-002888,2026-11-29,2026-09-20T12:00:00
PO-DEMO-002889,2026-11-30,2026-09-20T12:00:00
PO-DEMO-002890,2026-12-01,2026-09-20T12:00:00
PO-DEMO-002891,2026-12-02,2026-09-20T12:00:00
PO-DEMO-002892,2026-12-03,2026-09-20T12:00:00
PO-DEMO-002893,2026-12-04,2026-09-20T12:00:00
PO-DEMO-002894,2026-12-05,2026-09-20T12:00:00
PO-DEMO-002895,2026-12-06,2026-09-20T12:00:00
PO-DEMO-002896,2026-12-07,2026-09-20T12:00:00
PO-DEMO-002897,2026-12-08,2026-09-20T12:00:00
PO-DEMO-002898,2026-12-09,2026-09-20T12:00:00
PO-DEMO-002899,2026-12-10,2026-09-20T12:00:00
PO-DEMO-002900,2026-12-11,2026-09-20T12:00:00
PO-DEMO-002901,2026-12-12,2026-09-20T12:00:00
PO-DEMO-002902,2026-12-13,2026-09-20T12:00:00
PO-DEMO-002903,2026-12-14,2026-09-20T12:00:00
PO-DEMO-002904,2026-12-15,2026-09-20T12:00:00
PO-DEMO-002905,2026-12-16,2026-09-20T12:00:00
PO-DEMO-002906,2026-12-17,2026-09-20T12:00:00
PO-DEMO-002907,2026-12-18,2026-09-20T12:00:00
PO-DEMO-002908,2026-12-19,2026-09-20T12:00:00
PO-DEMO-002909,2026-12-20,2026-09-20T12:00:00
PO-DEMO-002910,2026-12-21,2026-09-20T12:00:00
PO-DEMO-002911,2026-12-22,2026-09-20T12:00:00
PO-DEMO-002912,2026-12-23,2026-09-20T12:00:00
PO-DEMO-002913,2026-12-24,2026-09-20T12:00:00
PO-DEMO-002914,2026-12-25,2026-09-20T12:00:00
PO-DEMO-002915,2026-12-26,2026-09-20T12:00:00
PO-DEMO-002916,2026-12-27,2026-09-20T12:00:00
PO-DEMO-002917,2026-12-28,2026-09-20T12:00:00
PO-DEMO-002918,2026-12-29,2026-09-20T12:00:00
PO-DEMO-002919,2026-12-30,2026-09-20T12:00:00
PO-DEMO-002920,2026-12-31,2026-09-20T12:00:00
PO-DEMO-002921,2026-01-01,2026-09-20T12:00:00
PO-DEMO-002922,2026-01-02,2026-09-20T12:00:00
PO-DEMO-002923,2026-01-03,2026-09-20T12:00:00
PO-DEMO-002924,2026-01-04,2026-09-20T12:00:00
PO-DEMO-002925,2026-01-05,2026-09-20T12:00:00
PO-DEMO-002926,2026-01-06,2026-09-20T12:00:00
PO-DEMO-002927,2026-01-07,2026-09-20T12:00:00
PO-DEMO-002928,2026-01-08,2026-09-20T12:00:00
PO-DEMO-002929,2026-01-09,2026-09-20T12:00:00
PO-DEMO-002930,2026-01-10,2026-09-20T12:00:00
PO-DEMO-002931,2026-01-11,2026-09-20T12:00:00
PO-DEMO-002932,2026-01-12,2026-09-20T12:00:00
PO-DEMO-002933,2026-01-13,2026-09-20T12:00:00
PO-DEMO-002934,2026-01-14,2026-09-20T12:00:00
PO-DEMO-002935,2026-01-15,2026-09-20T12:00:00
PO-DEMO-002936,2026-01-16,2026-09-20T12:00:00
PO-DEMO-002937,2026-01-17,2026-09-20T12:00:00
PO-DEMO-002938,2026-01-18,2026-09-20T12:00:00
PO-DEMO-002939,2026-01-19,2026-09-20T12:00:00
PO-DEMO-002940,2026-01-20,2026-09-20T12:00:00
PO-DEMO-002941,2026-01-21,2026-09-20T12:00:00
PO-DEMO-002942,2026-01-22,2026-09-20T12:00:00
PO-DEMO-002943,2026-01-23,2026-09-20T12:00:00
PO-DEMO-002944,2026-01-24,2026-09-20T12:00:00
PO-DEMO-002945,2026-01-25,2026-09-20T12:00:00
PO-DEMO-002946,2026-01-26,2026-09-20T12:00:00
PO-DEMO-002947,2026-01-27,2026-09-20T12:00:00
PO-DEMO-002948,2026-01-28,2026-09-20T12:00:00
PO-DEMO-002949,2026-01-29,2026-09-20T12:00:00
PO-DEMO-002950,2026-01-30,2026-09-20T12:00:00
PO-DEMO-002951,2026-01-31,2026-09-20T12:00:00
PO-DEMO-002952,2026-02-01,2026-09-20T12:00:00
PO-DEMO-002953,2026-02-02,2026-09-20T12:00:00
PO-DEMO-002954,2026-02-03,2026-09-20T12:00:00
PO-DEMO-002955,2026-02-04,2026-09-20T12:00:00
PO-DEMO-002956,2026-02-05,2026-09-20T12:00:00
PO-DEMO-002957,2026-02-06,2026-09-20T12:00:00
PO-DEMO-002958,2026-02-07,2026-09-20T12:00:00
PO-DEMO-002959,2026-02-08,2026-09-20T12:00:00
PO-DEMO-002960,2026-02-09,2026-09-20T12:00:00
PO-DEMO-002961,2026-02-10,2026-09-20T12:00:00
PO-DEMO-002962,2026-02-11,2026-09-20T12:00:00
PO-DEMO-002963,2026-02-12,2026-09-20T12:00:00
PO-DEMO-002964,2026-02-13,2026-09-20T12:00:00
PO-DEMO-002965,2026-02-14,2026-09-20T12:00:00
PO-DEMO-002966,2026-02-15,2026-09-20T12:00:00
PO-DEMO-002967,2026-02-16,2026-09-20T12:00:00
PO-DEMO-002968,2026-02-17,2026-09-20T12:00:00
PO-DEMO-002969,2026-02-18,2026-09-20T12:00:00
PO-DEMO-002970,2026-02-19,2026-09-20T12:00:00
PO-DEMO-002971,2026-02-20,2026-09-20T12:00:00
PO-DEMO-002972,2026-02-21,2026-09-20T12:00:00
PO-DEMO-002973,2026-02-22,2026-09-20T12:00:00
PO-DEMO-002974,2026-02-23,2026-09-20T12:00:00
PO-DEMO-002975,2026-02-24,2026-09-20T12:00:00
PO-DEMO-002976,2026-02-25,2026-09-20T12:00:00
PO-DEMO-002977,2026-02-26,2026-09-20T12:00:00
PO-DEMO-002978,2026-02-27,2026-09-20T12:00:00
PO-DEMO-002979,2026-02-28,2026-09-20T12:00:00
PO-DEMO-002980,2026-03-01,2026-09-20T12:00:00
PO-DEMO-002981,2026-03-02,2026-09-20T12:00:00
PO-DEMO-002982,2026-03-03,2026-09-20T12:00:00
PO-DEMO-002983,2026-03-04,2026-09-20T12:00:00
PO-DEMO-002984,2026-03-05,2026-09-20T12:00:00
PO-DEMO-002985,2026-03-06,2026-09-20T12:00:00
PO-DEMO-002986,2026-03-07,2026-09-20T12:00:00
PO-DEMO-002987,2026-03-08,2026-09-20T12:00:00
PO-DEMO-002988,2026-03-09,2026-09-20T12:00:00
PO-DEMO-002989,2026-03-10,2026-09-20T12:00:00
PO-DEMO-002990,2026-03-11,2026-09-20T12:00:00
PO-DEMO-002991,2026-03-12,2026-09-20T12:00:00
PO-DEMO-002992,2026-03-13,2026-09-20T12:00:00
PO-DEMO-002993,2026-03-14,2026-09-20T12:00:00
PO-DEMO-002994,2026-03-15,2026-09-20T12:00:00
PO-DEMO-002995,2026-03-16,2026-09-20T12:00:00
PO-DEMO-002996,2026-03-17,2026-09-20T12:00:00
PO-DEMO-002997,2026-03-18,2026-09-20T12:00:00
PO-DEMO-002998,2026-03-19,2026-09-20T12:00:00
PO-DEMO-002999,2026-03-20,2026-09-20T12:00:00
PO-DEMO-003000,2026-03-21,2026-09-20T12:00:00
PO-DEMO-003001,2026-03-22,2026-09-20T12:00:00
PO-DEMO-003002,2026-03-23,2026-09-20T12:00:00
PO-DEMO-003003,2026-03-24,2026-09-20T12:00:00
PO-DEMO-003004,2026-03-25,2026-09-20T12:00:00
PO-DEMO-003005,2026-03-26,2026-09-20T12:00:00
PO-DEMO-003006,2026-03-27,2026-09-20T12:00:00
PO-DEMO-003007,2026-03-28,2026-09-20T12:00:00
PO-DEMO-003008,2026-03-29,2026-09-20T12:00:00
PO-DEMO-003009,2026-03-30,2026-09-20T12:00:00
PO-DEMO-003010,2026-03-31,2026-09-20T12:00:00
PO-DEMO-003011,2026-04-01,2026-09-20T12:00:00
PO-DEMO-003012,2026-04-02,2026-09-20T12:00:00
PO-DEMO-003013,2026-04-03,2026-09-20T12:00:00
PO-DEMO-003014,2026-04-04,2026-09-20T12:00:00
PO-DEMO-003015,2026-04-05,2026-09-20T12:00:00
PO-DEMO-003016,2026-04-06,2026-09-20T12:00:00
PO-DEMO-003017,2026-04-07,2026-09-20T12:00:00
PO-DEMO-003018,2026-04-08,2026-09-20T12:00:00
PO-DEMO-003019,2026-04-09,2026-09-20T12:00:00
PO-DEMO-003020,2026-04-10,2026-09-20T12:00:00
PO-DEMO-003021,2026-04-11,2026-09-20T12:00:00
PO-DEMO-003022,2026-04-12,2026-09-20T12:00:00
PO-DEMO-003023,2026-04-13,2026-09-20T12:00:00
PO-DEMO-003024,2026-04-14,2026-09-20T12:00:00
PO-DEMO-003025,2026-04-15,2026-09-20T12:00:00
PO-DEMO-003026,2026-04-16,2026-09-20T12:00:00
PO-DEMO-003027,2026-04-17,2026-09-20T12:00:00
PO-DEMO-003028,2026-04-18,2026-09-20T12:00:00
PO-DEMO-003029,2026-04-19,2026-09-20T12:00:00
PO-DEMO-003030,2026-04-20,2026-09-20T12:00:00
PO-DEMO-003031,2026-04-21,2026-09-20T12:00:00
PO-DEMO-003032,2026-04-22,2026-09-20T12:00:00
PO-DEMO-003033,2026-04-23,2026-09-20T12:00:00
PO-DEMO-003034,2026-04-24,2026-09-20T12:00:00
PO-DEMO-003035,2026-04-25,2026-09-20T12:00:00
PO-DEMO-003036,2026-04-26,2026-09-20T12:00:00
PO-DEMO-003037,2026-04-27,2026-09-20T12:00:00
PO-DEMO-003038,2026-04-28,2026-09-20T12:00:00
PO-DEMO-003039,2026-04-29,2026-09-20T12:00:00
PO-DEMO-003040,2026-04-30,2026-09-20T12:00:00
PO-DEMO-003041,2026-05-01,2026-09-20T12:00:00
PO-DEMO-003042,2026-05-02,2026-09-20T12:00:00
PO-DEMO-003043,2026-05-03,2026-09-20T12:00:00
PO-DEMO-003044,2026-05-04,2026-09-20T12:00:00
PO-DEMO-003045,2026-05-05,2026-09-20T12:00:00
PO-DEMO-003046,2026-05-06,2026-09-20T12:00:00
PO-DEMO-003047,2026-05-07,2026-09-20T12:00:00
PO-DEMO-003048,2026-05-08,2026-09-20T12:00:00
PO-DEMO-003049,2026-05-09,2026-09-20T12:00:00
PO-DEMO-003050,2026-05-10,2026-09-20T12:00:00
PO-DEMO-003051,2026-05-11,2026-09-20T12:00:00
PO-DEMO-003052,2026-05-12,2026-09-20T12:00:00
PO-DEMO-003053,2026-05-13,2026-09-20T12:00:00
PO-DEMO-003054,2026-05-14,2026-09-20T12:00:00
PO-DEMO-003055,2026-05-15,2026-09-20T12:00:00
PO-DEMO-003056,2026-05-16,2026-09-20T12:00:00
PO-DEMO-003057,2026-05-17,2026-09-20T12:00:00
PO-DEMO-003058,2026-05-18,2026-09-20T12:00:00
PO-DEMO-003059,2026-05-19,2026-09-20T12:00:00
PO-DEMO-003060,2026-05-20,2026-09-20T12:00:00
PO-DEMO-003061,2026-05-21,2026-09-20T12:00:00
PO-DEMO-003062,2026-05-22,2026-09-20T12:00:00
PO-DEMO-003063,2026-05-23,2026-09-20T12:00:00
PO-DEMO-003064,2026-05-24,2026-09-20T12:00:00
PO-DEMO-003065,2026-05-25,2026-09-20T12:00:00
PO-DEMO-003066,2026-05-26,2026-09-20T12:00:00
PO-DEMO-003067,2026-05-27,2026-09-20T12:00:00
PO-DEMO-003068,2026-05-28,2026-09-20T12:00:00
PO-DEMO-003069,2026-05-29,2026-09-20T12:00:00
PO-DEMO-003070,2026-05-30,2026-09-20T12:00:00
PO-DEMO-003071,2026-05-31,2026-09-20T12:00:00
PO-DEMO-003072,2026-06-01,2026-09-20T12:00:00
PO-DEMO-003073,2026-06-02,2026-09-20T12:00:00
PO-DEMO-003074,2026-06-03,2026-09-20T12:00:00
PO-DEMO-003075,2026-06-04,2026-09-20T12:00:00
PO-DEMO-003076,2026-06-05,2026-09-20T12:00:00
PO-DEMO-003077,2026-06-06,2026-09-20T12:00:00
PO-DEMO-003078,2026-06-07,2026-09-20T12:00:00
PO-DEMO-003079,2026-06-08,2026-09-20T12:00:00
PO-DEMO-003080,2026-06-09,2026-09-20T12:00:00
PO-DEMO-003081,2026-06-10,2026-09-20T12:00:00
PO-DEMO-003082,2026-06-11,2026-09-20T12:00:00
PO-DEMO-003083,2026-06-12,2026-09-20T12:00:00
PO-DEMO-003084,2026-06-13,2026-09-20T12:00:00
PO-DEMO-003085,2026-06-14,2026-09-20T12:00:00
PO-DEMO-003086,2026-06-15,2026-09-20T12:00:00
PO-DEMO-003087,2026-06-16,2026-09-20T12:00:00
PO-DEMO-003088,2026-06-17,2026-09-20T12:00:00
PO-DEMO-003089,2026-06-18,2026-09-20T12:00:00
PO-DEMO-003090,2026-06-19,2026-09-20T12:00:00
PO-DEMO-003091,2026-06-20,2026-09-20T12:00:00
PO-DEMO-003092,2026-06-21,2026-09-20T12:00:00
PO-DEMO-003093,2026-06-22,2026-09-20T12:00:00
PO-DEMO-003094,2026-06-23,2026-09-20T12:00:00
PO-DEMO-003095,2026-06-24,2026-09-20T12:00:00
PO-DEMO-003096,2026-06-25,2026-09-20T12:00:00
PO-DEMO-003097,2026-06-26,2026-09-20T12:00:00
PO-DEMO-003098,2026-06-27,2026-09-20T12:00:00
PO-DEMO-003099,2026-06-28,2026-09-20T12:00:00
PO-DEMO-003100,2026-06-29,2026-09-20T12:00:00
PO-DEMO-003101,2026-06-30,2026-09-20T12:00:00
PO-DEMO-003102,2026-07-01,2026-09-20T12:00:00
PO-DEMO-003103,2026-07-02,2026-09-20T12:00:00
PO-DEMO-003104,2026-07-03,2026-09-20T12:00:00
PO-DEMO-003105,2026-07-04,2026-09-20T12:00:00
PO-DEMO-003106,2026-07-05,2026-09-20T12:00:00
PO-DEMO-003107,2026-07-06,2026-09-20T12:00:00
PO-DEMO-003108,2026-07-07,2026-09-20T12:00:00
PO-DEMO-003109,2026-07-08,2026-09-20T12:00:00
PO-DEMO-003110,2026-07-09,2026-09-20T12:00:00
PO-DEMO-003111,2026-07-10,2026-09-20T12:00:00
PO-DEMO-003112,2026-07-11,2026-09-20T12:00:00
PO-DEMO-003113,2026-07-12,2026-09-20T12:00:00
PO-DEMO-003114,2026-07-13,2026-09-20T12:00:00
PO-DEMO-003115,2026-07-14,2026-09-20T12:00:00
PO-DEMO-003116,2026-07-15,2026-09-20T12:00:00
PO-DEMO-003117,2026-07-16,2026-09-20T12:00:00
PO-DEMO-003118,2026-07-17,2026-09-20T12:00:00
PO-DEMO-003119,2026-07-18,2026-09-20T12:00:00
PO-DEMO-003120,2026-07-19,2026-09-20T12:00:00
PO-DEMO-003121,2026-07-20,2026-09-20T12:00:00
PO-DEMO-003122,2026-07-21,2026-09-20T12:00:00
PO-DEMO-003123,2026-07-22,2026-09-20T12:00:00
PO-DEMO-003124,2026-07-23,2026-09-20T12:00:00
PO-DEMO-003125,2026-07-24,2026-09-20T12:00:00
PO-DEMO-003126,2026-07-25,2026-09-20T12:00:00
PO-DEMO-003127,2026-07-26,2026-09-20T12:00:00
PO-DEMO-003128,2026-07-27,2026-09-20T12:00:00
PO-DEMO-003129,2026-07-28,2026-09-20T12:00:00
PO-DEMO-003130,2026-07-29,2026-09-20T12:00:00
PO-DEMO-003131,2026-07-30,2026-09-20T12:00:00
PO-DEMO-003132,2026-07-31,2026-09-20T12:00:00
PO-DEMO-003133,2026-08-01,2026-09-20T12:00:00
PO-DEMO-003134,2026-08-02,2026-09-20T12:00:00
PO-DEMO-003135,2026-08-03,2026-09-20T12:00:00
PO-DEMO-003136,2026-08-04,2026-09-20T12:00:00
PO-DEMO-003137,2026-08-05,2026-09-20T12:00:00
PO-DEMO-003138,2026-08-06,2026-09-20T12:00:00
PO-DEMO-003139,2026-08-07,2026-09-20T12:00:00
PO-DEMO-003140,2026-08-08,2026-09-20T12:00:00
PO-DEMO-003141,2026-08-09,2026-09-20T12:00:00
PO-DEMO-003142,2026-08-10,2026-09-20T12:00:00
PO-DEMO-003143,2026-08-11,2026-09-20T12:00:00
PO-DEMO-003144,2026-08-12,2026-09-20T12:00:00
PO-DEMO-003145,2026-08-13,2026-09-20T12:00:00
PO-DEMO-003146,2026-08-14,2026-09-20T12:00:00
PO-DEMO-003147,2026-08-15,2026-09-20T12:00:00
PO-DEMO-003148,2026-08-16,2026-09-20T12:00:00
PO-DEMO-003149,2026-08-17,2026-09-20T12:00:00
PO-DEMO-003150,2026-08-18,2026-09-20T12:00:00
PO-DEMO-003151,2026-08-19,2026-09-20T12:00:00
PO-DEMO-003152,2026-08-20,2026-09-20T12:00:00
PO-DEMO-003153,2026-08-21,2026-09-20T12:00:00
PO-DEMO-003154,2026-08-22,2026-09-20T12:00:00
PO-DEMO-003155,2026-08-23,2026-09-20T12:00:00
PO-DEMO-003156,2026-08-24,2026-09-20T12:00:00
PO-DEMO-003157,2026-08-25,2026-09-20T12:00:00
PO-DEMO-003158,2026-08-26,2026-09-20T12:00:00
PO-DEMO-003159,2026-08-27,2026-09-20T12:00:00
PO-DEMO-003160,2026-08-28,2026-09-20T12:00:00
PO-DEMO-003161,2026-08-29,2026-09-20T12:00:00
PO-DEMO-003162,2026-08-30,2026-09-20T12:00:00
PO-DEMO-003163,2026-08-31,2026-09-20T12:00:00
PO-DEMO-003164,2026-09-01,2026-09-20T12:00:00
PO-DEMO-003165,2026-09-02,2026-09-20T12:00:00
PO-DEMO-003166,2026-09-03,2026-09-20T12:00:00
PO-DEMO-003167,2026-09-04,2026-09-20T12:00:00
PO-DEMO-003168,2026-09-05,2026-09-20T12:00:00
PO-DEMO-003169,2026-09-06,2026-09-20T12:00:00
PO-DEMO-003170,2026-09-07,2026-09-20T12:00:00
PO-DEMO-003171,2026-09-08,2026-09-20T12:00:00
PO-DEMO-003172,2026-09-09,2026-09-20T12:00:00
PO-DEMO-003173,2026-09-10,2026-09-20T12:00:00
PO-DEMO-003174,2026-09-11,2026-09-20T12:00:00
PO-DEMO-003175,2026-09-12,2026-09-20T12:00:00
PO-DEMO-003176,2026-09-13,2026-09-20T12:00:00
PO-DEMO-003177,2026-09-14,2026-09-20T12:00:00
PO-DEMO-003178,2026-09-15,2026-09-20T12:00:00
PO-DEMO-003179,2026-09-16,2026-09-20T12:00:00
PO-DEMO-003180,2026-09-17,2026-09-20T12:00:00
PO-DEMO-003181,2026-09-18,2026-09-20T12:00:00
PO-DEMO-003182,2026-09-19,2026-09-20T12:00:00
PO-DEMO-003183,2026-09-20,2026-09-20T12:00:00
PO-DEMO-003184,2026-09-21,2026-09-20T12:00:00
PO-DEMO-003185,2026-09-22,2026-09-20T12:00:00
PO-DEMO-003186,2026-09-23,2026-09-20T12:00:00
PO-DEMO-003187,2026-09-24,2026-09-20T12:00:00
PO-DEMO-003188,2026-09-25,2026-09-20T12:00:00
PO-DEMO-003189,2026-09-26,2026-09-20T12:00:00
PO-DEMO-003190,2026-09-27,2026-09-20T12:00:00
PO-DEMO-003191,2026-09-28,2026-09-20T12:00:00
PO-DEMO-003192,2026-09-29,2026-09-20T12:00:00
PO-DEMO-003193,2026-09-30,2026-09-20T12:00:00
PO-DEMO-003194,2026-10-01,2026-09-20T12:00:00
PO-DEMO-003195,2026-10-02,2026-09-20T12:00:00
PO-DEMO-003196,2026-10-03,2026-09-20T12:00:00
PO-DEMO-003197,2026-10-04,2026-09-20T12:00:00
PO-DEMO-003198,2026-10-05,2026-09-20T12:00:00
PO-DEMO-003199,2026-10-06,2026-09-20T12:00:00
PO-DEMO-003200,2026-10-07,2026-09-20T12:00:00
PO-DEMO-003201,2026-10-08,2026-09-20T12:00:00
PO-DEMO-003202,2026-10-09,2026-09-20T12:00:00
PO-DEMO-003203,2026-10-10,2026-09-20T12:00:00
PO-DEMO-003204,2026-10-11,2026-09-20T12:00:00
PO-DEMO-003205,2026-10-12,2026-09-20T12:00:00
PO-DEMO-003206,2026-10-13,2026-09-20T12:00:00
PO-DEMO-003207,2026-10-14,2026-09-20T12:00:00
PO-DEMO-003208,2026-10-15,2026-09-20T12:00:00
PO-DEMO-003209,2026-10-16,2026-09-20T12:00:00
PO-DEMO-003210,2026-10-17,2026-09-20T12:00:00
PO-DEMO-003211,2026-10-18,2026-09-20T12:00:00
PO-DEMO-003212,2026-10-19,2026-09-20T12:00:00
PO-DEMO-003213,2026-10-20,2026-09-20T12:00:00
PO-DEMO-003214,2026-10-21,2026-09-20T12:00:00
PO-DEMO-003215,2026-10-22,2026-09-20T12:00:00
PO-DEMO-003216,2026-10-23,2026-09-20T12:00:00
PO-DEMO-003217,2026-10-24,2026-09-20T12:00:00
PO-DEMO-003218,2026-10-25,2026-09-20T12:00:00
PO-DEMO-003219,2026-10-26,2026-09-20T12:00:00
PO-DEMO-003220,2026-10-27,2026-09-20T12:00:00
PO-DEMO-003221,2026-10-28,2026-09-20T12:00:00
PO-DEMO-003222,2026-10-29,2026-09-20T12:00:00
PO-DEMO-003223,2026-10-30,2026-09-20T12:00:00
PO-DEMO-003224,2026-10-31,2026-09-20T12:00:00
PO-DEMO-003225,2026-11-01,2026-09-20T12:00:00
PO-DEMO-003226,2026-11-02,2026-09-20T12:00:00
PO-DEMO-003227,2026-11-03,2026-09-20T12:00:00
PO-DEMO-003228,2026-11-04,2026-09-20T12:00:00
PO-DEMO-003229,2026-11-05,2026-09-20T12:00:00
PO-DEMO-003230,2026-11-06,2026-09-20T12:00:00
PO-DEMO-003231,2026-11-07,2026-09-20T12:00:00
PO-DEMO-003232,2026-11-08,2026-09-20T12:00:00
PO-DEMO-003233,2026-11-09,2026-09-20T12:00:00
PO-DEMO-003234,2026-11-10,2026-09-20T12:00:00
PO-DEMO-003235,2026-11-11,2026-09-20T12:00:00
PO-DEMO-003236,2026-11-12,2026-09-20T12:00:00
PO-DEMO-003237,2026-11-13,2026-09-20T12:00:00
PO-DEMO-003238,2026-11-14,2026-09-20T12:00:00
PO-DEMO-003239,2026-11-15,2026-09-20T12:00:00
PO-DEMO-003240,2026-11-16,2026-09-20T12:00:00
PO-DEMO-003241,2026-11-17,2026-09-20T12:00:00
PO-DEMO-003242,2026-11-18,2026-09-20T12:00:00
PO-DEMO-003243,2026-11-19,2026-09-20T12:00:00
PO-DEMO-003244,2026-11-20,2026-09-20T12:00:00
PO-DEMO-003245,2026-11-21,2026-09-20T12:00:00
PO-DEMO-003246,2026-11-22,2026-09-20T12:00:00
PO-DEMO-003247,2026-11-23,2026-09-20T12:00:00
PO-DEMO-003248,2026-11-24,2026-09-20T12:00:00
PO-DEMO-003249,2026-11-25,2026-09-20T12:00:00
PO-DEMO-003250,2026-11-26,2026-09-20T12:00:00
PO-DEMO-003251,2026-11-27,2026-09-20T12:00:00
PO-DEMO-003252,2026-11-28,2026-09-20T12:00:00
PO-DEMO-003253,2026-11-29,2026-09-20T12:00:00
PO-DEMO-003254,2026-11-30,2026-09-20T12:00:00
PO-DEMO-003255,2026-12-01,2026-09-20T12:00:00
PO-DEMO-003256,2026-12-02,2026-09-20T12:00:00
PO-DEMO-003257,2026-12-03,2026-09-20T12:00:00
PO-DEMO-003258,2026-12-04,2026-09-20T12:00:00
PO-DEMO-003259,2026-12-05,2026-09-20T12:00:00
PO-DEMO-003260,2026-12-06,2026-09-20T12:00:00
PO-DEMO-003261,2026-12-07,2026-09-20T12:00:00
PO-DEMO-003262,2026-12-08,2026-09-20T12:00:00
PO-DEMO-003263,2026-12-09,2026-09-20T12:00:00
PO-DEMO-003264,2026-12-10,2026-09-20T12:00:00
PO-DEMO-003265,2026-12-11,2026-09-20T12:00:00
PO-DEMO-003266,2026-12-12,2026-09-20T12:00:00
PO-DEMO-003267,2026-12-13,2026-09-20T12:00:00
PO-DEMO-003268,2026-12-14,2026-09-20T12:00:00
PO-DEMO-003269,2026-12-15,2026-09-20T12:00:00
PO-DEMO-003270,2026-12-16,2026-09-20T12:00:00
PO-DEMO-003271,2026-12-17,2026-09-20T12:00:00
PO-DEMO-003272,2026-12-18,2026-09-20T12:00:00
PO-DEMO-003273,2026-12-19,2026-09-20T12:00:00
PO-DEMO-003274,2026-12-20,2026-09-20T12:00:00
PO-DEMO-003275,2026-12-21,2026-09-20T12:00:00
PO-DEMO-003276,2026-12-22,2026-09-20T12:00:00
PO-DEMO-003277,2026-12-23,2026-09-20T12:00:00
PO-DEMO-003278,2026-12-24,2026-09-20T12:00:00
PO-DEMO-003279,2026-12-25,2026-09-20T12:00:00
PO-DEMO-003280,2026-12-26,2026-09-20T12:00:00
PO-DEMO-003281,2026-12-27,2026-09-20T12:00:00
PO-DEMO-003282,2026-12-28,2026-09-20T12:00:00
PO-DEMO-003283,2026-12-29,2026-09-20T12:00:00
PO-DEMO-003284,2026-12-30,2026-09-20T12:00:00
PO-DEMO-003285,2026-12-31,2026-09-20T12:00:00
PO-DEMO-003286,2026-01-01,2026-09-20T12:00:00
PO-DEMO-003287,2026-01-02,2026-09-20T12:00:00
PO-DEMO-003288,2026-01-03,2026-09-20T12:00:00
PO-DEMO-003289,2026-01-04,2026-09-20T12:00:00
PO-DEMO-003290,2026-01-05,2026-09-20T12:00:00
PO-DEMO-003291,2026-01-06,2026-09-20T12:00:00
PO-DEMO-003292,2026-01-07,2026-09-20T12:00:00
PO-DEMO-003293,2026-01-08,2026-09-20T12:00:00
PO-DEMO-003294,2026-01-09,2026-09-20T12:00:00
PO-DEMO-003295,2026-01-10,2026-09-20T12:00:00
PO-DEMO-003296,2026-01-11,2026-09-20T12:00:00
PO-DEMO-003297,2026-01-12,2026-09-20T12:00:00
PO-DEMO-003298,2026-01-13,2026-09-20T12:00:00
PO-DEMO-003299,2026-01-14,2026-09-20T12:00:00
PO-DEMO-003300,2026-01-15,2026-09-20T12:00:00
PO-DEMO-003301,2026-01-16,2026-09-20T12:00:00
PO-DEMO-003302,2026-01-17,2026-09-20T12:00:00
PO-DEMO-003303,2026-01-18,2026-09-20T12:00:00
PO-DEMO-003304,2026-01-19,2026-09-20T12:00:00
PO-DEMO-003305,2026-01-20,2026-09-20T12:00:00
PO-DEMO-003306,2026-01-21,2026-09-20T12:00:00
PO-DEMO-003307,2026-01-22,2026-09-20T12:00:00
PO-DEMO-003308,2026-01-23,2026-09-20T12:00:00
PO-DEMO-003309,2026-01-24,2026-09-20T12:00:00
PO-DEMO-003310,2026-01-25,2026-09-20T12:00:00
PO-DEMO-003311,2026-01-26,2026-09-20T12:00:00
PO-DEMO-003312,2026-01-27,2026-09-20T12:00:00
PO-DEMO-003313,2026-01-28,2026-09-20T12:00:00
PO-DEMO-003314,2026-01-29,2026-09-20T12:00:00
PO-DEMO-003315,2026-01-30,2026-09-20T12:00:00
PO-DEMO-003316,2026-01-31,2026-09-20T12:00:00
PO-DEMO-003317,2026-02-01,2026-09-20T12:00:00
PO-DEMO-003318,2026-02-02,2026-09-20T12:00:00
PO-DEMO-003319,2026-02-03,2026-09-20T12:00:00
PO-DEMO-003320,2026-02-04,2026-09-20T12:00:00
PO-DEMO-003321,2026-02-05,2026-09-20T12:00:00
PO-DEMO-003322,2026-02-06,2026-09-20T12:00:00
PO-DEMO-003323,2026-02-07,2026-09-20T12:00:00
PO-DEMO-003324,2026-02-08,2026-09-20T12:00:00
PO-DEMO-003325,2026-02-09,2026-09-20T12:00:00
PO-DEMO-003326,2026-02-10,2026-09-20T12:00:00
PO-DEMO-003327,2026-02-11,2026-09-20T12:00:00
PO-DEMO-003328,2026-02-12,2026-09-20T12:00:00
PO-DEMO-003329,2026-02-13,2026-09-20T12:00:00
PO-DEMO-003330,2026-02-14,2026-09-20T12:00:00
PO-DEMO-003331,2026-02-15,2026-09-20T12:00:00
PO-DEMO-003332,2026-02-16,2026-09-20T12:00:00
PO-DEMO-003333,2026-02-17,2026-09-20T12:00:00
PO-DEMO-003334,2026-02-18,2026-09-20T12:00:00
PO-DEMO-003335,2026-02-19,2026-09-20T12:00:00
PO-DEMO-003336,2026-02-20,2026-09-20T12:00:00
PO-DEMO-003337,2026-02-21,2026-09-20T12:00:00
PO-DEMO-003338,2026-02-22,2026-09-20T12:00:00
PO-DEMO-003339,2026-02-23,2026-09-20T12:00:00
PO-DEMO-003340,2026-02-24,2026-09-20T12:00:00
PO-DEMO-003341,2026-02-25,2026-09-20T12:00:00
PO-DEMO-003342,2026-02-26,2026-09-20T12:00:00
PO-DEMO-003343,2026-02-27,2026-09-20T12:00:00
PO-DEMO-003344,2026-02-28,2026-09-20T12:00:00
PO-DEMO-003345,2026-03-01,2026-09-20T12:00:00
PO-DEMO-003346,2026-03-02,2026-09-20T12:00:00
PO-DEMO-003347,2026-03-03,2026-09-20T12:00:00
PO-DEMO-003348,2026-03-04,2026-09-20T12:00:00
PO-DEMO-003349,2026-03-05,2026-09-20T12:00:00
PO-DEMO-003350,2026-03-06,2026-09-20T12:00:00
PO-DEMO-003351,2026-03-07,2026-09-20T12:00:00
PO-DEMO-003352,2026-03-08,2026-09-20T12:00:00
PO-DEMO-003353,2026-03-09,2026-09-20T12:00:00
PO-DEMO-003354,2026-03-10,2026-09-20T12:00:00
PO-DEMO-003355,2026-03-11,2026-09-20T12:00:00
PO-DEMO-003356,2026-03-12,2026-09-20T12:00:00
PO-DEMO-003357,2026-03-13,2026-09-20T12:00:00
PO-DEMO-003358,2026-03-14,2026-09-20T12:00:00
PO-DEMO-003359,2026-03-15,2026-09-20T12:00:00
PO-DEMO-003360,2026-03-16,2026-09-20T12:00:00
PO-DEMO-003361,2026-03-17,2026-09-20T12:00:00
PO-DEMO-003362,2026-03-18,2026-09-20T12:00:00
PO-DEMO-003363,2026-03-19,2026-09-20T12:00:00
PO-DEMO-003364,2026-03-20,2026-09-20T12:00:00
PO-DEMO-003365,2026-03-21,2026-09-20T12:00:00
PO-DEMO-003366,2026-03-22,2026-09-20T12:00:00
PO-DEMO-003367,2026-03-23,2026-09-20T12:00:00
PO-DEMO-003368,2026-03-24,2026-09-20T12:00:00
PO-DEMO-003369,2026-03-25,2026-09-20T12:00:00
PO-DEMO-003370,2026-03-26,2026-09-20T12:00:00
PO-DEMO-003371,2026-03-27,2026-09-20T12:00:00
PO-DEMO-003372,2026-03-28,2026-09-20T12:00:00
PO-DEMO-003373,2026-03-29,2026-09-20T12:00:00
PO-DEMO-003374,2026-03-30,2026-09-20T12:00:00
PO-DEMO-003375,2026-03-31,2026-09-20T12:00:00
PO-DEMO-003376,2026-04-01,2026-09-20T12:00:00
PO-DEMO-003377,2026-04-02,2026-09-20T12:00:00
PO-DEMO-003378,2026-04-03,2026-09-20T12:00:00
PO-DEMO-003379,2026-04-04,2026-09-20T12:00:00
PO-DEMO-003380,2026-04-05,2026-09-20T12:00:00
PO-DEMO-003381,2026-04-06,2026-09-20T12:00:00
PO-DEMO-003382,2026-04-07,2026-09-20T12:00:00
PO-DEMO-003383,2026-04-08,2026-09-20T12:00:00
PO-DEMO-003384,2026-04-09,2026-09-20T12:00:00
PO-DEMO-003385,2026-04-10,2026-09-20T12:00:00
PO-DEMO-003386,2026-04-11,2026-09-20T12:00:00
PO-DEMO-003387,2026-04-12,2026-09-20T12:00:00
PO-DEMO-003388,2026-04-13,2026-09-20T12:00:00
PO-DEMO-003389,2026-04-14,2026-09-20T12:00:00
PO-DEMO-003390,2026-04-15,2026-09-20T12:00:00
PO-DEMO-003391,2026-04-16,2026-09-20T12:00:00
PO-DEMO-003392,2026-04-17,2026-09-20T12:00:00
PO-DEMO-003393,2026-04-18,2026-09-20T12:00:00
PO-DEMO-003394,2026-04-19,2026-09-20T12:00:00
PO-DEMO-003395,2026-04-20,2026-09-20T12:00:00
PO-DEMO-003396,2026-04-21,2026-09-20T12:00:00
PO-DEMO-003397,2026-04-22,2026-09-20T12:00:00
PO-DEMO-003398,2026-04-23,2026-09-20T12:00:00
PO-DEMO-003399,2026-04-24,2026-09-20T12:00:00
PO-DEMO-003400,2026-04-25,2026-09-20T12:00:00
PO-DEMO-003401,2026-04-26,2026-09-20T12:00:00
PO-DEMO-003402,2026-04-27,2026-09-20T12:00:00
PO-DEMO-003403,2026-04-28,2026-09-20T12:00:00
PO-DEMO-003404,2026-04-29,2026-09-20T12:00:00
PO-DEMO-003405,2026-04-30,2026-09-20T12:00:00
PO-DEMO-003406,2026-05-01,2026-09-20T12:00:00
PO-DEMO-003407,2026-05-02,2026-09-20T12:00:00
PO-DEMO-003408,2026-05-03,2026-09-20T12:00:00
PO-DEMO-003409,2026-05-04,2026-09-20T12:00:00
PO-DEMO-003410,2026-05-05,2026-09-20T12:00:00
PO-DEMO-003411,2026-05-06,2026-09-20T12:00:00
PO-DEMO-003412,2026-05-07,2026-09-20T12:00:00
PO-DEMO-003413,2026-05-08,2026-09-20T12:00:00
PO-DEMO-003414,2026-05-09,2026-09-20T12:00:00
PO-DEMO-003415,2026-05-10,2026-09-20T12:00:00
PO-DEMO-003416,2026-05-11,2026-09-20T12:00:00
PO-DEMO-003417,2026-05-12,2026-09-20T12:00:00
PO-DEMO-003418,2026-05-13,2026-09-20T12:00:00
PO-DEMO-003419,2026-05-14,2026-09-20T12:00:00
PO-DEMO-003420,2026-05-15,2026-09-20T12:00:00
PO-DEMO-003421,2026-05-16,2026-09-20T12:00:00
PO-DEMO-003422,2026-05-17,2026-09-20T12:00:00
PO-DEMO-003423,2026-05-18,2026-09-20T12:00:00
PO-DEMO-003424,2026-05-19,2026-09-20T12:00:00
PO-DEMO-003425,2026-05-20,2026-09-20T12:00:00
PO-DEMO-003426,2026-05-21,2026-09-20T12:00:00
PO-DEMO-003427,2026-05-22,2026-09-20T12:00:00
PO-DEMO-003428,2026-05-23,2026-09-20T12:00:00
PO-DEMO-003429,2026-05-24,2026-09-20T12:00:00
PO-DEMO-003430,2026-05-25,2026-09-20T12:00:00
PO-DEMO-003431,2026-05-26,2026-09-20T12:00:00
PO-DEMO-003432,2026-05-27,2026-09-20T12:00:00
PO-DEMO-003433,2026-05-28,2026-09-20T12:00:00
PO-DEMO-003434,2026-05-29,2026-09-20T12:00:00
PO-DEMO-003435,2026-05-30,2026-09-20T12:00:00
PO-DEMO-003436,2026-05-31,2026-09-20T12:00:00
PO-DEMO-003437,2026-06-01,2026-09-20T12:00:00
PO-DEMO-003438,2026-06-02,2026-09-20T12:00:00
PO-DEMO-003439,2026-06-03,2026-09-20T12:00:00
PO-DEMO-003440,2026-06-04,2026-09-20T12:00:00
PO-DEMO-003441,2026-06-05,2026-09-20T12:00:00
PO-DEMO-003442,2026-06-06,2026-09-20T12:00:00
PO-DEMO-003443,2026-06-07,2026-09-20T12:00:00
PO-DEMO-003444,2026-06-08,2026-09-20T12:00:00
PO-DEMO-003445,2026-06-09,2026-09-20T12:00:00
PO-DEMO-003446,2026-06-10,2026-09-20T12:00:00
PO-DEMO-003447,2026-06-11,2026-09-20T12:00:00
PO-DEMO-003448,2026-06-12,2026-09-20T12:00:00
PO-DEMO-003449,2026-06-13,2026-09-20T12:00:00
PO-DEMO-003450,2026-06-14,2026-09-20T12:00:00
PO-DEMO-003451,2026-06-15,2026-09-20T12:00:00
PO-DEMO-003452,2026-06-16,2026-09-20T12:00:00
PO-DEMO-003453,2026-06-17,2026-09-20T12:00:00
PO-DEMO-003454,2026-06-18,2026-09-20T12:00:00
PO-DEMO-003455,2026-06-19,2026-09-20T12:00:00
PO-DEMO-003456,2026-06-20,2026-09-20T12:00:00
PO-DEMO-003457,2026-06-21,2026-09-20T12:00:00
PO-DEMO-003458,2026-06-22,2026-09-20T12:00:00
PO-DEMO-003459,2026-06-23,2026-09-20T12:00:00
PO-DEMO-003460,2026-06-24,2026-09-20T12:00:00
PO-DEMO-003461,2026-06-25,2026-09-20T12:00:00
PO-DEMO-003462,2026-06-26,2026-09-20T12:00:00
PO-DEMO-003463,2026-06-27,2026-09-20T12:00:00
PO-DEMO-003464,2026-06-28,2026-09-20T12:00:00
PO-DEMO-003465,2026-06-29,2026-09-20T12:00:00
PO-DEMO-003466,2026-06-30,2026-09-20T12:00:00
PO-DEMO-003467,2026-07-01,2026-09-20T12:00:00
PO-DEMO-003468,2026-07-02,2026-09-20T12:00:00
PO-DEMO-003469,2026-07-03,2026-09-20T12:00:00
PO-DEMO-003470,2026-07-04,2026-09-20T12:00:00
PO-DEMO-003471,2026-07-05,2026-09-20T12:00:00
PO-DEMO-003472,2026-07-06,2026-09-20T12:00:00
PO-DEMO-003473,2026-07-07,2026-09-20T12:00:00
PO-DEMO-003474,2026-07-08,2026-09-20T12:00:00
PO-DEMO-003475,2026-07-09,2026-09-20T12:00:00
PO-DEMO-003476,2026-07-10,2026-09-20T12:00:00
PO-DEMO-003477,2026-07-11,2026-09-20T12:00:00
PO-DEMO-003478,2026-07-12,2026-09-20T12:00:00
PO-DEMO-003479,2026-07-13,2026-09-20T12:00:00
PO-DEMO-003480,2026-07-14,2026-09-20T12:00:00
PO-DEMO-003481,2026-07-15,2026-09-20T12:00:00
PO-DEMO-003482,2026-07-16,2026-09-20T12:00:00
PO-DEMO-003483,2026-07-17,2026-09-20T12:00:00
PO-DEMO-003484,2026-07-18,2026-09-20T12:00:00
PO-DEMO-003485,2026-07-19,2026-09-20T12:00:00
PO-DEMO-003486,2026-07-20,2026-09-20T12:00:00
PO-DEMO-003487,2026-07-21,2026-09-20T12:00:00
PO-DEMO-003488,2026-07-22,2026-09-20T12:00:00
PO-DEMO-003489,2026-07-23,2026-09-20T12:00:00
PO-DEMO-003490,2026-07-24,2026-09-20T12:00:00
PO-DEMO-003491,2026-07-25,2026-09-20T12:00:00
PO-DEMO-003492,2026-07-26,2026-09-20T12:00:00
PO-DEMO-003493,2026-07-27,2026-09-20T12:00:00
PO-DEMO-003494,2026-07-28,2026-09-20T12:00:00
PO-DEMO-003495,2026-07-29,2026-09-20T12:00:00
PO-DEMO-003496,2026-07-30,2026-09-20T12:00:00
PO-DEMO-003497,2026-07-31,2026-09-20T12:00:00
PO-DEMO-003498,2026-08-01,2026-09-20T12:00:00
PO-DEMO-003499,2026-08-02,2026-09-20T12:00:00
PO-DEMO-003500,2026-08-03,2026-09-20T12:00:00
PO-DEMO-003501,2026-08-04,2026-09-20T12:00:00
PO-DEMO-003502,2026-08-05,2026-09-20T12:00:00
PO-DEMO-003503,2026-08-06,2026-09-20T12:00:00
PO-DEMO-003504,2026-08-07,2026-09-20T12:00:00
PO-DEMO-003505,2026-08-08,2026-09-20T12:00:00
PO-DEMO-003506,2026-08-09,2026-09-20T12:00:00
PO-DEMO-003507,2026-08-10,2026-09-20T12:00:00
PO-DEMO-003508,2026-08-11,2026-09-20T12:00:00
PO-DEMO-003509,2026-08-12,2026-09-20T12:00:00
PO-DEMO-003510,2026-08-13,2026-09-20T12:00:00
PO-DEMO-003511,2026-08-14,2026-09-20T12:00:00
PO-DEMO-003512,2026-08-15,2026-09-20T12:00:00
PO-DEMO-003513,2026-08-16,2026-09-20T12:00:00
PO-DEMO-003514,2026-08-17,2026-09-20T12:00:00
PO-DEMO-003515,2026-08-18,2026-09-20T12:00:00
PO-DEMO-003516,2026-08-19,2026-09-20T12:00:00
PO-DEMO-003517,2026-08-20,2026-09-20T12:00:00
PO-DEMO-003518,2026-08-21,2026-09-20T12:00:00
PO-DEMO-003519,2026-08-22,2026-09-20T12:00:00
PO-DEMO-003520,2026-08-23,2026-09-20T12:00:00
PO-DEMO-003521,2026-08-24,2026-09-20T12:00:00
PO-DEMO-003522,2026-08-25,2026-09-20T12:00:00
PO-DEMO-003523,2026-08-26,2026-09-20T12:00:00
PO-DEMO-003524,2026-08-27,2026-09-20T12:00:00
PO-DEMO-003525,2026-08-28,2026-09-20T12:00:00
PO-DEMO-003526,2026-08-29,2026-09-20T12:00:00
PO-DEMO-003527,2026-08-30,2026-09-20T12:00:00
PO-DEMO-003528,2026-08-31,2026-09-20T12:00:00
PO-DEMO-003529,2026-09-01,2026-09-20T12:00:00
PO-DEMO-003530,2026-09-02,2026-09-20T12:00:00
PO-DEMO-003531,2026-09-03,2026-09-20T12:00:00
PO-DEMO-003532,2026-09-04,2026-09-20T12:00:00
PO-DEMO-003533,2026-09-05,2026-09-20T12:00:00
PO-DEMO-003534,2026-09-06,2026-09-20T12:00:00
PO-DEMO-003535,2026-09-07,2026-09-20T12:00:00
PO-DEMO-003536,2026-09-08,2026-09-20T12:00:00
PO-DEMO-003537,2026-09-09,2026-09-20T12:00:00
PO-DEMO-003538,2026-09-10,2026-09-20T12:00:00
PO-DEMO-003539,2026-09-11,2026-09-20T12:00:00
PO-DEMO-003540,2026-09-12,2026-09-20T12:00:00
PO-DEMO-003541,2026-09-13,2026-09-20T12:00:00
PO-DEMO-003542,2026-09-14,2026-09-20T12:00:00
PO-DEMO-003543,2026-09-15,2026-09-20T12:00:00
PO-DEMO-003544,2026-09-16,2026-09-20T12:00:00
PO-DEMO-003545,2026-09-17,2026-09-20T12:00:00
PO-DEMO-003546,2026-09-18,2026-09-20T12:00:00
PO-DEMO-003547,2026-09-19,2026-09-20T12:00:00
PO-DEMO-003548,2026-09-20,2026-09-20T12:00:00
PO-DEMO-003549,2026-09-21,2026-09-20T12:00:00
PO-DEMO-003550,2026-09-22,2026-09-20T12:00:00
PO-DEMO-003551,2026-09-23,2026-09-20T12:00:00
PO-DEMO-003552,2026-09-24,2026-09-20T12:00:00
PO-DEMO-003553,2026-09-25,2026-09-20T12:00:00
PO-DEMO-003554,2026-09-26,2026-09-20T12:00:00
PO-DEMO-003555,2026-09-27,2026-09-20T12:00:00
PO-DEMO-003556,2026-09-28,2026-09-20T12:00:00
PO-DEMO-003557,2026-09-29,2026-09-20T12:00:00
PO-DEMO-003558,2026-09-30,2026-09-20T12:00:00
PO-DEMO-003559,2026-10-01,2026-09-20T12:00:00
PO-DEMO-003560,2026-10-02,2026-09-20T12:00:00
PO-DEMO-003561,2026-10-03,2026-09-20T12:00:00
PO-DEMO-003562,2026-10-04,2026-09-20T12:00:00
PO-DEMO-003563,2026-10-05,2026-09-20T12:00:00
PO-DEMO-003564,2026-10-06,2026-09-20T12:00:00
PO-DEMO-003565,2026-10-07,2026-09-20T12:00:00
PO-DEMO-003566,2026-10-08,2026-09-20T12:00:00
PO-DEMO-003567,2026-10-09,2026-09-20T12:00:00
PO-DEMO-003568,2026-10-10,2026-09-20T12:00:00
PO-DEMO-003569,2026-10-11,2026-09-20T12:00:00
PO-DEMO-003570,2026-10-12,2026-09-20T12:00:00
PO-DEMO-003571,2026-10-13,2026-09-20T12:00:00
PO-DEMO-003572,2026-10-14,2026-09-20T12:00:00
PO-DEMO-003573,2026-10-15,2026-09-20T12:00:00
PO-DEMO-003574,2026-10-16,2026-09-20T12:00:00
PO-DEMO-003575,2026-10-17,2026-09-20T12:00:00
PO-DEMO-003576,2026-10-18,2026-09-20T12:00:00
PO-DEMO-003577,2026-10-19,2026-09-20T12:00:00
PO-DEMO-003578,2026-10-20,2026-09-20T12:00:00
PO-DEMO-003579,2026-10-21,2026-09-20T12:00:00
PO-DEMO-003580,2026-10-22,2026-09-20T12:00:00
PO-DEMO-003581,2026-10-23,2026-09-20T12:00:00
PO-DEMO-003582,2026-10-24,2026-09-20T12:00:00
PO-DEMO-003583,2026-10-25,2026-09-20T12:00:00
PO-DEMO-003584,2026-10-26,2026-09-20T12:00:00
PO-DEMO-003585,2026-10-27,2026-09-20T12:00:00
PO-DEMO-003586,2026-10-28,2026-09-20T12:00:00
PO-DEMO-003587,2026-10-29,2026-09-20T12:00:00
PO-DEMO-003588,2026-10-30,2026-09-20T12:00:00
PO-DEMO-003589,2026-10-31,2026-09-20T12:00:00
PO-DEMO-003590,2026-11-01,2026-09-20T12:00:00
PO-DEMO-003591,2026-11-02,2026-09-20T12:00:00
PO-DEMO-003592,2026-11-03,2026-09-20T12:00:00
PO-DEMO-003593,2026-11-04,2026-09-20T12:00:00
PO-DEMO-003594,2026-11-05,2026-09-20T12:00:00
PO-DEMO-003595,2026-11-06,2026-09-20T12:00:00
PO-DEMO-003596,2026-11-07,2026-09-20T12:00:00
PO-DEMO-003597,2026-11-08,2026-09-20T12:00:00
PO-DEMO-003598,2026-11-09,2026-09-20T12:00:00
PO-DEMO-003599,2026-11-10,2026-09-20T12:00:00
PO-DEMO-003600,2026-11-11,2026-09-20T12:00:00
PO-DEMO-003601,2026-11-12,2026-09-20T12:00:00
PO-DEMO-003602,2026-11-13,2026-09-20T12:00:00
PO-DEMO-003603,2026-11-14,2026-09-20T12:00:00
PO-DEMO-003604,2026-11-15,2026-09-20T12:00:00
PO-DEMO-003605,2026-11-16,2026-09-20T12:00:00
PO-DEMO-003606,2026-11-17,2026-09-20T12:00:00
PO-DEMO-003607,2026-11-18,2026-09-20T12:00:00
PO-DEMO-003608,2026-11-19,2026-09-20T12:00:00
PO-DEMO-003609,2026-11-20,2026-09-20T12:00:00
PO-DEMO-003610,2026-11-21,2026-09-20T12:00:00
PO-DEMO-003611,2026-11-22,2026-09-20T12:00:00
PO-DEMO-003612,2026-11-23,2026-09-20T12:00:00
PO-DEMO-003613,2026-11-24,2026-09-20T12:00:00
PO-DEMO-003614,2026-11-25,2026-09-20T12:00:00
PO-DEMO-003615,2026-11-26,2026-09-20T12:00:00
PO-DEMO-003616,2026-11-27,2026-09-20T12:00:00
PO-DEMO-003617,2026-11-28,2026-09-20T12:00:00
PO-DEMO-003618,2026-11-29,2026-09-20T12:00:00
PO-DEMO-003619,2026-11-30,2026-09-20T12:00:00
PO-DEMO-003620,2026-12-01,2026-09-20T12:00:00
PO-DEMO-003621,2026-12-02,2026-09-20T12:00:00
PO-DEMO-003622,2026-12-03,2026-09-20T12:00:00
PO-DEMO-003623,2026-12-04,2026-09-20T12:00:00
PO-DEMO-003624,2026-12-05,2026-09-20T12:00:00
PO-DEMO-003625,2026-12-06,2026-09-20T12:00:00
PO-DEMO-003626,2026-12-07,2026-09-20T12:00:00
PO-DEMO-003627,2026-12-08,2026-09-20T12:00:00
PO-DEMO-003628,2026-12-09,2026-09-20T12:00:00
PO-DEMO-003629,2026-12-10,2026-09-20T12:00:00
PO-DEMO-003630,2026-12-11,2026-09-20T12:00:00
PO-DEMO-003631,2026-12-12,2026-09-20T12:00:00
PO-DEMO-003632,2026-12-13,2026-09-20T12:00:00
PO-DEMO-003633,2026-12-14,2026-09-20T12:00:00
PO-DEMO-003634,2026-12-15,2026-09-20T12:00:00
PO-DEMO-003635,2026-12-16,2026-09-20T12:00:00
PO-DEMO-003636,2026-12-17,2026-09-20T12:00:00
PO-DEMO-003637,2026-12-18,2026-09-20T12:00:00
PO-DEMO-003638,2026-12-19,2026-09-20T12:00:00
PO-DEMO-003639,2026-12-20,2026-09-20T12:00:00
PO-DEMO-003640,2026-12-21,2026-09-20T12:00:00
PO-DEMO-003641,2026-12-22,2026-09-20T12:00:00
PO-DEMO-003642,2026-12-23,2026-09-20T12:00:00
PO-DEMO-003643,2026-12-24,2026-09-20T12:00:00
PO-DEMO-003644,2026-12-25,2026-09-20T12:00:00
PO-DEMO-003645,2026-12-26,2026-09-20T12:00:00
PO-DEMO-003646,2026-12-27,2026-09-20T12:00:00
PO-DEMO-003647,2026-12-28,2026-09-20T12:00:00
PO-DEMO-003648,2026-12-29,2026-09-20T12:00:00
PO-DEMO-003649,2026-12-30,2026-09-20T12:00:00
PO-DEMO-003650,2026-12-31,2026-09-20T12:00:00
PO-DEMO-003651,2026-01-01,2026-09-20T12:00:00
PO-DEMO-003652,2026-01-02,2026-09-20T12:00:00
PO-DEMO-003653,2026-01-03,2026-09-20T12:00:00
PO-DEMO-003654,2026-01-04,2026-09-20T12:00:00
PO-DEMO-003655,2026-01-05,2026-09-20T12:00:00
PO-DEMO-003656,2026-01-06,2026-09-20T12:00:00
PO-DEMO-003657,2026-01-07,2026-09-20T12:00:00
PO-DEMO-003658,2026-01-08,2026-09-20T12:00:00
PO-DEMO-003659,2026-01-09,2026-09-20T12:00:00
PO-DEMO-003660,2026-01-10,2026-09-20T12:00:00
PO-DEMO-003661,2026-01-11,2026-09-20T12:00:00
PO-DEMO-003662,2026-01-12,2026-09-20T12:00:00
PO-DEMO-003663,2026-01-13,2026-09-20T12:00:00
PO-DEMO-003664,2026-01-14,2026-09-20T12:00:00
PO-DEMO-003665,2026-01-15,2026-09-20T12:00:00
PO-DEMO-003666,2026-01-16,2026-09-20T12:00:00
PO-DEMO-003667,2026-01-17,2026-09-20T12:00:00
PO-DEMO-003668,2026-01-18,2026-09-20T12:00:00
PO-DEMO-003669,2026-01-19,2026-09-20T12:00:00
PO-DEMO-003670,2026-01-20,2026-09-20T12:00:00
PO-DEMO-003671,2026-01-21,2026-09-20T12:00:00
PO-DEMO-003672,2026-01-22,2026-09-20T12:00:00
PO-DEMO-003673,2026-01-23,2026-09-20T12:00:00
PO-DEMO-003674,2026-01-24,2026-09-20T12:00:00
PO-DEMO-003675,2026-01-25,2026-09-20T12:00:00
PO-DEMO-003676,2026-01-26,2026-09-20T12:00:00
PO-DEMO-003677,2026-01-27,2026-09-20T12:00:00
PO-DEMO-003678,2026-01-28,2026-09-20T12:00:00
PO-DEMO-003679,2026-01-29,2026-09-20T12:00:00
PO-DEMO-003680,2026-01-30,2026-09-20T12:00:00
PO-DEMO-003681,2026-01-31,2026-09-20T12:00:00
PO-DEMO-003682,2026-02-01,2026-09-20T12:00:00
PO-DEMO-003683,2026-02-02,2026-09-20T12:00:00
PO-DEMO-003684,2026-02-03,2026-09-20T12:00:00
PO-DEMO-003685,2026-02-04,2026-09-20T12:00:00
PO-DEMO-003686,2026-02-05,2026-09-20T12:00:00
PO-DEMO-003687,2026-02-06,2026-09-20T12:00:00
PO-DEMO-003688,2026-02-07,2026-09-20T12:00:00
PO-DEMO-003689,2026-02-08,2026-09-20T12:00:00
PO-DEMO-003690,2026-02-09,2026-09-20T12:00:00
PO-DEMO-003691,2026-02-10,2026-09-20T12:00:00
PO-DEMO-003692,2026-02-11,2026-09-20T12:00:00
PO-DEMO-003693,2026-02-12,2026-09-20T12:00:00
PO-DEMO-003694,2026-02-13,2026-09-20T12:00:00
PO-DEMO-003695,2026-02-14,2026-09-20T12:00:00
PO-DEMO-003696,2026-02-15,2026-09-20T12:00:00
PO-DEMO-003697,2026-02-16,2026-09-20T12:00:00
PO-DEMO-003698,2026-02-17,2026-09-20T12:00:00
PO-DEMO-003699,2026-02-18,2026-09-20T12:00:00
PO-DEMO-003700,2026-02-19,2026-09-20T12:00:00
PO-DEMO-003701,2026-02-20,2026-09-20T12:00:00
PO-DEMO-003702,2026-02-21,2026-09-20T12:00:00
PO-DEMO-003703,2026-02-22,2026-09-20T12:00:00
PO-DEMO-003704,2026-02-23,2026-09-20T12:00:00
PO-DEMO-003705,2026-02-24,2026-09-20T12:00:00
PO-DEMO-003706,2026-02-25,2026-09-20T12:00:00
PO-DEMO-003707,2026-02-26,2026-09-20T12:00:00
PO-DEMO-003708,2026-02-27,2026-09-20T12:00:00
PO-DEMO-003709,2026-02-28,2026-09-20T12:00:00
PO-DEMO-003710,2026-03-01,2026-09-20T12:00:00
PO-DEMO-003711,2026-03-02,2026-09-20T12:00:00
PO-DEMO-003712,2026-03-03,2026-09-20T12:00:00
PO-DEMO-003713,2026-03-04,2026-09-20T12:00:00
PO-DEMO-003714,2026-03-05,2026-09-20T12:00:00
PO-DEMO-003715,2026-03-06,2026-09-20T12:00:00
PO-DEMO-003716,2026-03-07,2026-09-20T12:00:00
PO-DEMO-003717,2026-03-08,2026-09-20T12:00:00
PO-DEMO-003718,2026-03-09,2026-09-20T12:00:00
PO-DEMO-003719,2026-03-10,2026-09-20T12:00:00
PO-DEMO-003720,2026-03-11,2026-09-20T12:00:00
PO-DEMO-003721,2026-03-12,2026-09-20T12:00:00
PO-DEMO-003722,2026-03-13,2026-09-20T12:00:00
PO-DEMO-003723,2026-03-14,2026-09-20T12:00:00
PO-DEMO-003724,2026-03-15,2026-09-20T12:00:00
PO-DEMO-003725,2026-03-16,2026-09-20T12:00:00
PO-DEMO-003726,2026-03-17,2026-09-20T12:00:00
PO-DEMO-003727,2026-03-18,2026-09-20T12:00:00
PO-DEMO-003728,2026-03-19,2026-09-20T12:00:00
PO-DEMO-003729,2026-03-20,2026-09-20T12:00:00
PO-DEMO-003730,2026-03-21,2026-09-20T12:00:00
PO-DEMO-003731,2026-03-22,2026-09-20T12:00:00
PO-DEMO-003732,2026-03-23,2026-09-20T12:00:00
PO-DEMO-003733,2026-03-24,2026-09-20T12:00:00
PO-DEMO-003734,2026-03-25,2026-09-20T12:00:00
PO-DEMO-003735,2026-03-26,2026-09-20T12:00:00
PO-DEMO-003736,2026-03-27,2026-09-20T12:00:00
PO-DEMO-003737,2026-03-28,2026-09-20T12:00:00
PO-DEMO-003738,2026-03-29,2026-09-20T12:00:00
PO-DEMO-003739,2026-03-30,2026-09-20T12:00:00
PO-DEMO-003740,2026-03-31,2026-09-20T12:00:00
PO-DEMO-003741,2026-04-01,2026-09-20T12:00:00
PO-DEMO-003742,2026-04-02,2026-09-20T12:00:00
PO-DEMO-003743,2026-04-03,2026-09-20T12:00:00
PO-DEMO-003744,2026-04-04,2026-09-20T12:00:00
PO-DEMO-003745,2026-04-05,2026-09-20T12:00:00
PO-DEMO-003746,2026-04-06,2026-09-20T12:00:00
PO-DEMO-003747,2026-04-07,2026-09-20T12:00:00
PO-DEMO-003748,2026-04-08,2026-09-20T12:00:00
PO-DEMO-003749,2026-04-09,2026-09-20T12:00:00
PO-DEMO-003750,2026-04-10,2026-09-20T12:00:00
PO-DEMO-003751,2026-04-11,2026-09-20T12:00:00
PO-DEMO-003752,2026-04-12,2026-09-20T12:00:00
PO-DEMO-003753,2026-04-13,2026-09-20T12:00:00
PO-DEMO-003754,2026-04-14,2026-09-20T12:00:00
PO-DEMO-003755,2026-04-15,2026-09-20T12:00:00
PO-DEMO-003756,2026-04-16,2026-09-20T12:00:00
PO-DEMO-003757,2026-04-17,2026-09-20T12:00:00
PO-DEMO-003758,2026-04-18,2026-09-20T12:00:00
PO-DEMO-003759,2026-04-19,2026-09-20T12:00:00
PO-DEMO-003760,2026-04-20,2026-09-20T12:00:00
PO-DEMO-003761,2026-04-21,2026-09-20T12:00:00
PO-DEMO-003762,2026-04-22,2026-09-20T12:00:00
PO-DEMO-003763,2026-04-23,2026-09-20T12:00:00
PO-DEMO-003764,2026-04-24,2026-09-20T12:00:00
PO-DEMO-003765,2026-04-25,2026-09-20T12:00:00
PO-DEMO-003766,2026-04-26,2026-09-20T12:00:00
PO-DEMO-003767,2026-04-27,2026-09-20T12:00:00
PO-DEMO-003768,2026-04-28,2026-09-20T12:00:00
PO-DEMO-003769,2026-04-29,2026-09-20T12:00:00
PO-DEMO-003770,2026-04-30,2026-09-20T12:00:00
PO-DEMO-003771,2026-05-01,2026-09-20T12:00:00
PO-DEMO-003772,2026-05-02,2026-09-20T12:00:00
PO-DEMO-003773,2026-05-03,2026-09-20T12:00:00
PO-DEMO-003774,2026-05-04,2026-09-20T12:00:00
PO-DEMO-003775,2026-05-05,2026-09-20T12:00:00
PO-DEMO-003776,2026-05-06,2026-09-20T12:00:00
PO-DEMO-003777,2026-05-07,2026-09-20T12:00:00
PO-DEMO-003778,2026-05-08,2026-09-20T12:00:00
PO-DEMO-003779,2026-05-09,2026-09-20T12:00:00
PO-DEMO-003780,2026-05-10,2026-09-20T12:00:00
PO-DEMO-003781,2026-05-11,2026-09-20T12:00:00
PO-DEMO-003782,2026-05-12,2026-09-20T12:00:00
PO-DEMO-003783,2026-05-13,2026-09-20T12:00:00
PO-DEMO-003784,2026-05-14,2026-09-20T12:00:00
PO-DEMO-003785,2026-05-15,2026-09-20T12:00:00
PO-DEMO-003786,2026-05-16,2026-09-20T12:00:00
PO-DEMO-003787,2026-05-17,2026-09-20T12:00:00
PO-DEMO-003788,2026-05-18,2026-09-20T12:00:00
PO-DEMO-003789,2026-05-19,2026-09-20T12:00:00
PO-DEMO-003790,2026-05-20,2026-09-20T12:00:00
PO-DEMO-003791,2026-05-21,2026-09-20T12:00:00
PO-DEMO-003792,2026-05-22,2026-09-20T12:00:00
PO-DEMO-003793,2026-05-23,2026-09-20T12:00:00
PO-DEMO-003794,2026-05-24,2026-09-20T12:00:00
PO-DEMO-003795,2026-05-25,2026-09-20T12:00:00
PO-DEMO-003796,2026-05-26,2026-09-20T12:00:00
PO-DEMO-003797,2026-05-27,2026-09-20T12:00:00
PO-DEMO-003798,2026-05-28,2026-09-20T12:00:00
PO-DEMO-003799,2026-05-29,2026-09-20T12:00:00
PO-DEMO-003800,2026-05-30,2026-09-20T12:00:00
PO-DEMO-003801,2026-05-31,2026-09-20T12:00:00
PO-DEMO-003802,2026-06-01,2026-09-20T12:00:00
PO-DEMO-003803,2026-06-02,2026-09-20T12:00:00
PO-DEMO-003804,2026-06-03,2026-09-20T12:00:00
PO-DEMO-003805,2026-06-04,2026-09-20T12:00:00
PO-DEMO-003806,2026-06-05,2026-09-20T12:00:00
PO-DEMO-003807,2026-06-06,2026-09-20T12:00:00
PO-DEMO-003808,2026-06-07,2026-09-20T12:00:00
PO-DEMO-003809,2026-06-08,2026-09-20T12:00:00
PO-DEMO-003810,2026-06-09,2026-09-20T12:00:00
PO-DEMO-003811,2026-06-10,2026-09-20T12:00:00
PO-DEMO-003812,2026-06-11,2026-09-20T12:00:00
PO-DEMO-003813,2026-06-12,2026-09-20T12:00:00
PO-DEMO-003814,2026-06-13,2026-09-20T12:00:00
PO-DEMO-003815,2026-06-14,2026-09-20T12:00:00
PO-DEMO-003816,2026-06-15,2026-09-20T12:00:00
PO-DEMO-003817,2026-06-16,2026-09-20T12:00:00
PO-DEMO-003818,2026-06-17,2026-09-20T12:00:00
PO-DEMO-003819,2026-06-18,2026-09-20T12:00:00
PO-DEMO-003820,2026-06-19,2026-09-20T12:00:00
PO-DEMO-003821,2026-06-20,2026-09-20T12:00:00
PO-DEMO-003822,2026-06-21,2026-09-20T12:00:00
PO-DEMO-003823,2026-06-22,2026-09-20T12:00:00
PO-DEMO-003824,2026-06-23,2026-09-20T12:00:00
PO-DEMO-003825,2026-06-24,2026-09-20T12:00:00
PO-DEMO-003826,2026-06-25,2026-09-20T12:00:00
PO-DEMO-003827,2026-06-26,2026-09-20T12:00:00
PO-DEMO-003828,2026-06-27,2026-09-20T12:00:00
PO-DEMO-003829,2026-06-28,2026-09-20T12:00:00
PO-DEMO-003830,2026-06-29,2026-09-20T12:00:00
PO-DEMO-003831,2026-06-30,2026-09-20T12:00:00
PO-DEMO-003832,2026-07-01,2026-09-20T12:00:00
PO-DEMO-003833,2026-07-02,2026-09-20T12:00:00
PO-DEMO-003834,2026-07-03,2026-09-20T12:00:00
PO-DEMO-003835,2026-07-04,2026-09-20T12:00:00
PO-DEMO-003836,2026-07-05,2026-09-20T12:00:00
PO-DEMO-003837,2026-07-06,2026-09-20T12:00:00
PO-DEMO-003838,2026-07-07,2026-09-20T12:00:00
PO-DEMO-003839,2026-07-08,2026-09-20T12:00:00
PO-DEMO-003840,2026-07-09,2026-09-20T12:00:00
PO-DEMO-003841,2026-07-10,2026-09-20T12:00:00
PO-DEMO-003842,2026-07-11,2026-09-20T12:00:00
PO-DEMO-003843,2026-07-12,2026-09-20T12:00:00
PO-DEMO-003844,2026-07-13,2026-09-20T12:00:00
PO-DEMO-003845,2026-07-14,2026-09-20T12:00:00
PO-DEMO-003846,2026-07-15,2026-09-20T12:00:00
PO-DEMO-003847,2026-07-16,2026-09-20T12:00:00
PO-DEMO-003848,2026-07-17,2026-09-20T12:00:00
PO-DEMO-003849,2026-07-18,2026-09-20T12:00:00
PO-DEMO-003850,2026-07-19,2026-09-20T12:00:00
PO-DEMO-003851,2026-07-20,2026-09-20T12:00:00
PO-DEMO-003852,2026-07-21,2026-09-20T12:00:00
PO-DEMO-003853,2026-07-22,2026-09-20T12:00:00
PO-DEMO-003854,2026-07-23,2026-09-20T12:00:00
PO-DEMO-003855,2026-07-24,2026-09-20T12:00:00
PO-DEMO-003856,2026-07-25,2026-09-20T12:00:00
PO-DEMO-003857,2026-07-26,2026-09-20T12:00:00
PO-DEMO-003858,2026-07-27,2026-09-20T12:00:00
PO-DEMO-003859,2026-07-28,2026-09-20T12:00:00
PO-DEMO-003860,2026-07-29,2026-09-20T12:00:00
PO-DEMO-003861,2026-07-30,2026-09-20T12:00:00
PO-DEMO-003862,2026-07-31,2026-09-20T12:00:00
PO-DEMO-003863,2026-08-01,2026-09-20T12:00:00
PO-DEMO-003864,2026-08-02,2026-09-20T12:00:00
PO-DEMO-003865,2026-08-03,2026-09-20T12:00:00
PO-DEMO-003866,2026-08-04,2026-09-20T12:00:00
PO-DEMO-003867,2026-08-05,2026-09-20T12:00:00
PO-DEMO-003868,2026-08-06,2026-09-20T12:00:00
PO-DEMO-003869,2026-08-07,2026-09-20T12:00:00
PO-DEMO-003870,2026-08-08,2026-09-20T12:00:00
PO-DEMO-003871,2026-08-09,2026-09-20T12:00:00
PO-DEMO-003872,2026-08-10,2026-09-20T12:00:00
PO-DEMO-003873,2026-08-11,2026-09-20T12:00:00
PO-DEMO-003874,2026-08-12,2026-09-20T12:00:00
PO-DEMO-003875,2026-08-13,2026-09-20T12:00:00
PO-DEMO-003876,2026-08-14,2026-09-20T12:00:00
PO-DEMO-003877,2026-08-15,2026-09-20T12:00:00
PO-DEMO-003878,2026-08-16,2026-09-20T12:00:00
PO-DEMO-003879,2026-08-17,2026-09-20T12:00:00
PO-DEMO-003880,2026-08-18,2026-09-20T12:00:00
PO-DEMO-003881,2026-08-19,2026-09-20T12:00:00
PO-DEMO-003882,2026-08-20,2026-09-20T12:00:00
PO-DEMO-003883,2026-08-21,2026-09-20T12:00:00
PO-DEMO-003884,2026-08-22,2026-09-20T12:00:00
PO-DEMO-003885,2026-08-23,2026-09-20T12:00:00
PO-DEMO-003886,2026-08-24,2026-09-20T12:00:00
PO-DEMO-003887,2026-08-25,2026-09-20T12:00:00
PO-DEMO-003888,2026-08-26,2026-09-20T12:00:00
PO-DEMO-003889,2026-08-27,2026-09-20T12:00:00
PO-DEMO-003890,2026-08-28,2026-09-20T12:00:00
PO-DEMO-003891,2026-08-29,2026-09-20T12:00:00
PO-DEMO-003892,2026-08-30,2026-09-20T12:00:00
PO-DEMO-003893,2026-08-31,2026-09-20T12:00:00
PO-DEMO-003894,2026-09-01,2026-09-20T12:00:00
PO-DEMO-003895,2026-09-02,2026-09-20T12:00:00
PO-DEMO-003896,2026-09-03,2026-09-20T12:00:00
PO-DEMO-003897,2026-09-04,2026-09-20T12:00:00
PO-DEMO-003898,2026-09-05,2026-09-20T12:00:00
PO-DEMO-003899,2026-09-06,2026-09-20T12:00:00
PO-DEMO-003900,2026-09-07,2026-09-20T12:00:00
PO-DEMO-003901,2026-09-08,2026-09-20T12:00:00
PO-DEMO-003902,2026-09-09,2026-09-20T12:00:00
PO-DEMO-003903,2026-09-10,2026-09-20T12:00:00
PO-DEMO-003904,2026-09-11,2026-09-20T12:00:00
PO-DEMO-003905,2026-09-12,2026-09-20T12:00:00
PO-DEMO-003906,2026-09-13,2026-09-20T12:00:00
PO-DEMO-003907,2026-09-14,2026-09-20T12:00:00
PO-DEMO-003908,2026-09-15,2026-09-20T12:00:00
PO-DEMO-003909,2026-09-16,2026-09-20T12:00:00
PO-DEMO-003910,2026-09-17,2026-09-20T12:00:00
PO-DEMO-003911,2026-09-18,2026-09-20T12:00:00
PO-DEMO-003912,2026-09-19,2026-09-20T12:00:00
PO-DEMO-003913,2026-09-20,2026-09-20T12:00:00
PO-DEMO-003914,2026-09-21,2026-09-20T12:00:00
PO-DEMO-003915,2026-09-22,2026-09-20T12:00:00
PO-DEMO-003916,2026-09-23,2026-09-20T12:00:00
PO-DEMO-003917,2026-09-24,2026-09-20T12:00:00
PO-DEMO-003918,2026-09-25,2026-09-20T12:00:00
PO-DEMO-003919,2026-09-26,2026-09-20T12:00:00
PO-DEMO-003920,2026-09-27,2026-09-20T12:00:00
PO-DEMO-003921,2026-09-28,2026-09-20T12:00:00
PO-DEMO-003922,2026-09-29,2026-09-20T12:00:00
PO-DEMO-003923,2026-09-30,2026-09-20T12:00:00
PO-DEMO-003924,2026-10-01,2026-09-20T12:00:00
PO-DEMO-003925,2026-10-02,2026-09-20T12:00:00
PO-DEMO-003926,2026-10-03,2026-09-20T12:00:00
PO-DEMO-003927,2026-10-04,2026-09-20T12:00:00
PO-DEMO-003928,2026-10-05,2026-09-20T12:00:00
PO-DEMO-003929,2026-10-06,2026-09-20T12:00:00
PO-DEMO-003930,2026-10-07,2026-09-20T12:00:00
PO-DEMO-003931,2026-10-08,2026-09-20T12:00:00
PO-DEMO-003932,2026-10-09,2026-09-20T12:00:00
PO-DEMO-003933,2026-10-10,2026-09-20T12:00:00
PO-DEMO-003934,2026-10-11,2026-09-20T12:00:00
PO-DEMO-003935,2026-10-12,2026-09-20T12:00:00
PO-DEMO-003936,2026-10-13,2026-09-20T12:00:00
PO-DEMO-003937,2026-10-14,2026-09-20T12:00:00
PO-DEMO-003938,2026-10-15,2026-09-20T12:00:00
PO-DEMO-003939,2026-10-16,2026-09-20T12:00:00
PO-DEMO-003940,2026-10-17,2026-09-20T12:00:00
PO-DEMO-003941,2026-10-18,2026-09-20T12:00:00
PO-DEMO-003942,2026-10-19,2026-09-20T12:00:00
PO-DEMO-003943,2026-10-20,2026-09-20T12:00:00
PO-DEMO-003944,2026-10-21,2026-09-20T12:00:00
PO-DEMO-003945,2026-10-22,2026-09-20T12:00:00
PO-DEMO-003946,2026-10-23,2026-09-20T12:00:00
PO-DEMO-003947,2026-10-24,2026-09-20T12:00:00
PO-DEMO-003948,2026-10-25,2026-09-20T12:00:00
PO-DEMO-003949,2026-10-26,2026-09-20T12:00:00
PO-DEMO-003950,2026-10-27,2026-09-20T12:00:00
PO-DEMO-003951,2026-10-28,2026-09-20T12:00:00
PO-DEMO-003952,2026-10-29,2026-09-20T12:00:00
PO-DEMO-003953,2026-10-30,2026-09-20T12:00:00
PO-DEMO-003954,2026-10-31,2026-09-20T12:00:00
PO-DEMO-003955,2026-11-01,2026-09-20T12:00:00
PO-DEMO-003956,2026-11-02,2026-09-20T12:00:00
PO-DEMO-003957,2026-11-03,2026-09-20T12:00:00
PO-DEMO-003958,2026-11-04,2026-09-20T12:00:00
PO-DEMO-003959,2026-11-05,2026-09-20T12:00:00
PO-DEMO-003960,2026-11-06,2026-09-20T12:00:00
PO-DEMO-003961,2026-11-07,2026-09-20T12:00:00
PO-DEMO-003962,2026-11-08,2026-09-20T12:00:00
PO-DEMO-003963,2026-11-09,2026-09-20T12:00:00
PO-DEMO-003964,2026-11-10,2026-09-20T12:00:00
PO-DEMO-003965,2026-11-11,2026-09-20T12:00:00
PO-DEMO-003966,2026-11-12,2026-09-20T12:00:00
PO-DEMO-003967,2026-11-13,2026-09-20T12:00:00
PO-DEMO-003968,2026-11-14,2026-09-20T12:00:00
PO-DEMO-003969,2026-11-15,2026-09-20T12:00:00
PO-DEMO-003970,2026-11-16,2026-09-20T12:00:00
PO-DEMO-003971,2026-11-17,2026-09-20T12:00:00
PO-DEMO-003972,2026-11-18,2026-09-20T12:00:00
PO-DEMO-003973,2026-11-19,2026-09-20T12:00:00
PO-DEMO-003974,2026-11-20,2026-09-20T12:00:00
PO-DEMO-003975,2026-11-21,2026-09-20T12:00:00
PO-DEMO-003976,2026-11-22,2026-09-20T12:00:00
PO-DEMO-003977,2026-11-23,2026-09-20T12:00:00
PO-DEMO-003978,2026-11-24,2026-09-20T12:00:00
PO-DEMO-003979,2026-11-25,2026-09-20T12:00:00
PO-DEMO-003980,2026-11-26,2026-09-20T12:00:00
PO-DEMO-003981,2026-11-27,2026-09-20T12:00:00
PO-DEMO-003982,2026-11-28,2026-09-20T12:00:00
PO-DEMO-003983,2026-11-29,2026-09-20T12:00:00
PO-DEMO-003984,2026-11-30,2026-09-20T12:00:00
PO-DEMO-003985,2026-12-01,2026-09-20T12:00:00
PO-DEMO-003986,2026-12-02,2026-09-20T12:00:00
PO-DEMO-003987,2026-12-03,2026-09-20T12:00:00
PO-DEMO-003988,2026-12-04,2026-09-20T12:00:00
PO-DEMO-003989,2026-12-05,2026-09-20T12:00:00
PO-DEMO-003990,2026-12-06,2026-09-20T12:00:00
PO-DEMO-003991,2026-12-07,2026-09-20T12:00:00
PO-DEMO-003992,2026-12-08,2026-09-20T12:00:00
PO-DEMO-003993,2026-12-09,2026-09-20T12:00:00
PO-DEMO-003994,2026-12-10,2026-09-20T12:00:00
PO-DEMO-003995,2026-12-11,2026-09-20T12:00:00
PO-DEMO-003996,2026-12-12,2026-09-20T12:00:00
PO-DEMO-003997,2026-12-13,2026-09-20T12:00:00
PO-DEMO-003998,2026-12-14,2026-09-20T12:00:00
PO-DEMO-003999,2026-12-15,2026-09-20T12:00:00
PO-DEMO-004000,2026-12-16,2026-09-20T12:00:00
PO-DEMO-004001,2026-12-17,2026-09-20T12:00:00
PO-DEMO-004002,2026-12-18,2026-09-20T12:00:00
PO-DEMO-004003,2026-12-19,2026-09-20T12:00:00
PO-DEMO-004004,2026-12-20,2026-09-20T12:00:00
PO-DEMO-004005,2026-12-21,2026-09-20T12:00:00
PO-DEMO-004006,2026-12-22,2026-09-20T12:00:00
PO-DEMO-004007,2026-12-23,2026-09-20T12:00:00
PO-DEMO-004008,2026-12-24,2026-09-20T12:00:00
PO-DEMO-004009,2026-12-25,2026-09-20T12:00:00
PO-DEMO-004010,2026-12-26,2026-09-20T12:00:00
PO-DEMO-004011,2026-12-27,2026-09-20T12:00:00
PO-DEMO-004012,2026-12-28,2026-09-20T12:00:00
PO-DEMO-004013,2026-12-29,2026-09-20T12:00:00
PO-DEMO-004014,2026-12-30,2026-09-20T12:00:00
PO-DEMO-004015,2026-12-31,2026-09-20T12:00:00
PO-DEMO-004016,2026-01-01,2026-09-20T12:00:00
PO-DEMO-004017,2026-01-02,2026-09-20T12:00:00
PO-DEMO-004018,2026-01-03,2026-09-20T12:00:00
PO-DEMO-004019,2026-01-04,2026-09-20T12:00:00
PO-DEMO-004020,2026-01-05,2026-09-20T12:00:00
PO-DEMO-004021,2026-01-06,2026-09-20T12:00:00
PO-DEMO-004022,2026-01-07,2026-09-20T12:00:00
PO-DEMO-004023,2026-01-08,2026-09-20T12:00:00
PO-DEMO-004024,2026-01-09,2026-09-20T12:00:00
PO-DEMO-004025,2026-01-10,2026-09-20T12:00:00
PO-DEMO-004026,2026-01-11,2026-09-20T12:00:00
PO-DEMO-004027,2026-01-12,2026-09-20T12:00:00
PO-DEMO-004028,2026-01-13,2026-09-20T12:00:00
PO-DEMO-004029,2026-01-14,2026-09-20T12:00:00
PO-DEMO-004030,2026-01-15,2026-09-20T12:00:00
PO-DEMO-004031,2026-01-16,2026-09-20T12:00:00
PO-DEMO-004032,2026-01-17,2026-09-20T12:00:00
PO-DEMO-004033,2026-01-18,2026-09-20T12:00:00
PO-DEMO-004034,2026-01-19,2026-09-20T12:00:00
PO-DEMO-004035,2026-01-20,2026-09-20T12:00:00
PO-DEMO-004036,2026-01-21,2026-09-20T12:00:00
PO-DEMO-004037,2026-01-22,2026-09-20T12:00:00
PO-DEMO-004038,2026-01-23,2026-09-20T12:00:00
PO-DEMO-004039,2026-01-24,2026-09-20T12:00:00
PO-DEMO-004040,2026-01-25,2026-09-20T12:00:00
PO-DEMO-004041,2026-01-26,2026-09-20T12:00:00
PO-DEMO-004042,2026-01-27,2026-09-20T12:00:00
PO-DEMO-004043,2026-01-28,2026-09-20T12:00:00
PO-DEMO-004044,2026-01-29,2026-09-20T12:00:00
PO-DEMO-004045,2026-01-30,2026-09-20T12:00:00
PO-DEMO-004046,2026-01-31,2026-09-20T12:00:00
PO-DEMO-004047,2026-02-01,2026-09-20T12:00:00
PO-DEMO-004048,2026-02-02,2026-09-20T12:00:00
PO-DEMO-004049,2026-02-03,2026-09-20T12:00:00
PO-DEMO-004050,2026-02-04,2026-09-20T12:00:00
PO-DEMO-004051,2026-02-05,2026-09-20T12:00:00
PO-DEMO-004052,2026-02-06,2026-09-20T12:00:00
PO-DEMO-004053,2026-02-07,2026-09-20T12:00:00
PO-DEMO-004054,2026-02-08,2026-09-20T12:00:00
PO-DEMO-004055,2026-02-09,2026-09-20T12:00:00
PO-DEMO-004056,2026-02-10,2026-09-20T12:00:00
PO-DEMO-004057,2026-02-11,2026-09-20T12:00:00
PO-DEMO-004058,2026-02-12,2026-09-20T12:00:00
PO-DEMO-004059,2026-02-13,2026-09-20T12:00:00
PO-DEMO-004060,2026-02-14,2026-09-20T12:00:00
PO-DEMO-004061,2026-02-15,2026-09-20T12:00:00
PO-DEMO-004062,2026-02-16,2026-09-20T12:00:00
PO-DEMO-004063,2026-02-17,2026-09-20T12:00:00
PO-DEMO-004064,2026-02-18,2026-09-20T12:00:00
PO-DEMO-004065,2026-02-19,2026-09-20T12:00:00
PO-DEMO-004066,2026-02-20,2026-09-20T12:00:00
PO-DEMO-004067,2026-02-21,2026-09-20T12:00:00
PO-DEMO-004068,2026-02-22,2026-09-20T12:00:00
PO-DEMO-004069,2026-02-23,2026-09-20T12:00:00
PO-DEMO-004070,2026-02-24,2026-09-20T12:00:00
PO-DEMO-004071,2026-02-25,2026-09-20T12:00:00
PO-DEMO-004072,2026-02-26,2026-09-20T12:00:00
PO-DEMO-004073,2026-02-27,2026-09-20T12:00:00
PO-DEMO-004074,2026-02-28,2026-09-20T12:00:00
PO-DEMO-004075,2026-03-01,2026-09-20T12:00:00
PO-DEMO-004076,2026-03-02,2026-09-20T12:00:00
PO-DEMO-004077,2026-03-03,2026-09-20T12:00:00
PO-DEMO-004078,2026-03-04,2026-09-20T12:00:00
PO-DEMO-004079,2026-03-05,2026-09-20T12:00:00
PO-DEMO-004080,2026-03-06,2026-09-20T12:00:00
PO-DEMO-004081,2026-03-07,2026-09-20T12:00:00
PO-DEMO-004082,2026-03-08,2026-09-20T12:00:00
PO-DEMO-004083,2026-03-09,2026-09-20T12:00:00
PO-DEMO-004084,2026-03-10,2026-09-20T12:00:00
PO-DEMO-004085,2026-03-11,2026-09-20T12:00:00
PO-DEMO-004086,2026-03-12,2026-09-20T12:00:00
PO-DEMO-004087,2026-03-13,2026-09-20T12:00:00
PO-DEMO-004088,2026-03-14,2026-09-20T12:00:00
PO-DEMO-004089,2026-03-15,2026-09-20T12:00:00
PO-DEMO-004090,2026-03-16,2026-09-20T12:00:00
PO-DEMO-004091,2026-03-17,2026-09-20T12:00:00
PO-DEMO-004092,2026-03-18,2026-09-20T12:00:00
PO-DEMO-004093,2026-03-19,2026-09-20T12:00:00
PO-DEMO-004094,2026-03-20,2026-09-20T12:00:00
PO-DEMO-004095,2026-03-21,2026-09-20T12:00:00
PO-DEMO-004096,2026-03-22,2026-09-20T12:00:00
PO-DEMO-004097,2026-03-23,2026-09-20T12:00:00
PO-DEMO-004098,2026-03-24,2026-09-20T12:00:00
PO-DEMO-004099,2026-03-25,2026-09-20T12:00:00
PO-DEMO-004100,2026-03-26,2026-09-20T12:00:00
PO-DEMO-004101,2026-03-27,2026-09-20T12:00:00
PO-DEMO-004102,2026-03-28,2026-09-20T12:00:00
PO-DEMO-004103,2026-03-29,2026-09-20T12:00:00
PO-DEMO-004104,2026-03-30,2026-09-20T12:00:00
PO-DEMO-004105,2026-03-31,2026-09-20T12:00:00
PO-DEMO-004106,2026-04-01,2026-09-20T12:00:00
PO-DEMO-004107,2026-04-02,2026-09-20T12:00:00
PO-DEMO-004108,2026-04-03,2026-09-20T12:00:00
PO-DEMO-004109,2026-04-04,2026-09-20T12:00:00
PO-DEMO-004110,2026-04-05,2026-09-20T12:00:00
PO-DEMO-004111,2026-04-06,2026-09-20T12:00:00
PO-DEMO-004112,2026-04-07,2026-09-20T12:00:00
PO-DEMO-004113,2026-04-08,2026-09-20T12:00:00
PO-DEMO-004114,2026-04-09,2026-09-20T12:00:00
PO-DEMO-004115,2026-04-10,2026-09-20T12:00:00
PO-DEMO-004116,2026-04-11,2026-09-20T12:00:00
PO-DEMO-004117,2026-04-12,2026-09-20T12:00:00
PO-DEMO-004118,2026-04-13,2026-09-20T12:00:00
PO-DEMO-004119,2026-04-14,2026-09-20T12:00:00
PO-DEMO-004120,2026-04-15,2026-09-20T12:00:00
PO-DEMO-004121,2026-04-16,2026-09-20T12:00:00
PO-DEMO-004122,2026-04-17,2026-09-20T12:00:00
PO-DEMO-004123,2026-04-18,2026-09-20T12:00:00
PO-DEMO-004124,2026-04-19,2026-09-20T12:00:00
PO-DEMO-004125,2026-04-20,2026-09-20T12:00:00
PO-DEMO-004126,2026-04-21,2026-09-20T12:00:00
PO-DEMO-004127,2026-04-22,2026-09-20T12:00:00
PO-DEMO-004128,2026-04-23,2026-09-20T12:00:00
PO-DEMO-004129,2026-04-24,2026-09-20T12:00:00
PO-DEMO-004130,2026-04-25,2026-09-20T12:00:00
PO-DEMO-004131,2026-04-26,2026-09-20T12:00:00
PO-DEMO-004132,2026-04-27,2026-09-20T12:00:00
PO-DEMO-004133,2026-04-28,2026-09-20T12:00:00
PO-DEMO-004134,2026-04-29,2026-09-20T12:00:00
PO-DEMO-004135,2026-04-30,2026-09-20T12:00:00
PO-DEMO-004136,2026-05-01,2026-09-20T12:00:00
PO-DEMO-004137,2026-05-02,2026-09-20T12:00:00
PO-DEMO-004138,2026-05-03,2026-09-20T12:00:00
PO-DEMO-004139,2026-05-04,2026-09-20T12:00:00
PO-DEMO-004140,2026-05-05,2026-09-20T12:00:00
PO-DEMO-004141,2026-05-06,2026-09-20T12:00:00
PO-DEMO-004142,2026-05-07,2026-09-20T12:00:00
PO-DEMO-004143,2026-05-08,2026-09-20T12:00:00
PO-DEMO-004144,2026-05-09,2026-09-20T12:00:00
PO-DEMO-004145,2026-05-10,2026-09-20T12:00:00
PO-DEMO-004146,2026-05-11,2026-09-20T12:00:00
PO-DEMO-004147,2026-05-12,2026-09-20T12:00:00
PO-DEMO-004148,2026-05-13,2026-09-20T12:00:00
PO-DEMO-004149,2026-05-14,2026-09-20T12:00:00
PO-DEMO-004150,2026-05-15,2026-09-20T12:00:00
PO-DEMO-004151,2026-05-16,2026-09-20T12:00:00
PO-DEMO-004152,2026-05-17,2026-09-20T12:00:00
PO-DEMO-004153,2026-05-18,2026-09-20T12:00:00
PO-DEMO-004154,2026-05-19,2026-09-20T12:00:00
PO-DEMO-004155,2026-05-20,2026-09-20T12:00:00
PO-DEMO-004156,2026-05-21,2026-09-20T12:00:00
PO-DEMO-004157,2026-05-22,2026-09-20T12:00:00
PO-DEMO-004158,2026-05-23,2026-09-20T12:00:00
PO-DEMO-004159,2026-05-24,2026-09-20T12:00:00
PO-DEMO-004160,2026-05-25,2026-09-20T12:00:00
PO-DEMO-004161,2026-05-26,2026-09-20T12:00:00
PO-DEMO-004162,2026-05-27,2026-09-20T12:00:00
PO-DEMO-004163,2026-05-28,2026-09-20T12:00:00
PO-DEMO-004164,2026-05-29,2026-09-20T12:00:00
PO-DEMO-004165,2026-05-30,2026-09-20T12:00:00
PO-DEMO-004166,2026-05-31,2026-09-20T12:00:00
PO-DEMO-004167,2026-06-01,2026-09-20T12:00:00
PO-DEMO-004168,2026-06-02,2026-09-20T12:00:00
PO-DEMO-004169,2026-06-03,2026-09-20T12:00:00
PO-DEMO-004170,2026-06-04,2026-09-20T12:00:00
PO-DEMO-004171,2026-06-05,2026-09-20T12:00:00
PO-DEMO-004172,2026-06-06,2026-09-20T12:00:00
PO-DEMO-004173,2026-06-07,2026-09-20T12:00:00
PO-DEMO-004174,2026-06-08,2026-09-20T12:00:00
PO-DEMO-004175,2026-06-09,2026-09-20T12:00:00
PO-DEMO-004176,2026-06-10,2026-09-20T12:00:00
PO-DEMO-004177,2026-06-11,2026-09-20T12:00:00
PO-DEMO-004178,2026-06-12,2026-09-20T12:00:00
PO-DEMO-004179,2026-06-13,2026-09-20T12:00:00
PO-DEMO-004180,2026-06-14,2026-09-20T12:00:00
PO-DEMO-004181,2026-06-15,2026-09-20T12:00:00
PO-DEMO-004182,2026-06-16,2026-09-20T12:00:00
PO-DEMO-004183,2026-06-17,2026-09-20T12:00:00
PO-DEMO-004184,2026-06-18,2026-09-20T12:00:00
PO-DEMO-004185,2026-06-19,2026-09-20T12:00:00
PO-DEMO-004186,2026-06-20,2026-09-20T12:00:00
PO-DEMO-004187,2026-06-21,2026-09-20T12:00:00
PO-DEMO-004188,2026-06-22,2026-09-20T12:00:00
PO-DEMO-004189,2026-06-23,2026-09-20T12:00:00
PO-DEMO-004190,2026-06-24,2026-09-20T12:00:00
PO-DEMO-004191,2026-06-25,2026-09-20T12:00:00
PO-DEMO-004192,2026-06-26,2026-09-20T12:00:00
PO-DEMO-004193,2026-06-27,2026-09-20T12:00:00
PO-DEMO-004194,2026-06-28,2026-09-20T12:00:00
PO-DEMO-004195,2026-06-29,2026-09-20T12:00:00
PO-DEMO-004196,2026-06-30,2026-09-20T12:00:00
PO-DEMO-004197,2026-07-01,2026-09-20T12:00:00
PO-DEMO-004198,2026-07-02,2026-09-20T12:00:00
PO-DEMO-004199,2026-07-03,2026-09-20T12:00:00
PO-DEMO-004200,2026-07-04,2026-09-20T12:00:00
PO-DEMO-004201,2026-07-05,2026-09-20T12:00:00
PO-DEMO-004202,2026-07-06,2026-09-20T12:00:00
PO-DEMO-004203,2026-07-07,2026-09-20T12:00:00
PO-DEMO-004204,2026-07-08,2026-09-20T12:00:00
PO-DEMO-004205,2026-07-09,2026-09-20T12:00:00
PO-DEMO-004206,2026-07-10,2026-09-20T12:00:00
PO-DEMO-004207,2026-07-11,2026-09-20T12:00:00
PO-DEMO-004208,2026-07-12,2026-09-20T12:00:00
PO-DEMO-004209,2026-07-13,2026-09-20T12:00:00
PO-DEMO-004210,2026-07-14,2026-09-20T12:00:00
PO-DEMO-004211,2026-07-15,2026-09-20T12:00:00
PO-DEMO-004212,2026-07-16,2026-09-20T12:00:00
PO-DEMO-004213,2026-07-17,2026-09-20T12:00:00
PO-DEMO-004214,2026-07-18,2026-09-20T12:00:00
PO-DEMO-004215,2026-07-19,2026-09-20T12:00:00
PO-DEMO-004216,2026-07-20,2026-09-20T12:00:00
PO-DEMO-004217,2026-07-21,2026-09-20T12:00:00
PO-DEMO-004218,2026-07-22,2026-09-20T12:00:00
PO-DEMO-004219,2026-07-23,2026-09-20T12:00:00
PO-DEMO-004220,2026-07-24,2026-09-20T12:00:00
PO-DEMO-004221,2026-07-25,2026-09-20T12:00:00
PO-DEMO-004222,2026-07-26,2026-09-20T12:00:00
PO-DEMO-004223,2026-07-27,2026-09-20T12:00:00
PO-DEMO-004224,2026-07-28,2026-09-20T12:00:00
PO-DEMO-004225,2026-07-29,2026-09-20T12:00:00
PO-DEMO-004226,2026-07-30,2026-09-20T12:00:00
PO-DEMO-004227,2026-07-31,2026-09-20T12:00:00
PO-DEMO-004228,2026-08-01,2026-09-20T12:00:00
PO-DEMO-004229,2026-08-02,2026-09-20T12:00:00
PO-DEMO-004230,2026-08-03,2026-09-20T12:00:00
PO-DEMO-004231,2026-08-04,2026-09-20T12:00:00
PO-DEMO-004232,2026-08-05,2026-09-20T12:00:00
PO-DEMO-004233,2026-08-06,2026-09-20T12:00:00
PO-DEMO-004234,2026-08-07,2026-09-20T12:00:00
PO-DEMO-004235,2026-08-08,2026-09-20T12:00:00
PO-DEMO-004236,2026-08-09,2026-09-20T12:00:00
PO-DEMO-004237,2026-08-10,2026-09-20T12:00:00
PO-DEMO-004238,2026-08-11,2026-09-20T12:00:00
PO-DEMO-004239,2026-08-12,2026-09-20T12:00:00
PO-DEMO-004240,2026-08-13,2026-09-20T12:00:00
PO-DEMO-004241,2026-08-14,2026-09-20T12:00:00
PO-DEMO-004242,2026-08-15,2026-09-20T12:00:00
PO-DEMO-004243,2026-08-16,2026-09-20T12:00:00
PO-DEMO-004244,2026-08-17,2026-09-20T12:00:00
PO-DEMO-004245,2026-08-18,2026-09-20T12:00:00
PO-DEMO-004246,2026-08-19,2026-09-20T12:00:00
PO-DEMO-004247,2026-08-20,2026-09-20T12:00:00
PO-DEMO-004248,2026-08-21,2026-09-20T12:00:00
PO-DEMO-004249,2026-08-22,2026-09-20T12:00:00
PO-DEMO-004250,2026-08-23,2026-09-20T12:00:00
PO-DEMO-004251,2026-08-24,2026-09-20T12:00:00
PO-DEMO-004252,2026-08-25,2026-09-20T12:00:00
PO-DEMO-004253,2026-08-26,2026-09-20T12:00:00
PO-DEMO-004254,2026-08-27,2026-09-20T12:00:00
PO-DEMO-004255,2026-08-28,2026-09-20T12:00:00
PO-DEMO-004256,2026-08-29,2026-09-20T12:00:00
PO-DEMO-004257,2026-08-30,2026-09-20T12:00:00
PO-DEMO-004258,2026-08-31,2026-09-20T12:00:00
PO-DEMO-004259,2026-09-01,2026-09-20T12:00:00
PO-DEMO-004260,2026-09-02,2026-09-20T12:00:00
PO-DEMO-004261,2026-09-03,2026-09-20T12:00:00
PO-DEMO-004262,2026-09-04,2026-09-20T12:00:00
PO-DEMO-004263,2026-09-05,2026-09-20T12:00:00
PO-DEMO-004264,2026-09-06,2026-09-20T12:00:00
PO-DEMO-004265,2026-09-07,2026-09-20T12:00:00
PO-DEMO-004266,2026-09-08,2026-09-20T12:00:00
PO-DEMO-004267,2026-09-09,2026-09-20T12:00:00
PO-DEMO-004268,2026-09-10,2026-09-20T12:00:00
PO-DEMO-004269,2026-09-11,2026-09-20T12:00:00
PO-DEMO-004270,2026-09-12,2026-09-20T12:00:00
PO-DEMO-004271,2026-09-13,2026-09-20T12:00:00
PO-DEMO-004272,2026-09-14,2026-09-20T12:00:00
PO-DEMO-004273,2026-09-15,2026-09-20T12:00:00
PO-DEMO-004274,2026-09-16,2026-09-20T12:00:00
PO-DEMO-004275,2026-09-17,2026-09-20T12:00:00
PO-DEMO-004276,2026-09-18,2026-09-20T12:00:00
PO-DEMO-004277,2026-09-19,2026-09-20T12:00:00
PO-DEMO-004278,2026-09-20,2026-09-20T12:00:00
PO-DEMO-004279,2026-09-21,2026-09-20T12:00:00
PO-DEMO-004280,2026-09-22,2026-09-20T12:00:00
PO-DEMO-004281,2026-09-23,2026-09-20T12:00:00
PO-DEMO-004282,2026-09-24,2026-09-20T12:00:00
PO-DEMO-004283,2026-09-25,2026-09-20T12:00:00
PO-DEMO-004284,2026-09-26,2026-09-20T12:00:00
PO-DEMO-004285,2026-09-27,2026-09-20T12:00:00
PO-DEMO-004286,2026-09-28,2026-09-20T12:00:00
PO-DEMO-004287,2026-09-29,2026-09-20T12:00:00
PO-DEMO-004288,2026-09-30,2026-09-20T12:00:00
PO-DEMO-004289,2026-10-01,2026-09-20T12:00:00
PO-DEMO-004290,2026-10-02,2026-09-20T12:00:00
PO-DEMO-004291,2026-10-03,2026-09-20T12:00:00
PO-DEMO-004292,2026-10-04,2026-09-20T12:00:00
PO-DEMO-004293,2026-10-05,2026-09-20T12:00:00
PO-DEMO-004294,2026-10-06,2026-09-20T12:00:00
PO-DEMO-004295,2026-10-07,2026-09-20T12:00:00
PO-DEMO-004296,2026-10-08,2026-09-20T12:00:00
PO-DEMO-004297,2026-10-09,2026-09-20T12:00:00
PO-DEMO-004298,2026-10-10,2026-09-20T12:00:00
PO-DEMO-004299,2026-10-11,2026-09-20T12:00:00
PO-DEMO-004300,2026-10-12,2026-09-20T12:00:00
PO-DEMO-004301,2026-10-13,2026-09-20T12:00:00
PO-DEMO-004302,2026-10-14,2026-09-20T12:00:00
PO-DEMO-004303,2026-10-15,2026-09-20T12:00:00
PO-DEMO-004304,2026-10-16,2026-09-20T12:00:00
PO-DEMO-004305,2026-10-17,2026-09-20T12:00:00
PO-DEMO-004306,2026-10-18,2026-09-20T12:00:00
PO-DEMO-004307,2026-10-19,2026-09-20T12:00:00
PO-DEMO-004308,2026-10-20,2026-09-20T12:00:00
PO-DEMO-004309,2026-10-21,2026-09-20T12:00:00
PO-DEMO-004310,2026-10-22,2026-09-20T12:00:00
PO-DEMO-004311,2026-10-23,2026-09-20T12:00:00
PO-DEMO-004312,2026-10-24,2026-09-20T12:00:00
PO-DEMO-004313,2026-10-25,2026-09-20T12:00:00
PO-DEMO-004314,2026-10-26,2026-09-20T12:00:00
PO-DEMO-004315,2026-10-27,2026-09-20T12:00:00
PO-DEMO-004316,2026-10-28,2026-09-20T12:00:00
PO-DEMO-004317,2026-10-29,2026-09-20T12:00:00
PO-DEMO-004318,2026-10-30,2026-09-20T12:00:00
PO-DEMO-004319,2026-10-31,2026-09-20T12:00:00
PO-DEMO-004320,2026-11-01,2026-09-20T12:00:00
PO-DEMO-004321,2026-11-02,2026-09-20T12:00:00
PO-DEMO-004322,2026-11-03,2026-09-20T12:00:00
PO-DEMO-004323,2026-11-04,2026-09-20T12:00:00
PO-DEMO-004324,2026-11-05,2026-09-20T12:00:00
PO-DEMO-004325,2026-11-06,2026-09-20T12:00:00
PO-DEMO-004326,2026-11-07,2026-09-20T12:00:00
PO-DEMO-004327,2026-11-08,2026-09-20T12:00:00
PO-DEMO-004328,2026-11-09,2026-09-20T12:00:00
PO-DEMO-004329,2026-11-10,2026-09-20T12:00:00
PO-DEMO-004330,2026-11-11,2026-09-20T12:00:00
PO-DEMO-004331,2026-11-12,2026-09-20T12:00:00
PO-DEMO-004332,2026-11-13,2026-09-20T12:00:00
PO-DEMO-004333,2026-11-14,2026-09-20T12:00:00
PO-DEMO-004334,2026-11-15,2026-09-20T12:00:00
PO-DEMO-004335,2026-11-16,2026-09-20T12:00:00
PO-DEMO-004336,2026-11-17,2026-09-20T12:00:00
PO-DEMO-004337,2026-11-18,2026-09-20T12:00:00
PO-DEMO-004338,2026-11-19,2026-09-20T12:00:00
PO-DEMO-004339,2026-11-20,2026-09-20T12:00:00
PO-DEMO-004340,2026-11-21,2026-09-20T12:00:00
PO-DEMO-004341,2026-11-22,2026-09-20T12:00:00
PO-DEMO-004342,2026-11-23,2026-09-20T12:00:00
PO-DEMO-004343,2026-11-24,2026-09-20T12:00:00
PO-DEMO-004344,2026-11-25,2026-09-20T12:00:00
PO-DEMO-004345,2026-11-26,2026-09-20T12:00:00
PO-DEMO-004346,2026-11-27,2026-09-20T12:00:00
PO-DEMO-004347,2026-11-28,2026-09-20T12:00:00
PO-DEMO-004348,2026-11-29,2026-09-20T12:00:00
PO-DEMO-004349,2026-11-30,2026-09-20T12:00:00
PO-DEMO-004350,2026-12-01,2026-09-20T12:00:00
PO-DEMO-004351,2026-12-02,2026-09-20T12:00:00
PO-DEMO-004352,2026-12-03,2026-09-20T12:00:00
PO-DEMO-004353,2026-12-04,2026-09-20T12:00:00
PO-DEMO-004354,2026-12-05,2026-09-20T12:00:00
PO-DEMO-004355,2026-12-06,2026-09-20T12:00:00
PO-DEMO-004356,2026-12-07,2026-09-20T12:00:00
PO-DEMO-004357,2026-12-08,2026-09-20T12:00:00
PO-DEMO-004358,2026-12-09,2026-09-20T12:00:00
PO-DEMO-004359,2026-12-10,2026-09-20T12:00:00
PO-DEMO-004360,2026-12-11,2026-09-20T12:00:00
PO-DEMO-004361,2026-12-12,2026-09-20T12:00:00
PO-DEMO-004362,2026-12-13,2026-09-20T12:00:00
PO-DEMO-004363,2026-12-14,2026-09-20T12:00:00
PO-DEMO-004364,2026-12-15,2026-09-20T12:00:00
PO-DEMO-004365,2026-12-16,2026-09-20T12:00:00
PO-DEMO-004366,2026-12-17,2026-09-20T12:00:00
PO-DEMO-004367,2026-12-18,2026-09-20T12:00:00
PO-DEMO-004368,2026-12-19,2026-09-20T12:00:00
PO-DEMO-004369,2026-12-20,2026-09-20T12:00:00
PO-DEMO-004370,2026-12-21,2026-09-20T12:00:00
PO-DEMO-004371,2026-12-22,2026-09-20T12:00:00
PO-DEMO-004372,2026-12-23,2026-09-20T12:00:00
PO-DEMO-004373,2026-12-24,2026-09-20T12:00:00
PO-DEMO-004374,2026-12-25,2026-09-20T12:00:00
PO-DEMO-004375,2026-12-26,2026-09-20T12:00:00
PO-DEMO-004376,2026-12-27,2026-09-20T12:00:00
PO-DEMO-004377,2026-12-28,2026-09-20T12:00:00
PO-DEMO-004378,2026-12-29,2026-09-20T12:00:00
PO-DEMO-004379,2026-12-30,2026-09-20T12:00:00
PO-DEMO-004380,2026-12-31,2026-09-20T12:00:00
PO-DEMO-004381,2026-01-01,2026-09-20T12:00:00
PO-DEMO-004382,2026-01-02,2026-09-20T12:00:00
PO-DEMO-004383,2026-01-03,2026-09-20T12:00:00
PO-DEMO-004384,2026-01-04,2026-09-20T12:00:00
PO-DEMO-004385,2026-01-05,2026-09-20T12:00:00
PO-DEMO-004386,2026-01-06,2026-09-20T12:00:00
PO-DEMO-004387,2026-01-07,2026-09-20T12:00:00
PO-DEMO-004388,2026-01-08,2026-09-20T12:00:00
PO-DEMO-004389,2026-01-09,2026-09-20T12:00:00
PO-DEMO-004390,2026-01-10,2026-09-20T12:00:00
PO-DEMO-004391,2026-01-11,2026-09-20T12:00:00
PO-DEMO-004392,2026-01-12,2026-09-20T12:00:00
PO-DEMO-004393,2026-01-13,2026-09-20T12:00:00
PO-DEMO-004394,2026-01-14,2026-09-20T12:00:00
PO-DEMO-004395,2026-01-15,2026-09-20T12:00:00
PO-DEMO-004396,2026-01-16,2026-09-20T12:00:00
PO-DEMO-004397,2026-01-17,2026-09-20T12:00:00
PO-DEMO-004398,2026-01-18,2026-09-20T12:00:00
PO-DEMO-004399,2026-01-19,2026-09-20T12:00:00
PO-DEMO-004400,2026-01-20,2026-09-20T12:00:00
PO-DEMO-004401,2026-01-21,2026-09-20T12:00:00
PO-DEMO-004402,2026-01-22,2026-09-20T12:00:00
PO-DEMO-004403,2026-01-23,2026-09-20T12:00:00
PO-DEMO-004404,2026-01-24,2026-09-20T12:00:00
PO-DEMO-004405,2026-01-25,2026-09-20T12:00:00
PO-DEMO-004406,2026-01-26,2026-09-20T12:00:00
PO-DEMO-004407,2026-01-27,2026-09-20T12:00:00
PO-DEMO-004408,2026-01-28,2026-09-20T12:00:00
PO-DEMO-004409,2026-01-29,2026-09-20T12:00:00
PO-DEMO-004410,2026-01-30,2026-09-20T12:00:00
PO-DEMO-004411,2026-01-31,2026-09-20T12:00:00
PO-DEMO-004412,2026-02-01,2026-09-20T12:00:00
PO-DEMO-004413,2026-02-02,2026-09-20T12:00:00
PO-DEMO-004414,2026-02-03,2026-09-20T12:00:00
PO-DEMO-004415,2026-02-04,2026-09-20T12:00:00
PO-DEMO-004416,2026-02-05,2026-09-20T12:00:00
PO-DEMO-004417,2026-02-06,2026-09-20T12:00:00
PO-DEMO-004418,2026-02-07,2026-09-20T12:00:00
PO-DEMO-004419,2026-02-08,2026-09-20T12:00:00
PO-DEMO-004420,2026-02-09,2026-09-20T12:00:00
PO-DEMO-004421,2026-02-10,2026-09-20T12:00:00
PO-DEMO-004422,2026-02-11,2026-09-20T12:00:00
PO-DEMO-004423,2026-02-12,2026-09-20T12:00:00
PO-DEMO-004424,2026-02-13,2026-09-20T12:00:00
PO-DEMO-004425,2026-02-14,2026-09-20T12:00:00
PO-DEMO-004426,2026-02-15,2026-09-20T12:00:00
PO-DEMO-004427,2026-02-16,2026-09-20T12:00:00
PO-DEMO-004428,2026-02-17,2026-09-20T12:00:00
PO-DEMO-004429,2026-02-18,2026-09-20T12:00:00
PO-DEMO-004430,2026-02-19,2026-09-20T12:00:00
PO-DEMO-004431,2026-02-20,2026-09-20T12:00:00
PO-DEMO-004432,2026-02-21,2026-09-20T12:00:00
PO-DEMO-004433,2026-02-22,2026-09-20T12:00:00
PO-DEMO-004434,2026-02-23,2026-09-20T12:00:00
PO-DEMO-004435,2026-02-24,2026-09-20T12:00:00
PO-DEMO-004436,2026-02-25,2026-09-20T12:00:00
PO-DEMO-004437,2026-02-26,2026-09-20T12:00:00
PO-DEMO-004438,2026-02-27,2026-09-20T12:00:00
PO-DEMO-004439,2026-02-28,2026-09-20T12:00:00
PO-DEMO-004440,2026-03-01,2026-09-20T12:00:00
PO-DEMO-004441,2026-03-02,2026-09-20T12:00:00
PO-DEMO-004442,2026-03-03,2026-09-20T12:00:00
PO-DEMO-004443,2026-03-04,2026-09-20T12:00:00
PO-DEMO-004444,2026-03-05,2026-09-20T12:00:00
PO-DEMO-004445,2026-03-06,2026-09-20T12:00:00
PO-DEMO-004446,2026-03-07,2026-09-20T12:00:00
PO-DEMO-004447,2026-03-08,2026-09-20T12:00:00
PO-DEMO-004448,2026-03-09,2026-09-20T12:00:00
PO-DEMO-004449,2026-03-10,2026-09-20T12:00:00
PO-DEMO-004450,2026-03-11,2026-09-20T12:00:00
PO-DEMO-004451,2026-03-12,2026-09-20T12:00:00
PO-DEMO-004452,2026-03-13,2026-09-20T12:00:00
PO-DEMO-004453,2026-03-14,2026-09-20T12:00:00
PO-DEMO-004454,2026-03-15,2026-09-20T12:00:00
PO-DEMO-004455,2026-03-16,2026-09-20T12:00:00
PO-DEMO-004456,2026-03-17,2026-09-20T12:00:00
PO-DEMO-004457,2026-03-18,2026-09-20T12:00:00
PO-DEMO-004458,2026-03-19,2026-09-20T12:00:00
PO-DEMO-004459,2026-03-20,2026-09-20T12:00:00
PO-DEMO-004460,2026-03-21,2026-09-20T12:00:00
PO-DEMO-004461,2026-03-22,2026-09-20T12:00:00
PO-DEMO-004462,2026-03-23,2026-09-20T12:00:00
PO-DEMO-004463,2026-03-24,2026-09-20T12:00:00
PO-DEMO-004464,2026-03-25,2026-09-20T12:00:00
PO-DEMO-004465,2026-03-26,2026-09-20T12:00:00
PO-DEMO-004466,2026-03-27,2026-09-20T12:00:00
PO-DEMO-004467,2026-03-28,2026-09-20T12:00:00
PO-DEMO-004468,2026-03-29,2026-09-20T12:00:00
PO-DEMO-004469,2026-03-30,2026-09-20T12:00:00
PO-DEMO-004470,2026-03-31,2026-09-20T12:00:00
PO-DEMO-004471,2026-04-01,2026-09-20T12:00:00
PO-DEMO-004472,2026-04-02,2026-09-20T12:00:00
PO-DEMO-004473,2026-04-03,2026-09-20T12:00:00
PO-DEMO-004474,2026-04-04,2026-09-20T12:00:00
PO-DEMO-004475,2026-04-05,2026-09-20T12:00:00
PO-DEMO-004476,2026-04-06,2026-09-20T12:00:00
PO-DEMO-004477,2026-04-07,2026-09-20T12:00:00
PO-DEMO-004478,2026-04-08,2026-09-20T12:00:00
PO-DEMO-004479,2026-04-09,2026-09-20T12:00:00
PO-DEMO-004480,2026-04-10,2026-09-20T12:00:00
PO-DEMO-004481,2026-04-11,2026-09-20T12:00:00
PO-DEMO-004482,2026-04-12,2026-09-20T12:00:00
PO-DEMO-004483,2026-04-13,2026-09-20T12:00:00
PO-DEMO-004484,2026-04-14,2026-09-20T12:00:00
PO-DEMO-004485,2026-04-15,2026-09-20T12:00:00
PO-DEMO-004486,2026-04-16,2026-09-20T12:00:00
PO-DEMO-004487,2026-04-17,2026-09-20T12:00:00
PO-DEMO-004488,2026-04-18,2026-09-20T12:00:00
PO-DEMO-004489,2026-04-19,2026-09-20T12:00:00
PO-DEMO-004490,2026-04-20,2026-09-20T12:00:00
PO-DEMO-004491,2026-04-21,2026-09-20T12:00:00
PO-DEMO-004492,2026-04-22,2026-09-20T12:00:00
PO-DEMO-004493,2026-04-23,2026-09-20T12:00:00
PO-DEMO-004494,2026-04-24,2026-09-20T12:00:00
PO-DEMO-004495,2026-04-25,2026-09-20T12:00:00
PO-DEMO-004496,2026-04-26,2026-09-20T12:00:00
PO-DEMO-004497,2026-04-27,2026-09-20T12:00:00
PO-DEMO-004498,2026-04-28,2026-09-20T12:00:00
PO-DEMO-004499,2026-04-29,2026-09-20T12:00:00
PO-DEMO-004500,2026-04-30,2026-09-20T12:00:00
PO-DEMO-004501,2026-05-01,2026-09-20T12:00:00
PO-DEMO-004502,2026-05-02,2026-09-20T12:00:00
PO-DEMO-004503,2026-05-03,2026-09-20T12:00:00
PO-DEMO-004504,2026-05-04,2026-09-20T12:00:00
PO-DEMO-004505,2026-05-05,2026-09-20T12:00:00
PO-DEMO-004506,2026-05-06,2026-09-20T12:00:00
PO-DEMO-004507,2026-05-07,2026-09-20T12:00:00
PO-DEMO-004508,2026-05-08,2026-09-20T12:00:00
PO-DEMO-004509,2026-05-09,2026-09-20T12:00:00
PO-DEMO-004510,2026-05-10,2026-09-20T12:00:00
PO-DEMO-004511,2026-05-11,2026-09-20T12:00:00
PO-DEMO-004512,2026-05-12,2026-09-20T12:00:00
PO-DEMO-004513,2026-05-13,2026-09-20T12:00:00
PO-DEMO-004514,2026-05-14,2026-09-20T12:00:00
PO-DEMO-004515,2026-05-15,2026-09-20T12:00:00
PO-DEMO-004516,2026-05-16,2026-09-20T12:00:00
PO-DEMO-004517,2026-05-17,2026-09-20T12:00:00
PO-DEMO-004518,2026-05-18,2026-09-20T12:00:00
PO-DEMO-004519,2026-05-19,2026-09-20T12:00:00
PO-DEMO-004520,2026-05-20,2026-09-20T12:00:00
PO-DEMO-004521,2026-05-21,2026-09-20T12:00:00
PO-DEMO-004522,2026-05-22,2026-09-20T12:00:00
PO-DEMO-004523,2026-05-23,2026-09-20T12:00:00
PO-DEMO-004524,2026-05-24,2026-09-20T12:00:00
PO-DEMO-004525,2026-05-25,2026-09-20T12:00:00
PO-DEMO-004526,2026-05-26,2026-09-20T12:00:00
PO-DEMO-004527,2026-05-27,2026-09-20T12:00:00
PO-DEMO-004528,2026-05-28,2026-09-20T12:00:00
PO-DEMO-004529,2026-05-29,2026-09-20T12:00:00
PO-DEMO-004530,2026-05-30,2026-09-20T12:00:00
PO-DEMO-004531,2026-05-31,2026-09-20T12:00:00
PO-DEMO-004532,2026-06-01,2026-09-20T12:00:00
PO-DEMO-004533,2026-06-02,2026-09-20T12:00:00
PO-DEMO-004534,2026-06-03,2026-09-20T12:00:00
PO-DEMO-004535,2026-06-04,2026-09-20T12:00:00
PO-DEMO-004536,2026-06-05,2026-09-20T12:00:00
PO-DEMO-004537,2026-06-06,2026-09-20T12:00:00
PO-DEMO-004538,2026-06-07,2026-09-20T12:00:00
PO-DEMO-004539,2026-06-08,2026-09-20T12:00:00
PO-DEMO-004540,2026-06-09,2026-09-20T12:00:00
PO-DEMO-004541,2026-06-10,2026-09-20T12:00:00
PO-DEMO-004542,2026-06-11,2026-09-20T12:00:00
PO-DEMO-004543,2026-06-12,2026-09-20T12:00:00
PO-DEMO-004544,2026-06-13,2026-09-20T12:00:00
PO-DEMO-004545,2026-06-14,2026-09-20T12:00:00
PO-DEMO-004546,2026-06-15,2026-09-20T12:00:00
PO-DEMO-004547,2026-06-16,2026-09-20T12:00:00
PO-DEMO-004548,2026-06-17,2026-09-20T12:00:00
PO-DEMO-004549,2026-06-18,2026-09-20T12:00:00
PO-DEMO-004550,2026-06-19,2026-09-20T12:00:00
PO-DEMO-004551,2026-06-20,2026-09-20T12:00:00
PO-DEMO-004552,2026-06-21,2026-09-20T12:00:00
PO-DEMO-004553,2026-06-22,2026-09-20T12:00:00
PO-DEMO-004554,2026-06-23,2026-09-20T12:00:00
PO-DEMO-004555,2026-06-24,2026-09-20T12:00:00
PO-DEMO-004556,2026-06-25,2026-09-20T12:00:00
PO-DEMO-004557,2026-06-26,2026-09-20T12:00:00
PO-DEMO-004558,2026-06-27,2026-09-20T12:00:00
PO-DEMO-004559,2026-06-28,2026-09-20T12:00:00
PO-DEMO-004560,2026-06-29,2026-09-20T12:00:00
PO-DEMO-004561,2026-06-30,2026-09-20T12:00:00
PO-DEMO-004562,2026-07-01,2026-09-20T12:00:00
PO-DEMO-004563,2026-07-02,2026-09-20T12:00:00
PO-DEMO-004564,2026-07-03,2026-09-20T12:00:00
PO-DEMO-004565,2026-07-04,2026-09-20T12:00:00
PO-DEMO-004566,2026-07-05,2026-09-20T12:00:00
PO-DEMO-004567,2026-07-06,2026-09-20T12:00:00
PO-DEMO-004568,2026-07-07,2026-09-20T12:00:00
PO-DEMO-004569,2026-07-08,2026-09-20T12:00:00
PO-DEMO-004570,2026-07-09,2026-09-20T12:00:00
PO-DEMO-004571,2026-07-10,2026-09-20T12:00:00
PO-DEMO-004572,2026-07-11,2026-09-20T12:00:00
PO-DEMO-004573,2026-07-12,2026-09-20T12:00:00
PO-DEMO-004574,2026-07-13,2026-09-20T12:00:00
PO-DEMO-004575,2026-07-14,2026-09-20T12:00:00
PO-DEMO-004576,2026-07-15,2026-09-20T12:00:00
PO-DEMO-004577,2026-07-16,2026-09-20T12:00:00
PO-DEMO-004578,2026-07-17,2026-09-20T12:00:00
PO-DEMO-004579,2026-07-18,2026-09-20T12:00:00
PO-DEMO-004580,2026-07-19,2026-09-20T12:00:00
PO-DEMO-004581,2026-07-20,2026-09-20T12:00:00
PO-DEMO-004582,2026-07-21,2026-09-20T12:00:00
PO-DEMO-004583,2026-07-22,2026-09-20T12:00:00
PO-DEMO-004584,2026-07-23,2026-09-20T12:00:00
PO-DEMO-004585,2026-07-24,2026-09-20T12:00:00
PO-DEMO-004586,2026-07-25,2026-09-20T12:00:00
PO-DEMO-004587,2026-07-26,2026-09-20T12:00:00
PO-DEMO-004588,2026-07-27,2026-09-20T12:00:00
PO-DEMO-004589,2026-07-28,2026-09-20T12:00:00
PO-DEMO-004590,2026-07-29,2026-09-20T12:00:00
PO-DEMO-004591,2026-07-30,2026-09-20T12:00:00
PO-DEMO-004592,2026-07-31,2026-09-20T12:00:00
PO-DEMO-004593,2026-08-01,2026-09-20T12:00:00
PO-DEMO-004594,2026-08-02,2026-09-20T12:00:00
PO-DEMO-004595,2026-08-03,2026-09-20T12:00:00
PO-DEMO-004596,2026-08-04,2026-09-20T12:00:00
PO-DEMO-004597,2026-08-05,2026-09-20T12:00:00
PO-DEMO-004598,2026-08-06,2026-09-20T12:00:00
PO-DEMO-004599,2026-08-07,2026-09-20T12:00:00
PO-DEMO-004600,2026-08-08,2026-09-20T12:00:00
PO-DEMO-004601,2026-08-09,2026-09-20T12:00:00
PO-DEMO-004602,2026-08-10,2026-09-20T12:00:00
PO-DEMO-004603,2026-08-11,2026-09-20T12:00:00
PO-DEMO-004604,2026-08-12,2026-09-20T12:00:00
PO-DEMO-004605,2026-08-13,2026-09-20T12:00:00
PO-DEMO-004606,2026-08-14,2026-09-20T12:00:00
PO-DEMO-004607,2026-08-15,2026-09-20T12:00:00
PO-DEMO-004608,2026-08-16,2026-09-20T12:00:00
PO-DEMO-004609,2026-08-17,2026-09-20T12:00:00
PO-DEMO-004610,2026-08-18,2026-09-20T12:00:00
PO-DEMO-004611,2026-08-19,2026-09-20T12:00:00
PO-DEMO-004612,2026-08-20,2026-09-20T12:00:00
PO-DEMO-004613,2026-08-21,2026-09-20T12:00:00
PO-DEMO-004614,2026-08-22,2026-09-20T12:00:00
PO-DEMO-004615,2026-08-23,2026-09-20T12:00:00
PO-DEMO-004616,2026-08-24,2026-09-20T12:00:00
PO-DEMO-004617,2026-08-25,2026-09-20T12:00:00
PO-DEMO-004618,2026-08-26,2026-09-20T12:00:00
PO-DEMO-004619,2026-08-27,2026-09-20T12:00:00
PO-DEMO-004620,2026-08-28,2026-09-20T12:00:00
PO-DEMO-004621,2026-08-29,2026-09-20T12:00:00
PO-DEMO-004622,2026-08-30,2026-09-20T12:00:00
PO-DEMO-004623,2026-08-31,2026-09-20T12:00:00
PO-DEMO-004624,2026-09-01,2026-09-20T12:00:00
PO-DEMO-004625,2026-09-02,2026-09-20T12:00:00
PO-DEMO-004626,2026-09-03,2026-09-20T12:00:00
PO-DEMO-004627,2026-09-04,2026-09-20T12:00:00
PO-DEMO-004628,2026-09-05,2026-09-20T12:00:00
PO-DEMO-004629,2026-09-06,2026-09-20T12:00:00
PO-DEMO-004630,2026-09-07,2026-09-20T12:00:00
PO-DEMO-004631,2026-09-08,2026-09-20T12:00:00
PO-DEMO-004632,2026-09-09,2026-09-20T12:00:00
PO-DEMO-004633,2026-09-10,2026-09-20T12:00:00
PO-DEMO-004634,2026-09-11,2026-09-20T12:00:00
PO-DEMO-004635,2026-09-12,2026-09-20T12:00:00
PO-DEMO-004636,2026-09-13,2026-09-20T12:00:00
PO-DEMO-004637,2026-09-14,2026-09-20T12:00:00
PO-DEMO-004638,2026-09-15,2026-09-20T12:00:00
PO-DEMO-004639,2026-09-16,2026-09-20T12:00:00
PO-DEMO-004640,2026-09-17,2026-09-20T12:00:00
PO-DEMO-004641,2026-09-18,2026-09-20T12:00:00
PO-DEMO-004642,2026-09-19,2026-09-20T12:00:00
PO-DEMO-004643,2026-09-20,2026-09-20T12:00:00
PO-DEMO-004644,2026-09-21,2026-09-20T12:00:00
PO-DEMO-004645,2026-09-22,2026-09-20T12:00:00
PO-DEMO-004646,2026-09-23,2026-09-20T12:00:00
PO-DEMO-004647,2026-09-24,2026-09-20T12:00:00
PO-DEMO-004648,2026-09-25,2026-09-20T12:00:00
PO-DEMO-004649,2026-09-26,2026-09-20T12:00:00
PO-DEMO-004650,2026-09-27,2026-09-20T12:00:00
PO-DEMO-004651,2026-09-28,2026-09-20T12:00:00
PO-DEMO-004652,2026-09-29,2026-09-20T12:00:00
PO-DEMO-004653,2026-09-30,2026-09-20T12:00:00
PO-DEMO-004654,2026-10-01,2026-09-20T12:00:00
PO-DEMO-004655,2026-10-02,2026-09-20T12:00:00
PO-DEMO-004656,2026-10-03,2026-09-20T12:00:00
PO-DEMO-004657,2026-10-04,2026-09-20T12:00:00
PO-DEMO-004658,2026-10-05,2026-09-20T12:00:00
PO-DEMO-004659,2026-10-06,2026-09-20T12:00:00
PO-DEMO-004660,2026-10-07,2026-09-20T12:00:00
PO-DEMO-004661,2026-10-08,2026-09-20T12:00:00
PO-DEMO-004662,2026-10-09,2026-09-20T12:00:00
PO-DEMO-004663,2026-10-10,2026-09-20T12:00:00
PO-DEMO-004664,2026-10-11,2026-09-20T12:00:00
PO-DEMO-004665,2026-10-12,2026-09-20T12:00:00
PO-DEMO-004666,2026-10-13,2026-09-20T12:00:00
PO-DEMO-004667,2026-10-14,2026-09-20T12:00:00
PO-DEMO-004668,2026-10-15,2026-09-20T12:00:00
PO-DEMO-004669,2026-10-16,2026-09-20T12:00:00
PO-DEMO-004670,2026-10-17,2026-09-20T12:00:00
PO-DEMO-004671,2026-10-18,2026-09-20T12:00:00
PO-DEMO-004672,2026-10-19,2026-09-20T12:00:00
PO-DEMO-004673,2026-10-20,2026-09-20T12:00:00
PO-DEMO-004674,2026-10-21,2026-09-20T12:00:00
PO-DEMO-004675,2026-10-22,2026-09-20T12:00:00
PO-DEMO-004676,2026-10-23,2026-09-20T12:00:00
PO-DEMO-004677,2026-10-24,2026-09-20T12:00:00
PO-DEMO-004678,2026-10-25,2026-09-20T12:00:00
PO-DEMO-004679,2026-10-26,2026-09-20T12:00:00
PO-DEMO-004680,2026-10-27,2026-09-20T12:00:00
PO-DEMO-004681,2026-10-28,2026-09-20T12:00:00
PO-DEMO-004682,2026-10-29,2026-09-20T12:00:00
PO-DEMO-004683,2026-10-30,2026-09-20T12:00:00
PO-DEMO-004684,2026-10-31,2026-09-20T12:00:00
PO-DEMO-004685,2026-11-01,2026-09-20T12:00:00
PO-DEMO-004686,2026-11-02,2026-09-20T12:00:00
PO-DEMO-004687,2026-11-03,2026-09-20T12:00:00
PO-DEMO-004688,2026-11-04,2026-09-20T12:00:00
PO-DEMO-004689,2026-11-05,2026-09-20T12:00:00
PO-DEMO-004690,2026-11-06,2026-09-20T12:00:00
PO-DEMO-004691,2026-11-07,2026-09-20T12:00:00
PO-DEMO-004692,2026-11-08,2026-09-20T12:00:00
PO-DEMO-004693,2026-11-09,2026-09-20T12:00:00
PO-DEMO-004694,2026-11-10,2026-09-20T12:00:00
PO-DEMO-004695,2026-11-11,2026-09-20T12:00:00
PO-DEMO-004696,2026-11-12,2026-09-20T12:00:00
PO-DEMO-004697,2026-11-13,2026-09-20T12:00:00
PO-DEMO-004698,2026-11-14,2026-09-20T12:00:00
PO-DEMO-004699,2026-11-15,2026-09-20T12:00:00
PO-DEMO-004700,2026-11-16,2026-09-20T12:00:00
PO-DEMO-004701,2026-11-17,2026-09-20T12:00:00
PO-DEMO-004702,2026-11-18,2026-09-20T12:00:00
PO-DEMO-004703,2026-11-19,2026-09-20T12:00:00
PO-DEMO-004704,2026-11-20,2026-09-20T12:00:00
PO-DEMO-004705,2026-11-21,2026-09-20T12:00:00
PO-DEMO-004706,2026-11-22,2026-09-20T12:00:00
PO-DEMO-004707,2026-11-23,2026-09-20T12:00:00
PO-DEMO-004708,2026-11-24,2026-09-20T12:00:00
PO-DEMO-004709,2026-11-25,2026-09-20T12:00:00
PO-DEMO-004710,2026-11-26,2026-09-20T12:00:00
PO-DEMO-004711,2026-11-27,2026-09-20T12:00:00
PO-DEMO-004712,2026-11-28,2026-09-20T12:00:00
PO-DEMO-004713,2026-11-29,2026-09-20T12:00:00
PO-DEMO-004714,2026-11-30,2026-09-20T12:00:00
PO-DEMO-004715,2026-12-01,2026-09-20T12:00:00
PO-DEMO-004716,2026-12-02,2026-09-20T12:00:00
PO-DEMO-004717,2026-12-03,2026-09-20T12:00:00
PO-DEMO-004718,2026-12-04,2026-09-20T12:00:00
PO-DEMO-004719,2026-12-05,2026-09-20T12:00:00
PO-DEMO-004720,2026-12-06,2026-09-20T12:00:00
PO-DEMO-004721,2026-12-07,2026-09-20T12:00:00
PO-DEMO-004722,2026-12-08,2026-09-20T12:00:00
PO-DEMO-004723,2026-12-09,2026-09-20T12:00:00
PO-DEMO-004724,2026-12-10,2026-09-20T12:00:00
PO-DEMO-004725,2026-12-11,2026-09-20T12:00:00
PO-DEMO-004726,2026-12-12,2026-09-20T12:00:00
PO-DEMO-004727,2026-12-13,2026-09-20T12:00:00
PO-DEMO-004728,2026-12-14,2026-09-20T12:00:00
PO-DEMO-004729,2026-12-15,2026-09-20T12:00:00
PO-DEMO-004730,2026-12-16,2026-09-20T12:00:00
PO-DEMO-004731,2026-12-17,2026-09-20T12:00:00
PO-DEMO-004732,2026-12-18,2026-09-20T12:00:00
PO-DEMO-004733,2026-12-19,2026-09-20T12:00:00
PO-DEMO-004734,2026-12-20,2026-09-20T12:00:00
PO-DEMO-004735,2026-12-21,2026-09-20T12:00:00
PO-DEMO-004736,2026-12-22,2026-09-20T12:00:00
PO-DEMO-004737,2026-12-23,2026-09-20T12:00:00
PO-DEMO-004738,2026-12-24,2026-09-20T12:00:00
PO-DEMO-004739,2026-12-25,2026-09-20T12:00:00
PO-DEMO-004740,2026-12-26,2026-09-20T12:00:00
PO-DEMO-004741,2026-12-27,2026-09-20T12:00:00
PO-DEMO-004742,2026-12-28,2026-09-20T12:00:00
PO-DEMO-004743,2026-12-29,2026-09-20T12:00:00
PO-DEMO-004744,2026-12-30,2026-09-20T12:00:00
PO-DEMO-004745,2026-12-31,2026-09-20T12:00:00
PO-DEMO-004746,2026-01-01,2026-09-20T12:00:00
PO-DEMO-004747,2026-01-02,2026-09-20T12:00:00
PO-DEMO-004748,2026-01-03,2026-09-20T12:00:00
PO-DEMO-004749,2026-01-04,2026-09-20T12:00:00
PO-DEMO-004750,2026-01-05,2026-09-20T12:00:00
PO-DEMO-004751,2026-01-06,2026-09-20T12:00:00
PO-DEMO-004752,2026-01-07,2026-09-20T12:00:00
PO-DEMO-004753,2026-01-08,2026-09-20T12:00:00
PO-DEMO-004754,2026-01-09,2026-09-20T12:00:00
PO-DEMO-004755,2026-01-10,2026-09-20T12:00:00
PO-DEMO-004756,2026-01-11,2026-09-20T12:00:00
PO-DEMO-004757,2026-01-12,2026-09-20T12:00:00
PO-DEMO-004758,2026-01-13,2026-09-20T12:00:00
PO-DEMO-004759,2026-01-14,2026-09-20T12:00:00
PO-DEMO-004760,2026-01-15,2026-09-20T12:00:00
PO-DEMO-004761,2026-01-16,2026-09-20T12:00:00
PO-DEMO-004762,2026-01-17,2026-09-20T12:00:00
PO-DEMO-004763,2026-01-18,2026-09-20T12:00:00
PO-DEMO-004764,2026-01-19,2026-09-20T12:00:00
PO-DEMO-004765,2026-01-20,2026-09-20T12:00:00
PO-DEMO-004766,2026-01-21,2026-09-20T12:00:00
PO-DEMO-004767,2026-01-22,2026-09-20T12:00:00
PO-DEMO-004768,2026-01-23,2026-09-20T12:00:00
PO-DEMO-004769,2026-01-24,2026-09-20T12:00:00
PO-DEMO-004770,2026-01-25,2026-09-20T12:00:00
PO-DEMO-004771,2026-01-26,2026-09-20T12:00:00
PO-DEMO-004772,2026-01-27,2026-09-20T12:00:00
PO-DEMO-004773,2026-01-28,2026-09-20T12:00:00
PO-DEMO-004774,2026-01-29,2026-09-20T12:00:00
PO-DEMO-004775,2026-01-30,2026-09-20T12:00:00
PO-DEMO-004776,2026-01-31,2026-09-20T12:00:00
PO-DEMO-004777,2026-02-01,2026-09-20T12:00:00
PO-DEMO-004778,2026-02-02,2026-09-20T12:00:00
PO-DEMO-004779,2026-02-03,2026-09-20T12:00:00
PO-DEMO-004780,2026-02-04,2026-09-20T12:00:00
PO-DEMO-004781,2026-02-05,2026-09-20T12:00:00
PO-DEMO-004782,2026-02-06,2026-09-20T12:00:00
PO-DEMO-004783,2026-02-07,2026-09-20T12:00:00
PO-DEMO-004784,2026-02-08,2026-09-20T12:00:00
PO-DEMO-004785,2026-02-09,2026-09-20T12:00:00
PO-DEMO-004786,2026-02-10,2026-09-20T12:00:00
PO-DEMO-004787,2026-02-11,2026-09-20T12:00:00
PO-DEMO-004788,2026-02-12,2026-09-20T12:00:00
PO-DEMO-004789,2026-02-13,2026-09-20T12:00:00
PO-DEMO-004790,2026-02-14,2026-09-20T12:00:00
PO-DEMO-004791,2026-02-15,2026-09-20T12:00:00
PO-DEMO-004792,2026-02-16,2026-09-20T12:00:00
PO-DEMO-004793,2026-02-17,2026-09-20T12:00:00
PO-DEMO-004794,2026-02-18,2026-09-20T12:00:00
PO-DEMO-004795,2026-02-19,2026-09-20T12:00:00
PO-DEMO-004796,2026-02-20,2026-09-20T12:00:00
PO-DEMO-004797,2026-02-21,2026-09-20T12:00:00
PO-DEMO-004798,2026-02-22,2026-09-20T12:00:00
PO-DEMO-004799,2026-02-23,2026-09-20T12:00:00
PO-DEMO-004800,2026-02-24,2026-09-20T12:00:00
PO-DEMO-004801,2026-02-25,2026-09-20T12:00:00
PO-DEMO-004802,2026-02-26,2026-09-20T12:00:00
PO-DEMO-004803,2026-02-27,2026-09-20T12:00:00
PO-DEMO-004804,2026-02-28,2026-09-20T12:00:00
PO-DEMO-004805,2026-03-01,2026-09-20T12:00:00
PO-DEMO-004806,2026-03-02,2026-09-20T12:00:00
PO-DEMO-004807,2026-03-03,2026-09-20T12:00:00
PO-DEMO-004808,2026-03-04,2026-09-20T12:00:00
PO-DEMO-004809,2026-03-05,2026-09-20T12:00:00
PO-DEMO-004810,2026-03-06,2026-09-20T12:00:00
PO-DEMO-004811,2026-03-07,2026-09-20T12:00:00
PO-DEMO-004812,2026-03-08,2026-09-20T12:00:00
PO-DEMO-004813,2026-03-09,2026-09-20T12:00:00
PO-DEMO-004814,2026-03-10,2026-09-20T12:00:00
PO-DEMO-004815,2026-03-11,2026-09-20T12:00:00
PO-DEMO-004816,2026-03-12,2026-09-20T12:00:00
PO-DEMO-004817,2026-03-13,2026-09-20T12:00:00
PO-DEMO-004818,2026-03-14,2026-09-20T12:00:00
PO-DEMO-004819,2026-03-15,2026-09-20T12:00:00
PO-DEMO-004820,2026-03-16,2026-09-20T12:00:00
PO-DEMO-004821,2026-03-17,2026-09-20T12:00:00
PO-DEMO-004822,2026-03-18,2026-09-20T12:00:00
PO-DEMO-004823,2026-03-19,2026-09-20T12:00:00
PO-DEMO-004824,2026-03-20,2026-09-20T12:00:00
PO-DEMO-004825,2026-03-21,2026-09-20T12:00:00
PO-DEMO-004826,2026-03-22,2026-09-20T12:00:00
PO-DEMO-004827,2026-03-23,2026-09-20T12:00:00
PO-DEMO-004828,2026-03-24,2026-09-20T12:00:00
PO-DEMO-004829,2026-03-25,2026-09-20T12:00:00
PO-DEMO-004830,2026-03-26,2026-09-20T12:00:00
PO-DEMO-004831,2026-03-27,2026-09-20T12:00:00
PO-DEMO-004832,2026-03-28,2026-09-20T12:00:00
PO-DEMO-004833,2026-03-29,2026-09-20T12:00:00
PO-DEMO-004834,2026-03-30,2026-09-20T12:00:00
PO-DEMO-004835,2026-03-31,2026-09-20T12:00:00
PO-DEMO-004836,2026-04-01,2026-09-20T12:00:00
PO-DEMO-004837,2026-04-02,2026-09-20T12:00:00
PO-DEMO-004838,2026-04-03,2026-09-20T12:00:00
PO-DEMO-004839,2026-04-04,2026-09-20T12:00:00
PO-DEMO-004840,2026-04-05,2026-09-20T12:00:00
PO-DEMO-004841,2026-04-06,2026-09-20T12:00:00
PO-DEMO-004842,2026-04-07,2026-09-20T12:00:00
PO-DEMO-004843,2026-04-08,2026-09-20T12:00:00
PO-DEMO-004844,2026-04-09,2026-09-20T12:00:00
PO-DEMO-004845,2026-04-10,2026-09-20T12:00:00
PO-DEMO-004846,2026-04-11,2026-09-20T12:00:00
PO-DEMO-004847,2026-04-12,2026-09-20T12:00:00
PO-DEMO-004848,2026-04-13,2026-09-20T12:00:00
PO-DEMO-004849,2026-04-14,2026-09-20T12:00:00
PO-DEMO-004850,2026-04-15,2026-09-20T12:00:00
PO-DEMO-004851,2026-04-16,2026-09-20T12:00:00
PO-DEMO-004852,2026-04-17,2026-09-20T12:00:00
PO-DEMO-004853,2026-04-18,2026-09-20T12:00:00
PO-DEMO-004854,2026-04-19,2026-09-20T12:00:00
PO-DEMO-004855,2026-04-20,2026-09-20T12:00:00
PO-DEMO-004856,2026-04-21,2026-09-20T12:00:00
PO-DEMO-004857,2026-04-22,2026-09-20T12:00:00
PO-DEMO-004858,2026-04-23,2026-09-20T12:00:00
PO-DEMO-004859,2026-04-24,2026-09-20T12:00:00
PO-DEMO-004860,2026-04-25,2026-09-20T12:00:00
PO-DEMO-004861,2026-04-26,2026-09-20T12:00:00
PO-DEMO-004862,2026-04-27,2026-09-20T12:00:00
PO-DEMO-004863,2026-04-28,2026-09-20T12:00:00
PO-DEMO-004864,2026-04-29,2026-09-20T12:00:00
PO-DEMO-004865,2026-04-30,2026-09-20T12:00:00
PO-DEMO-004866,2026-05-01,2026-09-20T12:00:00
PO-DEMO-004867,2026-05-02,2026-09-20T12:00:00
PO-DEMO-004868,2026-05-03,2026-09-20T12:00:00
PO-DEMO-004869,2026-05-04,2026-09-20T12:00:00
PO-DEMO-004870,2026-05-05,2026-09-20T12:00:00
PO-DEMO-004871,2026-05-06,2026-09-20T12:00:00
PO-DEMO-004872,2026-05-07,2026-09-20T12:00:00
PO-DEMO-004873,2026-05-08,2026-09-20T12:00:00
PO-DEMO-004874,2026-05-09,2026-09-20T12:00:00
PO-DEMO-004875,2026-05-10,2026-09-20T12:00:00
PO-DEMO-004876,2026-05-11,2026-09-20T12:00:00
PO-DEMO-004877,2026-05-12,2026-09-20T12:00:00
PO-DEMO-004878,2026-05-13,2026-09-20T12:00:00
PO-DEMO-004879,2026-05-14,2026-09-20T12:00:00
PO-DEMO-004880,2026-05-15,2026-09-20T12:00:00
PO-DEMO-004881,2026-05-16,2026-09-20T12:00:00
PO-DEMO-004882,2026-05-17,2026-09-20T12:00:00
PO-DEMO-004883,2026-05-18,2026-09-20T12:00:00
PO-DEMO-004884,2026-05-19,2026-09-20T12:00:00
PO-DEMO-004885,2026-05-20,2026-09-20T12:00:00
PO-DEMO-004886,2026-05-21,2026-09-20T12:00:00
PO-DEMO-004887,2026-05-22,2026-09-20T12:00:00
PO-DEMO-004888,2026-05-23,2026-09-20T12:00:00
PO-DEMO-004889,2026-05-24,2026-09-20T12:00:00
PO-DEMO-004890,2026-05-25,2026-09-20T12:00:00
PO-DEMO-004891,2026-05-26,2026-09-20T12:00:00
PO-DEMO-004892,2026-05-27,2026-09-20T12:00:00
PO-DEMO-004893,2026-05-28,2026-09-20T12:00:00
PO-DEMO-004894,2026-05-29,2026-09-20T12:00:00
PO-DEMO-004895,2026-05-30,2026-09-20T12:00:00
PO-DEMO-004896,2026-05-31,2026-09-20T12:00:00
PO-DEMO-004897,2026-06-01,2026-09-20T12:00:00
PO-DEMO-004898,2026-06-02,2026-09-20T12:00:00
PO-DEMO-004899,2026-06-03,2026-09-20T12:00:00
PO-DEMO-004900,2026-06-04,2026-09-20T12:00:00
PO-DEMO-004901,2026-06-05,2026-09-20T12:00:00
PO-DEMO-004902,2026-06-06,2026-09-20T12:00:00
PO-DEMO-004903,2026-06-07,2026-09-20T12:00:00
PO-DEMO-004904,2026-06-08,2026-09-20T12:00:00
PO-DEMO-004905,2026-06-09,2026-09-20T12:00:00
PO-DEMO-004906,2026-06-10,2026-09-20T12:00:00
PO-DEMO-004907,2026-06-11,2026-09-20T12:00:00
PO-DEMO-004908,2026-06-12,2026-09-20T12:00:00
PO-DEMO-004909,2026-06-13,2026-09-20T12:00:00
PO-DEMO-004910,2026-06-14,2026-09-20T12:00:00
PO-DEMO-004911,2026-06-15,2026-09-20T12:00:00
PO-DEMO-004912,2026-06-16,2026-09-20T12:00:00
PO-DEMO-004913,2026-06-17,2026-09-20T12:00:00
PO-DEMO-004914,2026-06-18,2026-09-20T12:00:00
PO-DEMO-004915,2026-06-19,2026-09-20T12:00:00
PO-DEMO-004916,2026-06-20,2026-09-20T12:00:00
PO-DEMO-004917,2026-06-21,2026-09-20T12:00:00
PO-DEMO-004918,2026-06-22,2026-09-20T12:00:00
PO-DEMO-004919,2026-06-23,2026-09-20T12:00:00
PO-DEMO-004920,2026-06-24,2026-09-20T12:00:00
PO-DEMO-004921,2026-06-25,2026-09-20T12:00:00
PO-DEMO-004922,2026-06-26,2026-09-20T12:00:00
PO-DEMO-004923,2026-06-27,2026-09-20T12:00:00
PO-DEMO-004924,2026-06-28,2026-09-20T12:00:00
PO-DEMO-004925,2026-06-29,2026-09-20T12:00:00
PO-DEMO-004926,2026-06-30,2026-09-20T12:00:00
PO-DEMO-004927,2026-07-01,2026-09-20T12:00:00
PO-DEMO-004928,2026-07-02,2026-09-20T12:00:00
PO-DEMO-004929,2026-07-03,2026-09-20T12:00:00
PO-DEMO-004930,2026-07-04,2026-09-20T12:00:00
PO-DEMO-004931,2026-07-05,2026-09-20T12:00:00
PO-DEMO-004932,2026-07-06,2026-09-20T12:00:00
PO-DEMO-004933,2026-07-07,2026-09-20T12:00:00
PO-DEMO-004934,2026-07-08,2026-09-20T12:00:00
PO-DEMO-004935,2026-07-09,2026-09-20T12:00:00
PO-DEMO-004936,2026-07-10,2026-09-20T12:00:00
PO-DEMO-004937,2026-07-11,2026-09-20T12:00:00
PO-DEMO-004938,2026-07-12,2026-09-20T12:00:00
PO-DEMO-004939,2026-07-13,2026-09-20T12:00:00
PO-DEMO-004940,2026-07-14,2026-09-20T12:00:00
PO-DEMO-004941,2026-07-15,2026-09-20T12:00:00
PO-DEMO-004942,2026-07-16,2026-09-20T12:00:00
PO-DEMO-004943,2026-07-17,2026-09-20T12:00:00
PO-DEMO-004944,2026-07-18,2026-09-20T12:00:00
PO-DEMO-004945,2026-07-19,2026-09-20T12:00:00
PO-DEMO-004946,2026-07-20,2026-09-20T12:00:00
PO-DEMO-004947,2026-07-21,2026-09-20T12:00:00
PO-DEMO-004948,2026-07-22,2026-09-20T12:00:00
PO-DEMO-004949,2026-07-23,2026-09-20T12:00:00
PO-DEMO-004950,2026-07-24,2026-09-20T12:00:00
PO-DEMO-004951,2026-07-25,2026-09-20T12:00:00
PO-DEMO-004952,2026-07-26,2026-09-20T12:00:00
PO-DEMO-004953,2026-07-27,2026-09-20T12:00:00
PO-DEMO-004954,2026-07-28,2026-09-20T12:00:00
PO-DEMO-004955,2026-07-29,2026-09-20T12:00:00
PO-DEMO-004956,2026-07-30,2026-09-20T12:00:00
PO-DEMO-004957,2026-07-31,2026-09-20T12:00:00
PO-DEMO-004958,2026-08-01,2026-09-20T12:00:00
PO-DEMO-004959,2026-08-02,2026-09-20T12:00:00
PO-DEMO-004960,2026-08-03,2026-09-20T12:00:00
PO-DEMO-004961,2026-08-04,2026-09-20T12:00:00
PO-DEMO-004962,2026-08-05,2026-09-20T12:00:00
PO-DEMO-004963,2026-08-06,2026-09-20T12:00:00
PO-DEMO-004964,2026-08-07,2026-09-20T12:00:00
PO-DEMO-004965,2026-08-08,2026-09-20T12:00:00
PO-DEMO-004966,2026-08-09,2026-09-20T12:00:00
PO-DEMO-004967,2026-08-10,2026-09-20T12:00:00
PO-DEMO-004968,2026-08-11,2026-09-20T12:00:00
PO-DEMO-004969,2026-08-12,2026-09-20T12:00:00
PO-DEMO-004970,2026-08-13,2026-09-20T12:00:00
PO-DEMO-004971,2026-08-14,2026-09-20T12:00:00
PO-DEMO-004972,2026-08-15,2026-09-20T12:00:00
PO-DEMO-004973,2026-08-16,2026-09-20T12:00:00
PO-DEMO-004974,2026-08-17,2026-09-20T12:00:00
PO-DEMO-004975,2026-08-18,2026-09-20T12:00:00
PO-DEMO-004976,2026-08-19,2026-09-20T12:00:00
PO-DEMO-004977,2026-08-20,2026-09-20T12:00:00
PO-DEMO-004978,2026-08-21,2026-09-20T12:00:00
PO-DEMO-004979,2026-08-22,2026-09-20T12:00:00
PO-DEMO-004980,2026-08-23,2026-09-20T12:00:00
PO-DEMO-004981,2026-08-24,2026-09-20T12:00:00
PO-DEMO-004982,2026-08-25,2026-09-20T12:00:00
PO-DEMO-004983,2026-08-26,2026-09-20T12:00:00
PO-DEMO-004984,2026-08-27,2026-09-20T12:00:00
PO-DEMO-004985,2026-08-28,2026-09-20T12:00:00
PO-DEMO-004986,2026-08-29,2026-09-20T12:00:00
PO-DEMO-004987,2026-08-30,2026-09-20T12:00:00
PO-DEMO-004988,2026-08-31,2026-09-20T12:00:00
PO-DEMO-004989,2026-09-01,2026-09-20T12:00:00
PO-DEMO-004990,2026-09-02,2026-09-20T12:00:00
PO-DEMO-004991,2026-09-03,2026-09-20T12:00:00
PO-DEMO-004992,2026-09-04,2026-09-20T12:00:00
PO-DEMO-004993,2026-09-05,2026-09-20T12:00:00
PO-DEMO-004994,2026-09-06,2026-09-20T12:00:00
PO-DEMO-004995,2026-09-07,2026-09-20T12:00:00
PO-DEMO-004996,2026-09-08,2026-09-20T12:00:00
PO-DEMO-004997,2026-09-09,2026-09-20T12:00:00
PO-DEMO-004998,2026-09-10,2026-09-20T12:00:00
PO-DEMO-004999,2026-09-11,2026-09-20T12:00:00
PO-DEMO-005000,2026-09-12,2026-09-20T12:00:00
