StoreNumber,Store,ChainCode,Chain,City,State,Country,PostalCode,CurrentStationNumber,CurrentStation,CurrentRouteNumber,CurrentSalesperson,SalesChannel,LastDateModified,LastUpdated
S00001,Demo Garden Centre 00001,CHAIN01,Canadian Demo Retail Chain 01,Calgary,AB,CA,T2P 1J1,ST001,Calgary,0001,Salesperson 001,Retail,2026-01-01,2026-09-20T12:00:00
S00002,Demo Garden Centre 00002,CHAIN02,Canadian Demo Retail Chain 02,Edmonton,AB,CA,T5J 0N2,ST002,Edmonton,0002,Salesperson 002,Retail,2026-01-01,2026-09-20T12:00:00
S00003,Demo Garden Centre 00003,CHAIN03,Canadian Demo Retail Chain 03,Vancouver,BC,CA,V6B 2W3,ST003,Vancouver,0003,Salesperson 003,Retail,2026-01-01,2026-09-20T12:00:00
S00004,Demo Garden Centre 00004,CHAIN04,Canadian Demo Retail Chain 04,Victoria,BC,CA,V8W 1P4,ST004,Victoria,0004,Salesperson 004,Retail,2026-01-01,2026-09-20T12:00:00
S00005,Demo Garden Centre 00005,CHAIN05,Canadian Demo Retail Chain 05,Winnipeg,MB,CA,R3B 1C5,ST005,Winnipeg,0005,Salesperson 005,Retail,2026-01-01,2026-09-20T12:00:00
S00006,Demo Garden Centre 00006,CHAIN06,Canadian Demo Retail Chain 06,Fredericton,NB,CA,E3B 1B6,ST006,Fredericton,0006,Salesperson 006,Retail,2026-01-01,2026-09-20T12:00:00
S00007,Demo Garden Centre 00007,CHAIN07,Canadian Demo Retail Chain 07,St. John's,NL,CA,A1C 1B7,ST007,St. John's,0007,Salesperson 007,Retail,2026-01-01,2026-09-20T12:00:00
S00008,Demo Garden Centre 00008,CHAIN08,Canadian Demo Retail Chain 08,Halifax,NS,CA,B3J 1M8,ST008,Halifax,0008,Salesperson 008,Retail,2026-01-01,2026-09-20T12:00:00
S00009,Demo Garden Centre 00009,CHAIN09,Canadian Demo Retail Chain 09,Toronto,ON,CA,M5H 2N9,ST009,Toronto,0009,Salesperson 009,Retail,2026-01-01,2026-09-20T12:00:00
S00010,Demo Garden Centre 00010,CHAIN10,Canadian Demo Retail Chain 10,Ottawa,ON,CA,K1P 1J1,ST010,Ottawa,0010,Salesperson 010,Retail,2026-01-01,2026-09-20T12:00:00
S00011,Demo Garden Centre 00011,CHAIN11,Canadian Demo Retail Chain 11,London,ON,CA,N6A 3K2,ST011,London,0011,Salesperson 011,Retail,2026-01-01,2026-09-20T12:00:00
S00012,Demo Garden Centre 00012,CHAIN12,Canadian Demo Retail Chain 12,Thunder Bay,ON,CA,P7B 5E3,ST012,Thunder Bay,0012,Salesperson 012,Retail,2026-01-01,2026-09-20T12:00:00
S00013,Demo Garden Centre 00013,CHAIN13,Canadian Demo Retail Chain 13,Charlottetown,PE,CA,C1A 1A4,ST013,Charlottetown,0013,Salesperson 013,Retail,2026-01-01,2026-09-20T12:00:00
S00014,Demo Garden Centre 00014,CHAIN14,Canadian Demo Retail Chain 14,Montreal,QC,CA,H2Y 1C5,ST014,Montreal,0014,Salesperson 014,Retail,2026-01-01,2026-09-20T12:00:00
S00015,Demo Garden Centre 00015,CHAIN15,Canadian Demo Retail Chain 15,Quebec City,QC,CA,G1R 4P6,ST015,Quebec City,0015,Salesperson 015,Retail,2026-01-01,2026-09-20T12:00:00
S00016,Demo Garden Centre 00016,CHAIN16,Canadian Demo Retail Chain 16,Saskatoon,SK,CA,S7K 1J7,ST016,Saskatoon,0016,Salesperson 016,Retail,2026-01-01,2026-09-20T12:00:00
S00017,Demo Garden Centre 00017,CHAIN17,Canadian Demo Retail Chain 17,Regina,SK,CA,S4P 3Y8,ST017,Regina,0017,Salesperson 017,Retail,2026-01-01,2026-09-20T12:00:00
S00018,Demo Garden Centre 00018,CHAIN18,Canadian Demo Retail Chain 18,Whitehorse,YT,CA,Y1A 2C9,ST018,Whitehorse,0018,Salesperson 018,Retail,2026-01-01,2026-09-20T12:00:00
S00019,Demo Garden Centre 00019,CHAIN19,Canadian Demo Retail Chain 19,Calgary,AB,CA,T2P 1J1,ST019,Calgary,0019,Salesperson 019,Retail,2026-01-01,2026-09-20T12:00:00
S00020,Demo Garden Centre 00020,CHAIN20,Canadian Demo Retail Chain 20,Edmonton,AB,CA,T5J 0N2,ST020,Edmonton,0020,Salesperson 020,Retail,2026-01-01,2026-09-20T12:00:00
S00021,Demo Garden Centre 00021,CHAIN21,Canadian Demo Retail Chain 21,Vancouver,BC,CA,V6B 2W3,ST021,Vancouver,0021,Salesperson 021,Retail,2026-01-01,2026-09-20T12:00:00
S00022,Demo Garden Centre 00022,CHAIN22,Canadian Demo Retail Chain 22,Victoria,BC,CA,V8W 1P4,ST022,Victoria,0022,Salesperson 022,Retail,2026-01-01,2026-09-20T12:00:00
S00023,Demo Garden Centre 00023,CHAIN23,Canadian Demo Retail Chain 23,Winnipeg,MB,CA,R3B 1C5,ST023,Winnipeg,0023,Salesperson 023,Retail,2026-01-01,2026-09-20T12:00:00
S00024,Demo Garden Centre 00024,CHAIN24,Canadian Demo Retail Chain 24,Fredericton,NB,CA,E3B 1B6,ST024,Fredericton,0024,Salesperson 024,Retail,2026-01-01,2026-09-20T12:00:00
S00025,Demo Garden Centre 00025,CHAIN25,Canadian Demo Retail Chain 25,St. John's,NL,CA,A1C 1B7,ST025,St. John's,0025,Salesperson 025,Retail,2026-01-01,2026-09-20T12:00:00
S00026,Demo Garden Centre 00026,CHAIN01,Canadian Demo Retail Chain 01,Halifax,NS,CA,B3J 1M8,ST026,Halifax,0026,Salesperson 026,Retail,2026-01-01,2026-09-20T12:00:00
S00027,Demo Garden Centre 00027,CHAIN02,Canadian Demo Retail Chain 02,Toronto,ON,CA,M5H 2N9,ST027,Toronto,0027,Salesperson 027,Retail,2026-01-01,2026-09-20T12:00:00
S00028,Demo Garden Centre 00028,CHAIN03,Canadian Demo Retail Chain 03,Ottawa,ON,CA,K1P 1J1,ST028,Ottawa,0028,Salesperson 028,Retail,2026-01-01,2026-09-20T12:00:00
S00029,Demo Garden Centre 00029,CHAIN04,Canadian Demo Retail Chain 04,London,ON,CA,N6A 3K2,ST029,London,0029,Salesperson 029,Retail,2026-01-01,2026-09-20T12:00:00
S00030,Demo Garden Centre 00030,CHAIN05,Canadian Demo Retail Chain 05,Thunder Bay,ON,CA,P7B 5E3,ST030,Thunder Bay,0030,Salesperson 030,Retail,2026-01-01,2026-09-20T12:00:00
S00031,Demo Garden Centre 00031,CHAIN06,Canadian Demo Retail Chain 06,Charlottetown,PE,CA,C1A 1A4,ST031,Charlottetown,0031,Salesperson 031,Retail,2026-01-01,2026-09-20T12:00:00
S00032,Demo Garden Centre 00032,CHAIN07,Canadian Demo Retail Chain 07,Montreal,QC,CA,H2Y 1C5,ST032,Montreal,0032,Salesperson 032,Retail,2026-01-01,2026-09-20T12:00:00
S00033,Demo Garden Centre 00033,CHAIN08,Canadian Demo Retail Chain 08,Quebec City,QC,CA,G1R 4P6,ST033,Quebec City,0033,Salesperson 033,Retail,2026-01-01,2026-09-20T12:00:00
S00034,Demo Garden Centre 00034,CHAIN09,Canadian Demo Retail Chain 09,Saskatoon,SK,CA,S7K 1J7,ST034,Saskatoon,0034,Salesperson 034,Retail,2026-01-01,2026-09-20T12:00:00
S00035,Demo Garden Centre 00035,CHAIN10,Canadian Demo Retail Chain 10,Regina,SK,CA,S4P 3Y8,ST035,Regina,0035,Salesperson 035,Retail,2026-01-01,2026-09-20T12:00:00
S00036,Demo Garden Centre 00036,CHAIN11,Canadian Demo Retail Chain 11,Whitehorse,YT,CA,Y1A 2C9,ST036,Whitehorse,0036,Salesperson 036,Retail,2026-01-01,2026-09-20T12:00:00
S00037,Demo Garden Centre 00037,CHAIN12,Canadian Demo Retail Chain 12,Calgary,AB,CA,T2P 1J1,ST037,Calgary,0037,Salesperson 037,Retail,2026-01-01,2026-09-20T12:00:00
S00038,Demo Garden Centre 00038,CHAIN13,Canadian Demo Retail Chain 13,Edmonton,AB,CA,T5J 0N2,ST038,Edmonton,0038,Salesperson 038,Retail,2026-01-01,2026-09-20T12:00:00
S00039,Demo Garden Centre 00039,CHAIN14,Canadian Demo Retail Chain 14,Vancouver,BC,CA,V6B 2W3,ST039,Vancouver,0039,Salesperson 039,Retail,2026-01-01,2026-09-20T12:00:00
S00040,Demo Garden Centre 00040,CHAIN15,Canadian Demo Retail Chain 15,Victoria,BC,CA,V8W 1P4,ST040,Victoria,0040,Salesperson 040,Retail,2026-01-01,2026-09-20T12:00:00
S00041,Demo Garden Centre 00041,CHAIN16,Canadian Demo Retail Chain 16,Winnipeg,MB,CA,R3B 1C5,ST041,Winnipeg,0041,Salesperson 041,Retail,2026-01-01,2026-09-20T12:00:00
S00042,Demo Garden Centre 00042,CHAIN17,Canadian Demo Retail Chain 17,Fredericton,NB,CA,E3B 1B6,ST042,Fredericton,0042,Salesperson 042,Retail,2026-01-01,2026-09-20T12:00:00
S00043,Demo Garden Centre 00043,CHAIN18,Canadian Demo Retail Chain 18,St. John's,NL,CA,A1C 1B7,ST043,St. John's,0043,Salesperson 043,Retail,2026-01-01,2026-09-20T12:00:00
S00044,Demo Garden Centre 00044,CHAIN19,Canadian Demo Retail Chain 19,Halifax,NS,CA,B3J 1M8,ST044,Halifax,0044,Salesperson 044,Retail,2026-01-01,2026-09-20T12:00:00
S00045,Demo Garden Centre 00045,CHAIN20,Canadian Demo Retail Chain 20,Toronto,ON,CA,M5H 2N9,ST045,Toronto,0045,Salesperson 045,Retail,2026-01-01,2026-09-20T12:00:00
S00046,Demo Garden Centre 00046,CHAIN21,Canadian Demo Retail Chain 21,Ottawa,ON,CA,K1P 1J1,ST046,Ottawa,0046,Salesperson 046,Retail,2026-01-01,2026-09-20T12:00:00
S00047,Demo Garden Centre 00047,CHAIN22,Canadian Demo Retail Chain 22,London,ON,CA,N6A 3K2,ST047,London,0047,Salesperson 047,Retail,2026-01-01,2026-09-20T12:00:00
S00048,Demo Garden Centre 00048,CHAIN23,Canadian Demo Retail Chain 23,Thunder Bay,ON,CA,P7B 5E3,ST048,Thunder Bay,0048,Salesperson 048,Retail,2026-01-01,2026-09-20T12:00:00
S00049,Demo Garden Centre 00049,CHAIN24,Canadian Demo Retail Chain 24,Charlottetown,PE,CA,C1A 1A4,ST049,Charlottetown,0049,Salesperson 049,Retail,2026-01-01,2026-09-20T12:00:00
S00050,Demo Garden Centre 00050,CHAIN25,Canadian Demo Retail Chain 25,Montreal,QC,CA,H2Y 1C5,ST050,Montreal,0050,Salesperson 050,Retail,2026-01-01,2026-09-20T12:00:00
S00051,Demo Garden Centre 00051,CHAIN01,Canadian Demo Retail Chain 01,Quebec City,QC,CA,G1R 4P6,ST051,Quebec City,0051,Salesperson 051,Retail,2026-01-01,2026-09-20T12:00:00
S00052,Demo Garden Centre 00052,CHAIN02,Canadian Demo Retail Chain 02,Saskatoon,SK,CA,S7K 1J7,ST052,Saskatoon,0052,Salesperson 052,Retail,2026-01-01,2026-09-20T12:00:00
S00053,Demo Garden Centre 00053,CHAIN03,Canadian Demo Retail Chain 03,Regina,SK,CA,S4P 3Y8,ST053,Regina,0053,Salesperson 053,Retail,2026-01-01,2026-09-20T12:00:00
S00054,Demo Garden Centre 00054,CHAIN04,Canadian Demo Retail Chain 04,Whitehorse,YT,CA,Y1A 2C9,ST054,Whitehorse,0054,Salesperson 054,Retail,2026-01-01,2026-09-20T12:00:00
S00055,Demo Garden Centre 00055,CHAIN05,Canadian Demo Retail Chain 05,Calgary,AB,CA,T2P 1J1,ST055,Calgary,0055,Salesperson 055,Retail,2026-01-01,2026-09-20T12:00:00
S00056,Demo Garden Centre 00056,CHAIN06,Canadian Demo Retail Chain 06,Edmonton,AB,CA,T5J 0N2,ST056,Edmonton,0056,Salesperson 056,Retail,2026-01-01,2026-09-20T12:00:00
S00057,Demo Garden Centre 00057,CHAIN07,Canadian Demo Retail Chain 07,Vancouver,BC,CA,V6B 2W3,ST057,Vancouver,0057,Salesperson 057,Retail,2026-01-01,2026-09-20T12:00:00
S00058,Demo Garden Centre 00058,CHAIN08,Canadian Demo Retail Chain 08,Victoria,BC,CA,V8W 1P4,ST058,Victoria,0058,Salesperson 058,Retail,2026-01-01,2026-09-20T12:00:00
S00059,Demo Garden Centre 00059,CHAIN09,Canadian Demo Retail Chain 09,Winnipeg,MB,CA,R3B 1C5,ST059,Winnipeg,0059,Salesperson 059,Retail,2026-01-01,2026-09-20T12:00:00
S00060,Demo Garden Centre 00060,CHAIN10,Canadian Demo Retail Chain 10,Fredericton,NB,CA,E3B 1B6,ST060,Fredericton,0060,Salesperson 060,Retail,2026-01-01,2026-09-20T12:00:00
S00061,Demo Garden Centre 00061,CHAIN11,Canadian Demo Retail Chain 11,St. John's,NL,CA,A1C 1B7,ST061,St. John's,0061,Salesperson 061,Retail,2026-01-01,2026-09-20T12:00:00
S00062,Demo Garden Centre 00062,CHAIN12,Canadian Demo Retail Chain 12,Halifax,NS,CA,B3J 1M8,ST062,Halifax,0062,Salesperson 062,Retail,2026-01-01,2026-09-20T12:00:00
S00063,Demo Garden Centre 00063,CHAIN13,Canadian Demo Retail Chain 13,Toronto,ON,CA,M5H 2N9,ST063,Toronto,0063,Salesperson 063,Retail,2026-01-01,2026-09-20T12:00:00
S00064,Demo Garden Centre 00064,CHAIN14,Canadian Demo Retail Chain 14,Ottawa,ON,CA,K1P 1J1,ST064,Ottawa,0064,Salesperson 064,Retail,2026-01-01,2026-09-20T12:00:00
S00065,Demo Garden Centre 00065,CHAIN15,Canadian Demo Retail Chain 15,London,ON,CA,N6A 3K2,ST065,London,0065,Salesperson 065,Retail,2026-01-01,2026-09-20T12:00:00
S00066,Demo Garden Centre 00066,CHAIN16,Canadian Demo Retail Chain 16,Thunder Bay,ON,CA,P7B 5E3,ST066,Thunder Bay,0066,Salesperson 066,Retail,2026-01-01,2026-09-20T12:00:00
S00067,Demo Garden Centre 00067,CHAIN17,Canadian Demo Retail Chain 17,Charlottetown,PE,CA,C1A 1A4,ST067,Charlottetown,0067,Salesperson 067,Retail,2026-01-01,2026-09-20T12:00:00
S00068,Demo Garden Centre 00068,CHAIN18,Canadian Demo Retail Chain 18,Montreal,QC,CA,H2Y 1C5,ST068,Montreal,0068,Salesperson 068,Retail,2026-01-01,2026-09-20T12:00:00
S00069,Demo Garden Centre 00069,CHAIN19,Canadian Demo Retail Chain 19,Quebec City,QC,CA,G1R 4P6,ST069,Quebec City,0069,Salesperson 069,Retail,2026-01-01,2026-09-20T12:00:00
S00070,Demo Garden Centre 00070,CHAIN20,Canadian Demo Retail Chain 20,Saskatoon,SK,CA,S7K 1J7,ST070,Saskatoon,0070,Salesperson 070,Retail,2026-01-01,2026-09-20T12:00:00
S00071,Demo Garden Centre 00071,CHAIN21,Canadian Demo Retail Chain 21,Regina,SK,CA,S4P 3Y8,ST071,Regina,0071,Salesperson 071,Retail,2026-01-01,2026-09-20T12:00:00
S00072,Demo Garden Centre 00072,CHAIN22,Canadian Demo Retail Chain 22,Whitehorse,YT,CA,Y1A 2C9,ST072,Whitehorse,0072,Salesperson 072,Retail,2026-01-01,2026-09-20T12:00:00
S00073,Demo Garden Centre 00073,CHAIN23,Canadian Demo Retail Chain 23,Calgary,AB,CA,T2P 1J1,ST073,Calgary,0073,Salesperson 073,Retail,2026-01-01,2026-09-20T12:00:00
S00074,Demo Garden Centre 00074,CHAIN24,Canadian Demo Retail Chain 24,Edmonton,AB,CA,T5J 0N2,ST074,Edmonton,0074,Salesperson 074,Retail,2026-01-01,2026-09-20T12:00:00
S00075,Demo Garden Centre 00075,CHAIN25,Canadian Demo Retail Chain 25,Vancouver,BC,CA,V6B 2W3,ST075,Vancouver,0075,Salesperson 075,Retail,2026-01-01,2026-09-20T12:00:00
S00076,Demo Garden Centre 00076,CHAIN01,Canadian Demo Retail Chain 01,Victoria,BC,CA,V8W 1P4,ST076,Victoria,0076,Salesperson 076,Retail,2026-01-01,2026-09-20T12:00:00
S00077,Demo Garden Centre 00077,CHAIN02,Canadian Demo Retail Chain 02,Winnipeg,MB,CA,R3B 1C5,ST077,Winnipeg,0077,Salesperson 077,Retail,2026-01-01,2026-09-20T12:00:00
S00078,Demo Garden Centre 00078,CHAIN03,Canadian Demo Retail Chain 03,Fredericton,NB,CA,E3B 1B6,ST078,Fredericton,0078,Salesperson 078,Retail,2026-01-01,2026-09-20T12:00:00
S00079,Demo Garden Centre 00079,CHAIN04,Canadian Demo Retail Chain 04,St. John's,NL,CA,A1C 1B7,ST079,St. John's,0079,Salesperson 079,Retail,2026-01-01,2026-09-20T12:00:00
S00080,Demo Garden Centre 00080,CHAIN05,Canadian Demo Retail Chain 05,Halifax,NS,CA,B3J 1M8,ST080,Halifax,0080,Salesperson 080,Retail,2026-01-01,2026-09-20T12:00:00
S00081,Demo Garden Centre 00081,CHAIN06,Canadian Demo Retail Chain 06,Toronto,ON,CA,M5H 2N9,ST081,Toronto,0081,Salesperson 081,Retail,2026-01-01,2026-09-20T12:00:00
S00082,Demo Garden Centre 00082,CHAIN07,Canadian Demo Retail Chain 07,Ottawa,ON,CA,K1P 1J1,ST082,Ottawa,0082,Salesperson 082,Retail,2026-01-01,2026-09-20T12:00:00
S00083,Demo Garden Centre 00083,CHAIN08,Canadian Demo Retail Chain 08,London,ON,CA,N6A 3K2,ST083,London,0083,Salesperson 083,Retail,2026-01-01,2026-09-20T12:00:00
S00084,Demo Garden Centre 00084,CHAIN09,Canadian Demo Retail Chain 09,Thunder Bay,ON,CA,P7B 5E3,ST084,Thunder Bay,0084,Salesperson 084,Retail,2026-01-01,2026-09-20T12:00:00
S00085,Demo Garden Centre 00085,CHAIN10,Canadian Demo Retail Chain 10,Charlottetown,PE,CA,C1A 1A4,ST085,Charlottetown,0085,Salesperson 085,Retail,2026-01-01,2026-09-20T12:00:00
S00086,Demo Garden Centre 00086,CHAIN11,Canadian Demo Retail Chain 11,Montreal,QC,CA,H2Y 1C5,ST086,Montreal,0086,Salesperson 086,Retail,2026-01-01,2026-09-20T12:00:00
S00087,Demo Garden Centre 00087,CHAIN12,Canadian Demo Retail Chain 12,Quebec City,QC,CA,G1R 4P6,ST087,Quebec City,0087,Salesperson 087,Retail,2026-01-01,2026-09-20T12:00:00
S00088,Demo Garden Centre 00088,CHAIN13,Canadian Demo Retail Chain 13,Saskatoon,SK,CA,S7K 1J7,ST088,Saskatoon,0088,Salesperson 088,Retail,2026-01-01,2026-09-20T12:00:00
S00089,Demo Garden Centre 00089,CHAIN14,Canadian Demo Retail Chain 14,Regina,SK,CA,S4P 3Y8,ST089,Regina,0089,Salesperson 089,Retail,2026-01-01,2026-09-20T12:00:00
S00090,Demo Garden Centre 00090,CHAIN15,Canadian Demo Retail Chain 15,Whitehorse,YT,CA,Y1A 2C9,ST090,Whitehorse,0090,Salesperson 090,Retail,2026-01-01,2026-09-20T12:00:00
S00091,Demo Garden Centre 00091,CHAIN16,Canadian Demo Retail Chain 16,Calgary,AB,CA,T2P 1J1,ST091,Calgary,0091,Salesperson 091,Retail,2026-01-01,2026-09-20T12:00:00
S00092,Demo Garden Centre 00092,CHAIN17,Canadian Demo Retail Chain 17,Edmonton,AB,CA,T5J 0N2,ST092,Edmonton,0092,Salesperson 092,Retail,2026-01-01,2026-09-20T12:00:00
S00093,Demo Garden Centre 00093,CHAIN18,Canadian Demo Retail Chain 18,Vancouver,BC,CA,V6B 2W3,ST093,Vancouver,0093,Salesperson 093,Retail,2026-01-01,2026-09-20T12:00:00
S00094,Demo Garden Centre 00094,CHAIN19,Canadian Demo Retail Chain 19,Victoria,BC,CA,V8W 1P4,ST094,Victoria,0094,Salesperson 094,Retail,2026-01-01,2026-09-20T12:00:00
S00095,Demo Garden Centre 00095,CHAIN20,Canadian Demo Retail Chain 20,Winnipeg,MB,CA,R3B 1C5,ST095,Winnipeg,0095,Salesperson 095,Retail,2026-01-01,2026-09-20T12:00:00
S00096,Demo Garden Centre 00096,CHAIN21,Canadian Demo Retail Chain 21,Fredericton,NB,CA,E3B 1B6,ST096,Fredericton,0096,Salesperson 096,Retail,2026-01-01,2026-09-20T12:00:00
S00097,Demo Garden Centre 00097,CHAIN22,Canadian Demo Retail Chain 22,St. John's,NL,CA,A1C 1B7,ST097,St. John's,0097,Salesperson 097,Retail,2026-01-01,2026-09-20T12:00:00
S00098,Demo Garden Centre 00098,CHAIN23,Canadian Demo Retail Chain 23,Halifax,NS,CA,B3J 1M8,ST098,Halifax,0098,Salesperson 098,Retail,2026-01-01,2026-09-20T12:00:00
S00099,Demo Garden Centre 00099,CHAIN24,Canadian Demo Retail Chain 24,Toronto,ON,CA,M5H 2N9,ST099,Toronto,0099,Salesperson 099,Retail,2026-01-01,2026-09-20T12:00:00
S00100,Demo Garden Centre 00100,CHAIN25,Canadian Demo Retail Chain 25,Ottawa,ON,CA,K1P 1J1,ST100,Ottawa,0100,Salesperson 100,Retail,2026-01-01,2026-09-20T12:00:00
S00101,Demo Garden Centre 00101,CHAIN01,Canadian Demo Retail Chain 01,London,ON,CA,N6A 3K2,ST001,London,0101,Salesperson 101,Retail,2026-01-01,2026-09-20T12:00:00
S00102,Demo Garden Centre 00102,CHAIN02,Canadian Demo Retail Chain 02,Thunder Bay,ON,CA,P7B 5E3,ST002,Thunder Bay,0102,Salesperson 102,Retail,2026-01-01,2026-09-20T12:00:00
S00103,Demo Garden Centre 00103,CHAIN03,Canadian Demo Retail Chain 03,Charlottetown,PE,CA,C1A 1A4,ST003,Charlottetown,0103,Salesperson 103,Retail,2026-01-01,2026-09-20T12:00:00
S00104,Demo Garden Centre 00104,CHAIN04,Canadian Demo Retail Chain 04,Montreal,QC,CA,H2Y 1C5,ST004,Montreal,0104,Salesperson 104,Retail,2026-01-01,2026-09-20T12:00:00
S00105,Demo Garden Centre 00105,CHAIN05,Canadian Demo Retail Chain 05,Quebec City,QC,CA,G1R 4P6,ST005,Quebec City,0105,Salesperson 105,Retail,2026-01-01,2026-09-20T12:00:00
S00106,Demo Garden Centre 00106,CHAIN06,Canadian Demo Retail Chain 06,Saskatoon,SK,CA,S7K 1J7,ST006,Saskatoon,0106,Salesperson 106,Retail,2026-01-01,2026-09-20T12:00:00
S00107,Demo Garden Centre 00107,CHAIN07,Canadian Demo Retail Chain 07,Regina,SK,CA,S4P 3Y8,ST007,Regina,0107,Salesperson 107,Retail,2026-01-01,2026-09-20T12:00:00
S00108,Demo Garden Centre 00108,CHAIN08,Canadian Demo Retail Chain 08,Whitehorse,YT,CA,Y1A 2C9,ST008,Whitehorse,0108,Salesperson 108,Retail,2026-01-01,2026-09-20T12:00:00
S00109,Demo Garden Centre 00109,CHAIN09,Canadian Demo Retail Chain 09,Calgary,AB,CA,T2P 1J1,ST009,Calgary,0109,Salesperson 109,Retail,2026-01-01,2026-09-20T12:00:00
S00110,Demo Garden Centre 00110,CHAIN10,Canadian Demo Retail Chain 10,Edmonton,AB,CA,T5J 0N2,ST010,Edmonton,0110,Salesperson 110,Retail,2026-01-01,2026-09-20T12:00:00
S00111,Demo Garden Centre 00111,CHAIN11,Canadian Demo Retail Chain 11,Vancouver,BC,CA,V6B 2W3,ST011,Vancouver,0111,Salesperson 111,Retail,2026-01-01,2026-09-20T12:00:00
S00112,Demo Garden Centre 00112,CHAIN12,Canadian Demo Retail Chain 12,Victoria,BC,CA,V8W 1P4,ST012,Victoria,0112,Salesperson 112,Retail,2026-01-01,2026-09-20T12:00:00
S00113,Demo Garden Centre 00113,CHAIN13,Canadian Demo Retail Chain 13,Winnipeg,MB,CA,R3B 1C5,ST013,Winnipeg,0113,Salesperson 113,Retail,2026-01-01,2026-09-20T12:00:00
S00114,Demo Garden Centre 00114,CHAIN14,Canadian Demo Retail Chain 14,Fredericton,NB,CA,E3B 1B6,ST014,Fredericton,0114,Salesperson 114,Retail,2026-01-01,2026-09-20T12:00:00
S00115,Demo Garden Centre 00115,CHAIN15,Canadian Demo Retail Chain 15,St. John's,NL,CA,A1C 1B7,ST015,St. John's,0115,Salesperson 115,Retail,2026-01-01,2026-09-20T12:00:00
S00116,Demo Garden Centre 00116,CHAIN16,Canadian Demo Retail Chain 16,Halifax,NS,CA,B3J 1M8,ST016,Halifax,0116,Salesperson 116,Retail,2026-01-01,2026-09-20T12:00:00
S00117,Demo Garden Centre 00117,CHAIN17,Canadian Demo Retail Chain 17,Toronto,ON,CA,M5H 2N9,ST017,Toronto,0117,Salesperson 117,Retail,2026-01-01,2026-09-20T12:00:00
S00118,Demo Garden Centre 00118,CHAIN18,Canadian Demo Retail Chain 18,Ottawa,ON,CA,K1P 1J1,ST018,Ottawa,0118,Salesperson 118,Retail,2026-01-01,2026-09-20T12:00:00
S00119,Demo Garden Centre 00119,CHAIN19,Canadian Demo Retail Chain 19,London,ON,CA,N6A 3K2,ST019,London,0119,Salesperson 119,Retail,2026-01-01,2026-09-20T12:00:00
S00120,Demo Garden Centre 00120,CHAIN20,Canadian Demo Retail Chain 20,Thunder Bay,ON,CA,P7B 5E3,ST020,Thunder Bay,0120,Salesperson 120,Retail,2026-01-01,2026-09-20T12:00:00
S00121,Demo Garden Centre 00121,CHAIN21,Canadian Demo Retail Chain 21,Charlottetown,PE,CA,C1A 1A4,ST021,Charlottetown,0121,Salesperson 121,Retail,2026-01-01,2026-09-20T12:00:00
S00122,Demo Garden Centre 00122,CHAIN22,Canadian Demo Retail Chain 22,Montreal,QC,CA,H2Y 1C5,ST022,Montreal,0122,Salesperson 122,Retail,2026-01-01,2026-09-20T12:00:00
S00123,Demo Garden Centre 00123,CHAIN23,Canadian Demo Retail Chain 23,Quebec City,QC,CA,G1R 4P6,ST023,Quebec City,0123,Salesperson 123,Retail,2026-01-01,2026-09-20T12:00:00
S00124,Demo Garden Centre 00124,CHAIN24,Canadian Demo Retail Chain 24,Saskatoon,SK,CA,S7K 1J7,ST024,Saskatoon,0124,Salesperson 124,Retail,2026-01-01,2026-09-20T12:00:00
S00125,Demo Garden Centre 00125,CHAIN25,Canadian Demo Retail Chain 25,Regina,SK,CA,S4P 3Y8,ST025,Regina,0125,Salesperson 125,Retail,2026-01-01,2026-09-20T12:00:00
S00126,Demo Garden Centre 00126,CHAIN01,Canadian Demo Retail Chain 01,Whitehorse,YT,CA,Y1A 2C9,ST026,Whitehorse,0126,Salesperson 126,Retail,2026-01-01,2026-09-20T12:00:00
S00127,Demo Garden Centre 00127,CHAIN02,Canadian Demo Retail Chain 02,Calgary,AB,CA,T2P 1J1,ST027,Calgary,0127,Salesperson 127,Retail,2026-01-01,2026-09-20T12:00:00
S00128,Demo Garden Centre 00128,CHAIN03,Canadian Demo Retail Chain 03,Edmonton,AB,CA,T5J 0N2,ST028,Edmonton,0128,Salesperson 128,Retail,2026-01-01,2026-09-20T12:00:00
S00129,Demo Garden Centre 00129,CHAIN04,Canadian Demo Retail Chain 04,Vancouver,BC,CA,V6B 2W3,ST029,Vancouver,0129,Salesperson 129,Retail,2026-01-01,2026-09-20T12:00:00
S00130,Demo Garden Centre 00130,CHAIN05,Canadian Demo Retail Chain 05,Victoria,BC,CA,V8W 1P4,ST030,Victoria,0130,Salesperson 130,Retail,2026-01-01,2026-09-20T12:00:00
S00131,Demo Garden Centre 00131,CHAIN06,Canadian Demo Retail Chain 06,Winnipeg,MB,CA,R3B 1C5,ST031,Winnipeg,0131,Salesperson 131,Retail,2026-01-01,2026-09-20T12:00:00
S00132,Demo Garden Centre 00132,CHAIN07,Canadian Demo Retail Chain 07,Fredericton,NB,CA,E3B 1B6,ST032,Fredericton,0132,Salesperson 132,Retail,2026-01-01,2026-09-20T12:00:00
S00133,Demo Garden Centre 00133,CHAIN08,Canadian Demo Retail Chain 08,St. John's,NL,CA,A1C 1B7,ST033,St. John's,0133,Salesperson 133,Retail,2026-01-01,2026-09-20T12:00:00
S00134,Demo Garden Centre 00134,CHAIN09,Canadian Demo Retail Chain 09,Halifax,NS,CA,B3J 1M8,ST034,Halifax,0134,Salesperson 134,Retail,2026-01-01,2026-09-20T12:00:00
S00135,Demo Garden Centre 00135,CHAIN10,Canadian Demo Retail Chain 10,Toronto,ON,CA,M5H 2N9,ST035,Toronto,0135,Salesperson 135,Retail,2026-01-01,2026-09-20T12:00:00
S00136,Demo Garden Centre 00136,CHAIN11,Canadian Demo Retail Chain 11,Ottawa,ON,CA,K1P 1J1,ST036,Ottawa,0136,Salesperson 136,Retail,2026-01-01,2026-09-20T12:00:00
S00137,Demo Garden Centre 00137,CHAIN12,Canadian Demo Retail Chain 12,London,ON,CA,N6A 3K2,ST037,London,0137,Salesperson 137,Retail,2026-01-01,2026-09-20T12:00:00
S00138,Demo Garden Centre 00138,CHAIN13,Canadian Demo Retail Chain 13,Thunder Bay,ON,CA,P7B 5E3,ST038,Thunder Bay,0138,Salesperson 138,Retail,2026-01-01,2026-09-20T12:00:00
S00139,Demo Garden Centre 00139,CHAIN14,Canadian Demo Retail Chain 14,Charlottetown,PE,CA,C1A 1A4,ST039,Charlottetown,0139,Salesperson 139,Retail,2026-01-01,2026-09-20T12:00:00
S00140,Demo Garden Centre 00140,CHAIN15,Canadian Demo Retail Chain 15,Montreal,QC,CA,H2Y 1C5,ST040,Montreal,0140,Salesperson 140,Retail,2026-01-01,2026-09-20T12:00:00
S00141,Demo Garden Centre 00141,CHAIN16,Canadian Demo Retail Chain 16,Quebec City,QC,CA,G1R 4P6,ST041,Quebec City,0141,Salesperson 141,Retail,2026-01-01,2026-09-20T12:00:00
S00142,Demo Garden Centre 00142,CHAIN17,Canadian Demo Retail Chain 17,Saskatoon,SK,CA,S7K 1J7,ST042,Saskatoon,0142,Salesperson 142,Retail,2026-01-01,2026-09-20T12:00:00
S00143,Demo Garden Centre 00143,CHAIN18,Canadian Demo Retail Chain 18,Regina,SK,CA,S4P 3Y8,ST043,Regina,0143,Salesperson 143,Retail,2026-01-01,2026-09-20T12:00:00
S00144,Demo Garden Centre 00144,CHAIN19,Canadian Demo Retail Chain 19,Whitehorse,YT,CA,Y1A 2C9,ST044,Whitehorse,0144,Salesperson 144,Retail,2026-01-01,2026-09-20T12:00:00
S00145,Demo Garden Centre 00145,CHAIN20,Canadian Demo Retail Chain 20,Calgary,AB,CA,T2P 1J1,ST045,Calgary,0145,Salesperson 145,Retail,2026-01-01,2026-09-20T12:00:00
S00146,Demo Garden Centre 00146,CHAIN21,Canadian Demo Retail Chain 21,Edmonton,AB,CA,T5J 0N2,ST046,Edmonton,0146,Salesperson 146,Retail,2026-01-01,2026-09-20T12:00:00
S00147,Demo Garden Centre 00147,CHAIN22,Canadian Demo Retail Chain 22,Vancouver,BC,CA,V6B 2W3,ST047,Vancouver,0147,Salesperson 147,Retail,2026-01-01,2026-09-20T12:00:00
S00148,Demo Garden Centre 00148,CHAIN23,Canadian Demo Retail Chain 23,Victoria,BC,CA,V8W 1P4,ST048,Victoria,0148,Salesperson 148,Retail,2026-01-01,2026-09-20T12:00:00
S00149,Demo Garden Centre 00149,CHAIN24,Canadian Demo Retail Chain 24,Winnipeg,MB,CA,R3B 1C5,ST049,Winnipeg,0149,Salesperson 149,Retail,2026-01-01,2026-09-20T12:00:00
S00150,Demo Garden Centre 00150,CHAIN25,Canadian Demo Retail Chain 25,Fredericton,NB,CA,E3B 1B6,ST050,Fredericton,0150,Salesperson 150,Retail,2026-01-01,2026-09-20T12:00:00
S00151,Demo Garden Centre 00151,CHAIN01,Canadian Demo Retail Chain 01,St. John's,NL,CA,A1C 1B7,ST051,St. John's,0151,Salesperson 151,Retail,2026-01-01,2026-09-20T12:00:00
S00152,Demo Garden Centre 00152,CHAIN02,Canadian Demo Retail Chain 02,Halifax,NS,CA,B3J 1M8,ST052,Halifax,0152,Salesperson 152,Retail,2026-01-01,2026-09-20T12:00:00
S00153,Demo Garden Centre 00153,CHAIN03,Canadian Demo Retail Chain 03,Toronto,ON,CA,M5H 2N9,ST053,Toronto,0153,Salesperson 153,Retail,2026-01-01,2026-09-20T12:00:00
S00154,Demo Garden Centre 00154,CHAIN04,Canadian Demo Retail Chain 04,Ottawa,ON,CA,K1P 1J1,ST054,Ottawa,0154,Salesperson 154,Retail,2026-01-01,2026-09-20T12:00:00
S00155,Demo Garden Centre 00155,CHAIN05,Canadian Demo Retail Chain 05,London,ON,CA,N6A 3K2,ST055,London,0155,Salesperson 155,Retail,2026-01-01,2026-09-20T12:00:00
S00156,Demo Garden Centre 00156,CHAIN06,Canadian Demo Retail Chain 06,Thunder Bay,ON,CA,P7B 5E3,ST056,Thunder Bay,0156,Salesperson 156,Retail,2026-01-01,2026-09-20T12:00:00
S00157,Demo Garden Centre 00157,CHAIN07,Canadian Demo Retail Chain 07,Charlottetown,PE,CA,C1A 1A4,ST057,Charlottetown,0157,Salesperson 157,Retail,2026-01-01,2026-09-20T12:00:00
S00158,Demo Garden Centre 00158,CHAIN08,Canadian Demo Retail Chain 08,Montreal,QC,CA,H2Y 1C5,ST058,Montreal,0158,Salesperson 158,Retail,2026-01-01,2026-09-20T12:00:00
S00159,Demo Garden Centre 00159,CHAIN09,Canadian Demo Retail Chain 09,Quebec City,QC,CA,G1R 4P6,ST059,Quebec City,0159,Salesperson 159,Retail,2026-01-01,2026-09-20T12:00:00
S00160,Demo Garden Centre 00160,CHAIN10,Canadian Demo Retail Chain 10,Saskatoon,SK,CA,S7K 1J7,ST060,Saskatoon,0160,Salesperson 160,Retail,2026-01-01,2026-09-20T12:00:00
S00161,Demo Garden Centre 00161,CHAIN11,Canadian Demo Retail Chain 11,Regina,SK,CA,S4P 3Y8,ST061,Regina,0161,Salesperson 161,Retail,2026-01-01,2026-09-20T12:00:00
S00162,Demo Garden Centre 00162,CHAIN12,Canadian Demo Retail Chain 12,Whitehorse,YT,CA,Y1A 2C9,ST062,Whitehorse,0162,Salesperson 162,Retail,2026-01-01,2026-09-20T12:00:00
S00163,Demo Garden Centre 00163,CHAIN13,Canadian Demo Retail Chain 13,Calgary,AB,CA,T2P 1J1,ST063,Calgary,0163,Salesperson 163,Retail,2026-01-01,2026-09-20T12:00:00
S00164,Demo Garden Centre 00164,CHAIN14,Canadian Demo Retail Chain 14,Edmonton,AB,CA,T5J 0N2,ST064,Edmonton,0164,Salesperson 164,Retail,2026-01-01,2026-09-20T12:00:00
S00165,Demo Garden Centre 00165,CHAIN15,Canadian Demo Retail Chain 15,Vancouver,BC,CA,V6B 2W3,ST065,Vancouver,0165,Salesperson 165,Retail,2026-01-01,2026-09-20T12:00:00
S00166,Demo Garden Centre 00166,CHAIN16,Canadian Demo Retail Chain 16,Victoria,BC,CA,V8W 1P4,ST066,Victoria,0166,Salesperson 166,Retail,2026-01-01,2026-09-20T12:00:00
S00167,Demo Garden Centre 00167,CHAIN17,Canadian Demo Retail Chain 17,Winnipeg,MB,CA,R3B 1C5,ST067,Winnipeg,0167,Salesperson 167,Retail,2026-01-01,2026-09-20T12:00:00
S00168,Demo Garden Centre 00168,CHAIN18,Canadian Demo Retail Chain 18,Fredericton,NB,CA,E3B 1B6,ST068,Fredericton,0168,Salesperson 168,Retail,2026-01-01,2026-09-20T12:00:00
S00169,Demo Garden Centre 00169,CHAIN19,Canadian Demo Retail Chain 19,St. John's,NL,CA,A1C 1B7,ST069,St. John's,0169,Salesperson 169,Retail,2026-01-01,2026-09-20T12:00:00
S00170,Demo Garden Centre 00170,CHAIN20,Canadian Demo Retail Chain 20,Halifax,NS,CA,B3J 1M8,ST070,Halifax,0170,Salesperson 170,Retail,2026-01-01,2026-09-20T12:00:00
S00171,Demo Garden Centre 00171,CHAIN21,Canadian Demo Retail Chain 21,Toronto,ON,CA,M5H 2N9,ST071,Toronto,0171,Salesperson 171,Retail,2026-01-01,2026-09-20T12:00:00
S00172,Demo Garden Centre 00172,CHAIN22,Canadian Demo Retail Chain 22,Ottawa,ON,CA,K1P 1J1,ST072,Ottawa,0172,Salesperson 172,Retail,2026-01-01,2026-09-20T12:00:00
S00173,Demo Garden Centre 00173,CHAIN23,Canadian Demo Retail Chain 23,London,ON,CA,N6A 3K2,ST073,London,0173,Salesperson 173,Retail,2026-01-01,2026-09-20T12:00:00
S00174,Demo Garden Centre 00174,CHAIN24,Canadian Demo Retail Chain 24,Thunder Bay,ON,CA,P7B 5E3,ST074,Thunder Bay,0174,Salesperson 174,Retail,2026-01-01,2026-09-20T12:00:00
S00175,Demo Garden Centre 00175,CHAIN25,Canadian Demo Retail Chain 25,Charlottetown,PE,CA,C1A 1A4,ST075,Charlottetown,0175,Salesperson 175,Retail,2026-01-01,2026-09-20T12:00:00
S00176,Demo Garden Centre 00176,CHAIN01,Canadian Demo Retail Chain 01,Montreal,QC,CA,H2Y 1C5,ST076,Montreal,0176,Salesperson 176,Retail,2026-01-01,2026-09-20T12:00:00
S00177,Demo Garden Centre 00177,CHAIN02,Canadian Demo Retail Chain 02,Quebec City,QC,CA,G1R 4P6,ST077,Quebec City,0177,Salesperson 177,Retail,2026-01-01,2026-09-20T12:00:00
S00178,Demo Garden Centre 00178,CHAIN03,Canadian Demo Retail Chain 03,Saskatoon,SK,CA,S7K 1J7,ST078,Saskatoon,0178,Salesperson 178,Retail,2026-01-01,2026-09-20T12:00:00
S00179,Demo Garden Centre 00179,CHAIN04,Canadian Demo Retail Chain 04,Regina,SK,CA,S4P 3Y8,ST079,Regina,0179,Salesperson 179,Retail,2026-01-01,2026-09-20T12:00:00
S00180,Demo Garden Centre 00180,CHAIN05,Canadian Demo Retail Chain 05,Whitehorse,YT,CA,Y1A 2C9,ST080,Whitehorse,0180,Salesperson 180,Retail,2026-01-01,2026-09-20T12:00:00
S00181,Demo Garden Centre 00181,CHAIN06,Canadian Demo Retail Chain 06,Calgary,AB,CA,T2P 1J1,ST081,Calgary,0181,Salesperson 181,Retail,2026-01-01,2026-09-20T12:00:00
S00182,Demo Garden Centre 00182,CHAIN07,Canadian Demo Retail Chain 07,Edmonton,AB,CA,T5J 0N2,ST082,Edmonton,0182,Salesperson 182,Retail,2026-01-01,2026-09-20T12:00:00
S00183,Demo Garden Centre 00183,CHAIN08,Canadian Demo Retail Chain 08,Vancouver,BC,CA,V6B 2W3,ST083,Vancouver,0183,Salesperson 183,Retail,2026-01-01,2026-09-20T12:00:00
S00184,Demo Garden Centre 00184,CHAIN09,Canadian Demo Retail Chain 09,Victoria,BC,CA,V8W 1P4,ST084,Victoria,0184,Salesperson 184,Retail,2026-01-01,2026-09-20T12:00:00
S00185,Demo Garden Centre 00185,CHAIN10,Canadian Demo Retail Chain 10,Winnipeg,MB,CA,R3B 1C5,ST085,Winnipeg,0185,Salesperson 185,Retail,2026-01-01,2026-09-20T12:00:00
S00186,Demo Garden Centre 00186,CHAIN11,Canadian Demo Retail Chain 11,Fredericton,NB,CA,E3B 1B6,ST086,Fredericton,0186,Salesperson 186,Retail,2026-01-01,2026-09-20T12:00:00
S00187,Demo Garden Centre 00187,CHAIN12,Canadian Demo Retail Chain 12,St. John's,NL,CA,A1C 1B7,ST087,St. John's,0187,Salesperson 187,Retail,2026-01-01,2026-09-20T12:00:00
S00188,Demo Garden Centre 00188,CHAIN13,Canadian Demo Retail Chain 13,Halifax,NS,CA,B3J 1M8,ST088,Halifax,0188,Salesperson 188,Retail,2026-01-01,2026-09-20T12:00:00
S00189,Demo Garden Centre 00189,CHAIN14,Canadian Demo Retail Chain 14,Toronto,ON,CA,M5H 2N9,ST089,Toronto,0189,Salesperson 189,Retail,2026-01-01,2026-09-20T12:00:00
S00190,Demo Garden Centre 00190,CHAIN15,Canadian Demo Retail Chain 15,Ottawa,ON,CA,K1P 1J1,ST090,Ottawa,0190,Salesperson 190,Retail,2026-01-01,2026-09-20T12:00:00
S00191,Demo Garden Centre 00191,CHAIN16,Canadian Demo Retail Chain 16,London,ON,CA,N6A 3K2,ST091,London,0191,Salesperson 191,Retail,2026-01-01,2026-09-20T12:00:00
S00192,Demo Garden Centre 00192,CHAIN17,Canadian Demo Retail Chain 17,Thunder Bay,ON,CA,P7B 5E3,ST092,Thunder Bay,0192,Salesperson 192,Retail,2026-01-01,2026-09-20T12:00:00
S00193,Demo Garden Centre 00193,CHAIN18,Canadian Demo Retail Chain 18,Charlottetown,PE,CA,C1A 1A4,ST093,Charlottetown,0193,Salesperson 193,Retail,2026-01-01,2026-09-20T12:00:00
S00194,Demo Garden Centre 00194,CHAIN19,Canadian Demo Retail Chain 19,Montreal,QC,CA,H2Y 1C5,ST094,Montreal,0194,Salesperson 194,Retail,2026-01-01,2026-09-20T12:00:00
S00195,Demo Garden Centre 00195,CHAIN20,Canadian Demo Retail Chain 20,Quebec City,QC,CA,G1R 4P6,ST095,Quebec City,0195,Salesperson 195,Retail,2026-01-01,2026-09-20T12:00:00
S00196,Demo Garden Centre 00196,CHAIN21,Canadian Demo Retail Chain 21,Saskatoon,SK,CA,S7K 1J7,ST096,Saskatoon,0196,Salesperson 196,Retail,2026-01-01,2026-09-20T12:00:00
S00197,Demo Garden Centre 00197,CHAIN22,Canadian Demo Retail Chain 22,Regina,SK,CA,S4P 3Y8,ST097,Regina,0197,Salesperson 197,Retail,2026-01-01,2026-09-20T12:00:00
S00198,Demo Garden Centre 00198,CHAIN23,Canadian Demo Retail Chain 23,Whitehorse,YT,CA,Y1A 2C9,ST098,Whitehorse,0198,Salesperson 198,Retail,2026-01-01,2026-09-20T12:00:00
S00199,Demo Garden Centre 00199,CHAIN24,Canadian Demo Retail Chain 24,Calgary,AB,CA,T2P 1J1,ST099,Calgary,0199,Salesperson 199,Retail,2026-01-01,2026-09-20T12:00:00
S00200,Demo Garden Centre 00200,CHAIN25,Canadian Demo Retail Chain 25,Edmonton,AB,CA,T5J 0N2,ST100,Edmonton,0200,Salesperson 200,Retail,2026-01-01,2026-09-20T12:00:00
S00201,Demo Garden Centre 00201,CHAIN01,Canadian Demo Retail Chain 01,Vancouver,BC,CA,V6B 2W3,ST001,Vancouver,0201,Salesperson 201,Retail,2026-01-01,2026-09-20T12:00:00
S00202,Demo Garden Centre 00202,CHAIN02,Canadian Demo Retail Chain 02,Victoria,BC,CA,V8W 1P4,ST002,Victoria,0202,Salesperson 202,Retail,2026-01-01,2026-09-20T12:00:00
S00203,Demo Garden Centre 00203,CHAIN03,Canadian Demo Retail Chain 03,Winnipeg,MB,CA,R3B 1C5,ST003,Winnipeg,0203,Salesperson 203,Retail,2026-01-01,2026-09-20T12:00:00
S00204,Demo Garden Centre 00204,CHAIN04,Canadian Demo Retail Chain 04,Fredericton,NB,CA,E3B 1B6,ST004,Fredericton,0204,Salesperson 204,Retail,2026-01-01,2026-09-20T12:00:00
S00205,Demo Garden Centre 00205,CHAIN05,Canadian Demo Retail Chain 05,St. John's,NL,CA,A1C 1B7,ST005,St. John's,0205,Salesperson 205,Retail,2026-01-01,2026-09-20T12:00:00
S00206,Demo Garden Centre 00206,CHAIN06,Canadian Demo Retail Chain 06,Halifax,NS,CA,B3J 1M8,ST006,Halifax,0206,Salesperson 206,Retail,2026-01-01,2026-09-20T12:00:00
S00207,Demo Garden Centre 00207,CHAIN07,Canadian Demo Retail Chain 07,Toronto,ON,CA,M5H 2N9,ST007,Toronto,0207,Salesperson 207,Retail,2026-01-01,2026-09-20T12:00:00
S00208,Demo Garden Centre 00208,CHAIN08,Canadian Demo Retail Chain 08,Ottawa,ON,CA,K1P 1J1,ST008,Ottawa,0208,Salesperson 208,Retail,2026-01-01,2026-09-20T12:00:00
S00209,Demo Garden Centre 00209,CHAIN09,Canadian Demo Retail Chain 09,London,ON,CA,N6A 3K2,ST009,London,0209,Salesperson 209,Retail,2026-01-01,2026-09-20T12:00:00
S00210,Demo Garden Centre 00210,CHAIN10,Canadian Demo Retail Chain 10,Thunder Bay,ON,CA,P7B 5E3,ST010,Thunder Bay,0210,Salesperson 210,Retail,2026-01-01,2026-09-20T12:00:00
S00211,Demo Garden Centre 00211,CHAIN11,Canadian Demo Retail Chain 11,Charlottetown,PE,CA,C1A 1A4,ST011,Charlottetown,0211,Salesperson 211,Retail,2026-01-01,2026-09-20T12:00:00
S00212,Demo Garden Centre 00212,CHAIN12,Canadian Demo Retail Chain 12,Montreal,QC,CA,H2Y 1C5,ST012,Montreal,0212,Salesperson 212,Retail,2026-01-01,2026-09-20T12:00:00
S00213,Demo Garden Centre 00213,CHAIN13,Canadian Demo Retail Chain 13,Quebec City,QC,CA,G1R 4P6,ST013,Quebec City,0213,Salesperson 213,Retail,2026-01-01,2026-09-20T12:00:00
S00214,Demo Garden Centre 00214,CHAIN14,Canadian Demo Retail Chain 14,Saskatoon,SK,CA,S7K 1J7,ST014,Saskatoon,0214,Salesperson 214,Retail,2026-01-01,2026-09-20T12:00:00
S00215,Demo Garden Centre 00215,CHAIN15,Canadian Demo Retail Chain 15,Regina,SK,CA,S4P 3Y8,ST015,Regina,0215,Salesperson 215,Retail,2026-01-01,2026-09-20T12:00:00
S00216,Demo Garden Centre 00216,CHAIN16,Canadian Demo Retail Chain 16,Whitehorse,YT,CA,Y1A 2C9,ST016,Whitehorse,0216,Salesperson 216,Retail,2026-01-01,2026-09-20T12:00:00
S00217,Demo Garden Centre 00217,CHAIN17,Canadian Demo Retail Chain 17,Calgary,AB,CA,T2P 1J1,ST017,Calgary,0217,Salesperson 217,Retail,2026-01-01,2026-09-20T12:00:00
S00218,Demo Garden Centre 00218,CHAIN18,Canadian Demo Retail Chain 18,Edmonton,AB,CA,T5J 0N2,ST018,Edmonton,0218,Salesperson 218,Retail,2026-01-01,2026-09-20T12:00:00
S00219,Demo Garden Centre 00219,CHAIN19,Canadian Demo Retail Chain 19,Vancouver,BC,CA,V6B 2W3,ST019,Vancouver,0219,Salesperson 219,Retail,2026-01-01,2026-09-20T12:00:00
S00220,Demo Garden Centre 00220,CHAIN20,Canadian Demo Retail Chain 20,Victoria,BC,CA,V8W 1P4,ST020,Victoria,0220,Salesperson 220,Retail,2026-01-01,2026-09-20T12:00:00
S00221,Demo Garden Centre 00221,CHAIN21,Canadian Demo Retail Chain 21,Winnipeg,MB,CA,R3B 1C5,ST021,Winnipeg,0221,Salesperson 221,Retail,2026-01-01,2026-09-20T12:00:00
S00222,Demo Garden Centre 00222,CHAIN22,Canadian Demo Retail Chain 22,Fredericton,NB,CA,E3B 1B6,ST022,Fredericton,0222,Salesperson 222,Retail,2026-01-01,2026-09-20T12:00:00
S00223,Demo Garden Centre 00223,CHAIN23,Canadian Demo Retail Chain 23,St. John's,NL,CA,A1C 1B7,ST023,St. John's,0223,Salesperson 223,Retail,2026-01-01,2026-09-20T12:00:00
S00224,Demo Garden Centre 00224,CHAIN24,Canadian Demo Retail Chain 24,Halifax,NS,CA,B3J 1M8,ST024,Halifax,0224,Salesperson 224,Retail,2026-01-01,2026-09-20T12:00:00
S00225,Demo Garden Centre 00225,CHAIN25,Canadian Demo Retail Chain 25,Toronto,ON,CA,M5H 2N9,ST025,Toronto,0225,Salesperson 225,Retail,2026-01-01,2026-09-20T12:00:00
S00226,Demo Garden Centre 00226,CHAIN01,Canadian Demo Retail Chain 01,Ottawa,ON,CA,K1P 1J1,ST026,Ottawa,0226,Salesperson 226,Retail,2026-01-01,2026-09-20T12:00:00
S00227,Demo Garden Centre 00227,CHAIN02,Canadian Demo Retail Chain 02,London,ON,CA,N6A 3K2,ST027,London,0227,Salesperson 227,Retail,2026-01-01,2026-09-20T12:00:00
S00228,Demo Garden Centre 00228,CHAIN03,Canadian Demo Retail Chain 03,Thunder Bay,ON,CA,P7B 5E3,ST028,Thunder Bay,0228,Salesperson 228,Retail,2026-01-01,2026-09-20T12:00:00
S00229,Demo Garden Centre 00229,CHAIN04,Canadian Demo Retail Chain 04,Charlottetown,PE,CA,C1A 1A4,ST029,Charlottetown,0229,Salesperson 229,Retail,2026-01-01,2026-09-20T12:00:00
S00230,Demo Garden Centre 00230,CHAIN05,Canadian Demo Retail Chain 05,Montreal,QC,CA,H2Y 1C5,ST030,Montreal,0230,Salesperson 230,Retail,2026-01-01,2026-09-20T12:00:00
S00231,Demo Garden Centre 00231,CHAIN06,Canadian Demo Retail Chain 06,Quebec City,QC,CA,G1R 4P6,ST031,Quebec City,0231,Salesperson 231,Retail,2026-01-01,2026-09-20T12:00:00
S00232,Demo Garden Centre 00232,CHAIN07,Canadian Demo Retail Chain 07,Saskatoon,SK,CA,S7K 1J7,ST032,Saskatoon,0232,Salesperson 232,Retail,2026-01-01,2026-09-20T12:00:00
S00233,Demo Garden Centre 00233,CHAIN08,Canadian Demo Retail Chain 08,Regina,SK,CA,S4P 3Y8,ST033,Regina,0233,Salesperson 233,Retail,2026-01-01,2026-09-20T12:00:00
S00234,Demo Garden Centre 00234,CHAIN09,Canadian Demo Retail Chain 09,Whitehorse,YT,CA,Y1A 2C9,ST034,Whitehorse,0234,Salesperson 234,Retail,2026-01-01,2026-09-20T12:00:00
S00235,Demo Garden Centre 00235,CHAIN10,Canadian Demo Retail Chain 10,Calgary,AB,CA,T2P 1J1,ST035,Calgary,0235,Salesperson 235,Retail,2026-01-01,2026-09-20T12:00:00
S00236,Demo Garden Centre 00236,CHAIN11,Canadian Demo Retail Chain 11,Edmonton,AB,CA,T5J 0N2,ST036,Edmonton,0236,Salesperson 236,Retail,2026-01-01,2026-09-20T12:00:00
S00237,Demo Garden Centre 00237,CHAIN12,Canadian Demo Retail Chain 12,Vancouver,BC,CA,V6B 2W3,ST037,Vancouver,0237,Salesperson 237,Retail,2026-01-01,2026-09-20T12:00:00
S00238,Demo Garden Centre 00238,CHAIN13,Canadian Demo Retail Chain 13,Victoria,BC,CA,V8W 1P4,ST038,Victoria,0238,Salesperson 238,Retail,2026-01-01,2026-09-20T12:00:00
S00239,Demo Garden Centre 00239,CHAIN14,Canadian Demo Retail Chain 14,Winnipeg,MB,CA,R3B 1C5,ST039,Winnipeg,0239,Salesperson 239,Retail,2026-01-01,2026-09-20T12:00:00
S00240,Demo Garden Centre 00240,CHAIN15,Canadian Demo Retail Chain 15,Fredericton,NB,CA,E3B 1B6,ST040,Fredericton,0240,Salesperson 240,Retail,2026-01-01,2026-09-20T12:00:00
S00241,Demo Garden Centre 00241,CHAIN16,Canadian Demo Retail Chain 16,St. John's,NL,CA,A1C 1B7,ST041,St. John's,0241,Salesperson 241,Retail,2026-01-01,2026-09-20T12:00:00
S00242,Demo Garden Centre 00242,CHAIN17,Canadian Demo Retail Chain 17,Halifax,NS,CA,B3J 1M8,ST042,Halifax,0242,Salesperson 242,Retail,2026-01-01,2026-09-20T12:00:00
S00243,Demo Garden Centre 00243,CHAIN18,Canadian Demo Retail Chain 18,Toronto,ON,CA,M5H 2N9,ST043,Toronto,0243,Salesperson 243,Retail,2026-01-01,2026-09-20T12:00:00
S00244,Demo Garden Centre 00244,CHAIN19,Canadian Demo Retail Chain 19,Ottawa,ON,CA,K1P 1J1,ST044,Ottawa,0244,Salesperson 244,Retail,2026-01-01,2026-09-20T12:00:00
S00245,Demo Garden Centre 00245,CHAIN20,Canadian Demo Retail Chain 20,London,ON,CA,N6A 3K2,ST045,London,0245,Salesperson 245,Retail,2026-01-01,2026-09-20T12:00:00
S00246,Demo Garden Centre 00246,CHAIN21,Canadian Demo Retail Chain 21,Thunder Bay,ON,CA,P7B 5E3,ST046,Thunder Bay,0246,Salesperson 246,Retail,2026-01-01,2026-09-20T12:00:00
S00247,Demo Garden Centre 00247,CHAIN22,Canadian Demo Retail Chain 22,Charlottetown,PE,CA,C1A 1A4,ST047,Charlottetown,0247,Salesperson 247,Retail,2026-01-01,2026-09-20T12:00:00
S00248,Demo Garden Centre 00248,CHAIN23,Canadian Demo Retail Chain 23,Montreal,QC,CA,H2Y 1C5,ST048,Montreal,0248,Salesperson 248,Retail,2026-01-01,2026-09-20T12:00:00
S00249,Demo Garden Centre 00249,CHAIN24,Canadian Demo Retail Chain 24,Quebec City,QC,CA,G1R 4P6,ST049,Quebec City,0249,Salesperson 249,Retail,2026-01-01,2026-09-20T12:00:00
S00250,Demo Garden Centre 00250,CHAIN25,Canadian Demo Retail Chain 25,Saskatoon,SK,CA,S7K 1J7,ST050,Saskatoon,0250,Salesperson 250,Retail,2026-01-01,2026-09-20T12:00:00
S00251,Demo Garden Centre 00251,CHAIN01,Canadian Demo Retail Chain 01,Regina,SK,CA,S4P 3Y8,ST051,Regina,0251,Salesperson 001,Retail,2026-01-01,2026-09-20T12:00:00
S00252,Demo Garden Centre 00252,CHAIN02,Canadian Demo Retail Chain 02,Whitehorse,YT,CA,Y1A 2C9,ST052,Whitehorse,0252,Salesperson 002,Retail,2026-01-01,2026-09-20T12:00:00
S00253,Demo Garden Centre 00253,CHAIN03,Canadian Demo Retail Chain 03,Calgary,AB,CA,T2P 1J1,ST053,Calgary,0253,Salesperson 003,Retail,2026-01-01,2026-09-20T12:00:00
S00254,Demo Garden Centre 00254,CHAIN04,Canadian Demo Retail Chain 04,Edmonton,AB,CA,T5J 0N2,ST054,Edmonton,0254,Salesperson 004,Retail,2026-01-01,2026-09-20T12:00:00
S00255,Demo Garden Centre 00255,CHAIN05,Canadian Demo Retail Chain 05,Vancouver,BC,CA,V6B 2W3,ST055,Vancouver,0255,Salesperson 005,Retail,2026-01-01,2026-09-20T12:00:00
S00256,Demo Garden Centre 00256,CHAIN06,Canadian Demo Retail Chain 06,Victoria,BC,CA,V8W 1P4,ST056,Victoria,0256,Salesperson 006,Retail,2026-01-01,2026-09-20T12:00:00
S00257,Demo Garden Centre 00257,CHAIN07,Canadian Demo Retail Chain 07,Winnipeg,MB,CA,R3B 1C5,ST057,Winnipeg,0257,Salesperson 007,Retail,2026-01-01,2026-09-20T12:00:00
S00258,Demo Garden Centre 00258,CHAIN08,Canadian Demo Retail Chain 08,Fredericton,NB,CA,E3B 1B6,ST058,Fredericton,0258,Salesperson 008,Retail,2026-01-01,2026-09-20T12:00:00
S00259,Demo Garden Centre 00259,CHAIN09,Canadian Demo Retail Chain 09,St. John's,NL,CA,A1C 1B7,ST059,St. John's,0259,Salesperson 009,Retail,2026-01-01,2026-09-20T12:00:00
S00260,Demo Garden Centre 00260,CHAIN10,Canadian Demo Retail Chain 10,Halifax,NS,CA,B3J 1M8,ST060,Halifax,0260,Salesperson 010,Retail,2026-01-01,2026-09-20T12:00:00
S00261,Demo Garden Centre 00261,CHAIN11,Canadian Demo Retail Chain 11,Toronto,ON,CA,M5H 2N9,ST061,Toronto,0261,Salesperson 011,Retail,2026-01-01,2026-09-20T12:00:00
S00262,Demo Garden Centre 00262,CHAIN12,Canadian Demo Retail Chain 12,Ottawa,ON,CA,K1P 1J1,ST062,Ottawa,0262,Salesperson 012,Retail,2026-01-01,2026-09-20T12:00:00
S00263,Demo Garden Centre 00263,CHAIN13,Canadian Demo Retail Chain 13,London,ON,CA,N6A 3K2,ST063,London,0263,Salesperson 013,Retail,2026-01-01,2026-09-20T12:00:00
S00264,Demo Garden Centre 00264,CHAIN14,Canadian Demo Retail Chain 14,Thunder Bay,ON,CA,P7B 5E3,ST064,Thunder Bay,0264,Salesperson 014,Retail,2026-01-01,2026-09-20T12:00:00
S00265,Demo Garden Centre 00265,CHAIN15,Canadian Demo Retail Chain 15,Charlottetown,PE,CA,C1A 1A4,ST065,Charlottetown,0265,Salesperson 015,Retail,2026-01-01,2026-09-20T12:00:00
S00266,Demo Garden Centre 00266,CHAIN16,Canadian Demo Retail Chain 16,Montreal,QC,CA,H2Y 1C5,ST066,Montreal,0266,Salesperson 016,Retail,2026-01-01,2026-09-20T12:00:00
S00267,Demo Garden Centre 00267,CHAIN17,Canadian Demo Retail Chain 17,Quebec City,QC,CA,G1R 4P6,ST067,Quebec City,0267,Salesperson 017,Retail,2026-01-01,2026-09-20T12:00:00
S00268,Demo Garden Centre 00268,CHAIN18,Canadian Demo Retail Chain 18,Saskatoon,SK,CA,S7K 1J7,ST068,Saskatoon,0268,Salesperson 018,Retail,2026-01-01,2026-09-20T12:00:00
S00269,Demo Garden Centre 00269,CHAIN19,Canadian Demo Retail Chain 19,Regina,SK,CA,S4P 3Y8,ST069,Regina,0269,Salesperson 019,Retail,2026-01-01,2026-09-20T12:00:00
S00270,Demo Garden Centre 00270,CHAIN20,Canadian Demo Retail Chain 20,Whitehorse,YT,CA,Y1A 2C9,ST070,Whitehorse,0270,Salesperson 020,Retail,2026-01-01,2026-09-20T12:00:00
S00271,Demo Garden Centre 00271,CHAIN21,Canadian Demo Retail Chain 21,Calgary,AB,CA,T2P 1J1,ST071,Calgary,0271,Salesperson 021,Retail,2026-01-01,2026-09-20T12:00:00
S00272,Demo Garden Centre 00272,CHAIN22,Canadian Demo Retail Chain 22,Edmonton,AB,CA,T5J 0N2,ST072,Edmonton,0272,Salesperson 022,Retail,2026-01-01,2026-09-20T12:00:00
S00273,Demo Garden Centre 00273,CHAIN23,Canadian Demo Retail Chain 23,Vancouver,BC,CA,V6B 2W3,ST073,Vancouver,0273,Salesperson 023,Retail,2026-01-01,2026-09-20T12:00:00
S00274,Demo Garden Centre 00274,CHAIN24,Canadian Demo Retail Chain 24,Victoria,BC,CA,V8W 1P4,ST074,Victoria,0274,Salesperson 024,Retail,2026-01-01,2026-09-20T12:00:00
S00275,Demo Garden Centre 00275,CHAIN25,Canadian Demo Retail Chain 25,Winnipeg,MB,CA,R3B 1C5,ST075,Winnipeg,0275,Salesperson 025,Retail,2026-01-01,2026-09-20T12:00:00
S00276,Demo Garden Centre 00276,CHAIN01,Canadian Demo Retail Chain 01,Fredericton,NB,CA,E3B 1B6,ST076,Fredericton,0276,Salesperson 026,Retail,2026-01-01,2026-09-20T12:00:00
S00277,Demo Garden Centre 00277,CHAIN02,Canadian Demo Retail Chain 02,St. John's,NL,CA,A1C 1B7,ST077,St. John's,0277,Salesperson 027,Retail,2026-01-01,2026-09-20T12:00:00
S00278,Demo Garden Centre 00278,CHAIN03,Canadian Demo Retail Chain 03,Halifax,NS,CA,B3J 1M8,ST078,Halifax,0278,Salesperson 028,Retail,2026-01-01,2026-09-20T12:00:00
S00279,Demo Garden Centre 00279,CHAIN04,Canadian Demo Retail Chain 04,Toronto,ON,CA,M5H 2N9,ST079,Toronto,0279,Salesperson 029,Retail,2026-01-01,2026-09-20T12:00:00
S00280,Demo Garden Centre 00280,CHAIN05,Canadian Demo Retail Chain 05,Ottawa,ON,CA,K1P 1J1,ST080,Ottawa,0280,Salesperson 030,Retail,2026-01-01,2026-09-20T12:00:00
S00281,Demo Garden Centre 00281,CHAIN06,Canadian Demo Retail Chain 06,London,ON,CA,N6A 3K2,ST081,London,0281,Salesperson 031,Retail,2026-01-01,2026-09-20T12:00:00
S00282,Demo Garden Centre 00282,CHAIN07,Canadian Demo Retail Chain 07,Thunder Bay,ON,CA,P7B 5E3,ST082,Thunder Bay,0282,Salesperson 032,Retail,2026-01-01,2026-09-20T12:00:00
S00283,Demo Garden Centre 00283,CHAIN08,Canadian Demo Retail Chain 08,Charlottetown,PE,CA,C1A 1A4,ST083,Charlottetown,0283,Salesperson 033,Retail,2026-01-01,2026-09-20T12:00:00
S00284,Demo Garden Centre 00284,CHAIN09,Canadian Demo Retail Chain 09,Montreal,QC,CA,H2Y 1C5,ST084,Montreal,0284,Salesperson 034,Retail,2026-01-01,2026-09-20T12:00:00
S00285,Demo Garden Centre 00285,CHAIN10,Canadian Demo Retail Chain 10,Quebec City,QC,CA,G1R 4P6,ST085,Quebec City,0285,Salesperson 035,Retail,2026-01-01,2026-09-20T12:00:00
S00286,Demo Garden Centre 00286,CHAIN11,Canadian Demo Retail Chain 11,Saskatoon,SK,CA,S7K 1J7,ST086,Saskatoon,0286,Salesperson 036,Retail,2026-01-01,2026-09-20T12:00:00
S00287,Demo Garden Centre 00287,CHAIN12,Canadian Demo Retail Chain 12,Regina,SK,CA,S4P 3Y8,ST087,Regina,0287,Salesperson 037,Retail,2026-01-01,2026-09-20T12:00:00
S00288,Demo Garden Centre 00288,CHAIN13,Canadian Demo Retail Chain 13,Whitehorse,YT,CA,Y1A 2C9,ST088,Whitehorse,0288,Salesperson 038,Retail,2026-01-01,2026-09-20T12:00:00
S00289,Demo Garden Centre 00289,CHAIN14,Canadian Demo Retail Chain 14,Calgary,AB,CA,T2P 1J1,ST089,Calgary,0289,Salesperson 039,Retail,2026-01-01,2026-09-20T12:00:00
S00290,Demo Garden Centre 00290,CHAIN15,Canadian Demo Retail Chain 15,Edmonton,AB,CA,T5J 0N2,ST090,Edmonton,0290,Salesperson 040,Retail,2026-01-01,2026-09-20T12:00:00
S00291,Demo Garden Centre 00291,CHAIN16,Canadian Demo Retail Chain 16,Vancouver,BC,CA,V6B 2W3,ST091,Vancouver,0291,Salesperson 041,Retail,2026-01-01,2026-09-20T12:00:00
S00292,Demo Garden Centre 00292,CHAIN17,Canadian Demo Retail Chain 17,Victoria,BC,CA,V8W 1P4,ST092,Victoria,0292,Salesperson 042,Retail,2026-01-01,2026-09-20T12:00:00
S00293,Demo Garden Centre 00293,CHAIN18,Canadian Demo Retail Chain 18,Winnipeg,MB,CA,R3B 1C5,ST093,Winnipeg,0293,Salesperson 043,Retail,2026-01-01,2026-09-20T12:00:00
S00294,Demo Garden Centre 00294,CHAIN19,Canadian Demo Retail Chain 19,Fredericton,NB,CA,E3B 1B6,ST094,Fredericton,0294,Salesperson 044,Retail,2026-01-01,2026-09-20T12:00:00
S00295,Demo Garden Centre 00295,CHAIN20,Canadian Demo Retail Chain 20,St. John's,NL,CA,A1C 1B7,ST095,St. John's,0295,Salesperson 045,Retail,2026-01-01,2026-09-20T12:00:00
S00296,Demo Garden Centre 00296,CHAIN21,Canadian Demo Retail Chain 21,Halifax,NS,CA,B3J 1M8,ST096,Halifax,0296,Salesperson 046,Retail,2026-01-01,2026-09-20T12:00:00
S00297,Demo Garden Centre 00297,CHAIN22,Canadian Demo Retail Chain 22,Toronto,ON,CA,M5H 2N9,ST097,Toronto,0297,Salesperson 047,Retail,2026-01-01,2026-09-20T12:00:00
S00298,Demo Garden Centre 00298,CHAIN23,Canadian Demo Retail Chain 23,Ottawa,ON,CA,K1P 1J1,ST098,Ottawa,0298,Salesperson 048,Retail,2026-01-01,2026-09-20T12:00:00
S00299,Demo Garden Centre 00299,CHAIN24,Canadian Demo Retail Chain 24,London,ON,CA,N6A 3K2,ST099,London,0299,Salesperson 049,Retail,2026-01-01,2026-09-20T12:00:00
S00300,Demo Garden Centre 00300,CHAIN25,Canadian Demo Retail Chain 25,Thunder Bay,ON,CA,P7B 5E3,ST100,Thunder Bay,0300,Salesperson 050,Retail,2026-01-01,2026-09-20T12:00:00
S00301,Demo Garden Centre 00301,CHAIN01,Canadian Demo Retail Chain 01,Charlottetown,PE,CA,C1A 1A4,ST001,Charlottetown,0301,Salesperson 051,Retail,2026-01-01,2026-09-20T12:00:00
S00302,Demo Garden Centre 00302,CHAIN02,Canadian Demo Retail Chain 02,Montreal,QC,CA,H2Y 1C5,ST002,Montreal,0302,Salesperson 052,Retail,2026-01-01,2026-09-20T12:00:00
S00303,Demo Garden Centre 00303,CHAIN03,Canadian Demo Retail Chain 03,Quebec City,QC,CA,G1R 4P6,ST003,Quebec City,0303,Salesperson 053,Retail,2026-01-01,2026-09-20T12:00:00
S00304,Demo Garden Centre 00304,CHAIN04,Canadian Demo Retail Chain 04,Saskatoon,SK,CA,S7K 1J7,ST004,Saskatoon,0304,Salesperson 054,Retail,2026-01-01,2026-09-20T12:00:00
S00305,Demo Garden Centre 00305,CHAIN05,Canadian Demo Retail Chain 05,Regina,SK,CA,S4P 3Y8,ST005,Regina,0305,Salesperson 055,Retail,2026-01-01,2026-09-20T12:00:00
S00306,Demo Garden Centre 00306,CHAIN06,Canadian Demo Retail Chain 06,Whitehorse,YT,CA,Y1A 2C9,ST006,Whitehorse,0306,Salesperson 056,Retail,2026-01-01,2026-09-20T12:00:00
S00307,Demo Garden Centre 00307,CHAIN07,Canadian Demo Retail Chain 07,Calgary,AB,CA,T2P 1J1,ST007,Calgary,0307,Salesperson 057,Retail,2026-01-01,2026-09-20T12:00:00
S00308,Demo Garden Centre 00308,CHAIN08,Canadian Demo Retail Chain 08,Edmonton,AB,CA,T5J 0N2,ST008,Edmonton,0308,Salesperson 058,Retail,2026-01-01,2026-09-20T12:00:00
S00309,Demo Garden Centre 00309,CHAIN09,Canadian Demo Retail Chain 09,Vancouver,BC,CA,V6B 2W3,ST009,Vancouver,0309,Salesperson 059,Retail,2026-01-01,2026-09-20T12:00:00
S00310,Demo Garden Centre 00310,CHAIN10,Canadian Demo Retail Chain 10,Victoria,BC,CA,V8W 1P4,ST010,Victoria,0310,Salesperson 060,Retail,2026-01-01,2026-09-20T12:00:00
S00311,Demo Garden Centre 00311,CHAIN11,Canadian Demo Retail Chain 11,Winnipeg,MB,CA,R3B 1C5,ST011,Winnipeg,0311,Salesperson 061,Retail,2026-01-01,2026-09-20T12:00:00
S00312,Demo Garden Centre 00312,CHAIN12,Canadian Demo Retail Chain 12,Fredericton,NB,CA,E3B 1B6,ST012,Fredericton,0312,Salesperson 062,Retail,2026-01-01,2026-09-20T12:00:00
S00313,Demo Garden Centre 00313,CHAIN13,Canadian Demo Retail Chain 13,St. John's,NL,CA,A1C 1B7,ST013,St. John's,0313,Salesperson 063,Retail,2026-01-01,2026-09-20T12:00:00
S00314,Demo Garden Centre 00314,CHAIN14,Canadian Demo Retail Chain 14,Halifax,NS,CA,B3J 1M8,ST014,Halifax,0314,Salesperson 064,Retail,2026-01-01,2026-09-20T12:00:00
S00315,Demo Garden Centre 00315,CHAIN15,Canadian Demo Retail Chain 15,Toronto,ON,CA,M5H 2N9,ST015,Toronto,0315,Salesperson 065,Retail,2026-01-01,2026-09-20T12:00:00
S00316,Demo Garden Centre 00316,CHAIN16,Canadian Demo Retail Chain 16,Ottawa,ON,CA,K1P 1J1,ST016,Ottawa,0316,Salesperson 066,Retail,2026-01-01,2026-09-20T12:00:00
S00317,Demo Garden Centre 00317,CHAIN17,Canadian Demo Retail Chain 17,London,ON,CA,N6A 3K2,ST017,London,0317,Salesperson 067,Retail,2026-01-01,2026-09-20T12:00:00
S00318,Demo Garden Centre 00318,CHAIN18,Canadian Demo Retail Chain 18,Thunder Bay,ON,CA,P7B 5E3,ST018,Thunder Bay,0318,Salesperson 068,Retail,2026-01-01,2026-09-20T12:00:00
S00319,Demo Garden Centre 00319,CHAIN19,Canadian Demo Retail Chain 19,Charlottetown,PE,CA,C1A 1A4,ST019,Charlottetown,0319,Salesperson 069,Retail,2026-01-01,2026-09-20T12:00:00
S00320,Demo Garden Centre 00320,CHAIN20,Canadian Demo Retail Chain 20,Montreal,QC,CA,H2Y 1C5,ST020,Montreal,0320,Salesperson 070,Retail,2026-01-01,2026-09-20T12:00:00
S00321,Demo Garden Centre 00321,CHAIN21,Canadian Demo Retail Chain 21,Quebec City,QC,CA,G1R 4P6,ST021,Quebec City,0321,Salesperson 071,Retail,2026-01-01,2026-09-20T12:00:00
S00322,Demo Garden Centre 00322,CHAIN22,Canadian Demo Retail Chain 22,Saskatoon,SK,CA,S7K 1J7,ST022,Saskatoon,0322,Salesperson 072,Retail,2026-01-01,2026-09-20T12:00:00
S00323,Demo Garden Centre 00323,CHAIN23,Canadian Demo Retail Chain 23,Regina,SK,CA,S4P 3Y8,ST023,Regina,0323,Salesperson 073,Retail,2026-01-01,2026-09-20T12:00:00
S00324,Demo Garden Centre 00324,CHAIN24,Canadian Demo Retail Chain 24,Whitehorse,YT,CA,Y1A 2C9,ST024,Whitehorse,0324,Salesperson 074,Retail,2026-01-01,2026-09-20T12:00:00
S00325,Demo Garden Centre 00325,CHAIN25,Canadian Demo Retail Chain 25,Calgary,AB,CA,T2P 1J1,ST025,Calgary,0325,Salesperson 075,Retail,2026-01-01,2026-09-20T12:00:00
S00326,Demo Garden Centre 00326,CHAIN01,Canadian Demo Retail Chain 01,Edmonton,AB,CA,T5J 0N2,ST026,Edmonton,0326,Salesperson 076,Retail,2026-01-01,2026-09-20T12:00:00
S00327,Demo Garden Centre 00327,CHAIN02,Canadian Demo Retail Chain 02,Vancouver,BC,CA,V6B 2W3,ST027,Vancouver,0327,Salesperson 077,Retail,2026-01-01,2026-09-20T12:00:00
S00328,Demo Garden Centre 00328,CHAIN03,Canadian Demo Retail Chain 03,Victoria,BC,CA,V8W 1P4,ST028,Victoria,0328,Salesperson 078,Retail,2026-01-01,2026-09-20T12:00:00
S00329,Demo Garden Centre 00329,CHAIN04,Canadian Demo Retail Chain 04,Winnipeg,MB,CA,R3B 1C5,ST029,Winnipeg,0329,Salesperson 079,Retail,2026-01-01,2026-09-20T12:00:00
S00330,Demo Garden Centre 00330,CHAIN05,Canadian Demo Retail Chain 05,Fredericton,NB,CA,E3B 1B6,ST030,Fredericton,0330,Salesperson 080,Retail,2026-01-01,2026-09-20T12:00:00
S00331,Demo Garden Centre 00331,CHAIN06,Canadian Demo Retail Chain 06,St. John's,NL,CA,A1C 1B7,ST031,St. John's,0331,Salesperson 081,Retail,2026-01-01,2026-09-20T12:00:00
S00332,Demo Garden Centre 00332,CHAIN07,Canadian Demo Retail Chain 07,Halifax,NS,CA,B3J 1M8,ST032,Halifax,0332,Salesperson 082,Retail,2026-01-01,2026-09-20T12:00:00
S00333,Demo Garden Centre 00333,CHAIN08,Canadian Demo Retail Chain 08,Toronto,ON,CA,M5H 2N9,ST033,Toronto,0333,Salesperson 083,Retail,2026-01-01,2026-09-20T12:00:00
S00334,Demo Garden Centre 00334,CHAIN09,Canadian Demo Retail Chain 09,Ottawa,ON,CA,K1P 1J1,ST034,Ottawa,0334,Salesperson 084,Retail,2026-01-01,2026-09-20T12:00:00
S00335,Demo Garden Centre 00335,CHAIN10,Canadian Demo Retail Chain 10,London,ON,CA,N6A 3K2,ST035,London,0335,Salesperson 085,Retail,2026-01-01,2026-09-20T12:00:00
S00336,Demo Garden Centre 00336,CHAIN11,Canadian Demo Retail Chain 11,Thunder Bay,ON,CA,P7B 5E3,ST036,Thunder Bay,0336,Salesperson 086,Retail,2026-01-01,2026-09-20T12:00:00
S00337,Demo Garden Centre 00337,CHAIN12,Canadian Demo Retail Chain 12,Charlottetown,PE,CA,C1A 1A4,ST037,Charlottetown,0337,Salesperson 087,Retail,2026-01-01,2026-09-20T12:00:00
S00338,Demo Garden Centre 00338,CHAIN13,Canadian Demo Retail Chain 13,Montreal,QC,CA,H2Y 1C5,ST038,Montreal,0338,Salesperson 088,Retail,2026-01-01,2026-09-20T12:00:00
S00339,Demo Garden Centre 00339,CHAIN14,Canadian Demo Retail Chain 14,Quebec City,QC,CA,G1R 4P6,ST039,Quebec City,0339,Salesperson 089,Retail,2026-01-01,2026-09-20T12:00:00
S00340,Demo Garden Centre 00340,CHAIN15,Canadian Demo Retail Chain 15,Saskatoon,SK,CA,S7K 1J7,ST040,Saskatoon,0340,Salesperson 090,Retail,2026-01-01,2026-09-20T12:00:00
S00341,Demo Garden Centre 00341,CHAIN16,Canadian Demo Retail Chain 16,Regina,SK,CA,S4P 3Y8,ST041,Regina,0341,Salesperson 091,Retail,2026-01-01,2026-09-20T12:00:00
S00342,Demo Garden Centre 00342,CHAIN17,Canadian Demo Retail Chain 17,Whitehorse,YT,CA,Y1A 2C9,ST042,Whitehorse,0342,Salesperson 092,Retail,2026-01-01,2026-09-20T12:00:00
S00343,Demo Garden Centre 00343,CHAIN18,Canadian Demo Retail Chain 18,Calgary,AB,CA,T2P 1J1,ST043,Calgary,0343,Salesperson 093,Retail,2026-01-01,2026-09-20T12:00:00
S00344,Demo Garden Centre 00344,CHAIN19,Canadian Demo Retail Chain 19,Edmonton,AB,CA,T5J 0N2,ST044,Edmonton,0344,Salesperson 094,Retail,2026-01-01,2026-09-20T12:00:00
S00345,Demo Garden Centre 00345,CHAIN20,Canadian Demo Retail Chain 20,Vancouver,BC,CA,V6B 2W3,ST045,Vancouver,0345,Salesperson 095,Retail,2026-01-01,2026-09-20T12:00:00
S00346,Demo Garden Centre 00346,CHAIN21,Canadian Demo Retail Chain 21,Victoria,BC,CA,V8W 1P4,ST046,Victoria,0346,Salesperson 096,Retail,2026-01-01,2026-09-20T12:00:00
S00347,Demo Garden Centre 00347,CHAIN22,Canadian Demo Retail Chain 22,Winnipeg,MB,CA,R3B 1C5,ST047,Winnipeg,0347,Salesperson 097,Retail,2026-01-01,2026-09-20T12:00:00
S00348,Demo Garden Centre 00348,CHAIN23,Canadian Demo Retail Chain 23,Fredericton,NB,CA,E3B 1B6,ST048,Fredericton,0348,Salesperson 098,Retail,2026-01-01,2026-09-20T12:00:00
S00349,Demo Garden Centre 00349,CHAIN24,Canadian Demo Retail Chain 24,St. John's,NL,CA,A1C 1B7,ST049,St. John's,0349,Salesperson 099,Retail,2026-01-01,2026-09-20T12:00:00
S00350,Demo Garden Centre 00350,CHAIN25,Canadian Demo Retail Chain 25,Halifax,NS,CA,B3J 1M8,ST050,Halifax,0350,Salesperson 100,Retail,2026-01-01,2026-09-20T12:00:00
S00351,Demo Garden Centre 00351,CHAIN01,Canadian Demo Retail Chain 01,Toronto,ON,CA,M5H 2N9,ST051,Toronto,0351,Salesperson 101,Retail,2026-01-01,2026-09-20T12:00:00
S00352,Demo Garden Centre 00352,CHAIN02,Canadian Demo Retail Chain 02,Ottawa,ON,CA,K1P 1J1,ST052,Ottawa,0352,Salesperson 102,Retail,2026-01-01,2026-09-20T12:00:00
S00353,Demo Garden Centre 00353,CHAIN03,Canadian Demo Retail Chain 03,London,ON,CA,N6A 3K2,ST053,London,0353,Salesperson 103,Retail,2026-01-01,2026-09-20T12:00:00
S00354,Demo Garden Centre 00354,CHAIN04,Canadian Demo Retail Chain 04,Thunder Bay,ON,CA,P7B 5E3,ST054,Thunder Bay,0354,Salesperson 104,Retail,2026-01-01,2026-09-20T12:00:00
S00355,Demo Garden Centre 00355,CHAIN05,Canadian Demo Retail Chain 05,Charlottetown,PE,CA,C1A 1A4,ST055,Charlottetown,0355,Salesperson 105,Retail,2026-01-01,2026-09-20T12:00:00
S00356,Demo Garden Centre 00356,CHAIN06,Canadian Demo Retail Chain 06,Montreal,QC,CA,H2Y 1C5,ST056,Montreal,0356,Salesperson 106,Retail,2026-01-01,2026-09-20T12:00:00
S00357,Demo Garden Centre 00357,CHAIN07,Canadian Demo Retail Chain 07,Quebec City,QC,CA,G1R 4P6,ST057,Quebec City,0357,Salesperson 107,Retail,2026-01-01,2026-09-20T12:00:00
S00358,Demo Garden Centre 00358,CHAIN08,Canadian Demo Retail Chain 08,Saskatoon,SK,CA,S7K 1J7,ST058,Saskatoon,0358,Salesperson 108,Retail,2026-01-01,2026-09-20T12:00:00
S00359,Demo Garden Centre 00359,CHAIN09,Canadian Demo Retail Chain 09,Regina,SK,CA,S4P 3Y8,ST059,Regina,0359,Salesperson 109,Retail,2026-01-01,2026-09-20T12:00:00
S00360,Demo Garden Centre 00360,CHAIN10,Canadian Demo Retail Chain 10,Whitehorse,YT,CA,Y1A 2C9,ST060,Whitehorse,0360,Salesperson 110,Retail,2026-01-01,2026-09-20T12:00:00
S00361,Demo Garden Centre 00361,CHAIN11,Canadian Demo Retail Chain 11,Calgary,AB,CA,T2P 1J1,ST061,Calgary,0361,Salesperson 111,Retail,2026-01-01,2026-09-20T12:00:00
S00362,Demo Garden Centre 00362,CHAIN12,Canadian Demo Retail Chain 12,Edmonton,AB,CA,T5J 0N2,ST062,Edmonton,0362,Salesperson 112,Retail,2026-01-01,2026-09-20T12:00:00
S00363,Demo Garden Centre 00363,CHAIN13,Canadian Demo Retail Chain 13,Vancouver,BC,CA,V6B 2W3,ST063,Vancouver,0363,Salesperson 113,Retail,2026-01-01,2026-09-20T12:00:00
S00364,Demo Garden Centre 00364,CHAIN14,Canadian Demo Retail Chain 14,Victoria,BC,CA,V8W 1P4,ST064,Victoria,0364,Salesperson 114,Retail,2026-01-01,2026-09-20T12:00:00
S00365,Demo Garden Centre 00365,CHAIN15,Canadian Demo Retail Chain 15,Winnipeg,MB,CA,R3B 1C5,ST065,Winnipeg,0365,Salesperson 115,Retail,2026-01-01,2026-09-20T12:00:00
S00366,Demo Garden Centre 00366,CHAIN16,Canadian Demo Retail Chain 16,Fredericton,NB,CA,E3B 1B6,ST066,Fredericton,0366,Salesperson 116,Retail,2026-01-01,2026-09-20T12:00:00
S00367,Demo Garden Centre 00367,CHAIN17,Canadian Demo Retail Chain 17,St. John's,NL,CA,A1C 1B7,ST067,St. John's,0367,Salesperson 117,Retail,2026-01-01,2026-09-20T12:00:00
S00368,Demo Garden Centre 00368,CHAIN18,Canadian Demo Retail Chain 18,Halifax,NS,CA,B3J 1M8,ST068,Halifax,0368,Salesperson 118,Retail,2026-01-01,2026-09-20T12:00:00
S00369,Demo Garden Centre 00369,CHAIN19,Canadian Demo Retail Chain 19,Toronto,ON,CA,M5H 2N9,ST069,Toronto,0369,Salesperson 119,Retail,2026-01-01,2026-09-20T12:00:00
S00370,Demo Garden Centre 00370,CHAIN20,Canadian Demo Retail Chain 20,Ottawa,ON,CA,K1P 1J1,ST070,Ottawa,0370,Salesperson 120,Retail,2026-01-01,2026-09-20T12:00:00
S00371,Demo Garden Centre 00371,CHAIN21,Canadian Demo Retail Chain 21,London,ON,CA,N6A 3K2,ST071,London,0371,Salesperson 121,Retail,2026-01-01,2026-09-20T12:00:00
S00372,Demo Garden Centre 00372,CHAIN22,Canadian Demo Retail Chain 22,Thunder Bay,ON,CA,P7B 5E3,ST072,Thunder Bay,0372,Salesperson 122,Retail,2026-01-01,2026-09-20T12:00:00
S00373,Demo Garden Centre 00373,CHAIN23,Canadian Demo Retail Chain 23,Charlottetown,PE,CA,C1A 1A4,ST073,Charlottetown,0373,Salesperson 123,Retail,2026-01-01,2026-09-20T12:00:00
S00374,Demo Garden Centre 00374,CHAIN24,Canadian Demo Retail Chain 24,Montreal,QC,CA,H2Y 1C5,ST074,Montreal,0374,Salesperson 124,Retail,2026-01-01,2026-09-20T12:00:00
S00375,Demo Garden Centre 00375,CHAIN25,Canadian Demo Retail Chain 25,Quebec City,QC,CA,G1R 4P6,ST075,Quebec City,0375,Salesperson 125,Retail,2026-01-01,2026-09-20T12:00:00
S00376,Demo Garden Centre 00376,CHAIN01,Canadian Demo Retail Chain 01,Saskatoon,SK,CA,S7K 1J7,ST076,Saskatoon,0376,Salesperson 126,Retail,2026-01-01,2026-09-20T12:00:00
S00377,Demo Garden Centre 00377,CHAIN02,Canadian Demo Retail Chain 02,Regina,SK,CA,S4P 3Y8,ST077,Regina,0377,Salesperson 127,Retail,2026-01-01,2026-09-20T12:00:00
S00378,Demo Garden Centre 00378,CHAIN03,Canadian Demo Retail Chain 03,Whitehorse,YT,CA,Y1A 2C9,ST078,Whitehorse,0378,Salesperson 128,Retail,2026-01-01,2026-09-20T12:00:00
S00379,Demo Garden Centre 00379,CHAIN04,Canadian Demo Retail Chain 04,Calgary,AB,CA,T2P 1J1,ST079,Calgary,0379,Salesperson 129,Retail,2026-01-01,2026-09-20T12:00:00
S00380,Demo Garden Centre 00380,CHAIN05,Canadian Demo Retail Chain 05,Edmonton,AB,CA,T5J 0N2,ST080,Edmonton,0380,Salesperson 130,Retail,2026-01-01,2026-09-20T12:00:00
S00381,Demo Garden Centre 00381,CHAIN06,Canadian Demo Retail Chain 06,Vancouver,BC,CA,V6B 2W3,ST081,Vancouver,0381,Salesperson 131,Retail,2026-01-01,2026-09-20T12:00:00
S00382,Demo Garden Centre 00382,CHAIN07,Canadian Demo Retail Chain 07,Victoria,BC,CA,V8W 1P4,ST082,Victoria,0382,Salesperson 132,Retail,2026-01-01,2026-09-20T12:00:00
S00383,Demo Garden Centre 00383,CHAIN08,Canadian Demo Retail Chain 08,Winnipeg,MB,CA,R3B 1C5,ST083,Winnipeg,0383,Salesperson 133,Retail,2026-01-01,2026-09-20T12:00:00
S00384,Demo Garden Centre 00384,CHAIN09,Canadian Demo Retail Chain 09,Fredericton,NB,CA,E3B 1B6,ST084,Fredericton,0384,Salesperson 134,Retail,2026-01-01,2026-09-20T12:00:00
S00385,Demo Garden Centre 00385,CHAIN10,Canadian Demo Retail Chain 10,St. John's,NL,CA,A1C 1B7,ST085,St. John's,0385,Salesperson 135,Retail,2026-01-01,2026-09-20T12:00:00
S00386,Demo Garden Centre 00386,CHAIN11,Canadian Demo Retail Chain 11,Halifax,NS,CA,B3J 1M8,ST086,Halifax,0386,Salesperson 136,Retail,2026-01-01,2026-09-20T12:00:00
S00387,Demo Garden Centre 00387,CHAIN12,Canadian Demo Retail Chain 12,Toronto,ON,CA,M5H 2N9,ST087,Toronto,0387,Salesperson 137,Retail,2026-01-01,2026-09-20T12:00:00
S00388,Demo Garden Centre 00388,CHAIN13,Canadian Demo Retail Chain 13,Ottawa,ON,CA,K1P 1J1,ST088,Ottawa,0388,Salesperson 138,Retail,2026-01-01,2026-09-20T12:00:00
S00389,Demo Garden Centre 00389,CHAIN14,Canadian Demo Retail Chain 14,London,ON,CA,N6A 3K2,ST089,London,0389,Salesperson 139,Retail,2026-01-01,2026-09-20T12:00:00
S00390,Demo Garden Centre 00390,CHAIN15,Canadian Demo Retail Chain 15,Thunder Bay,ON,CA,P7B 5E3,ST090,Thunder Bay,0390,Salesperson 140,Retail,2026-01-01,2026-09-20T12:00:00
S00391,Demo Garden Centre 00391,CHAIN16,Canadian Demo Retail Chain 16,Charlottetown,PE,CA,C1A 1A4,ST091,Charlottetown,0391,Salesperson 141,Retail,2026-01-01,2026-09-20T12:00:00
S00392,Demo Garden Centre 00392,CHAIN17,Canadian Demo Retail Chain 17,Montreal,QC,CA,H2Y 1C5,ST092,Montreal,0392,Salesperson 142,Retail,2026-01-01,2026-09-20T12:00:00
S00393,Demo Garden Centre 00393,CHAIN18,Canadian Demo Retail Chain 18,Quebec City,QC,CA,G1R 4P6,ST093,Quebec City,0393,Salesperson 143,Retail,2026-01-01,2026-09-20T12:00:00
S00394,Demo Garden Centre 00394,CHAIN19,Canadian Demo Retail Chain 19,Saskatoon,SK,CA,S7K 1J7,ST094,Saskatoon,0394,Salesperson 144,Retail,2026-01-01,2026-09-20T12:00:00
S00395,Demo Garden Centre 00395,CHAIN20,Canadian Demo Retail Chain 20,Regina,SK,CA,S4P 3Y8,ST095,Regina,0395,Salesperson 145,Retail,2026-01-01,2026-09-20T12:00:00
S00396,Demo Garden Centre 00396,CHAIN21,Canadian Demo Retail Chain 21,Whitehorse,YT,CA,Y1A 2C9,ST096,Whitehorse,0396,Salesperson 146,Retail,2026-01-01,2026-09-20T12:00:00
S00397,Demo Garden Centre 00397,CHAIN22,Canadian Demo Retail Chain 22,Calgary,AB,CA,T2P 1J1,ST097,Calgary,0397,Salesperson 147,Retail,2026-01-01,2026-09-20T12:00:00
S00398,Demo Garden Centre 00398,CHAIN23,Canadian Demo Retail Chain 23,Edmonton,AB,CA,T5J 0N2,ST098,Edmonton,0398,Salesperson 148,Retail,2026-01-01,2026-09-20T12:00:00
S00399,Demo Garden Centre 00399,CHAIN24,Canadian Demo Retail Chain 24,Vancouver,BC,CA,V6B 2W3,ST099,Vancouver,0399,Salesperson 149,Retail,2026-01-01,2026-09-20T12:00:00
S00400,Demo Garden Centre 00400,CHAIN25,Canadian Demo Retail Chain 25,Victoria,BC,CA,V8W 1P4,ST100,Victoria,0400,Salesperson 150,Retail,2026-01-01,2026-09-20T12:00:00
S00401,Demo Garden Centre 00401,CHAIN01,Canadian Demo Retail Chain 01,Winnipeg,MB,CA,R3B 1C5,ST001,Winnipeg,0401,Salesperson 151,Retail,2026-01-01,2026-09-20T12:00:00
S00402,Demo Garden Centre 00402,CHAIN02,Canadian Demo Retail Chain 02,Fredericton,NB,CA,E3B 1B6,ST002,Fredericton,0402,Salesperson 152,Retail,2026-01-01,2026-09-20T12:00:00
S00403,Demo Garden Centre 00403,CHAIN03,Canadian Demo Retail Chain 03,St. John's,NL,CA,A1C 1B7,ST003,St. John's,0403,Salesperson 153,Retail,2026-01-01,2026-09-20T12:00:00
S00404,Demo Garden Centre 00404,CHAIN04,Canadian Demo Retail Chain 04,Halifax,NS,CA,B3J 1M8,ST004,Halifax,0404,Salesperson 154,Retail,2026-01-01,2026-09-20T12:00:00
S00405,Demo Garden Centre 00405,CHAIN05,Canadian Demo Retail Chain 05,Toronto,ON,CA,M5H 2N9,ST005,Toronto,0405,Salesperson 155,Retail,2026-01-01,2026-09-20T12:00:00
S00406,Demo Garden Centre 00406,CHAIN06,Canadian Demo Retail Chain 06,Ottawa,ON,CA,K1P 1J1,ST006,Ottawa,0406,Salesperson 156,Retail,2026-01-01,2026-09-20T12:00:00
S00407,Demo Garden Centre 00407,CHAIN07,Canadian Demo Retail Chain 07,London,ON,CA,N6A 3K2,ST007,London,0407,Salesperson 157,Retail,2026-01-01,2026-09-20T12:00:00
S00408,Demo Garden Centre 00408,CHAIN08,Canadian Demo Retail Chain 08,Thunder Bay,ON,CA,P7B 5E3,ST008,Thunder Bay,0408,Salesperson 158,Retail,2026-01-01,2026-09-20T12:00:00
S00409,Demo Garden Centre 00409,CHAIN09,Canadian Demo Retail Chain 09,Charlottetown,PE,CA,C1A 1A4,ST009,Charlottetown,0409,Salesperson 159,Retail,2026-01-01,2026-09-20T12:00:00
S00410,Demo Garden Centre 00410,CHAIN10,Canadian Demo Retail Chain 10,Montreal,QC,CA,H2Y 1C5,ST010,Montreal,0410,Salesperson 160,Retail,2026-01-01,2026-09-20T12:00:00
S00411,Demo Garden Centre 00411,CHAIN11,Canadian Demo Retail Chain 11,Quebec City,QC,CA,G1R 4P6,ST011,Quebec City,0411,Salesperson 161,Retail,2026-01-01,2026-09-20T12:00:00
S00412,Demo Garden Centre 00412,CHAIN12,Canadian Demo Retail Chain 12,Saskatoon,SK,CA,S7K 1J7,ST012,Saskatoon,0412,Salesperson 162,Retail,2026-01-01,2026-09-20T12:00:00
S00413,Demo Garden Centre 00413,CHAIN13,Canadian Demo Retail Chain 13,Regina,SK,CA,S4P 3Y8,ST013,Regina,0413,Salesperson 163,Retail,2026-01-01,2026-09-20T12:00:00
S00414,Demo Garden Centre 00414,CHAIN14,Canadian Demo Retail Chain 14,Whitehorse,YT,CA,Y1A 2C9,ST014,Whitehorse,0414,Salesperson 164,Retail,2026-01-01,2026-09-20T12:00:00
S00415,Demo Garden Centre 00415,CHAIN15,Canadian Demo Retail Chain 15,Calgary,AB,CA,T2P 1J1,ST015,Calgary,0415,Salesperson 165,Retail,2026-01-01,2026-09-20T12:00:00
S00416,Demo Garden Centre 00416,CHAIN16,Canadian Demo Retail Chain 16,Edmonton,AB,CA,T5J 0N2,ST016,Edmonton,0416,Salesperson 166,Retail,2026-01-01,2026-09-20T12:00:00
S00417,Demo Garden Centre 00417,CHAIN17,Canadian Demo Retail Chain 17,Vancouver,BC,CA,V6B 2W3,ST017,Vancouver,0417,Salesperson 167,Retail,2026-01-01,2026-09-20T12:00:00
S00418,Demo Garden Centre 00418,CHAIN18,Canadian Demo Retail Chain 18,Victoria,BC,CA,V8W 1P4,ST018,Victoria,0418,Salesperson 168,Retail,2026-01-01,2026-09-20T12:00:00
S00419,Demo Garden Centre 00419,CHAIN19,Canadian Demo Retail Chain 19,Winnipeg,MB,CA,R3B 1C5,ST019,Winnipeg,0419,Salesperson 169,Retail,2026-01-01,2026-09-20T12:00:00
S00420,Demo Garden Centre 00420,CHAIN20,Canadian Demo Retail Chain 20,Fredericton,NB,CA,E3B 1B6,ST020,Fredericton,0420,Salesperson 170,Retail,2026-01-01,2026-09-20T12:00:00
S00421,Demo Garden Centre 00421,CHAIN21,Canadian Demo Retail Chain 21,St. John's,NL,CA,A1C 1B7,ST021,St. John's,0421,Salesperson 171,Retail,2026-01-01,2026-09-20T12:00:00
S00422,Demo Garden Centre 00422,CHAIN22,Canadian Demo Retail Chain 22,Halifax,NS,CA,B3J 1M8,ST022,Halifax,0422,Salesperson 172,Retail,2026-01-01,2026-09-20T12:00:00
S00423,Demo Garden Centre 00423,CHAIN23,Canadian Demo Retail Chain 23,Toronto,ON,CA,M5H 2N9,ST023,Toronto,0423,Salesperson 173,Retail,2026-01-01,2026-09-20T12:00:00
S00424,Demo Garden Centre 00424,CHAIN24,Canadian Demo Retail Chain 24,Ottawa,ON,CA,K1P 1J1,ST024,Ottawa,0424,Salesperson 174,Retail,2026-01-01,2026-09-20T12:00:00
S00425,Demo Garden Centre 00425,CHAIN25,Canadian Demo Retail Chain 25,London,ON,CA,N6A 3K2,ST025,London,0425,Salesperson 175,Retail,2026-01-01,2026-09-20T12:00:00
S00426,Demo Garden Centre 00426,CHAIN01,Canadian Demo Retail Chain 01,Thunder Bay,ON,CA,P7B 5E3,ST026,Thunder Bay,0426,Salesperson 176,Retail,2026-01-01,2026-09-20T12:00:00
S00427,Demo Garden Centre 00427,CHAIN02,Canadian Demo Retail Chain 02,Charlottetown,PE,CA,C1A 1A4,ST027,Charlottetown,0427,Salesperson 177,Retail,2026-01-01,2026-09-20T12:00:00
S00428,Demo Garden Centre 00428,CHAIN03,Canadian Demo Retail Chain 03,Montreal,QC,CA,H2Y 1C5,ST028,Montreal,0428,Salesperson 178,Retail,2026-01-01,2026-09-20T12:00:00
S00429,Demo Garden Centre 00429,CHAIN04,Canadian Demo Retail Chain 04,Quebec City,QC,CA,G1R 4P6,ST029,Quebec City,0429,Salesperson 179,Retail,2026-01-01,2026-09-20T12:00:00
S00430,Demo Garden Centre 00430,CHAIN05,Canadian Demo Retail Chain 05,Saskatoon,SK,CA,S7K 1J7,ST030,Saskatoon,0430,Salesperson 180,Retail,2026-01-01,2026-09-20T12:00:00
S00431,Demo Garden Centre 00431,CHAIN06,Canadian Demo Retail Chain 06,Regina,SK,CA,S4P 3Y8,ST031,Regina,0431,Salesperson 181,Retail,2026-01-01,2026-09-20T12:00:00
S00432,Demo Garden Centre 00432,CHAIN07,Canadian Demo Retail Chain 07,Whitehorse,YT,CA,Y1A 2C9,ST032,Whitehorse,0432,Salesperson 182,Retail,2026-01-01,2026-09-20T12:00:00
S00433,Demo Garden Centre 00433,CHAIN08,Canadian Demo Retail Chain 08,Calgary,AB,CA,T2P 1J1,ST033,Calgary,0433,Salesperson 183,Retail,2026-01-01,2026-09-20T12:00:00
S00434,Demo Garden Centre 00434,CHAIN09,Canadian Demo Retail Chain 09,Edmonton,AB,CA,T5J 0N2,ST034,Edmonton,0434,Salesperson 184,Retail,2026-01-01,2026-09-20T12:00:00
S00435,Demo Garden Centre 00435,CHAIN10,Canadian Demo Retail Chain 10,Vancouver,BC,CA,V6B 2W3,ST035,Vancouver,0435,Salesperson 185,Retail,2026-01-01,2026-09-20T12:00:00
S00436,Demo Garden Centre 00436,CHAIN11,Canadian Demo Retail Chain 11,Victoria,BC,CA,V8W 1P4,ST036,Victoria,0436,Salesperson 186,Retail,2026-01-01,2026-09-20T12:00:00
S00437,Demo Garden Centre 00437,CHAIN12,Canadian Demo Retail Chain 12,Winnipeg,MB,CA,R3B 1C5,ST037,Winnipeg,0437,Salesperson 187,Retail,2026-01-01,2026-09-20T12:00:00
S00438,Demo Garden Centre 00438,CHAIN13,Canadian Demo Retail Chain 13,Fredericton,NB,CA,E3B 1B6,ST038,Fredericton,0438,Salesperson 188,Retail,2026-01-01,2026-09-20T12:00:00
S00439,Demo Garden Centre 00439,CHAIN14,Canadian Demo Retail Chain 14,St. John's,NL,CA,A1C 1B7,ST039,St. John's,0439,Salesperson 189,Retail,2026-01-01,2026-09-20T12:00:00
S00440,Demo Garden Centre 00440,CHAIN15,Canadian Demo Retail Chain 15,Halifax,NS,CA,B3J 1M8,ST040,Halifax,0440,Salesperson 190,Retail,2026-01-01,2026-09-20T12:00:00
S00441,Demo Garden Centre 00441,CHAIN16,Canadian Demo Retail Chain 16,Toronto,ON,CA,M5H 2N9,ST041,Toronto,0441,Salesperson 191,Retail,2026-01-01,2026-09-20T12:00:00
S00442,Demo Garden Centre 00442,CHAIN17,Canadian Demo Retail Chain 17,Ottawa,ON,CA,K1P 1J1,ST042,Ottawa,0442,Salesperson 192,Retail,2026-01-01,2026-09-20T12:00:00
S00443,Demo Garden Centre 00443,CHAIN18,Canadian Demo Retail Chain 18,London,ON,CA,N6A 3K2,ST043,London,0443,Salesperson 193,Retail,2026-01-01,2026-09-20T12:00:00
S00444,Demo Garden Centre 00444,CHAIN19,Canadian Demo Retail Chain 19,Thunder Bay,ON,CA,P7B 5E3,ST044,Thunder Bay,0444,Salesperson 194,Retail,2026-01-01,2026-09-20T12:00:00
S00445,Demo Garden Centre 00445,CHAIN20,Canadian Demo Retail Chain 20,Charlottetown,PE,CA,C1A 1A4,ST045,Charlottetown,0445,Salesperson 195,Retail,2026-01-01,2026-09-20T12:00:00
S00446,Demo Garden Centre 00446,CHAIN21,Canadian Demo Retail Chain 21,Montreal,QC,CA,H2Y 1C5,ST046,Montreal,0446,Salesperson 196,Retail,2026-01-01,2026-09-20T12:00:00
S00447,Demo Garden Centre 00447,CHAIN22,Canadian Demo Retail Chain 22,Quebec City,QC,CA,G1R 4P6,ST047,Quebec City,0447,Salesperson 197,Retail,2026-01-01,2026-09-20T12:00:00
S00448,Demo Garden Centre 00448,CHAIN23,Canadian Demo Retail Chain 23,Saskatoon,SK,CA,S7K 1J7,ST048,Saskatoon,0448,Salesperson 198,Retail,2026-01-01,2026-09-20T12:00:00
S00449,Demo Garden Centre 00449,CHAIN24,Canadian Demo Retail Chain 24,Regina,SK,CA,S4P 3Y8,ST049,Regina,0449,Salesperson 199,Retail,2026-01-01,2026-09-20T12:00:00
S00450,Demo Garden Centre 00450,CHAIN25,Canadian Demo Retail Chain 25,Whitehorse,YT,CA,Y1A 2C9,ST050,Whitehorse,0450,Salesperson 200,Retail,2026-01-01,2026-09-20T12:00:00
S00451,Demo Garden Centre 00451,CHAIN01,Canadian Demo Retail Chain 01,Calgary,AB,CA,T2P 1J1,ST051,Calgary,0451,Salesperson 201,Retail,2026-01-01,2026-09-20T12:00:00
S00452,Demo Garden Centre 00452,CHAIN02,Canadian Demo Retail Chain 02,Edmonton,AB,CA,T5J 0N2,ST052,Edmonton,0452,Salesperson 202,Retail,2026-01-01,2026-09-20T12:00:00
S00453,Demo Garden Centre 00453,CHAIN03,Canadian Demo Retail Chain 03,Vancouver,BC,CA,V6B 2W3,ST053,Vancouver,0453,Salesperson 203,Retail,2026-01-01,2026-09-20T12:00:00
S00454,Demo Garden Centre 00454,CHAIN04,Canadian Demo Retail Chain 04,Victoria,BC,CA,V8W 1P4,ST054,Victoria,0454,Salesperson 204,Retail,2026-01-01,2026-09-20T12:00:00
S00455,Demo Garden Centre 00455,CHAIN05,Canadian Demo Retail Chain 05,Winnipeg,MB,CA,R3B 1C5,ST055,Winnipeg,0455,Salesperson 205,Retail,2026-01-01,2026-09-20T12:00:00
S00456,Demo Garden Centre 00456,CHAIN06,Canadian Demo Retail Chain 06,Fredericton,NB,CA,E3B 1B6,ST056,Fredericton,0456,Salesperson 206,Retail,2026-01-01,2026-09-20T12:00:00
S00457,Demo Garden Centre 00457,CHAIN07,Canadian Demo Retail Chain 07,St. John's,NL,CA,A1C 1B7,ST057,St. John's,0457,Salesperson 207,Retail,2026-01-01,2026-09-20T12:00:00
S00458,Demo Garden Centre 00458,CHAIN08,Canadian Demo Retail Chain 08,Halifax,NS,CA,B3J 1M8,ST058,Halifax,0458,Salesperson 208,Retail,2026-01-01,2026-09-20T12:00:00
S00459,Demo Garden Centre 00459,CHAIN09,Canadian Demo Retail Chain 09,Toronto,ON,CA,M5H 2N9,ST059,Toronto,0459,Salesperson 209,Retail,2026-01-01,2026-09-20T12:00:00
S00460,Demo Garden Centre 00460,CHAIN10,Canadian Demo Retail Chain 10,Ottawa,ON,CA,K1P 1J1,ST060,Ottawa,0460,Salesperson 210,Retail,2026-01-01,2026-09-20T12:00:00
S00461,Demo Garden Centre 00461,CHAIN11,Canadian Demo Retail Chain 11,London,ON,CA,N6A 3K2,ST061,London,0461,Salesperson 211,Retail,2026-01-01,2026-09-20T12:00:00
S00462,Demo Garden Centre 00462,CHAIN12,Canadian Demo Retail Chain 12,Thunder Bay,ON,CA,P7B 5E3,ST062,Thunder Bay,0462,Salesperson 212,Retail,2026-01-01,2026-09-20T12:00:00
S00463,Demo Garden Centre 00463,CHAIN13,Canadian Demo Retail Chain 13,Charlottetown,PE,CA,C1A 1A4,ST063,Charlottetown,0463,Salesperson 213,Retail,2026-01-01,2026-09-20T12:00:00
S00464,Demo Garden Centre 00464,CHAIN14,Canadian Demo Retail Chain 14,Montreal,QC,CA,H2Y 1C5,ST064,Montreal,0464,Salesperson 214,Retail,2026-01-01,2026-09-20T12:00:00
S00465,Demo Garden Centre 00465,CHAIN15,Canadian Demo Retail Chain 15,Quebec City,QC,CA,G1R 4P6,ST065,Quebec City,0465,Salesperson 215,Retail,2026-01-01,2026-09-20T12:00:00
S00466,Demo Garden Centre 00466,CHAIN16,Canadian Demo Retail Chain 16,Saskatoon,SK,CA,S7K 1J7,ST066,Saskatoon,0466,Salesperson 216,Retail,2026-01-01,2026-09-20T12:00:00
S00467,Demo Garden Centre 00467,CHAIN17,Canadian Demo Retail Chain 17,Regina,SK,CA,S4P 3Y8,ST067,Regina,0467,Salesperson 217,Retail,2026-01-01,2026-09-20T12:00:00
S00468,Demo Garden Centre 00468,CHAIN18,Canadian Demo Retail Chain 18,Whitehorse,YT,CA,Y1A 2C9,ST068,Whitehorse,0468,Salesperson 218,Retail,2026-01-01,2026-09-20T12:00:00
S00469,Demo Garden Centre 00469,CHAIN19,Canadian Demo Retail Chain 19,Calgary,AB,CA,T2P 1J1,ST069,Calgary,0469,Salesperson 219,Retail,2026-01-01,2026-09-20T12:00:00
S00470,Demo Garden Centre 00470,CHAIN20,Canadian Demo Retail Chain 20,Edmonton,AB,CA,T5J 0N2,ST070,Edmonton,0470,Salesperson 220,Retail,2026-01-01,2026-09-20T12:00:00
S00471,Demo Garden Centre 00471,CHAIN21,Canadian Demo Retail Chain 21,Vancouver,BC,CA,V6B 2W3,ST071,Vancouver,0471,Salesperson 221,Retail,2026-01-01,2026-09-20T12:00:00
S00472,Demo Garden Centre 00472,CHAIN22,Canadian Demo Retail Chain 22,Victoria,BC,CA,V8W 1P4,ST072,Victoria,0472,Salesperson 222,Retail,2026-01-01,2026-09-20T12:00:00
S00473,Demo Garden Centre 00473,CHAIN23,Canadian Demo Retail Chain 23,Winnipeg,MB,CA,R3B 1C5,ST073,Winnipeg,0473,Salesperson 223,Retail,2026-01-01,2026-09-20T12:00:00
S00474,Demo Garden Centre 00474,CHAIN24,Canadian Demo Retail Chain 24,Fredericton,NB,CA,E3B 1B6,ST074,Fredericton,0474,Salesperson 224,Retail,2026-01-01,2026-09-20T12:00:00
S00475,Demo Garden Centre 00475,CHAIN25,Canadian Demo Retail Chain 25,St. John's,NL,CA,A1C 1B7,ST075,St. John's,0475,Salesperson 225,Retail,2026-01-01,2026-09-20T12:00:00
S00476,Demo Garden Centre 00476,CHAIN01,Canadian Demo Retail Chain 01,Halifax,NS,CA,B3J 1M8,ST076,Halifax,0476,Salesperson 226,Retail,2026-01-01,2026-09-20T12:00:00
S00477,Demo Garden Centre 00477,CHAIN02,Canadian Demo Retail Chain 02,Toronto,ON,CA,M5H 2N9,ST077,Toronto,0477,Salesperson 227,Retail,2026-01-01,2026-09-20T12:00:00
S00478,Demo Garden Centre 00478,CHAIN03,Canadian Demo Retail Chain 03,Ottawa,ON,CA,K1P 1J1,ST078,Ottawa,0478,Salesperson 228,Retail,2026-01-01,2026-09-20T12:00:00
S00479,Demo Garden Centre 00479,CHAIN04,Canadian Demo Retail Chain 04,London,ON,CA,N6A 3K2,ST079,London,0479,Salesperson 229,Retail,2026-01-01,2026-09-20T12:00:00
S00480,Demo Garden Centre 00480,CHAIN05,Canadian Demo Retail Chain 05,Thunder Bay,ON,CA,P7B 5E3,ST080,Thunder Bay,0480,Salesperson 230,Retail,2026-01-01,2026-09-20T12:00:00
S00481,Demo Garden Centre 00481,CHAIN06,Canadian Demo Retail Chain 06,Charlottetown,PE,CA,C1A 1A4,ST081,Charlottetown,0481,Salesperson 231,Retail,2026-01-01,2026-09-20T12:00:00
S00482,Demo Garden Centre 00482,CHAIN07,Canadian Demo Retail Chain 07,Montreal,QC,CA,H2Y 1C5,ST082,Montreal,0482,Salesperson 232,Retail,2026-01-01,2026-09-20T12:00:00
S00483,Demo Garden Centre 00483,CHAIN08,Canadian Demo Retail Chain 08,Quebec City,QC,CA,G1R 4P6,ST083,Quebec City,0483,Salesperson 233,Retail,2026-01-01,2026-09-20T12:00:00
S00484,Demo Garden Centre 00484,CHAIN09,Canadian Demo Retail Chain 09,Saskatoon,SK,CA,S7K 1J7,ST084,Saskatoon,0484,Salesperson 234,Retail,2026-01-01,2026-09-20T12:00:00
S00485,Demo Garden Centre 00485,CHAIN10,Canadian Demo Retail Chain 10,Regina,SK,CA,S4P 3Y8,ST085,Regina,0485,Salesperson 235,Retail,2026-01-01,2026-09-20T12:00:00
S00486,Demo Garden Centre 00486,CHAIN11,Canadian Demo Retail Chain 11,Whitehorse,YT,CA,Y1A 2C9,ST086,Whitehorse,0486,Salesperson 236,Retail,2026-01-01,2026-09-20T12:00:00
S00487,Demo Garden Centre 00487,CHAIN12,Canadian Demo Retail Chain 12,Calgary,AB,CA,T2P 1J1,ST087,Calgary,0487,Salesperson 237,Retail,2026-01-01,2026-09-20T12:00:00
S00488,Demo Garden Centre 00488,CHAIN13,Canadian Demo Retail Chain 13,Edmonton,AB,CA,T5J 0N2,ST088,Edmonton,0488,Salesperson 238,Retail,2026-01-01,2026-09-20T12:00:00
S00489,Demo Garden Centre 00489,CHAIN14,Canadian Demo Retail Chain 14,Vancouver,BC,CA,V6B 2W3,ST089,Vancouver,0489,Salesperson 239,Retail,2026-01-01,2026-09-20T12:00:00
S00490,Demo Garden Centre 00490,CHAIN15,Canadian Demo Retail Chain 15,Victoria,BC,CA,V8W 1P4,ST090,Victoria,0490,Salesperson 240,Retail,2026-01-01,2026-09-20T12:00:00
S00491,Demo Garden Centre 00491,CHAIN16,Canadian Demo Retail Chain 16,Winnipeg,MB,CA,R3B 1C5,ST091,Winnipeg,0491,Salesperson 241,Retail,2026-01-01,2026-09-20T12:00:00
S00492,Demo Garden Centre 00492,CHAIN17,Canadian Demo Retail Chain 17,Fredericton,NB,CA,E3B 1B6,ST092,Fredericton,0492,Salesperson 242,Retail,2026-01-01,2026-09-20T12:00:00
S00493,Demo Garden Centre 00493,CHAIN18,Canadian Demo Retail Chain 18,St. John's,NL,CA,A1C 1B7,ST093,St. John's,0493,Salesperson 243,Retail,2026-01-01,2026-09-20T12:00:00
S00494,Demo Garden Centre 00494,CHAIN19,Canadian Demo Retail Chain 19,Halifax,NS,CA,B3J 1M8,ST094,Halifax,0494,Salesperson 244,Retail,2026-01-01,2026-09-20T12:00:00
S00495,Demo Garden Centre 00495,CHAIN20,Canadian Demo Retail Chain 20,Toronto,ON,CA,M5H 2N9,ST095,Toronto,0495,Salesperson 245,Retail,2026-01-01,2026-09-20T12:00:00
S00496,Demo Garden Centre 00496,CHAIN21,Canadian Demo Retail Chain 21,Ottawa,ON,CA,K1P 1J1,ST096,Ottawa,0496,Salesperson 246,Retail,2026-01-01,2026-09-20T12:00:00
S00497,Demo Garden Centre 00497,CHAIN22,Canadian Demo Retail Chain 22,London,ON,CA,N6A 3K2,ST097,London,0497,Salesperson 247,Retail,2026-01-01,2026-09-20T12:00:00
S00498,Demo Garden Centre 00498,CHAIN23,Canadian Demo Retail Chain 23,Thunder Bay,ON,CA,P7B 5E3,ST098,Thunder Bay,0498,Salesperson 248,Retail,2026-01-01,2026-09-20T12:00:00
S00499,Demo Garden Centre 00499,CHAIN24,Canadian Demo Retail Chain 24,Charlottetown,PE,CA,C1A 1A4,ST099,Charlottetown,0499,Salesperson 249,Retail,2026-01-01,2026-09-20T12:00:00
S00500,Demo Garden Centre 00500,CHAIN25,Canadian Demo Retail Chain 25,Montreal,QC,CA,H2Y 1C5,ST100,Montreal,0500,Salesperson 250,Retail,2026-01-01,2026-09-20T12:00:00
S00501,Demo Garden Centre 00501,CHAIN01,Canadian Demo Retail Chain 01,Quebec City,QC,CA,G1R 4P6,ST001,Quebec City,0501,Salesperson 001,Retail,2026-01-01,2026-09-20T12:00:00
S00502,Demo Garden Centre 00502,CHAIN02,Canadian Demo Retail Chain 02,Saskatoon,SK,CA,S7K 1J7,ST002,Saskatoon,0502,Salesperson 002,Retail,2026-01-01,2026-09-20T12:00:00
S00503,Demo Garden Centre 00503,CHAIN03,Canadian Demo Retail Chain 03,Regina,SK,CA,S4P 3Y8,ST003,Regina,0503,Salesperson 003,Retail,2026-01-01,2026-09-20T12:00:00
S00504,Demo Garden Centre 00504,CHAIN04,Canadian Demo Retail Chain 04,Whitehorse,YT,CA,Y1A 2C9,ST004,Whitehorse,0504,Salesperson 004,Retail,2026-01-01,2026-09-20T12:00:00
S00505,Demo Garden Centre 00505,CHAIN05,Canadian Demo Retail Chain 05,Calgary,AB,CA,T2P 1J1,ST005,Calgary,0505,Salesperson 005,Retail,2026-01-01,2026-09-20T12:00:00
S00506,Demo Garden Centre 00506,CHAIN06,Canadian Demo Retail Chain 06,Edmonton,AB,CA,T5J 0N2,ST006,Edmonton,0506,Salesperson 006,Retail,2026-01-01,2026-09-20T12:00:00
S00507,Demo Garden Centre 00507,CHAIN07,Canadian Demo Retail Chain 07,Vancouver,BC,CA,V6B 2W3,ST007,Vancouver,0507,Salesperson 007,Retail,2026-01-01,2026-09-20T12:00:00
S00508,Demo Garden Centre 00508,CHAIN08,Canadian Demo Retail Chain 08,Victoria,BC,CA,V8W 1P4,ST008,Victoria,0508,Salesperson 008,Retail,2026-01-01,2026-09-20T12:00:00
S00509,Demo Garden Centre 00509,CHAIN09,Canadian Demo Retail Chain 09,Winnipeg,MB,CA,R3B 1C5,ST009,Winnipeg,0509,Salesperson 009,Retail,2026-01-01,2026-09-20T12:00:00
S00510,Demo Garden Centre 00510,CHAIN10,Canadian Demo Retail Chain 10,Fredericton,NB,CA,E3B 1B6,ST010,Fredericton,0510,Salesperson 010,Retail,2026-01-01,2026-09-20T12:00:00
S00511,Demo Garden Centre 00511,CHAIN11,Canadian Demo Retail Chain 11,St. John's,NL,CA,A1C 1B7,ST011,St. John's,0511,Salesperson 011,Retail,2026-01-01,2026-09-20T12:00:00
S00512,Demo Garden Centre 00512,CHAIN12,Canadian Demo Retail Chain 12,Halifax,NS,CA,B3J 1M8,ST012,Halifax,0512,Salesperson 012,Retail,2026-01-01,2026-09-20T12:00:00
S00513,Demo Garden Centre 00513,CHAIN13,Canadian Demo Retail Chain 13,Toronto,ON,CA,M5H 2N9,ST013,Toronto,0513,Salesperson 013,Retail,2026-01-01,2026-09-20T12:00:00
S00514,Demo Garden Centre 00514,CHAIN14,Canadian Demo Retail Chain 14,Ottawa,ON,CA,K1P 1J1,ST014,Ottawa,0514,Salesperson 014,Retail,2026-01-01,2026-09-20T12:00:00
S00515,Demo Garden Centre 00515,CHAIN15,Canadian Demo Retail Chain 15,London,ON,CA,N6A 3K2,ST015,London,0515,Salesperson 015,Retail,2026-01-01,2026-09-20T12:00:00
S00516,Demo Garden Centre 00516,CHAIN16,Canadian Demo Retail Chain 16,Thunder Bay,ON,CA,P7B 5E3,ST016,Thunder Bay,0516,Salesperson 016,Retail,2026-01-01,2026-09-20T12:00:00
S00517,Demo Garden Centre 00517,CHAIN17,Canadian Demo Retail Chain 17,Charlottetown,PE,CA,C1A 1A4,ST017,Charlottetown,0517,Salesperson 017,Retail,2026-01-01,2026-09-20T12:00:00
S00518,Demo Garden Centre 00518,CHAIN18,Canadian Demo Retail Chain 18,Montreal,QC,CA,H2Y 1C5,ST018,Montreal,0518,Salesperson 018,Retail,2026-01-01,2026-09-20T12:00:00
S00519,Demo Garden Centre 00519,CHAIN19,Canadian Demo Retail Chain 19,Quebec City,QC,CA,G1R 4P6,ST019,Quebec City,0519,Salesperson 019,Retail,2026-01-01,2026-09-20T12:00:00
S00520,Demo Garden Centre 00520,CHAIN20,Canadian Demo Retail Chain 20,Saskatoon,SK,CA,S7K 1J7,ST020,Saskatoon,0520,Salesperson 020,Retail,2026-01-01,2026-09-20T12:00:00
S00521,Demo Garden Centre 00521,CHAIN21,Canadian Demo Retail Chain 21,Regina,SK,CA,S4P 3Y8,ST021,Regina,0521,Salesperson 021,Retail,2026-01-01,2026-09-20T12:00:00
S00522,Demo Garden Centre 00522,CHAIN22,Canadian Demo Retail Chain 22,Whitehorse,YT,CA,Y1A 2C9,ST022,Whitehorse,0522,Salesperson 022,Retail,2026-01-01,2026-09-20T12:00:00
S00523,Demo Garden Centre 00523,CHAIN23,Canadian Demo Retail Chain 23,Calgary,AB,CA,T2P 1J1,ST023,Calgary,0523,Salesperson 023,Retail,2026-01-01,2026-09-20T12:00:00
S00524,Demo Garden Centre 00524,CHAIN24,Canadian Demo Retail Chain 24,Edmonton,AB,CA,T5J 0N2,ST024,Edmonton,0524,Salesperson 024,Retail,2026-01-01,2026-09-20T12:00:00
S00525,Demo Garden Centre 00525,CHAIN25,Canadian Demo Retail Chain 25,Vancouver,BC,CA,V6B 2W3,ST025,Vancouver,0525,Salesperson 025,Retail,2026-01-01,2026-09-20T12:00:00
S00526,Demo Garden Centre 00526,CHAIN01,Canadian Demo Retail Chain 01,Victoria,BC,CA,V8W 1P4,ST026,Victoria,0526,Salesperson 026,Retail,2026-01-01,2026-09-20T12:00:00
S00527,Demo Garden Centre 00527,CHAIN02,Canadian Demo Retail Chain 02,Winnipeg,MB,CA,R3B 1C5,ST027,Winnipeg,0527,Salesperson 027,Retail,2026-01-01,2026-09-20T12:00:00
S00528,Demo Garden Centre 00528,CHAIN03,Canadian Demo Retail Chain 03,Fredericton,NB,CA,E3B 1B6,ST028,Fredericton,0528,Salesperson 028,Retail,2026-01-01,2026-09-20T12:00:00
S00529,Demo Garden Centre 00529,CHAIN04,Canadian Demo Retail Chain 04,St. John's,NL,CA,A1C 1B7,ST029,St. John's,0529,Salesperson 029,Retail,2026-01-01,2026-09-20T12:00:00
S00530,Demo Garden Centre 00530,CHAIN05,Canadian Demo Retail Chain 05,Halifax,NS,CA,B3J 1M8,ST030,Halifax,0530,Salesperson 030,Retail,2026-01-01,2026-09-20T12:00:00
S00531,Demo Garden Centre 00531,CHAIN06,Canadian Demo Retail Chain 06,Toronto,ON,CA,M5H 2N9,ST031,Toronto,0531,Salesperson 031,Retail,2026-01-01,2026-09-20T12:00:00
S00532,Demo Garden Centre 00532,CHAIN07,Canadian Demo Retail Chain 07,Ottawa,ON,CA,K1P 1J1,ST032,Ottawa,0532,Salesperson 032,Retail,2026-01-01,2026-09-20T12:00:00
S00533,Demo Garden Centre 00533,CHAIN08,Canadian Demo Retail Chain 08,London,ON,CA,N6A 3K2,ST033,London,0533,Salesperson 033,Retail,2026-01-01,2026-09-20T12:00:00
S00534,Demo Garden Centre 00534,CHAIN09,Canadian Demo Retail Chain 09,Thunder Bay,ON,CA,P7B 5E3,ST034,Thunder Bay,0534,Salesperson 034,Retail,2026-01-01,2026-09-20T12:00:00
S00535,Demo Garden Centre 00535,CHAIN10,Canadian Demo Retail Chain 10,Charlottetown,PE,CA,C1A 1A4,ST035,Charlottetown,0535,Salesperson 035,Retail,2026-01-01,2026-09-20T12:00:00
S00536,Demo Garden Centre 00536,CHAIN11,Canadian Demo Retail Chain 11,Montreal,QC,CA,H2Y 1C5,ST036,Montreal,0536,Salesperson 036,Retail,2026-01-01,2026-09-20T12:00:00
S00537,Demo Garden Centre 00537,CHAIN12,Canadian Demo Retail Chain 12,Quebec City,QC,CA,G1R 4P6,ST037,Quebec City,0537,Salesperson 037,Retail,2026-01-01,2026-09-20T12:00:00
S00538,Demo Garden Centre 00538,CHAIN13,Canadian Demo Retail Chain 13,Saskatoon,SK,CA,S7K 1J7,ST038,Saskatoon,0538,Salesperson 038,Retail,2026-01-01,2026-09-20T12:00:00
S00539,Demo Garden Centre 00539,CHAIN14,Canadian Demo Retail Chain 14,Regina,SK,CA,S4P 3Y8,ST039,Regina,0539,Salesperson 039,Retail,2026-01-01,2026-09-20T12:00:00
S00540,Demo Garden Centre 00540,CHAIN15,Canadian Demo Retail Chain 15,Whitehorse,YT,CA,Y1A 2C9,ST040,Whitehorse,0540,Salesperson 040,Retail,2026-01-01,2026-09-20T12:00:00
S00541,Demo Garden Centre 00541,CHAIN16,Canadian Demo Retail Chain 16,Calgary,AB,CA,T2P 1J1,ST041,Calgary,0541,Salesperson 041,Retail,2026-01-01,2026-09-20T12:00:00
S00542,Demo Garden Centre 00542,CHAIN17,Canadian Demo Retail Chain 17,Edmonton,AB,CA,T5J 0N2,ST042,Edmonton,0542,Salesperson 042,Retail,2026-01-01,2026-09-20T12:00:00
S00543,Demo Garden Centre 00543,CHAIN18,Canadian Demo Retail Chain 18,Vancouver,BC,CA,V6B 2W3,ST043,Vancouver,0543,Salesperson 043,Retail,2026-01-01,2026-09-20T12:00:00
S00544,Demo Garden Centre 00544,CHAIN19,Canadian Demo Retail Chain 19,Victoria,BC,CA,V8W 1P4,ST044,Victoria,0544,Salesperson 044,Retail,2026-01-01,2026-09-20T12:00:00
S00545,Demo Garden Centre 00545,CHAIN20,Canadian Demo Retail Chain 20,Winnipeg,MB,CA,R3B 1C5,ST045,Winnipeg,0545,Salesperson 045,Retail,2026-01-01,2026-09-20T12:00:00
S00546,Demo Garden Centre 00546,CHAIN21,Canadian Demo Retail Chain 21,Fredericton,NB,CA,E3B 1B6,ST046,Fredericton,0546,Salesperson 046,Retail,2026-01-01,2026-09-20T12:00:00
S00547,Demo Garden Centre 00547,CHAIN22,Canadian Demo Retail Chain 22,St. John's,NL,CA,A1C 1B7,ST047,St. John's,0547,Salesperson 047,Retail,2026-01-01,2026-09-20T12:00:00
S00548,Demo Garden Centre 00548,CHAIN23,Canadian Demo Retail Chain 23,Halifax,NS,CA,B3J 1M8,ST048,Halifax,0548,Salesperson 048,Retail,2026-01-01,2026-09-20T12:00:00
S00549,Demo Garden Centre 00549,CHAIN24,Canadian Demo Retail Chain 24,Toronto,ON,CA,M5H 2N9,ST049,Toronto,0549,Salesperson 049,Retail,2026-01-01,2026-09-20T12:00:00
S00550,Demo Garden Centre 00550,CHAIN25,Canadian Demo Retail Chain 25,Ottawa,ON,CA,K1P 1J1,ST050,Ottawa,0550,Salesperson 050,Retail,2026-01-01,2026-09-20T12:00:00
S00551,Demo Garden Centre 00551,CHAIN01,Canadian Demo Retail Chain 01,London,ON,CA,N6A 3K2,ST051,London,0551,Salesperson 051,Retail,2026-01-01,2026-09-20T12:00:00
S00552,Demo Garden Centre 00552,CHAIN02,Canadian Demo Retail Chain 02,Thunder Bay,ON,CA,P7B 5E3,ST052,Thunder Bay,0552,Salesperson 052,Retail,2026-01-01,2026-09-20T12:00:00
S00553,Demo Garden Centre 00553,CHAIN03,Canadian Demo Retail Chain 03,Charlottetown,PE,CA,C1A 1A4,ST053,Charlottetown,0553,Salesperson 053,Retail,2026-01-01,2026-09-20T12:00:00
S00554,Demo Garden Centre 00554,CHAIN04,Canadian Demo Retail Chain 04,Montreal,QC,CA,H2Y 1C5,ST054,Montreal,0554,Salesperson 054,Retail,2026-01-01,2026-09-20T12:00:00
S00555,Demo Garden Centre 00555,CHAIN05,Canadian Demo Retail Chain 05,Quebec City,QC,CA,G1R 4P6,ST055,Quebec City,0555,Salesperson 055,Retail,2026-01-01,2026-09-20T12:00:00
S00556,Demo Garden Centre 00556,CHAIN06,Canadian Demo Retail Chain 06,Saskatoon,SK,CA,S7K 1J7,ST056,Saskatoon,0556,Salesperson 056,Retail,2026-01-01,2026-09-20T12:00:00
S00557,Demo Garden Centre 00557,CHAIN07,Canadian Demo Retail Chain 07,Regina,SK,CA,S4P 3Y8,ST057,Regina,0557,Salesperson 057,Retail,2026-01-01,2026-09-20T12:00:00
S00558,Demo Garden Centre 00558,CHAIN08,Canadian Demo Retail Chain 08,Whitehorse,YT,CA,Y1A 2C9,ST058,Whitehorse,0558,Salesperson 058,Retail,2026-01-01,2026-09-20T12:00:00
S00559,Demo Garden Centre 00559,CHAIN09,Canadian Demo Retail Chain 09,Calgary,AB,CA,T2P 1J1,ST059,Calgary,0559,Salesperson 059,Retail,2026-01-01,2026-09-20T12:00:00
S00560,Demo Garden Centre 00560,CHAIN10,Canadian Demo Retail Chain 10,Edmonton,AB,CA,T5J 0N2,ST060,Edmonton,0560,Salesperson 060,Retail,2026-01-01,2026-09-20T12:00:00
S00561,Demo Garden Centre 00561,CHAIN11,Canadian Demo Retail Chain 11,Vancouver,BC,CA,V6B 2W3,ST061,Vancouver,0561,Salesperson 061,Retail,2026-01-01,2026-09-20T12:00:00
S00562,Demo Garden Centre 00562,CHAIN12,Canadian Demo Retail Chain 12,Victoria,BC,CA,V8W 1P4,ST062,Victoria,0562,Salesperson 062,Retail,2026-01-01,2026-09-20T12:00:00
S00563,Demo Garden Centre 00563,CHAIN13,Canadian Demo Retail Chain 13,Winnipeg,MB,CA,R3B 1C5,ST063,Winnipeg,0563,Salesperson 063,Retail,2026-01-01,2026-09-20T12:00:00
S00564,Demo Garden Centre 00564,CHAIN14,Canadian Demo Retail Chain 14,Fredericton,NB,CA,E3B 1B6,ST064,Fredericton,0564,Salesperson 064,Retail,2026-01-01,2026-09-20T12:00:00
S00565,Demo Garden Centre 00565,CHAIN15,Canadian Demo Retail Chain 15,St. John's,NL,CA,A1C 1B7,ST065,St. John's,0565,Salesperson 065,Retail,2026-01-01,2026-09-20T12:00:00
S00566,Demo Garden Centre 00566,CHAIN16,Canadian Demo Retail Chain 16,Halifax,NS,CA,B3J 1M8,ST066,Halifax,0566,Salesperson 066,Retail,2026-01-01,2026-09-20T12:00:00
S00567,Demo Garden Centre 00567,CHAIN17,Canadian Demo Retail Chain 17,Toronto,ON,CA,M5H 2N9,ST067,Toronto,0567,Salesperson 067,Retail,2026-01-01,2026-09-20T12:00:00
S00568,Demo Garden Centre 00568,CHAIN18,Canadian Demo Retail Chain 18,Ottawa,ON,CA,K1P 1J1,ST068,Ottawa,0568,Salesperson 068,Retail,2026-01-01,2026-09-20T12:00:00
S00569,Demo Garden Centre 00569,CHAIN19,Canadian Demo Retail Chain 19,London,ON,CA,N6A 3K2,ST069,London,0569,Salesperson 069,Retail,2026-01-01,2026-09-20T12:00:00
S00570,Demo Garden Centre 00570,CHAIN20,Canadian Demo Retail Chain 20,Thunder Bay,ON,CA,P7B 5E3,ST070,Thunder Bay,0570,Salesperson 070,Retail,2026-01-01,2026-09-20T12:00:00
S00571,Demo Garden Centre 00571,CHAIN21,Canadian Demo Retail Chain 21,Charlottetown,PE,CA,C1A 1A4,ST071,Charlottetown,0571,Salesperson 071,Retail,2026-01-01,2026-09-20T12:00:00
S00572,Demo Garden Centre 00572,CHAIN22,Canadian Demo Retail Chain 22,Montreal,QC,CA,H2Y 1C5,ST072,Montreal,0572,Salesperson 072,Retail,2026-01-01,2026-09-20T12:00:00
S00573,Demo Garden Centre 00573,CHAIN23,Canadian Demo Retail Chain 23,Quebec City,QC,CA,G1R 4P6,ST073,Quebec City,0573,Salesperson 073,Retail,2026-01-01,2026-09-20T12:00:00
S00574,Demo Garden Centre 00574,CHAIN24,Canadian Demo Retail Chain 24,Saskatoon,SK,CA,S7K 1J7,ST074,Saskatoon,0574,Salesperson 074,Retail,2026-01-01,2026-09-20T12:00:00
S00575,Demo Garden Centre 00575,CHAIN25,Canadian Demo Retail Chain 25,Regina,SK,CA,S4P 3Y8,ST075,Regina,0575,Salesperson 075,Retail,2026-01-01,2026-09-20T12:00:00
S00576,Demo Garden Centre 00576,CHAIN01,Canadian Demo Retail Chain 01,Whitehorse,YT,CA,Y1A 2C9,ST076,Whitehorse,0576,Salesperson 076,Retail,2026-01-01,2026-09-20T12:00:00
S00577,Demo Garden Centre 00577,CHAIN02,Canadian Demo Retail Chain 02,Calgary,AB,CA,T2P 1J1,ST077,Calgary,0577,Salesperson 077,Retail,2026-01-01,2026-09-20T12:00:00
S00578,Demo Garden Centre 00578,CHAIN03,Canadian Demo Retail Chain 03,Edmonton,AB,CA,T5J 0N2,ST078,Edmonton,0578,Salesperson 078,Retail,2026-01-01,2026-09-20T12:00:00
S00579,Demo Garden Centre 00579,CHAIN04,Canadian Demo Retail Chain 04,Vancouver,BC,CA,V6B 2W3,ST079,Vancouver,0579,Salesperson 079,Retail,2026-01-01,2026-09-20T12:00:00
S00580,Demo Garden Centre 00580,CHAIN05,Canadian Demo Retail Chain 05,Victoria,BC,CA,V8W 1P4,ST080,Victoria,0580,Salesperson 080,Retail,2026-01-01,2026-09-20T12:00:00
S00581,Demo Garden Centre 00581,CHAIN06,Canadian Demo Retail Chain 06,Winnipeg,MB,CA,R3B 1C5,ST081,Winnipeg,0581,Salesperson 081,Retail,2026-01-01,2026-09-20T12:00:00
S00582,Demo Garden Centre 00582,CHAIN07,Canadian Demo Retail Chain 07,Fredericton,NB,CA,E3B 1B6,ST082,Fredericton,0582,Salesperson 082,Retail,2026-01-01,2026-09-20T12:00:00
S00583,Demo Garden Centre 00583,CHAIN08,Canadian Demo Retail Chain 08,St. John's,NL,CA,A1C 1B7,ST083,St. John's,0583,Salesperson 083,Retail,2026-01-01,2026-09-20T12:00:00
S00584,Demo Garden Centre 00584,CHAIN09,Canadian Demo Retail Chain 09,Halifax,NS,CA,B3J 1M8,ST084,Halifax,0584,Salesperson 084,Retail,2026-01-01,2026-09-20T12:00:00
S00585,Demo Garden Centre 00585,CHAIN10,Canadian Demo Retail Chain 10,Toronto,ON,CA,M5H 2N9,ST085,Toronto,0585,Salesperson 085,Retail,2026-01-01,2026-09-20T12:00:00
S00586,Demo Garden Centre 00586,CHAIN11,Canadian Demo Retail Chain 11,Ottawa,ON,CA,K1P 1J1,ST086,Ottawa,0586,Salesperson 086,Retail,2026-01-01,2026-09-20T12:00:00
S00587,Demo Garden Centre 00587,CHAIN12,Canadian Demo Retail Chain 12,London,ON,CA,N6A 3K2,ST087,London,0587,Salesperson 087,Retail,2026-01-01,2026-09-20T12:00:00
S00588,Demo Garden Centre 00588,CHAIN13,Canadian Demo Retail Chain 13,Thunder Bay,ON,CA,P7B 5E3,ST088,Thunder Bay,0588,Salesperson 088,Retail,2026-01-01,2026-09-20T12:00:00
S00589,Demo Garden Centre 00589,CHAIN14,Canadian Demo Retail Chain 14,Charlottetown,PE,CA,C1A 1A4,ST089,Charlottetown,0589,Salesperson 089,Retail,2026-01-01,2026-09-20T12:00:00
S00590,Demo Garden Centre 00590,CHAIN15,Canadian Demo Retail Chain 15,Montreal,QC,CA,H2Y 1C5,ST090,Montreal,0590,Salesperson 090,Retail,2026-01-01,2026-09-20T12:00:00
S00591,Demo Garden Centre 00591,CHAIN16,Canadian Demo Retail Chain 16,Quebec City,QC,CA,G1R 4P6,ST091,Quebec City,0591,Salesperson 091,Retail,2026-01-01,2026-09-20T12:00:00
S00592,Demo Garden Centre 00592,CHAIN17,Canadian Demo Retail Chain 17,Saskatoon,SK,CA,S7K 1J7,ST092,Saskatoon,0592,Salesperson 092,Retail,2026-01-01,2026-09-20T12:00:00
S00593,Demo Garden Centre 00593,CHAIN18,Canadian Demo Retail Chain 18,Regina,SK,CA,S4P 3Y8,ST093,Regina,0593,Salesperson 093,Retail,2026-01-01,2026-09-20T12:00:00
S00594,Demo Garden Centre 00594,CHAIN19,Canadian Demo Retail Chain 19,Whitehorse,YT,CA,Y1A 2C9,ST094,Whitehorse,0594,Salesperson 094,Retail,2026-01-01,2026-09-20T12:00:00
S00595,Demo Garden Centre 00595,CHAIN20,Canadian Demo Retail Chain 20,Calgary,AB,CA,T2P 1J1,ST095,Calgary,0595,Salesperson 095,Retail,2026-01-01,2026-09-20T12:00:00
S00596,Demo Garden Centre 00596,CHAIN21,Canadian Demo Retail Chain 21,Edmonton,AB,CA,T5J 0N2,ST096,Edmonton,0596,Salesperson 096,Retail,2026-01-01,2026-09-20T12:00:00
S00597,Demo Garden Centre 00597,CHAIN22,Canadian Demo Retail Chain 22,Vancouver,BC,CA,V6B 2W3,ST097,Vancouver,0597,Salesperson 097,Retail,2026-01-01,2026-09-20T12:00:00
S00598,Demo Garden Centre 00598,CHAIN23,Canadian Demo Retail Chain 23,Victoria,BC,CA,V8W 1P4,ST098,Victoria,0598,Salesperson 098,Retail,2026-01-01,2026-09-20T12:00:00
S00599,Demo Garden Centre 00599,CHAIN24,Canadian Demo Retail Chain 24,Winnipeg,MB,CA,R3B 1C5,ST099,Winnipeg,0599,Salesperson 099,Retail,2026-01-01,2026-09-20T12:00:00
S00600,Demo Garden Centre 00600,CHAIN25,Canadian Demo Retail Chain 25,Fredericton,NB,CA,E3B 1B6,ST100,Fredericton,0600,Salesperson 100,Retail,2026-01-01,2026-09-20T12:00:00
S00601,Demo Garden Centre 00601,CHAIN01,Canadian Demo Retail Chain 01,St. John's,NL,CA,A1C 1B7,ST001,St. John's,0601,Salesperson 101,Retail,2026-01-01,2026-09-20T12:00:00
S00602,Demo Garden Centre 00602,CHAIN02,Canadian Demo Retail Chain 02,Halifax,NS,CA,B3J 1M8,ST002,Halifax,0602,Salesperson 102,Retail,2026-01-01,2026-09-20T12:00:00
S00603,Demo Garden Centre 00603,CHAIN03,Canadian Demo Retail Chain 03,Toronto,ON,CA,M5H 2N9,ST003,Toronto,0603,Salesperson 103,Retail,2026-01-01,2026-09-20T12:00:00
S00604,Demo Garden Centre 00604,CHAIN04,Canadian Demo Retail Chain 04,Ottawa,ON,CA,K1P 1J1,ST004,Ottawa,0604,Salesperson 104,Retail,2026-01-01,2026-09-20T12:00:00
S00605,Demo Garden Centre 00605,CHAIN05,Canadian Demo Retail Chain 05,London,ON,CA,N6A 3K2,ST005,London,0605,Salesperson 105,Retail,2026-01-01,2026-09-20T12:00:00
S00606,Demo Garden Centre 00606,CHAIN06,Canadian Demo Retail Chain 06,Thunder Bay,ON,CA,P7B 5E3,ST006,Thunder Bay,0606,Salesperson 106,Retail,2026-01-01,2026-09-20T12:00:00
S00607,Demo Garden Centre 00607,CHAIN07,Canadian Demo Retail Chain 07,Charlottetown,PE,CA,C1A 1A4,ST007,Charlottetown,0607,Salesperson 107,Retail,2026-01-01,2026-09-20T12:00:00
S00608,Demo Garden Centre 00608,CHAIN08,Canadian Demo Retail Chain 08,Montreal,QC,CA,H2Y 1C5,ST008,Montreal,0608,Salesperson 108,Retail,2026-01-01,2026-09-20T12:00:00
S00609,Demo Garden Centre 00609,CHAIN09,Canadian Demo Retail Chain 09,Quebec City,QC,CA,G1R 4P6,ST009,Quebec City,0609,Salesperson 109,Retail,2026-01-01,2026-09-20T12:00:00
S00610,Demo Garden Centre 00610,CHAIN10,Canadian Demo Retail Chain 10,Saskatoon,SK,CA,S7K 1J7,ST010,Saskatoon,0610,Salesperson 110,Retail,2026-01-01,2026-09-20T12:00:00
S00611,Demo Garden Centre 00611,CHAIN11,Canadian Demo Retail Chain 11,Regina,SK,CA,S4P 3Y8,ST011,Regina,0611,Salesperson 111,Retail,2026-01-01,2026-09-20T12:00:00
S00612,Demo Garden Centre 00612,CHAIN12,Canadian Demo Retail Chain 12,Whitehorse,YT,CA,Y1A 2C9,ST012,Whitehorse,0612,Salesperson 112,Retail,2026-01-01,2026-09-20T12:00:00
S00613,Demo Garden Centre 00613,CHAIN13,Canadian Demo Retail Chain 13,Calgary,AB,CA,T2P 1J1,ST013,Calgary,0613,Salesperson 113,Retail,2026-01-01,2026-09-20T12:00:00
S00614,Demo Garden Centre 00614,CHAIN14,Canadian Demo Retail Chain 14,Edmonton,AB,CA,T5J 0N2,ST014,Edmonton,0614,Salesperson 114,Retail,2026-01-01,2026-09-20T12:00:00
S00615,Demo Garden Centre 00615,CHAIN15,Canadian Demo Retail Chain 15,Vancouver,BC,CA,V6B 2W3,ST015,Vancouver,0615,Salesperson 115,Retail,2026-01-01,2026-09-20T12:00:00
S00616,Demo Garden Centre 00616,CHAIN16,Canadian Demo Retail Chain 16,Victoria,BC,CA,V8W 1P4,ST016,Victoria,0616,Salesperson 116,Retail,2026-01-01,2026-09-20T12:00:00
S00617,Demo Garden Centre 00617,CHAIN17,Canadian Demo Retail Chain 17,Winnipeg,MB,CA,R3B 1C5,ST017,Winnipeg,0617,Salesperson 117,Retail,2026-01-01,2026-09-20T12:00:00
S00618,Demo Garden Centre 00618,CHAIN18,Canadian Demo Retail Chain 18,Fredericton,NB,CA,E3B 1B6,ST018,Fredericton,0618,Salesperson 118,Retail,2026-01-01,2026-09-20T12:00:00
S00619,Demo Garden Centre 00619,CHAIN19,Canadian Demo Retail Chain 19,St. John's,NL,CA,A1C 1B7,ST019,St. John's,0619,Salesperson 119,Retail,2026-01-01,2026-09-20T12:00:00
S00620,Demo Garden Centre 00620,CHAIN20,Canadian Demo Retail Chain 20,Halifax,NS,CA,B3J 1M8,ST020,Halifax,0620,Salesperson 120,Retail,2026-01-01,2026-09-20T12:00:00
S00621,Demo Garden Centre 00621,CHAIN21,Canadian Demo Retail Chain 21,Toronto,ON,CA,M5H 2N9,ST021,Toronto,0621,Salesperson 121,Retail,2026-01-01,2026-09-20T12:00:00
S00622,Demo Garden Centre 00622,CHAIN22,Canadian Demo Retail Chain 22,Ottawa,ON,CA,K1P 1J1,ST022,Ottawa,0622,Salesperson 122,Retail,2026-01-01,2026-09-20T12:00:00
S00623,Demo Garden Centre 00623,CHAIN23,Canadian Demo Retail Chain 23,London,ON,CA,N6A 3K2,ST023,London,0623,Salesperson 123,Retail,2026-01-01,2026-09-20T12:00:00
S00624,Demo Garden Centre 00624,CHAIN24,Canadian Demo Retail Chain 24,Thunder Bay,ON,CA,P7B 5E3,ST024,Thunder Bay,0624,Salesperson 124,Retail,2026-01-01,2026-09-20T12:00:00
S00625,Demo Garden Centre 00625,CHAIN25,Canadian Demo Retail Chain 25,Charlottetown,PE,CA,C1A 1A4,ST025,Charlottetown,0625,Salesperson 125,Retail,2026-01-01,2026-09-20T12:00:00
S00626,Demo Garden Centre 00626,CHAIN01,Canadian Demo Retail Chain 01,Montreal,QC,CA,H2Y 1C5,ST026,Montreal,0626,Salesperson 126,Retail,2026-01-01,2026-09-20T12:00:00
S00627,Demo Garden Centre 00627,CHAIN02,Canadian Demo Retail Chain 02,Quebec City,QC,CA,G1R 4P6,ST027,Quebec City,0627,Salesperson 127,Retail,2026-01-01,2026-09-20T12:00:00
S00628,Demo Garden Centre 00628,CHAIN03,Canadian Demo Retail Chain 03,Saskatoon,SK,CA,S7K 1J7,ST028,Saskatoon,0628,Salesperson 128,Retail,2026-01-01,2026-09-20T12:00:00
S00629,Demo Garden Centre 00629,CHAIN04,Canadian Demo Retail Chain 04,Regina,SK,CA,S4P 3Y8,ST029,Regina,0629,Salesperson 129,Retail,2026-01-01,2026-09-20T12:00:00
S00630,Demo Garden Centre 00630,CHAIN05,Canadian Demo Retail Chain 05,Whitehorse,YT,CA,Y1A 2C9,ST030,Whitehorse,0630,Salesperson 130,Retail,2026-01-01,2026-09-20T12:00:00
S00631,Demo Garden Centre 00631,CHAIN06,Canadian Demo Retail Chain 06,Calgary,AB,CA,T2P 1J1,ST031,Calgary,0631,Salesperson 131,Retail,2026-01-01,2026-09-20T12:00:00
S00632,Demo Garden Centre 00632,CHAIN07,Canadian Demo Retail Chain 07,Edmonton,AB,CA,T5J 0N2,ST032,Edmonton,0632,Salesperson 132,Retail,2026-01-01,2026-09-20T12:00:00
S00633,Demo Garden Centre 00633,CHAIN08,Canadian Demo Retail Chain 08,Vancouver,BC,CA,V6B 2W3,ST033,Vancouver,0633,Salesperson 133,Retail,2026-01-01,2026-09-20T12:00:00
S00634,Demo Garden Centre 00634,CHAIN09,Canadian Demo Retail Chain 09,Victoria,BC,CA,V8W 1P4,ST034,Victoria,0634,Salesperson 134,Retail,2026-01-01,2026-09-20T12:00:00
S00635,Demo Garden Centre 00635,CHAIN10,Canadian Demo Retail Chain 10,Winnipeg,MB,CA,R3B 1C5,ST035,Winnipeg,0635,Salesperson 135,Retail,2026-01-01,2026-09-20T12:00:00
S00636,Demo Garden Centre 00636,CHAIN11,Canadian Demo Retail Chain 11,Fredericton,NB,CA,E3B 1B6,ST036,Fredericton,0636,Salesperson 136,Retail,2026-01-01,2026-09-20T12:00:00
S00637,Demo Garden Centre 00637,CHAIN12,Canadian Demo Retail Chain 12,St. John's,NL,CA,A1C 1B7,ST037,St. John's,0637,Salesperson 137,Retail,2026-01-01,2026-09-20T12:00:00
S00638,Demo Garden Centre 00638,CHAIN13,Canadian Demo Retail Chain 13,Halifax,NS,CA,B3J 1M8,ST038,Halifax,0638,Salesperson 138,Retail,2026-01-01,2026-09-20T12:00:00
S00639,Demo Garden Centre 00639,CHAIN14,Canadian Demo Retail Chain 14,Toronto,ON,CA,M5H 2N9,ST039,Toronto,0639,Salesperson 139,Retail,2026-01-01,2026-09-20T12:00:00
S00640,Demo Garden Centre 00640,CHAIN15,Canadian Demo Retail Chain 15,Ottawa,ON,CA,K1P 1J1,ST040,Ottawa,0640,Salesperson 140,Retail,2026-01-01,2026-09-20T12:00:00
S00641,Demo Garden Centre 00641,CHAIN16,Canadian Demo Retail Chain 16,London,ON,CA,N6A 3K2,ST041,London,0641,Salesperson 141,Retail,2026-01-01,2026-09-20T12:00:00
S00642,Demo Garden Centre 00642,CHAIN17,Canadian Demo Retail Chain 17,Thunder Bay,ON,CA,P7B 5E3,ST042,Thunder Bay,0642,Salesperson 142,Retail,2026-01-01,2026-09-20T12:00:00
S00643,Demo Garden Centre 00643,CHAIN18,Canadian Demo Retail Chain 18,Charlottetown,PE,CA,C1A 1A4,ST043,Charlottetown,0643,Salesperson 143,Retail,2026-01-01,2026-09-20T12:00:00
S00644,Demo Garden Centre 00644,CHAIN19,Canadian Demo Retail Chain 19,Montreal,QC,CA,H2Y 1C5,ST044,Montreal,0644,Salesperson 144,Retail,2026-01-01,2026-09-20T12:00:00
S00645,Demo Garden Centre 00645,CHAIN20,Canadian Demo Retail Chain 20,Quebec City,QC,CA,G1R 4P6,ST045,Quebec City,0645,Salesperson 145,Retail,2026-01-01,2026-09-20T12:00:00
S00646,Demo Garden Centre 00646,CHAIN21,Canadian Demo Retail Chain 21,Saskatoon,SK,CA,S7K 1J7,ST046,Saskatoon,0646,Salesperson 146,Retail,2026-01-01,2026-09-20T12:00:00
S00647,Demo Garden Centre 00647,CHAIN22,Canadian Demo Retail Chain 22,Regina,SK,CA,S4P 3Y8,ST047,Regina,0647,Salesperson 147,Retail,2026-01-01,2026-09-20T12:00:00
S00648,Demo Garden Centre 00648,CHAIN23,Canadian Demo Retail Chain 23,Whitehorse,YT,CA,Y1A 2C9,ST048,Whitehorse,0648,Salesperson 148,Retail,2026-01-01,2026-09-20T12:00:00
S00649,Demo Garden Centre 00649,CHAIN24,Canadian Demo Retail Chain 24,Calgary,AB,CA,T2P 1J1,ST049,Calgary,0649,Salesperson 149,Retail,2026-01-01,2026-09-20T12:00:00
S00650,Demo Garden Centre 00650,CHAIN25,Canadian Demo Retail Chain 25,Edmonton,AB,CA,T5J 0N2,ST050,Edmonton,0650,Salesperson 150,Retail,2026-01-01,2026-09-20T12:00:00
S00651,Demo Garden Centre 00651,CHAIN01,Canadian Demo Retail Chain 01,Vancouver,BC,CA,V6B 2W3,ST051,Vancouver,0651,Salesperson 151,Retail,2026-01-01,2026-09-20T12:00:00
S00652,Demo Garden Centre 00652,CHAIN02,Canadian Demo Retail Chain 02,Victoria,BC,CA,V8W 1P4,ST052,Victoria,0652,Salesperson 152,Retail,2026-01-01,2026-09-20T12:00:00
S00653,Demo Garden Centre 00653,CHAIN03,Canadian Demo Retail Chain 03,Winnipeg,MB,CA,R3B 1C5,ST053,Winnipeg,0653,Salesperson 153,Retail,2026-01-01,2026-09-20T12:00:00
S00654,Demo Garden Centre 00654,CHAIN04,Canadian Demo Retail Chain 04,Fredericton,NB,CA,E3B 1B6,ST054,Fredericton,0654,Salesperson 154,Retail,2026-01-01,2026-09-20T12:00:00
S00655,Demo Garden Centre 00655,CHAIN05,Canadian Demo Retail Chain 05,St. John's,NL,CA,A1C 1B7,ST055,St. John's,0655,Salesperson 155,Retail,2026-01-01,2026-09-20T12:00:00
S00656,Demo Garden Centre 00656,CHAIN06,Canadian Demo Retail Chain 06,Halifax,NS,CA,B3J 1M8,ST056,Halifax,0656,Salesperson 156,Retail,2026-01-01,2026-09-20T12:00:00
S00657,Demo Garden Centre 00657,CHAIN07,Canadian Demo Retail Chain 07,Toronto,ON,CA,M5H 2N9,ST057,Toronto,0657,Salesperson 157,Retail,2026-01-01,2026-09-20T12:00:00
S00658,Demo Garden Centre 00658,CHAIN08,Canadian Demo Retail Chain 08,Ottawa,ON,CA,K1P 1J1,ST058,Ottawa,0658,Salesperson 158,Retail,2026-01-01,2026-09-20T12:00:00
S00659,Demo Garden Centre 00659,CHAIN09,Canadian Demo Retail Chain 09,London,ON,CA,N6A 3K2,ST059,London,0659,Salesperson 159,Retail,2026-01-01,2026-09-20T12:00:00
S00660,Demo Garden Centre 00660,CHAIN10,Canadian Demo Retail Chain 10,Thunder Bay,ON,CA,P7B 5E3,ST060,Thunder Bay,0660,Salesperson 160,Retail,2026-01-01,2026-09-20T12:00:00
S00661,Demo Garden Centre 00661,CHAIN11,Canadian Demo Retail Chain 11,Charlottetown,PE,CA,C1A 1A4,ST061,Charlottetown,0661,Salesperson 161,Retail,2026-01-01,2026-09-20T12:00:00
S00662,Demo Garden Centre 00662,CHAIN12,Canadian Demo Retail Chain 12,Montreal,QC,CA,H2Y 1C5,ST062,Montreal,0662,Salesperson 162,Retail,2026-01-01,2026-09-20T12:00:00
S00663,Demo Garden Centre 00663,CHAIN13,Canadian Demo Retail Chain 13,Quebec City,QC,CA,G1R 4P6,ST063,Quebec City,0663,Salesperson 163,Retail,2026-01-01,2026-09-20T12:00:00
S00664,Demo Garden Centre 00664,CHAIN14,Canadian Demo Retail Chain 14,Saskatoon,SK,CA,S7K 1J7,ST064,Saskatoon,0664,Salesperson 164,Retail,2026-01-01,2026-09-20T12:00:00
S00665,Demo Garden Centre 00665,CHAIN15,Canadian Demo Retail Chain 15,Regina,SK,CA,S4P 3Y8,ST065,Regina,0665,Salesperson 165,Retail,2026-01-01,2026-09-20T12:00:00
S00666,Demo Garden Centre 00666,CHAIN16,Canadian Demo Retail Chain 16,Whitehorse,YT,CA,Y1A 2C9,ST066,Whitehorse,0666,Salesperson 166,Retail,2026-01-01,2026-09-20T12:00:00
S00667,Demo Garden Centre 00667,CHAIN17,Canadian Demo Retail Chain 17,Calgary,AB,CA,T2P 1J1,ST067,Calgary,0667,Salesperson 167,Retail,2026-01-01,2026-09-20T12:00:00
S00668,Demo Garden Centre 00668,CHAIN18,Canadian Demo Retail Chain 18,Edmonton,AB,CA,T5J 0N2,ST068,Edmonton,0668,Salesperson 168,Retail,2026-01-01,2026-09-20T12:00:00
S00669,Demo Garden Centre 00669,CHAIN19,Canadian Demo Retail Chain 19,Vancouver,BC,CA,V6B 2W3,ST069,Vancouver,0669,Salesperson 169,Retail,2026-01-01,2026-09-20T12:00:00
S00670,Demo Garden Centre 00670,CHAIN20,Canadian Demo Retail Chain 20,Victoria,BC,CA,V8W 1P4,ST070,Victoria,0670,Salesperson 170,Retail,2026-01-01,2026-09-20T12:00:00
S00671,Demo Garden Centre 00671,CHAIN21,Canadian Demo Retail Chain 21,Winnipeg,MB,CA,R3B 1C5,ST071,Winnipeg,0671,Salesperson 171,Retail,2026-01-01,2026-09-20T12:00:00
S00672,Demo Garden Centre 00672,CHAIN22,Canadian Demo Retail Chain 22,Fredericton,NB,CA,E3B 1B6,ST072,Fredericton,0672,Salesperson 172,Retail,2026-01-01,2026-09-20T12:00:00
S00673,Demo Garden Centre 00673,CHAIN23,Canadian Demo Retail Chain 23,St. John's,NL,CA,A1C 1B7,ST073,St. John's,0673,Salesperson 173,Retail,2026-01-01,2026-09-20T12:00:00
S00674,Demo Garden Centre 00674,CHAIN24,Canadian Demo Retail Chain 24,Halifax,NS,CA,B3J 1M8,ST074,Halifax,0674,Salesperson 174,Retail,2026-01-01,2026-09-20T12:00:00
S00675,Demo Garden Centre 00675,CHAIN25,Canadian Demo Retail Chain 25,Toronto,ON,CA,M5H 2N9,ST075,Toronto,0675,Salesperson 175,Retail,2026-01-01,2026-09-20T12:00:00
S00676,Demo Garden Centre 00676,CHAIN01,Canadian Demo Retail Chain 01,Ottawa,ON,CA,K1P 1J1,ST076,Ottawa,0676,Salesperson 176,Retail,2026-01-01,2026-09-20T12:00:00
S00677,Demo Garden Centre 00677,CHAIN02,Canadian Demo Retail Chain 02,London,ON,CA,N6A 3K2,ST077,London,0677,Salesperson 177,Retail,2026-01-01,2026-09-20T12:00:00
S00678,Demo Garden Centre 00678,CHAIN03,Canadian Demo Retail Chain 03,Thunder Bay,ON,CA,P7B 5E3,ST078,Thunder Bay,0678,Salesperson 178,Retail,2026-01-01,2026-09-20T12:00:00
S00679,Demo Garden Centre 00679,CHAIN04,Canadian Demo Retail Chain 04,Charlottetown,PE,CA,C1A 1A4,ST079,Charlottetown,0679,Salesperson 179,Retail,2026-01-01,2026-09-20T12:00:00
S00680,Demo Garden Centre 00680,CHAIN05,Canadian Demo Retail Chain 05,Montreal,QC,CA,H2Y 1C5,ST080,Montreal,0680,Salesperson 180,Retail,2026-01-01,2026-09-20T12:00:00
S00681,Demo Garden Centre 00681,CHAIN06,Canadian Demo Retail Chain 06,Quebec City,QC,CA,G1R 4P6,ST081,Quebec City,0681,Salesperson 181,Retail,2026-01-01,2026-09-20T12:00:00
S00682,Demo Garden Centre 00682,CHAIN07,Canadian Demo Retail Chain 07,Saskatoon,SK,CA,S7K 1J7,ST082,Saskatoon,0682,Salesperson 182,Retail,2026-01-01,2026-09-20T12:00:00
S00683,Demo Garden Centre 00683,CHAIN08,Canadian Demo Retail Chain 08,Regina,SK,CA,S4P 3Y8,ST083,Regina,0683,Salesperson 183,Retail,2026-01-01,2026-09-20T12:00:00
S00684,Demo Garden Centre 00684,CHAIN09,Canadian Demo Retail Chain 09,Whitehorse,YT,CA,Y1A 2C9,ST084,Whitehorse,0684,Salesperson 184,Retail,2026-01-01,2026-09-20T12:00:00
S00685,Demo Garden Centre 00685,CHAIN10,Canadian Demo Retail Chain 10,Calgary,AB,CA,T2P 1J1,ST085,Calgary,0685,Salesperson 185,Retail,2026-01-01,2026-09-20T12:00:00
S00686,Demo Garden Centre 00686,CHAIN11,Canadian Demo Retail Chain 11,Edmonton,AB,CA,T5J 0N2,ST086,Edmonton,0686,Salesperson 186,Retail,2026-01-01,2026-09-20T12:00:00
S00687,Demo Garden Centre 00687,CHAIN12,Canadian Demo Retail Chain 12,Vancouver,BC,CA,V6B 2W3,ST087,Vancouver,0687,Salesperson 187,Retail,2026-01-01,2026-09-20T12:00:00
S00688,Demo Garden Centre 00688,CHAIN13,Canadian Demo Retail Chain 13,Victoria,BC,CA,V8W 1P4,ST088,Victoria,0688,Salesperson 188,Retail,2026-01-01,2026-09-20T12:00:00
S00689,Demo Garden Centre 00689,CHAIN14,Canadian Demo Retail Chain 14,Winnipeg,MB,CA,R3B 1C5,ST089,Winnipeg,0689,Salesperson 189,Retail,2026-01-01,2026-09-20T12:00:00
S00690,Demo Garden Centre 00690,CHAIN15,Canadian Demo Retail Chain 15,Fredericton,NB,CA,E3B 1B6,ST090,Fredericton,0690,Salesperson 190,Retail,2026-01-01,2026-09-20T12:00:00
S00691,Demo Garden Centre 00691,CHAIN16,Canadian Demo Retail Chain 16,St. John's,NL,CA,A1C 1B7,ST091,St. John's,0691,Salesperson 191,Retail,2026-01-01,2026-09-20T12:00:00
S00692,Demo Garden Centre 00692,CHAIN17,Canadian Demo Retail Chain 17,Halifax,NS,CA,B3J 1M8,ST092,Halifax,0692,Salesperson 192,Retail,2026-01-01,2026-09-20T12:00:00
S00693,Demo Garden Centre 00693,CHAIN18,Canadian Demo Retail Chain 18,Toronto,ON,CA,M5H 2N9,ST093,Toronto,0693,Salesperson 193,Retail,2026-01-01,2026-09-20T12:00:00
S00694,Demo Garden Centre 00694,CHAIN19,Canadian Demo Retail Chain 19,Ottawa,ON,CA,K1P 1J1,ST094,Ottawa,0694,Salesperson 194,Retail,2026-01-01,2026-09-20T12:00:00
S00695,Demo Garden Centre 00695,CHAIN20,Canadian Demo Retail Chain 20,London,ON,CA,N6A 3K2,ST095,London,0695,Salesperson 195,Retail,2026-01-01,2026-09-20T12:00:00
S00696,Demo Garden Centre 00696,CHAIN21,Canadian Demo Retail Chain 21,Thunder Bay,ON,CA,P7B 5E3,ST096,Thunder Bay,0696,Salesperson 196,Retail,2026-01-01,2026-09-20T12:00:00
S00697,Demo Garden Centre 00697,CHAIN22,Canadian Demo Retail Chain 22,Charlottetown,PE,CA,C1A 1A4,ST097,Charlottetown,0697,Salesperson 197,Retail,2026-01-01,2026-09-20T12:00:00
S00698,Demo Garden Centre 00698,CHAIN23,Canadian Demo Retail Chain 23,Montreal,QC,CA,H2Y 1C5,ST098,Montreal,0698,Salesperson 198,Retail,2026-01-01,2026-09-20T12:00:00
S00699,Demo Garden Centre 00699,CHAIN24,Canadian Demo Retail Chain 24,Quebec City,QC,CA,G1R 4P6,ST099,Quebec City,0699,Salesperson 199,Retail,2026-01-01,2026-09-20T12:00:00
S00700,Demo Garden Centre 00700,CHAIN25,Canadian Demo Retail Chain 25,Saskatoon,SK,CA,S7K 1J7,ST100,Saskatoon,0700,Salesperson 200,Retail,2026-01-01,2026-09-20T12:00:00
S00701,Demo Garden Centre 00701,CHAIN01,Canadian Demo Retail Chain 01,Regina,SK,CA,S4P 3Y8,ST001,Regina,0701,Salesperson 201,Retail,2026-01-01,2026-09-20T12:00:00
S00702,Demo Garden Centre 00702,CHAIN02,Canadian Demo Retail Chain 02,Whitehorse,YT,CA,Y1A 2C9,ST002,Whitehorse,0702,Salesperson 202,Retail,2026-01-01,2026-09-20T12:00:00
S00703,Demo Garden Centre 00703,CHAIN03,Canadian Demo Retail Chain 03,Calgary,AB,CA,T2P 1J1,ST003,Calgary,0703,Salesperson 203,Retail,2026-01-01,2026-09-20T12:00:00
S00704,Demo Garden Centre 00704,CHAIN04,Canadian Demo Retail Chain 04,Edmonton,AB,CA,T5J 0N2,ST004,Edmonton,0704,Salesperson 204,Retail,2026-01-01,2026-09-20T12:00:00
S00705,Demo Garden Centre 00705,CHAIN05,Canadian Demo Retail Chain 05,Vancouver,BC,CA,V6B 2W3,ST005,Vancouver,0705,Salesperson 205,Retail,2026-01-01,2026-09-20T12:00:00
S00706,Demo Garden Centre 00706,CHAIN06,Canadian Demo Retail Chain 06,Victoria,BC,CA,V8W 1P4,ST006,Victoria,0706,Salesperson 206,Retail,2026-01-01,2026-09-20T12:00:00
S00707,Demo Garden Centre 00707,CHAIN07,Canadian Demo Retail Chain 07,Winnipeg,MB,CA,R3B 1C5,ST007,Winnipeg,0707,Salesperson 207,Retail,2026-01-01,2026-09-20T12:00:00
S00708,Demo Garden Centre 00708,CHAIN08,Canadian Demo Retail Chain 08,Fredericton,NB,CA,E3B 1B6,ST008,Fredericton,0708,Salesperson 208,Retail,2026-01-01,2026-09-20T12:00:00
S00709,Demo Garden Centre 00709,CHAIN09,Canadian Demo Retail Chain 09,St. John's,NL,CA,A1C 1B7,ST009,St. John's,0709,Salesperson 209,Retail,2026-01-01,2026-09-20T12:00:00
S00710,Demo Garden Centre 00710,CHAIN10,Canadian Demo Retail Chain 10,Halifax,NS,CA,B3J 1M8,ST010,Halifax,0710,Salesperson 210,Retail,2026-01-01,2026-09-20T12:00:00
S00711,Demo Garden Centre 00711,CHAIN11,Canadian Demo Retail Chain 11,Toronto,ON,CA,M5H 2N9,ST011,Toronto,0711,Salesperson 211,Retail,2026-01-01,2026-09-20T12:00:00
S00712,Demo Garden Centre 00712,CHAIN12,Canadian Demo Retail Chain 12,Ottawa,ON,CA,K1P 1J1,ST012,Ottawa,0712,Salesperson 212,Retail,2026-01-01,2026-09-20T12:00:00
S00713,Demo Garden Centre 00713,CHAIN13,Canadian Demo Retail Chain 13,London,ON,CA,N6A 3K2,ST013,London,0713,Salesperson 213,Retail,2026-01-01,2026-09-20T12:00:00
S00714,Demo Garden Centre 00714,CHAIN14,Canadian Demo Retail Chain 14,Thunder Bay,ON,CA,P7B 5E3,ST014,Thunder Bay,0714,Salesperson 214,Retail,2026-01-01,2026-09-20T12:00:00
S00715,Demo Garden Centre 00715,CHAIN15,Canadian Demo Retail Chain 15,Charlottetown,PE,CA,C1A 1A4,ST015,Charlottetown,0715,Salesperson 215,Retail,2026-01-01,2026-09-20T12:00:00
S00716,Demo Garden Centre 00716,CHAIN16,Canadian Demo Retail Chain 16,Montreal,QC,CA,H2Y 1C5,ST016,Montreal,0716,Salesperson 216,Retail,2026-01-01,2026-09-20T12:00:00
S00717,Demo Garden Centre 00717,CHAIN17,Canadian Demo Retail Chain 17,Quebec City,QC,CA,G1R 4P6,ST017,Quebec City,0717,Salesperson 217,Retail,2026-01-01,2026-09-20T12:00:00
S00718,Demo Garden Centre 00718,CHAIN18,Canadian Demo Retail Chain 18,Saskatoon,SK,CA,S7K 1J7,ST018,Saskatoon,0718,Salesperson 218,Retail,2026-01-01,2026-09-20T12:00:00
S00719,Demo Garden Centre 00719,CHAIN19,Canadian Demo Retail Chain 19,Regina,SK,CA,S4P 3Y8,ST019,Regina,0719,Salesperson 219,Retail,2026-01-01,2026-09-20T12:00:00
S00720,Demo Garden Centre 00720,CHAIN20,Canadian Demo Retail Chain 20,Whitehorse,YT,CA,Y1A 2C9,ST020,Whitehorse,0720,Salesperson 220,Retail,2026-01-01,2026-09-20T12:00:00
S00721,Demo Garden Centre 00721,CHAIN21,Canadian Demo Retail Chain 21,Calgary,AB,CA,T2P 1J1,ST021,Calgary,0721,Salesperson 221,Retail,2026-01-01,2026-09-20T12:00:00
S00722,Demo Garden Centre 00722,CHAIN22,Canadian Demo Retail Chain 22,Edmonton,AB,CA,T5J 0N2,ST022,Edmonton,0722,Salesperson 222,Retail,2026-01-01,2026-09-20T12:00:00
S00723,Demo Garden Centre 00723,CHAIN23,Canadian Demo Retail Chain 23,Vancouver,BC,CA,V6B 2W3,ST023,Vancouver,0723,Salesperson 223,Retail,2026-01-01,2026-09-20T12:00:00
S00724,Demo Garden Centre 00724,CHAIN24,Canadian Demo Retail Chain 24,Victoria,BC,CA,V8W 1P4,ST024,Victoria,0724,Salesperson 224,Retail,2026-01-01,2026-09-20T12:00:00
S00725,Demo Garden Centre 00725,CHAIN25,Canadian Demo Retail Chain 25,Winnipeg,MB,CA,R3B 1C5,ST025,Winnipeg,0725,Salesperson 225,Retail,2026-01-01,2026-09-20T12:00:00
S00726,Demo Garden Centre 00726,CHAIN01,Canadian Demo Retail Chain 01,Fredericton,NB,CA,E3B 1B6,ST026,Fredericton,0726,Salesperson 226,Retail,2026-01-01,2026-09-20T12:00:00
S00727,Demo Garden Centre 00727,CHAIN02,Canadian Demo Retail Chain 02,St. John's,NL,CA,A1C 1B7,ST027,St. John's,0727,Salesperson 227,Retail,2026-01-01,2026-09-20T12:00:00
S00728,Demo Garden Centre 00728,CHAIN03,Canadian Demo Retail Chain 03,Halifax,NS,CA,B3J 1M8,ST028,Halifax,0728,Salesperson 228,Retail,2026-01-01,2026-09-20T12:00:00
S00729,Demo Garden Centre 00729,CHAIN04,Canadian Demo Retail Chain 04,Toronto,ON,CA,M5H 2N9,ST029,Toronto,0729,Salesperson 229,Retail,2026-01-01,2026-09-20T12:00:00
S00730,Demo Garden Centre 00730,CHAIN05,Canadian Demo Retail Chain 05,Ottawa,ON,CA,K1P 1J1,ST030,Ottawa,0730,Salesperson 230,Retail,2026-01-01,2026-09-20T12:00:00
S00731,Demo Garden Centre 00731,CHAIN06,Canadian Demo Retail Chain 06,London,ON,CA,N6A 3K2,ST031,London,0731,Salesperson 231,Retail,2026-01-01,2026-09-20T12:00:00
S00732,Demo Garden Centre 00732,CHAIN07,Canadian Demo Retail Chain 07,Thunder Bay,ON,CA,P7B 5E3,ST032,Thunder Bay,0732,Salesperson 232,Retail,2026-01-01,2026-09-20T12:00:00
S00733,Demo Garden Centre 00733,CHAIN08,Canadian Demo Retail Chain 08,Charlottetown,PE,CA,C1A 1A4,ST033,Charlottetown,0733,Salesperson 233,Retail,2026-01-01,2026-09-20T12:00:00
S00734,Demo Garden Centre 00734,CHAIN09,Canadian Demo Retail Chain 09,Montreal,QC,CA,H2Y 1C5,ST034,Montreal,0734,Salesperson 234,Retail,2026-01-01,2026-09-20T12:00:00
S00735,Demo Garden Centre 00735,CHAIN10,Canadian Demo Retail Chain 10,Quebec City,QC,CA,G1R 4P6,ST035,Quebec City,0735,Salesperson 235,Retail,2026-01-01,2026-09-20T12:00:00
S00736,Demo Garden Centre 00736,CHAIN11,Canadian Demo Retail Chain 11,Saskatoon,SK,CA,S7K 1J7,ST036,Saskatoon,0736,Salesperson 236,Retail,2026-01-01,2026-09-20T12:00:00
S00737,Demo Garden Centre 00737,CHAIN12,Canadian Demo Retail Chain 12,Regina,SK,CA,S4P 3Y8,ST037,Regina,0737,Salesperson 237,Retail,2026-01-01,2026-09-20T12:00:00
S00738,Demo Garden Centre 00738,CHAIN13,Canadian Demo Retail Chain 13,Whitehorse,YT,CA,Y1A 2C9,ST038,Whitehorse,0738,Salesperson 238,Retail,2026-01-01,2026-09-20T12:00:00
S00739,Demo Garden Centre 00739,CHAIN14,Canadian Demo Retail Chain 14,Calgary,AB,CA,T2P 1J1,ST039,Calgary,0739,Salesperson 239,Retail,2026-01-01,2026-09-20T12:00:00
S00740,Demo Garden Centre 00740,CHAIN15,Canadian Demo Retail Chain 15,Edmonton,AB,CA,T5J 0N2,ST040,Edmonton,0740,Salesperson 240,Retail,2026-01-01,2026-09-20T12:00:00
S00741,Demo Garden Centre 00741,CHAIN16,Canadian Demo Retail Chain 16,Vancouver,BC,CA,V6B 2W3,ST041,Vancouver,0741,Salesperson 241,Retail,2026-01-01,2026-09-20T12:00:00
S00742,Demo Garden Centre 00742,CHAIN17,Canadian Demo Retail Chain 17,Victoria,BC,CA,V8W 1P4,ST042,Victoria,0742,Salesperson 242,Retail,2026-01-01,2026-09-20T12:00:00
S00743,Demo Garden Centre 00743,CHAIN18,Canadian Demo Retail Chain 18,Winnipeg,MB,CA,R3B 1C5,ST043,Winnipeg,0743,Salesperson 243,Retail,2026-01-01,2026-09-20T12:00:00
S00744,Demo Garden Centre 00744,CHAIN19,Canadian Demo Retail Chain 19,Fredericton,NB,CA,E3B 1B6,ST044,Fredericton,0744,Salesperson 244,Retail,2026-01-01,2026-09-20T12:00:00
S00745,Demo Garden Centre 00745,CHAIN20,Canadian Demo Retail Chain 20,St. John's,NL,CA,A1C 1B7,ST045,St. John's,0745,Salesperson 245,Retail,2026-01-01,2026-09-20T12:00:00
S00746,Demo Garden Centre 00746,CHAIN21,Canadian Demo Retail Chain 21,Halifax,NS,CA,B3J 1M8,ST046,Halifax,0746,Salesperson 246,Retail,2026-01-01,2026-09-20T12:00:00
S00747,Demo Garden Centre 00747,CHAIN22,Canadian Demo Retail Chain 22,Toronto,ON,CA,M5H 2N9,ST047,Toronto,0747,Salesperson 247,Retail,2026-01-01,2026-09-20T12:00:00
S00748,Demo Garden Centre 00748,CHAIN23,Canadian Demo Retail Chain 23,Ottawa,ON,CA,K1P 1J1,ST048,Ottawa,0748,Salesperson 248,Retail,2026-01-01,2026-09-20T12:00:00
S00749,Demo Garden Centre 00749,CHAIN24,Canadian Demo Retail Chain 24,London,ON,CA,N6A 3K2,ST049,London,0749,Salesperson 249,Retail,2026-01-01,2026-09-20T12:00:00
S00750,Demo Garden Centre 00750,CHAIN25,Canadian Demo Retail Chain 25,Thunder Bay,ON,CA,P7B 5E3,ST050,Thunder Bay,0750,Salesperson 250,Retail,2026-01-01,2026-09-20T12:00:00
S00751,Demo Garden Centre 00751,CHAIN01,Canadian Demo Retail Chain 01,Charlottetown,PE,CA,C1A 1A4,ST051,Charlottetown,0751,Salesperson 001,Retail,2026-01-01,2026-09-20T12:00:00
S00752,Demo Garden Centre 00752,CHAIN02,Canadian Demo Retail Chain 02,Montreal,QC,CA,H2Y 1C5,ST052,Montreal,0752,Salesperson 002,Retail,2026-01-01,2026-09-20T12:00:00
S00753,Demo Garden Centre 00753,CHAIN03,Canadian Demo Retail Chain 03,Quebec City,QC,CA,G1R 4P6,ST053,Quebec City,0753,Salesperson 003,Retail,2026-01-01,2026-09-20T12:00:00
S00754,Demo Garden Centre 00754,CHAIN04,Canadian Demo Retail Chain 04,Saskatoon,SK,CA,S7K 1J7,ST054,Saskatoon,0754,Salesperson 004,Retail,2026-01-01,2026-09-20T12:00:00
S00755,Demo Garden Centre 00755,CHAIN05,Canadian Demo Retail Chain 05,Regina,SK,CA,S4P 3Y8,ST055,Regina,0755,Salesperson 005,Retail,2026-01-01,2026-09-20T12:00:00
S00756,Demo Garden Centre 00756,CHAIN06,Canadian Demo Retail Chain 06,Whitehorse,YT,CA,Y1A 2C9,ST056,Whitehorse,0756,Salesperson 006,Retail,2026-01-01,2026-09-20T12:00:00
S00757,Demo Garden Centre 00757,CHAIN07,Canadian Demo Retail Chain 07,Calgary,AB,CA,T2P 1J1,ST057,Calgary,0757,Salesperson 007,Retail,2026-01-01,2026-09-20T12:00:00
S00758,Demo Garden Centre 00758,CHAIN08,Canadian Demo Retail Chain 08,Edmonton,AB,CA,T5J 0N2,ST058,Edmonton,0758,Salesperson 008,Retail,2026-01-01,2026-09-20T12:00:00
S00759,Demo Garden Centre 00759,CHAIN09,Canadian Demo Retail Chain 09,Vancouver,BC,CA,V6B 2W3,ST059,Vancouver,0759,Salesperson 009,Retail,2026-01-01,2026-09-20T12:00:00
S00760,Demo Garden Centre 00760,CHAIN10,Canadian Demo Retail Chain 10,Victoria,BC,CA,V8W 1P4,ST060,Victoria,0760,Salesperson 010,Retail,2026-01-01,2026-09-20T12:00:00
S00761,Demo Garden Centre 00761,CHAIN11,Canadian Demo Retail Chain 11,Winnipeg,MB,CA,R3B 1C5,ST061,Winnipeg,0761,Salesperson 011,Retail,2026-01-01,2026-09-20T12:00:00
S00762,Demo Garden Centre 00762,CHAIN12,Canadian Demo Retail Chain 12,Fredericton,NB,CA,E3B 1B6,ST062,Fredericton,0762,Salesperson 012,Retail,2026-01-01,2026-09-20T12:00:00
S00763,Demo Garden Centre 00763,CHAIN13,Canadian Demo Retail Chain 13,St. John's,NL,CA,A1C 1B7,ST063,St. John's,0763,Salesperson 013,Retail,2026-01-01,2026-09-20T12:00:00
S00764,Demo Garden Centre 00764,CHAIN14,Canadian Demo Retail Chain 14,Halifax,NS,CA,B3J 1M8,ST064,Halifax,0764,Salesperson 014,Retail,2026-01-01,2026-09-20T12:00:00
S00765,Demo Garden Centre 00765,CHAIN15,Canadian Demo Retail Chain 15,Toronto,ON,CA,M5H 2N9,ST065,Toronto,0765,Salesperson 015,Retail,2026-01-01,2026-09-20T12:00:00
S00766,Demo Garden Centre 00766,CHAIN16,Canadian Demo Retail Chain 16,Ottawa,ON,CA,K1P 1J1,ST066,Ottawa,0766,Salesperson 016,Retail,2026-01-01,2026-09-20T12:00:00
S00767,Demo Garden Centre 00767,CHAIN17,Canadian Demo Retail Chain 17,London,ON,CA,N6A 3K2,ST067,London,0767,Salesperson 017,Retail,2026-01-01,2026-09-20T12:00:00
S00768,Demo Garden Centre 00768,CHAIN18,Canadian Demo Retail Chain 18,Thunder Bay,ON,CA,P7B 5E3,ST068,Thunder Bay,0768,Salesperson 018,Retail,2026-01-01,2026-09-20T12:00:00
S00769,Demo Garden Centre 00769,CHAIN19,Canadian Demo Retail Chain 19,Charlottetown,PE,CA,C1A 1A4,ST069,Charlottetown,0769,Salesperson 019,Retail,2026-01-01,2026-09-20T12:00:00
S00770,Demo Garden Centre 00770,CHAIN20,Canadian Demo Retail Chain 20,Montreal,QC,CA,H2Y 1C5,ST070,Montreal,0770,Salesperson 020,Retail,2026-01-01,2026-09-20T12:00:00
S00771,Demo Garden Centre 00771,CHAIN21,Canadian Demo Retail Chain 21,Quebec City,QC,CA,G1R 4P6,ST071,Quebec City,0771,Salesperson 021,Retail,2026-01-01,2026-09-20T12:00:00
S00772,Demo Garden Centre 00772,CHAIN22,Canadian Demo Retail Chain 22,Saskatoon,SK,CA,S7K 1J7,ST072,Saskatoon,0772,Salesperson 022,Retail,2026-01-01,2026-09-20T12:00:00
S00773,Demo Garden Centre 00773,CHAIN23,Canadian Demo Retail Chain 23,Regina,SK,CA,S4P 3Y8,ST073,Regina,0773,Salesperson 023,Retail,2026-01-01,2026-09-20T12:00:00
S00774,Demo Garden Centre 00774,CHAIN24,Canadian Demo Retail Chain 24,Whitehorse,YT,CA,Y1A 2C9,ST074,Whitehorse,0774,Salesperson 024,Retail,2026-01-01,2026-09-20T12:00:00
S00775,Demo Garden Centre 00775,CHAIN25,Canadian Demo Retail Chain 25,Calgary,AB,CA,T2P 1J1,ST075,Calgary,0775,Salesperson 025,Retail,2026-01-01,2026-09-20T12:00:00
S00776,Demo Garden Centre 00776,CHAIN01,Canadian Demo Retail Chain 01,Edmonton,AB,CA,T5J 0N2,ST076,Edmonton,0776,Salesperson 026,Retail,2026-01-01,2026-09-20T12:00:00
S00777,Demo Garden Centre 00777,CHAIN02,Canadian Demo Retail Chain 02,Vancouver,BC,CA,V6B 2W3,ST077,Vancouver,0777,Salesperson 027,Retail,2026-01-01,2026-09-20T12:00:00
S00778,Demo Garden Centre 00778,CHAIN03,Canadian Demo Retail Chain 03,Victoria,BC,CA,V8W 1P4,ST078,Victoria,0778,Salesperson 028,Retail,2026-01-01,2026-09-20T12:00:00
S00779,Demo Garden Centre 00779,CHAIN04,Canadian Demo Retail Chain 04,Winnipeg,MB,CA,R3B 1C5,ST079,Winnipeg,0779,Salesperson 029,Retail,2026-01-01,2026-09-20T12:00:00
S00780,Demo Garden Centre 00780,CHAIN05,Canadian Demo Retail Chain 05,Fredericton,NB,CA,E3B 1B6,ST080,Fredericton,0780,Salesperson 030,Retail,2026-01-01,2026-09-20T12:00:00
S00781,Demo Garden Centre 00781,CHAIN06,Canadian Demo Retail Chain 06,St. John's,NL,CA,A1C 1B7,ST081,St. John's,0781,Salesperson 031,Retail,2026-01-01,2026-09-20T12:00:00
S00782,Demo Garden Centre 00782,CHAIN07,Canadian Demo Retail Chain 07,Halifax,NS,CA,B3J 1M8,ST082,Halifax,0782,Salesperson 032,Retail,2026-01-01,2026-09-20T12:00:00
S00783,Demo Garden Centre 00783,CHAIN08,Canadian Demo Retail Chain 08,Toronto,ON,CA,M5H 2N9,ST083,Toronto,0783,Salesperson 033,Retail,2026-01-01,2026-09-20T12:00:00
S00784,Demo Garden Centre 00784,CHAIN09,Canadian Demo Retail Chain 09,Ottawa,ON,CA,K1P 1J1,ST084,Ottawa,0784,Salesperson 034,Retail,2026-01-01,2026-09-20T12:00:00
S00785,Demo Garden Centre 00785,CHAIN10,Canadian Demo Retail Chain 10,London,ON,CA,N6A 3K2,ST085,London,0785,Salesperson 035,Retail,2026-01-01,2026-09-20T12:00:00
S00786,Demo Garden Centre 00786,CHAIN11,Canadian Demo Retail Chain 11,Thunder Bay,ON,CA,P7B 5E3,ST086,Thunder Bay,0786,Salesperson 036,Retail,2026-01-01,2026-09-20T12:00:00
S00787,Demo Garden Centre 00787,CHAIN12,Canadian Demo Retail Chain 12,Charlottetown,PE,CA,C1A 1A4,ST087,Charlottetown,0787,Salesperson 037,Retail,2026-01-01,2026-09-20T12:00:00
S00788,Demo Garden Centre 00788,CHAIN13,Canadian Demo Retail Chain 13,Montreal,QC,CA,H2Y 1C5,ST088,Montreal,0788,Salesperson 038,Retail,2026-01-01,2026-09-20T12:00:00
S00789,Demo Garden Centre 00789,CHAIN14,Canadian Demo Retail Chain 14,Quebec City,QC,CA,G1R 4P6,ST089,Quebec City,0789,Salesperson 039,Retail,2026-01-01,2026-09-20T12:00:00
S00790,Demo Garden Centre 00790,CHAIN15,Canadian Demo Retail Chain 15,Saskatoon,SK,CA,S7K 1J7,ST090,Saskatoon,0790,Salesperson 040,Retail,2026-01-01,2026-09-20T12:00:00
S00791,Demo Garden Centre 00791,CHAIN16,Canadian Demo Retail Chain 16,Regina,SK,CA,S4P 3Y8,ST091,Regina,0791,Salesperson 041,Retail,2026-01-01,2026-09-20T12:00:00
S00792,Demo Garden Centre 00792,CHAIN17,Canadian Demo Retail Chain 17,Whitehorse,YT,CA,Y1A 2C9,ST092,Whitehorse,0792,Salesperson 042,Retail,2026-01-01,2026-09-20T12:00:00
S00793,Demo Garden Centre 00793,CHAIN18,Canadian Demo Retail Chain 18,Calgary,AB,CA,T2P 1J1,ST093,Calgary,0793,Salesperson 043,Retail,2026-01-01,2026-09-20T12:00:00
S00794,Demo Garden Centre 00794,CHAIN19,Canadian Demo Retail Chain 19,Edmonton,AB,CA,T5J 0N2,ST094,Edmonton,0794,Salesperson 044,Retail,2026-01-01,2026-09-20T12:00:00
S00795,Demo Garden Centre 00795,CHAIN20,Canadian Demo Retail Chain 20,Vancouver,BC,CA,V6B 2W3,ST095,Vancouver,0795,Salesperson 045,Retail,2026-01-01,2026-09-20T12:00:00
S00796,Demo Garden Centre 00796,CHAIN21,Canadian Demo Retail Chain 21,Victoria,BC,CA,V8W 1P4,ST096,Victoria,0796,Salesperson 046,Retail,2026-01-01,2026-09-20T12:00:00
S00797,Demo Garden Centre 00797,CHAIN22,Canadian Demo Retail Chain 22,Winnipeg,MB,CA,R3B 1C5,ST097,Winnipeg,0797,Salesperson 047,Retail,2026-01-01,2026-09-20T12:00:00
S00798,Demo Garden Centre 00798,CHAIN23,Canadian Demo Retail Chain 23,Fredericton,NB,CA,E3B 1B6,ST098,Fredericton,0798,Salesperson 048,Retail,2026-01-01,2026-09-20T12:00:00
S00799,Demo Garden Centre 00799,CHAIN24,Canadian Demo Retail Chain 24,St. John's,NL,CA,A1C 1B7,ST099,St. John's,0799,Salesperson 049,Retail,2026-01-01,2026-09-20T12:00:00
S00800,Demo Garden Centre 00800,CHAIN25,Canadian Demo Retail Chain 25,Halifax,NS,CA,B3J 1M8,ST100,Halifax,0800,Salesperson 050,Retail,2026-01-01,2026-09-20T12:00:00
S00801,Demo Garden Centre 00801,CHAIN01,Canadian Demo Retail Chain 01,Toronto,ON,CA,M5H 2N9,ST001,Toronto,0801,Salesperson 051,Retail,2026-01-01,2026-09-20T12:00:00
S00802,Demo Garden Centre 00802,CHAIN02,Canadian Demo Retail Chain 02,Ottawa,ON,CA,K1P 1J1,ST002,Ottawa,0802,Salesperson 052,Retail,2026-01-01,2026-09-20T12:00:00
S00803,Demo Garden Centre 00803,CHAIN03,Canadian Demo Retail Chain 03,London,ON,CA,N6A 3K2,ST003,London,0803,Salesperson 053,Retail,2026-01-01,2026-09-20T12:00:00
S00804,Demo Garden Centre 00804,CHAIN04,Canadian Demo Retail Chain 04,Thunder Bay,ON,CA,P7B 5E3,ST004,Thunder Bay,0804,Salesperson 054,Retail,2026-01-01,2026-09-20T12:00:00
S00805,Demo Garden Centre 00805,CHAIN05,Canadian Demo Retail Chain 05,Charlottetown,PE,CA,C1A 1A4,ST005,Charlottetown,0805,Salesperson 055,Retail,2026-01-01,2026-09-20T12:00:00
S00806,Demo Garden Centre 00806,CHAIN06,Canadian Demo Retail Chain 06,Montreal,QC,CA,H2Y 1C5,ST006,Montreal,0806,Salesperson 056,Retail,2026-01-01,2026-09-20T12:00:00
S00807,Demo Garden Centre 00807,CHAIN07,Canadian Demo Retail Chain 07,Quebec City,QC,CA,G1R 4P6,ST007,Quebec City,0807,Salesperson 057,Retail,2026-01-01,2026-09-20T12:00:00
S00808,Demo Garden Centre 00808,CHAIN08,Canadian Demo Retail Chain 08,Saskatoon,SK,CA,S7K 1J7,ST008,Saskatoon,0808,Salesperson 058,Retail,2026-01-01,2026-09-20T12:00:00
S00809,Demo Garden Centre 00809,CHAIN09,Canadian Demo Retail Chain 09,Regina,SK,CA,S4P 3Y8,ST009,Regina,0809,Salesperson 059,Retail,2026-01-01,2026-09-20T12:00:00
S00810,Demo Garden Centre 00810,CHAIN10,Canadian Demo Retail Chain 10,Whitehorse,YT,CA,Y1A 2C9,ST010,Whitehorse,0810,Salesperson 060,Retail,2026-01-01,2026-09-20T12:00:00
S00811,Demo Garden Centre 00811,CHAIN11,Canadian Demo Retail Chain 11,Calgary,AB,CA,T2P 1J1,ST011,Calgary,0811,Salesperson 061,Retail,2026-01-01,2026-09-20T12:00:00
S00812,Demo Garden Centre 00812,CHAIN12,Canadian Demo Retail Chain 12,Edmonton,AB,CA,T5J 0N2,ST012,Edmonton,0812,Salesperson 062,Retail,2026-01-01,2026-09-20T12:00:00
S00813,Demo Garden Centre 00813,CHAIN13,Canadian Demo Retail Chain 13,Vancouver,BC,CA,V6B 2W3,ST013,Vancouver,0813,Salesperson 063,Retail,2026-01-01,2026-09-20T12:00:00
S00814,Demo Garden Centre 00814,CHAIN14,Canadian Demo Retail Chain 14,Victoria,BC,CA,V8W 1P4,ST014,Victoria,0814,Salesperson 064,Retail,2026-01-01,2026-09-20T12:00:00
S00815,Demo Garden Centre 00815,CHAIN15,Canadian Demo Retail Chain 15,Winnipeg,MB,CA,R3B 1C5,ST015,Winnipeg,0815,Salesperson 065,Retail,2026-01-01,2026-09-20T12:00:00
S00816,Demo Garden Centre 00816,CHAIN16,Canadian Demo Retail Chain 16,Fredericton,NB,CA,E3B 1B6,ST016,Fredericton,0816,Salesperson 066,Retail,2026-01-01,2026-09-20T12:00:00
S00817,Demo Garden Centre 00817,CHAIN17,Canadian Demo Retail Chain 17,St. John's,NL,CA,A1C 1B7,ST017,St. John's,0817,Salesperson 067,Retail,2026-01-01,2026-09-20T12:00:00
S00818,Demo Garden Centre 00818,CHAIN18,Canadian Demo Retail Chain 18,Halifax,NS,CA,B3J 1M8,ST018,Halifax,0818,Salesperson 068,Retail,2026-01-01,2026-09-20T12:00:00
S00819,Demo Garden Centre 00819,CHAIN19,Canadian Demo Retail Chain 19,Toronto,ON,CA,M5H 2N9,ST019,Toronto,0819,Salesperson 069,Retail,2026-01-01,2026-09-20T12:00:00
S00820,Demo Garden Centre 00820,CHAIN20,Canadian Demo Retail Chain 20,Ottawa,ON,CA,K1P 1J1,ST020,Ottawa,0820,Salesperson 070,Retail,2026-01-01,2026-09-20T12:00:00
S00821,Demo Garden Centre 00821,CHAIN21,Canadian Demo Retail Chain 21,London,ON,CA,N6A 3K2,ST021,London,0821,Salesperson 071,Retail,2026-01-01,2026-09-20T12:00:00
S00822,Demo Garden Centre 00822,CHAIN22,Canadian Demo Retail Chain 22,Thunder Bay,ON,CA,P7B 5E3,ST022,Thunder Bay,0822,Salesperson 072,Retail,2026-01-01,2026-09-20T12:00:00
S00823,Demo Garden Centre 00823,CHAIN23,Canadian Demo Retail Chain 23,Charlottetown,PE,CA,C1A 1A4,ST023,Charlottetown,0823,Salesperson 073,Retail,2026-01-01,2026-09-20T12:00:00
S00824,Demo Garden Centre 00824,CHAIN24,Canadian Demo Retail Chain 24,Montreal,QC,CA,H2Y 1C5,ST024,Montreal,0824,Salesperson 074,Retail,2026-01-01,2026-09-20T12:00:00
S00825,Demo Garden Centre 00825,CHAIN25,Canadian Demo Retail Chain 25,Quebec City,QC,CA,G1R 4P6,ST025,Quebec City,0825,Salesperson 075,Retail,2026-01-01,2026-09-20T12:00:00
S00826,Demo Garden Centre 00826,CHAIN01,Canadian Demo Retail Chain 01,Saskatoon,SK,CA,S7K 1J7,ST026,Saskatoon,0826,Salesperson 076,Retail,2026-01-01,2026-09-20T12:00:00
S00827,Demo Garden Centre 00827,CHAIN02,Canadian Demo Retail Chain 02,Regina,SK,CA,S4P 3Y8,ST027,Regina,0827,Salesperson 077,Retail,2026-01-01,2026-09-20T12:00:00
S00828,Demo Garden Centre 00828,CHAIN03,Canadian Demo Retail Chain 03,Whitehorse,YT,CA,Y1A 2C9,ST028,Whitehorse,0828,Salesperson 078,Retail,2026-01-01,2026-09-20T12:00:00
S00829,Demo Garden Centre 00829,CHAIN04,Canadian Demo Retail Chain 04,Calgary,AB,CA,T2P 1J1,ST029,Calgary,0829,Salesperson 079,Retail,2026-01-01,2026-09-20T12:00:00
S00830,Demo Garden Centre 00830,CHAIN05,Canadian Demo Retail Chain 05,Edmonton,AB,CA,T5J 0N2,ST030,Edmonton,0830,Salesperson 080,Retail,2026-01-01,2026-09-20T12:00:00
S00831,Demo Garden Centre 00831,CHAIN06,Canadian Demo Retail Chain 06,Vancouver,BC,CA,V6B 2W3,ST031,Vancouver,0831,Salesperson 081,Retail,2026-01-01,2026-09-20T12:00:00
S00832,Demo Garden Centre 00832,CHAIN07,Canadian Demo Retail Chain 07,Victoria,BC,CA,V8W 1P4,ST032,Victoria,0832,Salesperson 082,Retail,2026-01-01,2026-09-20T12:00:00
S00833,Demo Garden Centre 00833,CHAIN08,Canadian Demo Retail Chain 08,Winnipeg,MB,CA,R3B 1C5,ST033,Winnipeg,0833,Salesperson 083,Retail,2026-01-01,2026-09-20T12:00:00
S00834,Demo Garden Centre 00834,CHAIN09,Canadian Demo Retail Chain 09,Fredericton,NB,CA,E3B 1B6,ST034,Fredericton,0834,Salesperson 084,Retail,2026-01-01,2026-09-20T12:00:00
S00835,Demo Garden Centre 00835,CHAIN10,Canadian Demo Retail Chain 10,St. John's,NL,CA,A1C 1B7,ST035,St. John's,0835,Salesperson 085,Retail,2026-01-01,2026-09-20T12:00:00
S00836,Demo Garden Centre 00836,CHAIN11,Canadian Demo Retail Chain 11,Halifax,NS,CA,B3J 1M8,ST036,Halifax,0836,Salesperson 086,Retail,2026-01-01,2026-09-20T12:00:00
S00837,Demo Garden Centre 00837,CHAIN12,Canadian Demo Retail Chain 12,Toronto,ON,CA,M5H 2N9,ST037,Toronto,0837,Salesperson 087,Retail,2026-01-01,2026-09-20T12:00:00
S00838,Demo Garden Centre 00838,CHAIN13,Canadian Demo Retail Chain 13,Ottawa,ON,CA,K1P 1J1,ST038,Ottawa,0838,Salesperson 088,Retail,2026-01-01,2026-09-20T12:00:00
S00839,Demo Garden Centre 00839,CHAIN14,Canadian Demo Retail Chain 14,London,ON,CA,N6A 3K2,ST039,London,0839,Salesperson 089,Retail,2026-01-01,2026-09-20T12:00:00
S00840,Demo Garden Centre 00840,CHAIN15,Canadian Demo Retail Chain 15,Thunder Bay,ON,CA,P7B 5E3,ST040,Thunder Bay,0840,Salesperson 090,Retail,2026-01-01,2026-09-20T12:00:00
S00841,Demo Garden Centre 00841,CHAIN16,Canadian Demo Retail Chain 16,Charlottetown,PE,CA,C1A 1A4,ST041,Charlottetown,0841,Salesperson 091,Retail,2026-01-01,2026-09-20T12:00:00
S00842,Demo Garden Centre 00842,CHAIN17,Canadian Demo Retail Chain 17,Montreal,QC,CA,H2Y 1C5,ST042,Montreal,0842,Salesperson 092,Retail,2026-01-01,2026-09-20T12:00:00
S00843,Demo Garden Centre 00843,CHAIN18,Canadian Demo Retail Chain 18,Quebec City,QC,CA,G1R 4P6,ST043,Quebec City,0843,Salesperson 093,Retail,2026-01-01,2026-09-20T12:00:00
S00844,Demo Garden Centre 00844,CHAIN19,Canadian Demo Retail Chain 19,Saskatoon,SK,CA,S7K 1J7,ST044,Saskatoon,0844,Salesperson 094,Retail,2026-01-01,2026-09-20T12:00:00
S00845,Demo Garden Centre 00845,CHAIN20,Canadian Demo Retail Chain 20,Regina,SK,CA,S4P 3Y8,ST045,Regina,0845,Salesperson 095,Retail,2026-01-01,2026-09-20T12:00:00
S00846,Demo Garden Centre 00846,CHAIN21,Canadian Demo Retail Chain 21,Whitehorse,YT,CA,Y1A 2C9,ST046,Whitehorse,0846,Salesperson 096,Retail,2026-01-01,2026-09-20T12:00:00
S00847,Demo Garden Centre 00847,CHAIN22,Canadian Demo Retail Chain 22,Calgary,AB,CA,T2P 1J1,ST047,Calgary,0847,Salesperson 097,Retail,2026-01-01,2026-09-20T12:00:00
S00848,Demo Garden Centre 00848,CHAIN23,Canadian Demo Retail Chain 23,Edmonton,AB,CA,T5J 0N2,ST048,Edmonton,0848,Salesperson 098,Retail,2026-01-01,2026-09-20T12:00:00
S00849,Demo Garden Centre 00849,CHAIN24,Canadian Demo Retail Chain 24,Vancouver,BC,CA,V6B 2W3,ST049,Vancouver,0849,Salesperson 099,Retail,2026-01-01,2026-09-20T12:00:00
S00850,Demo Garden Centre 00850,CHAIN25,Canadian Demo Retail Chain 25,Victoria,BC,CA,V8W 1P4,ST050,Victoria,0850,Salesperson 100,Retail,2026-01-01,2026-09-20T12:00:00
S00851,Demo Garden Centre 00851,CHAIN01,Canadian Demo Retail Chain 01,Winnipeg,MB,CA,R3B 1C5,ST051,Winnipeg,0851,Salesperson 101,Retail,2026-01-01,2026-09-20T12:00:00
S00852,Demo Garden Centre 00852,CHAIN02,Canadian Demo Retail Chain 02,Fredericton,NB,CA,E3B 1B6,ST052,Fredericton,0852,Salesperson 102,Retail,2026-01-01,2026-09-20T12:00:00
S00853,Demo Garden Centre 00853,CHAIN03,Canadian Demo Retail Chain 03,St. John's,NL,CA,A1C 1B7,ST053,St. John's,0853,Salesperson 103,Retail,2026-01-01,2026-09-20T12:00:00
S00854,Demo Garden Centre 00854,CHAIN04,Canadian Demo Retail Chain 04,Halifax,NS,CA,B3J 1M8,ST054,Halifax,0854,Salesperson 104,Retail,2026-01-01,2026-09-20T12:00:00
S00855,Demo Garden Centre 00855,CHAIN05,Canadian Demo Retail Chain 05,Toronto,ON,CA,M5H 2N9,ST055,Toronto,0855,Salesperson 105,Retail,2026-01-01,2026-09-20T12:00:00
S00856,Demo Garden Centre 00856,CHAIN06,Canadian Demo Retail Chain 06,Ottawa,ON,CA,K1P 1J1,ST056,Ottawa,0856,Salesperson 106,Retail,2026-01-01,2026-09-20T12:00:00
S00857,Demo Garden Centre 00857,CHAIN07,Canadian Demo Retail Chain 07,London,ON,CA,N6A 3K2,ST057,London,0857,Salesperson 107,Retail,2026-01-01,2026-09-20T12:00:00
S00858,Demo Garden Centre 00858,CHAIN08,Canadian Demo Retail Chain 08,Thunder Bay,ON,CA,P7B 5E3,ST058,Thunder Bay,0858,Salesperson 108,Retail,2026-01-01,2026-09-20T12:00:00
S00859,Demo Garden Centre 00859,CHAIN09,Canadian Demo Retail Chain 09,Charlottetown,PE,CA,C1A 1A4,ST059,Charlottetown,0859,Salesperson 109,Retail,2026-01-01,2026-09-20T12:00:00
S00860,Demo Garden Centre 00860,CHAIN10,Canadian Demo Retail Chain 10,Montreal,QC,CA,H2Y 1C5,ST060,Montreal,0860,Salesperson 110,Retail,2026-01-01,2026-09-20T12:00:00
S00861,Demo Garden Centre 00861,CHAIN11,Canadian Demo Retail Chain 11,Quebec City,QC,CA,G1R 4P6,ST061,Quebec City,0861,Salesperson 111,Retail,2026-01-01,2026-09-20T12:00:00
S00862,Demo Garden Centre 00862,CHAIN12,Canadian Demo Retail Chain 12,Saskatoon,SK,CA,S7K 1J7,ST062,Saskatoon,0862,Salesperson 112,Retail,2026-01-01,2026-09-20T12:00:00
S00863,Demo Garden Centre 00863,CHAIN13,Canadian Demo Retail Chain 13,Regina,SK,CA,S4P 3Y8,ST063,Regina,0863,Salesperson 113,Retail,2026-01-01,2026-09-20T12:00:00
S00864,Demo Garden Centre 00864,CHAIN14,Canadian Demo Retail Chain 14,Whitehorse,YT,CA,Y1A 2C9,ST064,Whitehorse,0864,Salesperson 114,Retail,2026-01-01,2026-09-20T12:00:00
S00865,Demo Garden Centre 00865,CHAIN15,Canadian Demo Retail Chain 15,Calgary,AB,CA,T2P 1J1,ST065,Calgary,0865,Salesperson 115,Retail,2026-01-01,2026-09-20T12:00:00
S00866,Demo Garden Centre 00866,CHAIN16,Canadian Demo Retail Chain 16,Edmonton,AB,CA,T5J 0N2,ST066,Edmonton,0866,Salesperson 116,Retail,2026-01-01,2026-09-20T12:00:00
S00867,Demo Garden Centre 00867,CHAIN17,Canadian Demo Retail Chain 17,Vancouver,BC,CA,V6B 2W3,ST067,Vancouver,0867,Salesperson 117,Retail,2026-01-01,2026-09-20T12:00:00
S00868,Demo Garden Centre 00868,CHAIN18,Canadian Demo Retail Chain 18,Victoria,BC,CA,V8W 1P4,ST068,Victoria,0868,Salesperson 118,Retail,2026-01-01,2026-09-20T12:00:00
S00869,Demo Garden Centre 00869,CHAIN19,Canadian Demo Retail Chain 19,Winnipeg,MB,CA,R3B 1C5,ST069,Winnipeg,0869,Salesperson 119,Retail,2026-01-01,2026-09-20T12:00:00
S00870,Demo Garden Centre 00870,CHAIN20,Canadian Demo Retail Chain 20,Fredericton,NB,CA,E3B 1B6,ST070,Fredericton,0870,Salesperson 120,Retail,2026-01-01,2026-09-20T12:00:00
S00871,Demo Garden Centre 00871,CHAIN21,Canadian Demo Retail Chain 21,St. John's,NL,CA,A1C 1B7,ST071,St. John's,0871,Salesperson 121,Retail,2026-01-01,2026-09-20T12:00:00
S00872,Demo Garden Centre 00872,CHAIN22,Canadian Demo Retail Chain 22,Halifax,NS,CA,B3J 1M8,ST072,Halifax,0872,Salesperson 122,Retail,2026-01-01,2026-09-20T12:00:00
S00873,Demo Garden Centre 00873,CHAIN23,Canadian Demo Retail Chain 23,Toronto,ON,CA,M5H 2N9,ST073,Toronto,0873,Salesperson 123,Retail,2026-01-01,2026-09-20T12:00:00
S00874,Demo Garden Centre 00874,CHAIN24,Canadian Demo Retail Chain 24,Ottawa,ON,CA,K1P 1J1,ST074,Ottawa,0874,Salesperson 124,Retail,2026-01-01,2026-09-20T12:00:00
S00875,Demo Garden Centre 00875,CHAIN25,Canadian Demo Retail Chain 25,London,ON,CA,N6A 3K2,ST075,London,0875,Salesperson 125,Retail,2026-01-01,2026-09-20T12:00:00
S00876,Demo Garden Centre 00876,CHAIN01,Canadian Demo Retail Chain 01,Thunder Bay,ON,CA,P7B 5E3,ST076,Thunder Bay,0876,Salesperson 126,Retail,2026-01-01,2026-09-20T12:00:00
S00877,Demo Garden Centre 00877,CHAIN02,Canadian Demo Retail Chain 02,Charlottetown,PE,CA,C1A 1A4,ST077,Charlottetown,0877,Salesperson 127,Retail,2026-01-01,2026-09-20T12:00:00
S00878,Demo Garden Centre 00878,CHAIN03,Canadian Demo Retail Chain 03,Montreal,QC,CA,H2Y 1C5,ST078,Montreal,0878,Salesperson 128,Retail,2026-01-01,2026-09-20T12:00:00
S00879,Demo Garden Centre 00879,CHAIN04,Canadian Demo Retail Chain 04,Quebec City,QC,CA,G1R 4P6,ST079,Quebec City,0879,Salesperson 129,Retail,2026-01-01,2026-09-20T12:00:00
S00880,Demo Garden Centre 00880,CHAIN05,Canadian Demo Retail Chain 05,Saskatoon,SK,CA,S7K 1J7,ST080,Saskatoon,0880,Salesperson 130,Retail,2026-01-01,2026-09-20T12:00:00
S00881,Demo Garden Centre 00881,CHAIN06,Canadian Demo Retail Chain 06,Regina,SK,CA,S4P 3Y8,ST081,Regina,0881,Salesperson 131,Retail,2026-01-01,2026-09-20T12:00:00
S00882,Demo Garden Centre 00882,CHAIN07,Canadian Demo Retail Chain 07,Whitehorse,YT,CA,Y1A 2C9,ST082,Whitehorse,0882,Salesperson 132,Retail,2026-01-01,2026-09-20T12:00:00
S00883,Demo Garden Centre 00883,CHAIN08,Canadian Demo Retail Chain 08,Calgary,AB,CA,T2P 1J1,ST083,Calgary,0883,Salesperson 133,Retail,2026-01-01,2026-09-20T12:00:00
S00884,Demo Garden Centre 00884,CHAIN09,Canadian Demo Retail Chain 09,Edmonton,AB,CA,T5J 0N2,ST084,Edmonton,0884,Salesperson 134,Retail,2026-01-01,2026-09-20T12:00:00
S00885,Demo Garden Centre 00885,CHAIN10,Canadian Demo Retail Chain 10,Vancouver,BC,CA,V6B 2W3,ST085,Vancouver,0885,Salesperson 135,Retail,2026-01-01,2026-09-20T12:00:00
S00886,Demo Garden Centre 00886,CHAIN11,Canadian Demo Retail Chain 11,Victoria,BC,CA,V8W 1P4,ST086,Victoria,0886,Salesperson 136,Retail,2026-01-01,2026-09-20T12:00:00
S00887,Demo Garden Centre 00887,CHAIN12,Canadian Demo Retail Chain 12,Winnipeg,MB,CA,R3B 1C5,ST087,Winnipeg,0887,Salesperson 137,Retail,2026-01-01,2026-09-20T12:00:00
S00888,Demo Garden Centre 00888,CHAIN13,Canadian Demo Retail Chain 13,Fredericton,NB,CA,E3B 1B6,ST088,Fredericton,0888,Salesperson 138,Retail,2026-01-01,2026-09-20T12:00:00
S00889,Demo Garden Centre 00889,CHAIN14,Canadian Demo Retail Chain 14,St. John's,NL,CA,A1C 1B7,ST089,St. John's,0889,Salesperson 139,Retail,2026-01-01,2026-09-20T12:00:00
S00890,Demo Garden Centre 00890,CHAIN15,Canadian Demo Retail Chain 15,Halifax,NS,CA,B3J 1M8,ST090,Halifax,0890,Salesperson 140,Retail,2026-01-01,2026-09-20T12:00:00
S00891,Demo Garden Centre 00891,CHAIN16,Canadian Demo Retail Chain 16,Toronto,ON,CA,M5H 2N9,ST091,Toronto,0891,Salesperson 141,Retail,2026-01-01,2026-09-20T12:00:00
S00892,Demo Garden Centre 00892,CHAIN17,Canadian Demo Retail Chain 17,Ottawa,ON,CA,K1P 1J1,ST092,Ottawa,0892,Salesperson 142,Retail,2026-01-01,2026-09-20T12:00:00
S00893,Demo Garden Centre 00893,CHAIN18,Canadian Demo Retail Chain 18,London,ON,CA,N6A 3K2,ST093,London,0893,Salesperson 143,Retail,2026-01-01,2026-09-20T12:00:00
S00894,Demo Garden Centre 00894,CHAIN19,Canadian Demo Retail Chain 19,Thunder Bay,ON,CA,P7B 5E3,ST094,Thunder Bay,0894,Salesperson 144,Retail,2026-01-01,2026-09-20T12:00:00
S00895,Demo Garden Centre 00895,CHAIN20,Canadian Demo Retail Chain 20,Charlottetown,PE,CA,C1A 1A4,ST095,Charlottetown,0895,Salesperson 145,Retail,2026-01-01,2026-09-20T12:00:00
S00896,Demo Garden Centre 00896,CHAIN21,Canadian Demo Retail Chain 21,Montreal,QC,CA,H2Y 1C5,ST096,Montreal,0896,Salesperson 146,Retail,2026-01-01,2026-09-20T12:00:00
S00897,Demo Garden Centre 00897,CHAIN22,Canadian Demo Retail Chain 22,Quebec City,QC,CA,G1R 4P6,ST097,Quebec City,0897,Salesperson 147,Retail,2026-01-01,2026-09-20T12:00:00
S00898,Demo Garden Centre 00898,CHAIN23,Canadian Demo Retail Chain 23,Saskatoon,SK,CA,S7K 1J7,ST098,Saskatoon,0898,Salesperson 148,Retail,2026-01-01,2026-09-20T12:00:00
S00899,Demo Garden Centre 00899,CHAIN24,Canadian Demo Retail Chain 24,Regina,SK,CA,S4P 3Y8,ST099,Regina,0899,Salesperson 149,Retail,2026-01-01,2026-09-20T12:00:00
S00900,Demo Garden Centre 00900,CHAIN25,Canadian Demo Retail Chain 25,Whitehorse,YT,CA,Y1A 2C9,ST100,Whitehorse,0900,Salesperson 150,Retail,2026-01-01,2026-09-20T12:00:00
S00901,Demo Garden Centre 00901,CHAIN01,Canadian Demo Retail Chain 01,Calgary,AB,CA,T2P 1J1,ST001,Calgary,0901,Salesperson 151,Retail,2026-01-01,2026-09-20T12:00:00
S00902,Demo Garden Centre 00902,CHAIN02,Canadian Demo Retail Chain 02,Edmonton,AB,CA,T5J 0N2,ST002,Edmonton,0902,Salesperson 152,Retail,2026-01-01,2026-09-20T12:00:00
S00903,Demo Garden Centre 00903,CHAIN03,Canadian Demo Retail Chain 03,Vancouver,BC,CA,V6B 2W3,ST003,Vancouver,0903,Salesperson 153,Retail,2026-01-01,2026-09-20T12:00:00
S00904,Demo Garden Centre 00904,CHAIN04,Canadian Demo Retail Chain 04,Victoria,BC,CA,V8W 1P4,ST004,Victoria,0904,Salesperson 154,Retail,2026-01-01,2026-09-20T12:00:00
S00905,Demo Garden Centre 00905,CHAIN05,Canadian Demo Retail Chain 05,Winnipeg,MB,CA,R3B 1C5,ST005,Winnipeg,0905,Salesperson 155,Retail,2026-01-01,2026-09-20T12:00:00
S00906,Demo Garden Centre 00906,CHAIN06,Canadian Demo Retail Chain 06,Fredericton,NB,CA,E3B 1B6,ST006,Fredericton,0906,Salesperson 156,Retail,2026-01-01,2026-09-20T12:00:00
S00907,Demo Garden Centre 00907,CHAIN07,Canadian Demo Retail Chain 07,St. John's,NL,CA,A1C 1B7,ST007,St. John's,0907,Salesperson 157,Retail,2026-01-01,2026-09-20T12:00:00
S00908,Demo Garden Centre 00908,CHAIN08,Canadian Demo Retail Chain 08,Halifax,NS,CA,B3J 1M8,ST008,Halifax,0908,Salesperson 158,Retail,2026-01-01,2026-09-20T12:00:00
S00909,Demo Garden Centre 00909,CHAIN09,Canadian Demo Retail Chain 09,Toronto,ON,CA,M5H 2N9,ST009,Toronto,0909,Salesperson 159,Retail,2026-01-01,2026-09-20T12:00:00
S00910,Demo Garden Centre 00910,CHAIN10,Canadian Demo Retail Chain 10,Ottawa,ON,CA,K1P 1J1,ST010,Ottawa,0910,Salesperson 160,Retail,2026-01-01,2026-09-20T12:00:00
S00911,Demo Garden Centre 00911,CHAIN11,Canadian Demo Retail Chain 11,London,ON,CA,N6A 3K2,ST011,London,0911,Salesperson 161,Retail,2026-01-01,2026-09-20T12:00:00
S00912,Demo Garden Centre 00912,CHAIN12,Canadian Demo Retail Chain 12,Thunder Bay,ON,CA,P7B 5E3,ST012,Thunder Bay,0912,Salesperson 162,Retail,2026-01-01,2026-09-20T12:00:00
S00913,Demo Garden Centre 00913,CHAIN13,Canadian Demo Retail Chain 13,Charlottetown,PE,CA,C1A 1A4,ST013,Charlottetown,0913,Salesperson 163,Retail,2026-01-01,2026-09-20T12:00:00
S00914,Demo Garden Centre 00914,CHAIN14,Canadian Demo Retail Chain 14,Montreal,QC,CA,H2Y 1C5,ST014,Montreal,0914,Salesperson 164,Retail,2026-01-01,2026-09-20T12:00:00
S00915,Demo Garden Centre 00915,CHAIN15,Canadian Demo Retail Chain 15,Quebec City,QC,CA,G1R 4P6,ST015,Quebec City,0915,Salesperson 165,Retail,2026-01-01,2026-09-20T12:00:00
S00916,Demo Garden Centre 00916,CHAIN16,Canadian Demo Retail Chain 16,Saskatoon,SK,CA,S7K 1J7,ST016,Saskatoon,0916,Salesperson 166,Retail,2026-01-01,2026-09-20T12:00:00
S00917,Demo Garden Centre 00917,CHAIN17,Canadian Demo Retail Chain 17,Regina,SK,CA,S4P 3Y8,ST017,Regina,0917,Salesperson 167,Retail,2026-01-01,2026-09-20T12:00:00
S00918,Demo Garden Centre 00918,CHAIN18,Canadian Demo Retail Chain 18,Whitehorse,YT,CA,Y1A 2C9,ST018,Whitehorse,0918,Salesperson 168,Retail,2026-01-01,2026-09-20T12:00:00
S00919,Demo Garden Centre 00919,CHAIN19,Canadian Demo Retail Chain 19,Calgary,AB,CA,T2P 1J1,ST019,Calgary,0919,Salesperson 169,Retail,2026-01-01,2026-09-20T12:00:00
S00920,Demo Garden Centre 00920,CHAIN20,Canadian Demo Retail Chain 20,Edmonton,AB,CA,T5J 0N2,ST020,Edmonton,0920,Salesperson 170,Retail,2026-01-01,2026-09-20T12:00:00
S00921,Demo Garden Centre 00921,CHAIN21,Canadian Demo Retail Chain 21,Vancouver,BC,CA,V6B 2W3,ST021,Vancouver,0921,Salesperson 171,Retail,2026-01-01,2026-09-20T12:00:00
S00922,Demo Garden Centre 00922,CHAIN22,Canadian Demo Retail Chain 22,Victoria,BC,CA,V8W 1P4,ST022,Victoria,0922,Salesperson 172,Retail,2026-01-01,2026-09-20T12:00:00
S00923,Demo Garden Centre 00923,CHAIN23,Canadian Demo Retail Chain 23,Winnipeg,MB,CA,R3B 1C5,ST023,Winnipeg,0923,Salesperson 173,Retail,2026-01-01,2026-09-20T12:00:00
S00924,Demo Garden Centre 00924,CHAIN24,Canadian Demo Retail Chain 24,Fredericton,NB,CA,E3B 1B6,ST024,Fredericton,0924,Salesperson 174,Retail,2026-01-01,2026-09-20T12:00:00
S00925,Demo Garden Centre 00925,CHAIN25,Canadian Demo Retail Chain 25,St. John's,NL,CA,A1C 1B7,ST025,St. John's,0925,Salesperson 175,Retail,2026-01-01,2026-09-20T12:00:00
S00926,Demo Garden Centre 00926,CHAIN01,Canadian Demo Retail Chain 01,Halifax,NS,CA,B3J 1M8,ST026,Halifax,0926,Salesperson 176,Retail,2026-01-01,2026-09-20T12:00:00
S00927,Demo Garden Centre 00927,CHAIN02,Canadian Demo Retail Chain 02,Toronto,ON,CA,M5H 2N9,ST027,Toronto,0927,Salesperson 177,Retail,2026-01-01,2026-09-20T12:00:00
S00928,Demo Garden Centre 00928,CHAIN03,Canadian Demo Retail Chain 03,Ottawa,ON,CA,K1P 1J1,ST028,Ottawa,0928,Salesperson 178,Retail,2026-01-01,2026-09-20T12:00:00
S00929,Demo Garden Centre 00929,CHAIN04,Canadian Demo Retail Chain 04,London,ON,CA,N6A 3K2,ST029,London,0929,Salesperson 179,Retail,2026-01-01,2026-09-20T12:00:00
S00930,Demo Garden Centre 00930,CHAIN05,Canadian Demo Retail Chain 05,Thunder Bay,ON,CA,P7B 5E3,ST030,Thunder Bay,0930,Salesperson 180,Retail,2026-01-01,2026-09-20T12:00:00
S00931,Demo Garden Centre 00931,CHAIN06,Canadian Demo Retail Chain 06,Charlottetown,PE,CA,C1A 1A4,ST031,Charlottetown,0931,Salesperson 181,Retail,2026-01-01,2026-09-20T12:00:00
S00932,Demo Garden Centre 00932,CHAIN07,Canadian Demo Retail Chain 07,Montreal,QC,CA,H2Y 1C5,ST032,Montreal,0932,Salesperson 182,Retail,2026-01-01,2026-09-20T12:00:00
S00933,Demo Garden Centre 00933,CHAIN08,Canadian Demo Retail Chain 08,Quebec City,QC,CA,G1R 4P6,ST033,Quebec City,0933,Salesperson 183,Retail,2026-01-01,2026-09-20T12:00:00
S00934,Demo Garden Centre 00934,CHAIN09,Canadian Demo Retail Chain 09,Saskatoon,SK,CA,S7K 1J7,ST034,Saskatoon,0934,Salesperson 184,Retail,2026-01-01,2026-09-20T12:00:00
S00935,Demo Garden Centre 00935,CHAIN10,Canadian Demo Retail Chain 10,Regina,SK,CA,S4P 3Y8,ST035,Regina,0935,Salesperson 185,Retail,2026-01-01,2026-09-20T12:00:00
S00936,Demo Garden Centre 00936,CHAIN11,Canadian Demo Retail Chain 11,Whitehorse,YT,CA,Y1A 2C9,ST036,Whitehorse,0936,Salesperson 186,Retail,2026-01-01,2026-09-20T12:00:00
S00937,Demo Garden Centre 00937,CHAIN12,Canadian Demo Retail Chain 12,Calgary,AB,CA,T2P 1J1,ST037,Calgary,0937,Salesperson 187,Retail,2026-01-01,2026-09-20T12:00:00
S00938,Demo Garden Centre 00938,CHAIN13,Canadian Demo Retail Chain 13,Edmonton,AB,CA,T5J 0N2,ST038,Edmonton,0938,Salesperson 188,Retail,2026-01-01,2026-09-20T12:00:00
S00939,Demo Garden Centre 00939,CHAIN14,Canadian Demo Retail Chain 14,Vancouver,BC,CA,V6B 2W3,ST039,Vancouver,0939,Salesperson 189,Retail,2026-01-01,2026-09-20T12:00:00
S00940,Demo Garden Centre 00940,CHAIN15,Canadian Demo Retail Chain 15,Victoria,BC,CA,V8W 1P4,ST040,Victoria,0940,Salesperson 190,Retail,2026-01-01,2026-09-20T12:00:00
S00941,Demo Garden Centre 00941,CHAIN16,Canadian Demo Retail Chain 16,Winnipeg,MB,CA,R3B 1C5,ST041,Winnipeg,0941,Salesperson 191,Retail,2026-01-01,2026-09-20T12:00:00
S00942,Demo Garden Centre 00942,CHAIN17,Canadian Demo Retail Chain 17,Fredericton,NB,CA,E3B 1B6,ST042,Fredericton,0942,Salesperson 192,Retail,2026-01-01,2026-09-20T12:00:00
S00943,Demo Garden Centre 00943,CHAIN18,Canadian Demo Retail Chain 18,St. John's,NL,CA,A1C 1B7,ST043,St. John's,0943,Salesperson 193,Retail,2026-01-01,2026-09-20T12:00:00
S00944,Demo Garden Centre 00944,CHAIN19,Canadian Demo Retail Chain 19,Halifax,NS,CA,B3J 1M8,ST044,Halifax,0944,Salesperson 194,Retail,2026-01-01,2026-09-20T12:00:00
S00945,Demo Garden Centre 00945,CHAIN20,Canadian Demo Retail Chain 20,Toronto,ON,CA,M5H 2N9,ST045,Toronto,0945,Salesperson 195,Retail,2026-01-01,2026-09-20T12:00:00
S00946,Demo Garden Centre 00946,CHAIN21,Canadian Demo Retail Chain 21,Ottawa,ON,CA,K1P 1J1,ST046,Ottawa,0946,Salesperson 196,Retail,2026-01-01,2026-09-20T12:00:00
S00947,Demo Garden Centre 00947,CHAIN22,Canadian Demo Retail Chain 22,London,ON,CA,N6A 3K2,ST047,London,0947,Salesperson 197,Retail,2026-01-01,2026-09-20T12:00:00
S00948,Demo Garden Centre 00948,CHAIN23,Canadian Demo Retail Chain 23,Thunder Bay,ON,CA,P7B 5E3,ST048,Thunder Bay,0948,Salesperson 198,Retail,2026-01-01,2026-09-20T12:00:00
S00949,Demo Garden Centre 00949,CHAIN24,Canadian Demo Retail Chain 24,Charlottetown,PE,CA,C1A 1A4,ST049,Charlottetown,0949,Salesperson 199,Retail,2026-01-01,2026-09-20T12:00:00
S00950,Demo Garden Centre 00950,CHAIN25,Canadian Demo Retail Chain 25,Montreal,QC,CA,H2Y 1C5,ST050,Montreal,0950,Salesperson 200,Retail,2026-01-01,2026-09-20T12:00:00
S00951,Demo Garden Centre 00951,CHAIN01,Canadian Demo Retail Chain 01,Quebec City,QC,CA,G1R 4P6,ST051,Quebec City,0951,Salesperson 201,Retail,2026-01-01,2026-09-20T12:00:00
S00952,Demo Garden Centre 00952,CHAIN02,Canadian Demo Retail Chain 02,Saskatoon,SK,CA,S7K 1J7,ST052,Saskatoon,0952,Salesperson 202,Retail,2026-01-01,2026-09-20T12:00:00
S00953,Demo Garden Centre 00953,CHAIN03,Canadian Demo Retail Chain 03,Regina,SK,CA,S4P 3Y8,ST053,Regina,0953,Salesperson 203,Retail,2026-01-01,2026-09-20T12:00:00
S00954,Demo Garden Centre 00954,CHAIN04,Canadian Demo Retail Chain 04,Whitehorse,YT,CA,Y1A 2C9,ST054,Whitehorse,0954,Salesperson 204,Retail,2026-01-01,2026-09-20T12:00:00
S00955,Demo Garden Centre 00955,CHAIN05,Canadian Demo Retail Chain 05,Calgary,AB,CA,T2P 1J1,ST055,Calgary,0955,Salesperson 205,Retail,2026-01-01,2026-09-20T12:00:00
S00956,Demo Garden Centre 00956,CHAIN06,Canadian Demo Retail Chain 06,Edmonton,AB,CA,T5J 0N2,ST056,Edmonton,0956,Salesperson 206,Retail,2026-01-01,2026-09-20T12:00:00
S00957,Demo Garden Centre 00957,CHAIN07,Canadian Demo Retail Chain 07,Vancouver,BC,CA,V6B 2W3,ST057,Vancouver,0957,Salesperson 207,Retail,2026-01-01,2026-09-20T12:00:00
S00958,Demo Garden Centre 00958,CHAIN08,Canadian Demo Retail Chain 08,Victoria,BC,CA,V8W 1P4,ST058,Victoria,0958,Salesperson 208,Retail,2026-01-01,2026-09-20T12:00:00
S00959,Demo Garden Centre 00959,CHAIN09,Canadian Demo Retail Chain 09,Winnipeg,MB,CA,R3B 1C5,ST059,Winnipeg,0959,Salesperson 209,Retail,2026-01-01,2026-09-20T12:00:00
S00960,Demo Garden Centre 00960,CHAIN10,Canadian Demo Retail Chain 10,Fredericton,NB,CA,E3B 1B6,ST060,Fredericton,0960,Salesperson 210,Retail,2026-01-01,2026-09-20T12:00:00
S00961,Demo Garden Centre 00961,CHAIN11,Canadian Demo Retail Chain 11,St. John's,NL,CA,A1C 1B7,ST061,St. John's,0961,Salesperson 211,Retail,2026-01-01,2026-09-20T12:00:00
S00962,Demo Garden Centre 00962,CHAIN12,Canadian Demo Retail Chain 12,Halifax,NS,CA,B3J 1M8,ST062,Halifax,0962,Salesperson 212,Retail,2026-01-01,2026-09-20T12:00:00
S00963,Demo Garden Centre 00963,CHAIN13,Canadian Demo Retail Chain 13,Toronto,ON,CA,M5H 2N9,ST063,Toronto,0963,Salesperson 213,Retail,2026-01-01,2026-09-20T12:00:00
S00964,Demo Garden Centre 00964,CHAIN14,Canadian Demo Retail Chain 14,Ottawa,ON,CA,K1P 1J1,ST064,Ottawa,0964,Salesperson 214,Retail,2026-01-01,2026-09-20T12:00:00
S00965,Demo Garden Centre 00965,CHAIN15,Canadian Demo Retail Chain 15,London,ON,CA,N6A 3K2,ST065,London,0965,Salesperson 215,Retail,2026-01-01,2026-09-20T12:00:00
S00966,Demo Garden Centre 00966,CHAIN16,Canadian Demo Retail Chain 16,Thunder Bay,ON,CA,P7B 5E3,ST066,Thunder Bay,0966,Salesperson 216,Retail,2026-01-01,2026-09-20T12:00:00
S00967,Demo Garden Centre 00967,CHAIN17,Canadian Demo Retail Chain 17,Charlottetown,PE,CA,C1A 1A4,ST067,Charlottetown,0967,Salesperson 217,Retail,2026-01-01,2026-09-20T12:00:00
S00968,Demo Garden Centre 00968,CHAIN18,Canadian Demo Retail Chain 18,Montreal,QC,CA,H2Y 1C5,ST068,Montreal,0968,Salesperson 218,Retail,2026-01-01,2026-09-20T12:00:00
S00969,Demo Garden Centre 00969,CHAIN19,Canadian Demo Retail Chain 19,Quebec City,QC,CA,G1R 4P6,ST069,Quebec City,0969,Salesperson 219,Retail,2026-01-01,2026-09-20T12:00:00
S00970,Demo Garden Centre 00970,CHAIN20,Canadian Demo Retail Chain 20,Saskatoon,SK,CA,S7K 1J7,ST070,Saskatoon,0970,Salesperson 220,Retail,2026-01-01,2026-09-20T12:00:00
S00971,Demo Garden Centre 00971,CHAIN21,Canadian Demo Retail Chain 21,Regina,SK,CA,S4P 3Y8,ST071,Regina,0971,Salesperson 221,Retail,2026-01-01,2026-09-20T12:00:00
S00972,Demo Garden Centre 00972,CHAIN22,Canadian Demo Retail Chain 22,Whitehorse,YT,CA,Y1A 2C9,ST072,Whitehorse,0972,Salesperson 222,Retail,2026-01-01,2026-09-20T12:00:00
S00973,Demo Garden Centre 00973,CHAIN23,Canadian Demo Retail Chain 23,Calgary,AB,CA,T2P 1J1,ST073,Calgary,0973,Salesperson 223,Retail,2026-01-01,2026-09-20T12:00:00
S00974,Demo Garden Centre 00974,CHAIN24,Canadian Demo Retail Chain 24,Edmonton,AB,CA,T5J 0N2,ST074,Edmonton,0974,Salesperson 224,Retail,2026-01-01,2026-09-20T12:00:00
S00975,Demo Garden Centre 00975,CHAIN25,Canadian Demo Retail Chain 25,Vancouver,BC,CA,V6B 2W3,ST075,Vancouver,0975,Salesperson 225,Retail,2026-01-01,2026-09-20T12:00:00
S00976,Demo Garden Centre 00976,CHAIN01,Canadian Demo Retail Chain 01,Victoria,BC,CA,V8W 1P4,ST076,Victoria,0976,Salesperson 226,Retail,2026-01-01,2026-09-20T12:00:00
S00977,Demo Garden Centre 00977,CHAIN02,Canadian Demo Retail Chain 02,Winnipeg,MB,CA,R3B 1C5,ST077,Winnipeg,0977,Salesperson 227,Retail,2026-01-01,2026-09-20T12:00:00
S00978,Demo Garden Centre 00978,CHAIN03,Canadian Demo Retail Chain 03,Fredericton,NB,CA,E3B 1B6,ST078,Fredericton,0978,Salesperson 228,Retail,2026-01-01,2026-09-20T12:00:00
S00979,Demo Garden Centre 00979,CHAIN04,Canadian Demo Retail Chain 04,St. John's,NL,CA,A1C 1B7,ST079,St. John's,0979,Salesperson 229,Retail,2026-01-01,2026-09-20T12:00:00
S00980,Demo Garden Centre 00980,CHAIN05,Canadian Demo Retail Chain 05,Halifax,NS,CA,B3J 1M8,ST080,Halifax,0980,Salesperson 230,Retail,2026-01-01,2026-09-20T12:00:00
S00981,Demo Garden Centre 00981,CHAIN06,Canadian Demo Retail Chain 06,Toronto,ON,CA,M5H 2N9,ST081,Toronto,0981,Salesperson 231,Retail,2026-01-01,2026-09-20T12:00:00
S00982,Demo Garden Centre 00982,CHAIN07,Canadian Demo Retail Chain 07,Ottawa,ON,CA,K1P 1J1,ST082,Ottawa,0982,Salesperson 232,Retail,2026-01-01,2026-09-20T12:00:00
S00983,Demo Garden Centre 00983,CHAIN08,Canadian Demo Retail Chain 08,London,ON,CA,N6A 3K2,ST083,London,0983,Salesperson 233,Retail,2026-01-01,2026-09-20T12:00:00
S00984,Demo Garden Centre 00984,CHAIN09,Canadian Demo Retail Chain 09,Thunder Bay,ON,CA,P7B 5E3,ST084,Thunder Bay,0984,Salesperson 234,Retail,2026-01-01,2026-09-20T12:00:00
S00985,Demo Garden Centre 00985,CHAIN10,Canadian Demo Retail Chain 10,Charlottetown,PE,CA,C1A 1A4,ST085,Charlottetown,0985,Salesperson 235,Retail,2026-01-01,2026-09-20T12:00:00
S00986,Demo Garden Centre 00986,CHAIN11,Canadian Demo Retail Chain 11,Montreal,QC,CA,H2Y 1C5,ST086,Montreal,0986,Salesperson 236,Retail,2026-01-01,2026-09-20T12:00:00
S00987,Demo Garden Centre 00987,CHAIN12,Canadian Demo Retail Chain 12,Quebec City,QC,CA,G1R 4P6,ST087,Quebec City,0987,Salesperson 237,Retail,2026-01-01,2026-09-20T12:00:00
S00988,Demo Garden Centre 00988,CHAIN13,Canadian Demo Retail Chain 13,Saskatoon,SK,CA,S7K 1J7,ST088,Saskatoon,0988,Salesperson 238,Retail,2026-01-01,2026-09-20T12:00:00
S00989,Demo Garden Centre 00989,CHAIN14,Canadian Demo Retail Chain 14,Regina,SK,CA,S4P 3Y8,ST089,Regina,0989,Salesperson 239,Retail,2026-01-01,2026-09-20T12:00:00
S00990,Demo Garden Centre 00990,CHAIN15,Canadian Demo Retail Chain 15,Whitehorse,YT,CA,Y1A 2C9,ST090,Whitehorse,0990,Salesperson 240,Retail,2026-01-01,2026-09-20T12:00:00
S00991,Demo Garden Centre 00991,CHAIN16,Canadian Demo Retail Chain 16,Calgary,AB,CA,T2P 1J1,ST091,Calgary,0991,Salesperson 241,Retail,2026-01-01,2026-09-20T12:00:00
S00992,Demo Garden Centre 00992,CHAIN17,Canadian Demo Retail Chain 17,Edmonton,AB,CA,T5J 0N2,ST092,Edmonton,0992,Salesperson 242,Retail,2026-01-01,2026-09-20T12:00:00
S00993,Demo Garden Centre 00993,CHAIN18,Canadian Demo Retail Chain 18,Vancouver,BC,CA,V6B 2W3,ST093,Vancouver,0993,Salesperson 243,Retail,2026-01-01,2026-09-20T12:00:00
S00994,Demo Garden Centre 00994,CHAIN19,Canadian Demo Retail Chain 19,Victoria,BC,CA,V8W 1P4,ST094,Victoria,0994,Salesperson 244,Retail,2026-01-01,2026-09-20T12:00:00
S00995,Demo Garden Centre 00995,CHAIN20,Canadian Demo Retail Chain 20,Winnipeg,MB,CA,R3B 1C5,ST095,Winnipeg,0995,Salesperson 245,Retail,2026-01-01,2026-09-20T12:00:00
S00996,Demo Garden Centre 00996,CHAIN21,Canadian Demo Retail Chain 21,Fredericton,NB,CA,E3B 1B6,ST096,Fredericton,0996,Salesperson 246,Retail,2026-01-01,2026-09-20T12:00:00
S00997,Demo Garden Centre 00997,CHAIN22,Canadian Demo Retail Chain 22,St. John's,NL,CA,A1C 1B7,ST097,St. John's,0997,Salesperson 247,Retail,2026-01-01,2026-09-20T12:00:00
S00998,Demo Garden Centre 00998,CHAIN23,Canadian Demo Retail Chain 23,Halifax,NS,CA,B3J 1M8,ST098,Halifax,0998,Salesperson 248,Retail,2026-01-01,2026-09-20T12:00:00
S00999,Demo Garden Centre 00999,CHAIN24,Canadian Demo Retail Chain 24,Toronto,ON,CA,M5H 2N9,ST099,Toronto,0999,Salesperson 249,Retail,2026-01-01,2026-09-20T12:00:00
S01000,Demo Garden Centre 01000,CHAIN25,Canadian Demo Retail Chain 25,Ottawa,ON,CA,K1P 1J1,ST100,Ottawa,1000,Salesperson 250,Retail,2026-01-01,2026-09-20T12:00:00
S01001,Demo Garden Centre 01001,CHAIN01,Canadian Demo Retail Chain 01,London,ON,CA,N6A 3K2,ST001,London,1001,Salesperson 001,Retail,2026-01-01,2026-09-20T12:00:00
S01002,Demo Garden Centre 01002,CHAIN02,Canadian Demo Retail Chain 02,Thunder Bay,ON,CA,P7B 5E3,ST002,Thunder Bay,1002,Salesperson 002,Retail,2026-01-01,2026-09-20T12:00:00
S01003,Demo Garden Centre 01003,CHAIN03,Canadian Demo Retail Chain 03,Charlottetown,PE,CA,C1A 1A4,ST003,Charlottetown,1003,Salesperson 003,Retail,2026-01-01,2026-09-20T12:00:00
S01004,Demo Garden Centre 01004,CHAIN04,Canadian Demo Retail Chain 04,Montreal,QC,CA,H2Y 1C5,ST004,Montreal,1004,Salesperson 004,Retail,2026-01-01,2026-09-20T12:00:00
S01005,Demo Garden Centre 01005,CHAIN05,Canadian Demo Retail Chain 05,Quebec City,QC,CA,G1R 4P6,ST005,Quebec City,1005,Salesperson 005,Retail,2026-01-01,2026-09-20T12:00:00
S01006,Demo Garden Centre 01006,CHAIN06,Canadian Demo Retail Chain 06,Saskatoon,SK,CA,S7K 1J7,ST006,Saskatoon,1006,Salesperson 006,Retail,2026-01-01,2026-09-20T12:00:00
S01007,Demo Garden Centre 01007,CHAIN07,Canadian Demo Retail Chain 07,Regina,SK,CA,S4P 3Y8,ST007,Regina,1007,Salesperson 007,Retail,2026-01-01,2026-09-20T12:00:00
S01008,Demo Garden Centre 01008,CHAIN08,Canadian Demo Retail Chain 08,Whitehorse,YT,CA,Y1A 2C9,ST008,Whitehorse,1008,Salesperson 008,Retail,2026-01-01,2026-09-20T12:00:00
S01009,Demo Garden Centre 01009,CHAIN09,Canadian Demo Retail Chain 09,Calgary,AB,CA,T2P 1J1,ST009,Calgary,1009,Salesperson 009,Retail,2026-01-01,2026-09-20T12:00:00
S01010,Demo Garden Centre 01010,CHAIN10,Canadian Demo Retail Chain 10,Edmonton,AB,CA,T5J 0N2,ST010,Edmonton,1010,Salesperson 010,Retail,2026-01-01,2026-09-20T12:00:00
S01011,Demo Garden Centre 01011,CHAIN11,Canadian Demo Retail Chain 11,Vancouver,BC,CA,V6B 2W3,ST011,Vancouver,1011,Salesperson 011,Retail,2026-01-01,2026-09-20T12:00:00
S01012,Demo Garden Centre 01012,CHAIN12,Canadian Demo Retail Chain 12,Victoria,BC,CA,V8W 1P4,ST012,Victoria,1012,Salesperson 012,Retail,2026-01-01,2026-09-20T12:00:00
S01013,Demo Garden Centre 01013,CHAIN13,Canadian Demo Retail Chain 13,Winnipeg,MB,CA,R3B 1C5,ST013,Winnipeg,1013,Salesperson 013,Retail,2026-01-01,2026-09-20T12:00:00
S01014,Demo Garden Centre 01014,CHAIN14,Canadian Demo Retail Chain 14,Fredericton,NB,CA,E3B 1B6,ST014,Fredericton,1014,Salesperson 014,Retail,2026-01-01,2026-09-20T12:00:00
S01015,Demo Garden Centre 01015,CHAIN15,Canadian Demo Retail Chain 15,St. John's,NL,CA,A1C 1B7,ST015,St. John's,1015,Salesperson 015,Retail,2026-01-01,2026-09-20T12:00:00
S01016,Demo Garden Centre 01016,CHAIN16,Canadian Demo Retail Chain 16,Halifax,NS,CA,B3J 1M8,ST016,Halifax,1016,Salesperson 016,Retail,2026-01-01,2026-09-20T12:00:00
S01017,Demo Garden Centre 01017,CHAIN17,Canadian Demo Retail Chain 17,Toronto,ON,CA,M5H 2N9,ST017,Toronto,1017,Salesperson 017,Retail,2026-01-01,2026-09-20T12:00:00
S01018,Demo Garden Centre 01018,CHAIN18,Canadian Demo Retail Chain 18,Ottawa,ON,CA,K1P 1J1,ST018,Ottawa,1018,Salesperson 018,Retail,2026-01-01,2026-09-20T12:00:00
S01019,Demo Garden Centre 01019,CHAIN19,Canadian Demo Retail Chain 19,London,ON,CA,N6A 3K2,ST019,London,1019,Salesperson 019,Retail,2026-01-01,2026-09-20T12:00:00
S01020,Demo Garden Centre 01020,CHAIN20,Canadian Demo Retail Chain 20,Thunder Bay,ON,CA,P7B 5E3,ST020,Thunder Bay,1020,Salesperson 020,Retail,2026-01-01,2026-09-20T12:00:00
S01021,Demo Garden Centre 01021,CHAIN21,Canadian Demo Retail Chain 21,Charlottetown,PE,CA,C1A 1A4,ST021,Charlottetown,1021,Salesperson 021,Retail,2026-01-01,2026-09-20T12:00:00
S01022,Demo Garden Centre 01022,CHAIN22,Canadian Demo Retail Chain 22,Montreal,QC,CA,H2Y 1C5,ST022,Montreal,1022,Salesperson 022,Retail,2026-01-01,2026-09-20T12:00:00
S01023,Demo Garden Centre 01023,CHAIN23,Canadian Demo Retail Chain 23,Quebec City,QC,CA,G1R 4P6,ST023,Quebec City,1023,Salesperson 023,Retail,2026-01-01,2026-09-20T12:00:00
S01024,Demo Garden Centre 01024,CHAIN24,Canadian Demo Retail Chain 24,Saskatoon,SK,CA,S7K 1J7,ST024,Saskatoon,1024,Salesperson 024,Retail,2026-01-01,2026-09-20T12:00:00
S01025,Demo Garden Centre 01025,CHAIN25,Canadian Demo Retail Chain 25,Regina,SK,CA,S4P 3Y8,ST025,Regina,1025,Salesperson 025,Retail,2026-01-01,2026-09-20T12:00:00
S01026,Demo Garden Centre 01026,CHAIN01,Canadian Demo Retail Chain 01,Whitehorse,YT,CA,Y1A 2C9,ST026,Whitehorse,1026,Salesperson 026,Retail,2026-01-01,2026-09-20T12:00:00
S01027,Demo Garden Centre 01027,CHAIN02,Canadian Demo Retail Chain 02,Calgary,AB,CA,T2P 1J1,ST027,Calgary,1027,Salesperson 027,Retail,2026-01-01,2026-09-20T12:00:00
S01028,Demo Garden Centre 01028,CHAIN03,Canadian Demo Retail Chain 03,Edmonton,AB,CA,T5J 0N2,ST028,Edmonton,1028,Salesperson 028,Retail,2026-01-01,2026-09-20T12:00:00
S01029,Demo Garden Centre 01029,CHAIN04,Canadian Demo Retail Chain 04,Vancouver,BC,CA,V6B 2W3,ST029,Vancouver,1029,Salesperson 029,Retail,2026-01-01,2026-09-20T12:00:00
S01030,Demo Garden Centre 01030,CHAIN05,Canadian Demo Retail Chain 05,Victoria,BC,CA,V8W 1P4,ST030,Victoria,1030,Salesperson 030,Retail,2026-01-01,2026-09-20T12:00:00
S01031,Demo Garden Centre 01031,CHAIN06,Canadian Demo Retail Chain 06,Winnipeg,MB,CA,R3B 1C5,ST031,Winnipeg,1031,Salesperson 031,Retail,2026-01-01,2026-09-20T12:00:00
S01032,Demo Garden Centre 01032,CHAIN07,Canadian Demo Retail Chain 07,Fredericton,NB,CA,E3B 1B6,ST032,Fredericton,1032,Salesperson 032,Retail,2026-01-01,2026-09-20T12:00:00
S01033,Demo Garden Centre 01033,CHAIN08,Canadian Demo Retail Chain 08,St. John's,NL,CA,A1C 1B7,ST033,St. John's,1033,Salesperson 033,Retail,2026-01-01,2026-09-20T12:00:00
S01034,Demo Garden Centre 01034,CHAIN09,Canadian Demo Retail Chain 09,Halifax,NS,CA,B3J 1M8,ST034,Halifax,1034,Salesperson 034,Retail,2026-01-01,2026-09-20T12:00:00
S01035,Demo Garden Centre 01035,CHAIN10,Canadian Demo Retail Chain 10,Toronto,ON,CA,M5H 2N9,ST035,Toronto,1035,Salesperson 035,Retail,2026-01-01,2026-09-20T12:00:00
S01036,Demo Garden Centre 01036,CHAIN11,Canadian Demo Retail Chain 11,Ottawa,ON,CA,K1P 1J1,ST036,Ottawa,1036,Salesperson 036,Retail,2026-01-01,2026-09-20T12:00:00
S01037,Demo Garden Centre 01037,CHAIN12,Canadian Demo Retail Chain 12,London,ON,CA,N6A 3K2,ST037,London,1037,Salesperson 037,Retail,2026-01-01,2026-09-20T12:00:00
S01038,Demo Garden Centre 01038,CHAIN13,Canadian Demo Retail Chain 13,Thunder Bay,ON,CA,P7B 5E3,ST038,Thunder Bay,1038,Salesperson 038,Retail,2026-01-01,2026-09-20T12:00:00
S01039,Demo Garden Centre 01039,CHAIN14,Canadian Demo Retail Chain 14,Charlottetown,PE,CA,C1A 1A4,ST039,Charlottetown,1039,Salesperson 039,Retail,2026-01-01,2026-09-20T12:00:00
S01040,Demo Garden Centre 01040,CHAIN15,Canadian Demo Retail Chain 15,Montreal,QC,CA,H2Y 1C5,ST040,Montreal,1040,Salesperson 040,Retail,2026-01-01,2026-09-20T12:00:00
S01041,Demo Garden Centre 01041,CHAIN16,Canadian Demo Retail Chain 16,Quebec City,QC,CA,G1R 4P6,ST041,Quebec City,1041,Salesperson 041,Retail,2026-01-01,2026-09-20T12:00:00
S01042,Demo Garden Centre 01042,CHAIN17,Canadian Demo Retail Chain 17,Saskatoon,SK,CA,S7K 1J7,ST042,Saskatoon,1042,Salesperson 042,Retail,2026-01-01,2026-09-20T12:00:00
S01043,Demo Garden Centre 01043,CHAIN18,Canadian Demo Retail Chain 18,Regina,SK,CA,S4P 3Y8,ST043,Regina,1043,Salesperson 043,Retail,2026-01-01,2026-09-20T12:00:00
S01044,Demo Garden Centre 01044,CHAIN19,Canadian Demo Retail Chain 19,Whitehorse,YT,CA,Y1A 2C9,ST044,Whitehorse,1044,Salesperson 044,Retail,2026-01-01,2026-09-20T12:00:00
S01045,Demo Garden Centre 01045,CHAIN20,Canadian Demo Retail Chain 20,Calgary,AB,CA,T2P 1J1,ST045,Calgary,1045,Salesperson 045,Retail,2026-01-01,2026-09-20T12:00:00
S01046,Demo Garden Centre 01046,CHAIN21,Canadian Demo Retail Chain 21,Edmonton,AB,CA,T5J 0N2,ST046,Edmonton,1046,Salesperson 046,Retail,2026-01-01,2026-09-20T12:00:00
S01047,Demo Garden Centre 01047,CHAIN22,Canadian Demo Retail Chain 22,Vancouver,BC,CA,V6B 2W3,ST047,Vancouver,1047,Salesperson 047,Retail,2026-01-01,2026-09-20T12:00:00
S01048,Demo Garden Centre 01048,CHAIN23,Canadian Demo Retail Chain 23,Victoria,BC,CA,V8W 1P4,ST048,Victoria,1048,Salesperson 048,Retail,2026-01-01,2026-09-20T12:00:00
S01049,Demo Garden Centre 01049,CHAIN24,Canadian Demo Retail Chain 24,Winnipeg,MB,CA,R3B 1C5,ST049,Winnipeg,1049,Salesperson 049,Retail,2026-01-01,2026-09-20T12:00:00
S01050,Demo Garden Centre 01050,CHAIN25,Canadian Demo Retail Chain 25,Fredericton,NB,CA,E3B 1B6,ST050,Fredericton,1050,Salesperson 050,Retail,2026-01-01,2026-09-20T12:00:00
S01051,Demo Garden Centre 01051,CHAIN01,Canadian Demo Retail Chain 01,St. John's,NL,CA,A1C 1B7,ST051,St. John's,1051,Salesperson 051,Retail,2026-01-01,2026-09-20T12:00:00
S01052,Demo Garden Centre 01052,CHAIN02,Canadian Demo Retail Chain 02,Halifax,NS,CA,B3J 1M8,ST052,Halifax,1052,Salesperson 052,Retail,2026-01-01,2026-09-20T12:00:00
S01053,Demo Garden Centre 01053,CHAIN03,Canadian Demo Retail Chain 03,Toronto,ON,CA,M5H 2N9,ST053,Toronto,1053,Salesperson 053,Retail,2026-01-01,2026-09-20T12:00:00
S01054,Demo Garden Centre 01054,CHAIN04,Canadian Demo Retail Chain 04,Ottawa,ON,CA,K1P 1J1,ST054,Ottawa,1054,Salesperson 054,Retail,2026-01-01,2026-09-20T12:00:00
S01055,Demo Garden Centre 01055,CHAIN05,Canadian Demo Retail Chain 05,London,ON,CA,N6A 3K2,ST055,London,1055,Salesperson 055,Retail,2026-01-01,2026-09-20T12:00:00
S01056,Demo Garden Centre 01056,CHAIN06,Canadian Demo Retail Chain 06,Thunder Bay,ON,CA,P7B 5E3,ST056,Thunder Bay,1056,Salesperson 056,Retail,2026-01-01,2026-09-20T12:00:00
S01057,Demo Garden Centre 01057,CHAIN07,Canadian Demo Retail Chain 07,Charlottetown,PE,CA,C1A 1A4,ST057,Charlottetown,1057,Salesperson 057,Retail,2026-01-01,2026-09-20T12:00:00
S01058,Demo Garden Centre 01058,CHAIN08,Canadian Demo Retail Chain 08,Montreal,QC,CA,H2Y 1C5,ST058,Montreal,1058,Salesperson 058,Retail,2026-01-01,2026-09-20T12:00:00
S01059,Demo Garden Centre 01059,CHAIN09,Canadian Demo Retail Chain 09,Quebec City,QC,CA,G1R 4P6,ST059,Quebec City,1059,Salesperson 059,Retail,2026-01-01,2026-09-20T12:00:00
S01060,Demo Garden Centre 01060,CHAIN10,Canadian Demo Retail Chain 10,Saskatoon,SK,CA,S7K 1J7,ST060,Saskatoon,1060,Salesperson 060,Retail,2026-01-01,2026-09-20T12:00:00
S01061,Demo Garden Centre 01061,CHAIN11,Canadian Demo Retail Chain 11,Regina,SK,CA,S4P 3Y8,ST061,Regina,1061,Salesperson 061,Retail,2026-01-01,2026-09-20T12:00:00
S01062,Demo Garden Centre 01062,CHAIN12,Canadian Demo Retail Chain 12,Whitehorse,YT,CA,Y1A 2C9,ST062,Whitehorse,1062,Salesperson 062,Retail,2026-01-01,2026-09-20T12:00:00
S01063,Demo Garden Centre 01063,CHAIN13,Canadian Demo Retail Chain 13,Calgary,AB,CA,T2P 1J1,ST063,Calgary,1063,Salesperson 063,Retail,2026-01-01,2026-09-20T12:00:00
S01064,Demo Garden Centre 01064,CHAIN14,Canadian Demo Retail Chain 14,Edmonton,AB,CA,T5J 0N2,ST064,Edmonton,1064,Salesperson 064,Retail,2026-01-01,2026-09-20T12:00:00
S01065,Demo Garden Centre 01065,CHAIN15,Canadian Demo Retail Chain 15,Vancouver,BC,CA,V6B 2W3,ST065,Vancouver,1065,Salesperson 065,Retail,2026-01-01,2026-09-20T12:00:00
S01066,Demo Garden Centre 01066,CHAIN16,Canadian Demo Retail Chain 16,Victoria,BC,CA,V8W 1P4,ST066,Victoria,1066,Salesperson 066,Retail,2026-01-01,2026-09-20T12:00:00
S01067,Demo Garden Centre 01067,CHAIN17,Canadian Demo Retail Chain 17,Winnipeg,MB,CA,R3B 1C5,ST067,Winnipeg,1067,Salesperson 067,Retail,2026-01-01,2026-09-20T12:00:00
S01068,Demo Garden Centre 01068,CHAIN18,Canadian Demo Retail Chain 18,Fredericton,NB,CA,E3B 1B6,ST068,Fredericton,1068,Salesperson 068,Retail,2026-01-01,2026-09-20T12:00:00
S01069,Demo Garden Centre 01069,CHAIN19,Canadian Demo Retail Chain 19,St. John's,NL,CA,A1C 1B7,ST069,St. John's,1069,Salesperson 069,Retail,2026-01-01,2026-09-20T12:00:00
S01070,Demo Garden Centre 01070,CHAIN20,Canadian Demo Retail Chain 20,Halifax,NS,CA,B3J 1M8,ST070,Halifax,1070,Salesperson 070,Retail,2026-01-01,2026-09-20T12:00:00
S01071,Demo Garden Centre 01071,CHAIN21,Canadian Demo Retail Chain 21,Toronto,ON,CA,M5H 2N9,ST071,Toronto,1071,Salesperson 071,Retail,2026-01-01,2026-09-20T12:00:00
S01072,Demo Garden Centre 01072,CHAIN22,Canadian Demo Retail Chain 22,Ottawa,ON,CA,K1P 1J1,ST072,Ottawa,1072,Salesperson 072,Retail,2026-01-01,2026-09-20T12:00:00
S01073,Demo Garden Centre 01073,CHAIN23,Canadian Demo Retail Chain 23,London,ON,CA,N6A 3K2,ST073,London,1073,Salesperson 073,Retail,2026-01-01,2026-09-20T12:00:00
S01074,Demo Garden Centre 01074,CHAIN24,Canadian Demo Retail Chain 24,Thunder Bay,ON,CA,P7B 5E3,ST074,Thunder Bay,1074,Salesperson 074,Retail,2026-01-01,2026-09-20T12:00:00
S01075,Demo Garden Centre 01075,CHAIN25,Canadian Demo Retail Chain 25,Charlottetown,PE,CA,C1A 1A4,ST075,Charlottetown,1075,Salesperson 075,Retail,2026-01-01,2026-09-20T12:00:00
S01076,Demo Garden Centre 01076,CHAIN01,Canadian Demo Retail Chain 01,Montreal,QC,CA,H2Y 1C5,ST076,Montreal,1076,Salesperson 076,Retail,2026-01-01,2026-09-20T12:00:00
S01077,Demo Garden Centre 01077,CHAIN02,Canadian Demo Retail Chain 02,Quebec City,QC,CA,G1R 4P6,ST077,Quebec City,1077,Salesperson 077,Retail,2026-01-01,2026-09-20T12:00:00
S01078,Demo Garden Centre 01078,CHAIN03,Canadian Demo Retail Chain 03,Saskatoon,SK,CA,S7K 1J7,ST078,Saskatoon,1078,Salesperson 078,Retail,2026-01-01,2026-09-20T12:00:00
S01079,Demo Garden Centre 01079,CHAIN04,Canadian Demo Retail Chain 04,Regina,SK,CA,S4P 3Y8,ST079,Regina,1079,Salesperson 079,Retail,2026-01-01,2026-09-20T12:00:00
S01080,Demo Garden Centre 01080,CHAIN05,Canadian Demo Retail Chain 05,Whitehorse,YT,CA,Y1A 2C9,ST080,Whitehorse,1080,Salesperson 080,Retail,2026-01-01,2026-09-20T12:00:00
S01081,Demo Garden Centre 01081,CHAIN06,Canadian Demo Retail Chain 06,Calgary,AB,CA,T2P 1J1,ST081,Calgary,1081,Salesperson 081,Retail,2026-01-01,2026-09-20T12:00:00
S01082,Demo Garden Centre 01082,CHAIN07,Canadian Demo Retail Chain 07,Edmonton,AB,CA,T5J 0N2,ST082,Edmonton,1082,Salesperson 082,Retail,2026-01-01,2026-09-20T12:00:00
S01083,Demo Garden Centre 01083,CHAIN08,Canadian Demo Retail Chain 08,Vancouver,BC,CA,V6B 2W3,ST083,Vancouver,1083,Salesperson 083,Retail,2026-01-01,2026-09-20T12:00:00
S01084,Demo Garden Centre 01084,CHAIN09,Canadian Demo Retail Chain 09,Victoria,BC,CA,V8W 1P4,ST084,Victoria,1084,Salesperson 084,Retail,2026-01-01,2026-09-20T12:00:00
S01085,Demo Garden Centre 01085,CHAIN10,Canadian Demo Retail Chain 10,Winnipeg,MB,CA,R3B 1C5,ST085,Winnipeg,1085,Salesperson 085,Retail,2026-01-01,2026-09-20T12:00:00
S01086,Demo Garden Centre 01086,CHAIN11,Canadian Demo Retail Chain 11,Fredericton,NB,CA,E3B 1B6,ST086,Fredericton,1086,Salesperson 086,Retail,2026-01-01,2026-09-20T12:00:00
S01087,Demo Garden Centre 01087,CHAIN12,Canadian Demo Retail Chain 12,St. John's,NL,CA,A1C 1B7,ST087,St. John's,1087,Salesperson 087,Retail,2026-01-01,2026-09-20T12:00:00
S01088,Demo Garden Centre 01088,CHAIN13,Canadian Demo Retail Chain 13,Halifax,NS,CA,B3J 1M8,ST088,Halifax,1088,Salesperson 088,Retail,2026-01-01,2026-09-20T12:00:00
S01089,Demo Garden Centre 01089,CHAIN14,Canadian Demo Retail Chain 14,Toronto,ON,CA,M5H 2N9,ST089,Toronto,1089,Salesperson 089,Retail,2026-01-01,2026-09-20T12:00:00
S01090,Demo Garden Centre 01090,CHAIN15,Canadian Demo Retail Chain 15,Ottawa,ON,CA,K1P 1J1,ST090,Ottawa,1090,Salesperson 090,Retail,2026-01-01,2026-09-20T12:00:00
S01091,Demo Garden Centre 01091,CHAIN16,Canadian Demo Retail Chain 16,London,ON,CA,N6A 3K2,ST091,London,1091,Salesperson 091,Retail,2026-01-01,2026-09-20T12:00:00
S01092,Demo Garden Centre 01092,CHAIN17,Canadian Demo Retail Chain 17,Thunder Bay,ON,CA,P7B 5E3,ST092,Thunder Bay,1092,Salesperson 092,Retail,2026-01-01,2026-09-20T12:00:00
S01093,Demo Garden Centre 01093,CHAIN18,Canadian Demo Retail Chain 18,Charlottetown,PE,CA,C1A 1A4,ST093,Charlottetown,1093,Salesperson 093,Retail,2026-01-01,2026-09-20T12:00:00
S01094,Demo Garden Centre 01094,CHAIN19,Canadian Demo Retail Chain 19,Montreal,QC,CA,H2Y 1C5,ST094,Montreal,1094,Salesperson 094,Retail,2026-01-01,2026-09-20T12:00:00
S01095,Demo Garden Centre 01095,CHAIN20,Canadian Demo Retail Chain 20,Quebec City,QC,CA,G1R 4P6,ST095,Quebec City,1095,Salesperson 095,Retail,2026-01-01,2026-09-20T12:00:00
S01096,Demo Garden Centre 01096,CHAIN21,Canadian Demo Retail Chain 21,Saskatoon,SK,CA,S7K 1J7,ST096,Saskatoon,1096,Salesperson 096,Retail,2026-01-01,2026-09-20T12:00:00
S01097,Demo Garden Centre 01097,CHAIN22,Canadian Demo Retail Chain 22,Regina,SK,CA,S4P 3Y8,ST097,Regina,1097,Salesperson 097,Retail,2026-01-01,2026-09-20T12:00:00
S01098,Demo Garden Centre 01098,CHAIN23,Canadian Demo Retail Chain 23,Whitehorse,YT,CA,Y1A 2C9,ST098,Whitehorse,1098,Salesperson 098,Retail,2026-01-01,2026-09-20T12:00:00
S01099,Demo Garden Centre 01099,CHAIN24,Canadian Demo Retail Chain 24,Calgary,AB,CA,T2P 1J1,ST099,Calgary,1099,Salesperson 099,Retail,2026-01-01,2026-09-20T12:00:00
S01100,Demo Garden Centre 01100,CHAIN25,Canadian Demo Retail Chain 25,Edmonton,AB,CA,T5J 0N2,ST100,Edmonton,1100,Salesperson 100,Retail,2026-01-01,2026-09-20T12:00:00
S01101,Demo Garden Centre 01101,CHAIN01,Canadian Demo Retail Chain 01,Vancouver,BC,CA,V6B 2W3,ST001,Vancouver,1101,Salesperson 101,Retail,2026-01-01,2026-09-20T12:00:00
S01102,Demo Garden Centre 01102,CHAIN02,Canadian Demo Retail Chain 02,Victoria,BC,CA,V8W 1P4,ST002,Victoria,1102,Salesperson 102,Retail,2026-01-01,2026-09-20T12:00:00
S01103,Demo Garden Centre 01103,CHAIN03,Canadian Demo Retail Chain 03,Winnipeg,MB,CA,R3B 1C5,ST003,Winnipeg,1103,Salesperson 103,Retail,2026-01-01,2026-09-20T12:00:00
S01104,Demo Garden Centre 01104,CHAIN04,Canadian Demo Retail Chain 04,Fredericton,NB,CA,E3B 1B6,ST004,Fredericton,1104,Salesperson 104,Retail,2026-01-01,2026-09-20T12:00:00
S01105,Demo Garden Centre 01105,CHAIN05,Canadian Demo Retail Chain 05,St. John's,NL,CA,A1C 1B7,ST005,St. John's,1105,Salesperson 105,Retail,2026-01-01,2026-09-20T12:00:00
S01106,Demo Garden Centre 01106,CHAIN06,Canadian Demo Retail Chain 06,Halifax,NS,CA,B3J 1M8,ST006,Halifax,1106,Salesperson 106,Retail,2026-01-01,2026-09-20T12:00:00
S01107,Demo Garden Centre 01107,CHAIN07,Canadian Demo Retail Chain 07,Toronto,ON,CA,M5H 2N9,ST007,Toronto,1107,Salesperson 107,Retail,2026-01-01,2026-09-20T12:00:00
S01108,Demo Garden Centre 01108,CHAIN08,Canadian Demo Retail Chain 08,Ottawa,ON,CA,K1P 1J1,ST008,Ottawa,1108,Salesperson 108,Retail,2026-01-01,2026-09-20T12:00:00
S01109,Demo Garden Centre 01109,CHAIN09,Canadian Demo Retail Chain 09,London,ON,CA,N6A 3K2,ST009,London,1109,Salesperson 109,Retail,2026-01-01,2026-09-20T12:00:00
S01110,Demo Garden Centre 01110,CHAIN10,Canadian Demo Retail Chain 10,Thunder Bay,ON,CA,P7B 5E3,ST010,Thunder Bay,1110,Salesperson 110,Retail,2026-01-01,2026-09-20T12:00:00
S01111,Demo Garden Centre 01111,CHAIN11,Canadian Demo Retail Chain 11,Charlottetown,PE,CA,C1A 1A4,ST011,Charlottetown,1111,Salesperson 111,Retail,2026-01-01,2026-09-20T12:00:00
S01112,Demo Garden Centre 01112,CHAIN12,Canadian Demo Retail Chain 12,Montreal,QC,CA,H2Y 1C5,ST012,Montreal,1112,Salesperson 112,Retail,2026-01-01,2026-09-20T12:00:00
S01113,Demo Garden Centre 01113,CHAIN13,Canadian Demo Retail Chain 13,Quebec City,QC,CA,G1R 4P6,ST013,Quebec City,1113,Salesperson 113,Retail,2026-01-01,2026-09-20T12:00:00
S01114,Demo Garden Centre 01114,CHAIN14,Canadian Demo Retail Chain 14,Saskatoon,SK,CA,S7K 1J7,ST014,Saskatoon,1114,Salesperson 114,Retail,2026-01-01,2026-09-20T12:00:00
S01115,Demo Garden Centre 01115,CHAIN15,Canadian Demo Retail Chain 15,Regina,SK,CA,S4P 3Y8,ST015,Regina,1115,Salesperson 115,Retail,2026-01-01,2026-09-20T12:00:00
S01116,Demo Garden Centre 01116,CHAIN16,Canadian Demo Retail Chain 16,Whitehorse,YT,CA,Y1A 2C9,ST016,Whitehorse,1116,Salesperson 116,Retail,2026-01-01,2026-09-20T12:00:00
S01117,Demo Garden Centre 01117,CHAIN17,Canadian Demo Retail Chain 17,Calgary,AB,CA,T2P 1J1,ST017,Calgary,1117,Salesperson 117,Retail,2026-01-01,2026-09-20T12:00:00
S01118,Demo Garden Centre 01118,CHAIN18,Canadian Demo Retail Chain 18,Edmonton,AB,CA,T5J 0N2,ST018,Edmonton,1118,Salesperson 118,Retail,2026-01-01,2026-09-20T12:00:00
S01119,Demo Garden Centre 01119,CHAIN19,Canadian Demo Retail Chain 19,Vancouver,BC,CA,V6B 2W3,ST019,Vancouver,1119,Salesperson 119,Retail,2026-01-01,2026-09-20T12:00:00
S01120,Demo Garden Centre 01120,CHAIN20,Canadian Demo Retail Chain 20,Victoria,BC,CA,V8W 1P4,ST020,Victoria,1120,Salesperson 120,Retail,2026-01-01,2026-09-20T12:00:00
S01121,Demo Garden Centre 01121,CHAIN21,Canadian Demo Retail Chain 21,Winnipeg,MB,CA,R3B 1C5,ST021,Winnipeg,1121,Salesperson 121,Retail,2026-01-01,2026-09-20T12:00:00
S01122,Demo Garden Centre 01122,CHAIN22,Canadian Demo Retail Chain 22,Fredericton,NB,CA,E3B 1B6,ST022,Fredericton,1122,Salesperson 122,Retail,2026-01-01,2026-09-20T12:00:00
S01123,Demo Garden Centre 01123,CHAIN23,Canadian Demo Retail Chain 23,St. John's,NL,CA,A1C 1B7,ST023,St. John's,1123,Salesperson 123,Retail,2026-01-01,2026-09-20T12:00:00
S01124,Demo Garden Centre 01124,CHAIN24,Canadian Demo Retail Chain 24,Halifax,NS,CA,B3J 1M8,ST024,Halifax,1124,Salesperson 124,Retail,2026-01-01,2026-09-20T12:00:00
S01125,Demo Garden Centre 01125,CHAIN25,Canadian Demo Retail Chain 25,Toronto,ON,CA,M5H 2N9,ST025,Toronto,1125,Salesperson 125,Retail,2026-01-01,2026-09-20T12:00:00
S01126,Demo Garden Centre 01126,CHAIN01,Canadian Demo Retail Chain 01,Ottawa,ON,CA,K1P 1J1,ST026,Ottawa,1126,Salesperson 126,Retail,2026-01-01,2026-09-20T12:00:00
S01127,Demo Garden Centre 01127,CHAIN02,Canadian Demo Retail Chain 02,London,ON,CA,N6A 3K2,ST027,London,1127,Salesperson 127,Retail,2026-01-01,2026-09-20T12:00:00
S01128,Demo Garden Centre 01128,CHAIN03,Canadian Demo Retail Chain 03,Thunder Bay,ON,CA,P7B 5E3,ST028,Thunder Bay,1128,Salesperson 128,Retail,2026-01-01,2026-09-20T12:00:00
S01129,Demo Garden Centre 01129,CHAIN04,Canadian Demo Retail Chain 04,Charlottetown,PE,CA,C1A 1A4,ST029,Charlottetown,1129,Salesperson 129,Retail,2026-01-01,2026-09-20T12:00:00
S01130,Demo Garden Centre 01130,CHAIN05,Canadian Demo Retail Chain 05,Montreal,QC,CA,H2Y 1C5,ST030,Montreal,1130,Salesperson 130,Retail,2026-01-01,2026-09-20T12:00:00
S01131,Demo Garden Centre 01131,CHAIN06,Canadian Demo Retail Chain 06,Quebec City,QC,CA,G1R 4P6,ST031,Quebec City,1131,Salesperson 131,Retail,2026-01-01,2026-09-20T12:00:00
S01132,Demo Garden Centre 01132,CHAIN07,Canadian Demo Retail Chain 07,Saskatoon,SK,CA,S7K 1J7,ST032,Saskatoon,1132,Salesperson 132,Retail,2026-01-01,2026-09-20T12:00:00
S01133,Demo Garden Centre 01133,CHAIN08,Canadian Demo Retail Chain 08,Regina,SK,CA,S4P 3Y8,ST033,Regina,1133,Salesperson 133,Retail,2026-01-01,2026-09-20T12:00:00
S01134,Demo Garden Centre 01134,CHAIN09,Canadian Demo Retail Chain 09,Whitehorse,YT,CA,Y1A 2C9,ST034,Whitehorse,1134,Salesperson 134,Retail,2026-01-01,2026-09-20T12:00:00
S01135,Demo Garden Centre 01135,CHAIN10,Canadian Demo Retail Chain 10,Calgary,AB,CA,T2P 1J1,ST035,Calgary,1135,Salesperson 135,Retail,2026-01-01,2026-09-20T12:00:00
S01136,Demo Garden Centre 01136,CHAIN11,Canadian Demo Retail Chain 11,Edmonton,AB,CA,T5J 0N2,ST036,Edmonton,1136,Salesperson 136,Retail,2026-01-01,2026-09-20T12:00:00
S01137,Demo Garden Centre 01137,CHAIN12,Canadian Demo Retail Chain 12,Vancouver,BC,CA,V6B 2W3,ST037,Vancouver,1137,Salesperson 137,Retail,2026-01-01,2026-09-20T12:00:00
S01138,Demo Garden Centre 01138,CHAIN13,Canadian Demo Retail Chain 13,Victoria,BC,CA,V8W 1P4,ST038,Victoria,1138,Salesperson 138,Retail,2026-01-01,2026-09-20T12:00:00
S01139,Demo Garden Centre 01139,CHAIN14,Canadian Demo Retail Chain 14,Winnipeg,MB,CA,R3B 1C5,ST039,Winnipeg,1139,Salesperson 139,Retail,2026-01-01,2026-09-20T12:00:00
S01140,Demo Garden Centre 01140,CHAIN15,Canadian Demo Retail Chain 15,Fredericton,NB,CA,E3B 1B6,ST040,Fredericton,1140,Salesperson 140,Retail,2026-01-01,2026-09-20T12:00:00
S01141,Demo Garden Centre 01141,CHAIN16,Canadian Demo Retail Chain 16,St. John's,NL,CA,A1C 1B7,ST041,St. John's,1141,Salesperson 141,Retail,2026-01-01,2026-09-20T12:00:00
S01142,Demo Garden Centre 01142,CHAIN17,Canadian Demo Retail Chain 17,Halifax,NS,CA,B3J 1M8,ST042,Halifax,1142,Salesperson 142,Retail,2026-01-01,2026-09-20T12:00:00
S01143,Demo Garden Centre 01143,CHAIN18,Canadian Demo Retail Chain 18,Toronto,ON,CA,M5H 2N9,ST043,Toronto,1143,Salesperson 143,Retail,2026-01-01,2026-09-20T12:00:00
S01144,Demo Garden Centre 01144,CHAIN19,Canadian Demo Retail Chain 19,Ottawa,ON,CA,K1P 1J1,ST044,Ottawa,1144,Salesperson 144,Retail,2026-01-01,2026-09-20T12:00:00
S01145,Demo Garden Centre 01145,CHAIN20,Canadian Demo Retail Chain 20,London,ON,CA,N6A 3K2,ST045,London,1145,Salesperson 145,Retail,2026-01-01,2026-09-20T12:00:00
S01146,Demo Garden Centre 01146,CHAIN21,Canadian Demo Retail Chain 21,Thunder Bay,ON,CA,P7B 5E3,ST046,Thunder Bay,1146,Salesperson 146,Retail,2026-01-01,2026-09-20T12:00:00
S01147,Demo Garden Centre 01147,CHAIN22,Canadian Demo Retail Chain 22,Charlottetown,PE,CA,C1A 1A4,ST047,Charlottetown,1147,Salesperson 147,Retail,2026-01-01,2026-09-20T12:00:00
S01148,Demo Garden Centre 01148,CHAIN23,Canadian Demo Retail Chain 23,Montreal,QC,CA,H2Y 1C5,ST048,Montreal,1148,Salesperson 148,Retail,2026-01-01,2026-09-20T12:00:00
S01149,Demo Garden Centre 01149,CHAIN24,Canadian Demo Retail Chain 24,Quebec City,QC,CA,G1R 4P6,ST049,Quebec City,1149,Salesperson 149,Retail,2026-01-01,2026-09-20T12:00:00
S01150,Demo Garden Centre 01150,CHAIN25,Canadian Demo Retail Chain 25,Saskatoon,SK,CA,S7K 1J7,ST050,Saskatoon,1150,Salesperson 150,Retail,2026-01-01,2026-09-20T12:00:00
S01151,Demo Garden Centre 01151,CHAIN01,Canadian Demo Retail Chain 01,Regina,SK,CA,S4P 3Y8,ST051,Regina,1151,Salesperson 151,Retail,2026-01-01,2026-09-20T12:00:00
S01152,Demo Garden Centre 01152,CHAIN02,Canadian Demo Retail Chain 02,Whitehorse,YT,CA,Y1A 2C9,ST052,Whitehorse,1152,Salesperson 152,Retail,2026-01-01,2026-09-20T12:00:00
S01153,Demo Garden Centre 01153,CHAIN03,Canadian Demo Retail Chain 03,Calgary,AB,CA,T2P 1J1,ST053,Calgary,1153,Salesperson 153,Retail,2026-01-01,2026-09-20T12:00:00
S01154,Demo Garden Centre 01154,CHAIN04,Canadian Demo Retail Chain 04,Edmonton,AB,CA,T5J 0N2,ST054,Edmonton,1154,Salesperson 154,Retail,2026-01-01,2026-09-20T12:00:00
S01155,Demo Garden Centre 01155,CHAIN05,Canadian Demo Retail Chain 05,Vancouver,BC,CA,V6B 2W3,ST055,Vancouver,1155,Salesperson 155,Retail,2026-01-01,2026-09-20T12:00:00
S01156,Demo Garden Centre 01156,CHAIN06,Canadian Demo Retail Chain 06,Victoria,BC,CA,V8W 1P4,ST056,Victoria,1156,Salesperson 156,Retail,2026-01-01,2026-09-20T12:00:00
S01157,Demo Garden Centre 01157,CHAIN07,Canadian Demo Retail Chain 07,Winnipeg,MB,CA,R3B 1C5,ST057,Winnipeg,1157,Salesperson 157,Retail,2026-01-01,2026-09-20T12:00:00
S01158,Demo Garden Centre 01158,CHAIN08,Canadian Demo Retail Chain 08,Fredericton,NB,CA,E3B 1B6,ST058,Fredericton,1158,Salesperson 158,Retail,2026-01-01,2026-09-20T12:00:00
S01159,Demo Garden Centre 01159,CHAIN09,Canadian Demo Retail Chain 09,St. John's,NL,CA,A1C 1B7,ST059,St. John's,1159,Salesperson 159,Retail,2026-01-01,2026-09-20T12:00:00
S01160,Demo Garden Centre 01160,CHAIN10,Canadian Demo Retail Chain 10,Halifax,NS,CA,B3J 1M8,ST060,Halifax,1160,Salesperson 160,Retail,2026-01-01,2026-09-20T12:00:00
S01161,Demo Garden Centre 01161,CHAIN11,Canadian Demo Retail Chain 11,Toronto,ON,CA,M5H 2N9,ST061,Toronto,1161,Salesperson 161,Retail,2026-01-01,2026-09-20T12:00:00
S01162,Demo Garden Centre 01162,CHAIN12,Canadian Demo Retail Chain 12,Ottawa,ON,CA,K1P 1J1,ST062,Ottawa,1162,Salesperson 162,Retail,2026-01-01,2026-09-20T12:00:00
S01163,Demo Garden Centre 01163,CHAIN13,Canadian Demo Retail Chain 13,London,ON,CA,N6A 3K2,ST063,London,1163,Salesperson 163,Retail,2026-01-01,2026-09-20T12:00:00
S01164,Demo Garden Centre 01164,CHAIN14,Canadian Demo Retail Chain 14,Thunder Bay,ON,CA,P7B 5E3,ST064,Thunder Bay,1164,Salesperson 164,Retail,2026-01-01,2026-09-20T12:00:00
S01165,Demo Garden Centre 01165,CHAIN15,Canadian Demo Retail Chain 15,Charlottetown,PE,CA,C1A 1A4,ST065,Charlottetown,1165,Salesperson 165,Retail,2026-01-01,2026-09-20T12:00:00
S01166,Demo Garden Centre 01166,CHAIN16,Canadian Demo Retail Chain 16,Montreal,QC,CA,H2Y 1C5,ST066,Montreal,1166,Salesperson 166,Retail,2026-01-01,2026-09-20T12:00:00
S01167,Demo Garden Centre 01167,CHAIN17,Canadian Demo Retail Chain 17,Quebec City,QC,CA,G1R 4P6,ST067,Quebec City,1167,Salesperson 167,Retail,2026-01-01,2026-09-20T12:00:00
S01168,Demo Garden Centre 01168,CHAIN18,Canadian Demo Retail Chain 18,Saskatoon,SK,CA,S7K 1J7,ST068,Saskatoon,1168,Salesperson 168,Retail,2026-01-01,2026-09-20T12:00:00
S01169,Demo Garden Centre 01169,CHAIN19,Canadian Demo Retail Chain 19,Regina,SK,CA,S4P 3Y8,ST069,Regina,1169,Salesperson 169,Retail,2026-01-01,2026-09-20T12:00:00
S01170,Demo Garden Centre 01170,CHAIN20,Canadian Demo Retail Chain 20,Whitehorse,YT,CA,Y1A 2C9,ST070,Whitehorse,1170,Salesperson 170,Retail,2026-01-01,2026-09-20T12:00:00
S01171,Demo Garden Centre 01171,CHAIN21,Canadian Demo Retail Chain 21,Calgary,AB,CA,T2P 1J1,ST071,Calgary,1171,Salesperson 171,Retail,2026-01-01,2026-09-20T12:00:00
S01172,Demo Garden Centre 01172,CHAIN22,Canadian Demo Retail Chain 22,Edmonton,AB,CA,T5J 0N2,ST072,Edmonton,1172,Salesperson 172,Retail,2026-01-01,2026-09-20T12:00:00
S01173,Demo Garden Centre 01173,CHAIN23,Canadian Demo Retail Chain 23,Vancouver,BC,CA,V6B 2W3,ST073,Vancouver,1173,Salesperson 173,Retail,2026-01-01,2026-09-20T12:00:00
S01174,Demo Garden Centre 01174,CHAIN24,Canadian Demo Retail Chain 24,Victoria,BC,CA,V8W 1P4,ST074,Victoria,1174,Salesperson 174,Retail,2026-01-01,2026-09-20T12:00:00
S01175,Demo Garden Centre 01175,CHAIN25,Canadian Demo Retail Chain 25,Winnipeg,MB,CA,R3B 1C5,ST075,Winnipeg,1175,Salesperson 175,Retail,2026-01-01,2026-09-20T12:00:00
S01176,Demo Garden Centre 01176,CHAIN01,Canadian Demo Retail Chain 01,Fredericton,NB,CA,E3B 1B6,ST076,Fredericton,1176,Salesperson 176,Retail,2026-01-01,2026-09-20T12:00:00
S01177,Demo Garden Centre 01177,CHAIN02,Canadian Demo Retail Chain 02,St. John's,NL,CA,A1C 1B7,ST077,St. John's,1177,Salesperson 177,Retail,2026-01-01,2026-09-20T12:00:00
S01178,Demo Garden Centre 01178,CHAIN03,Canadian Demo Retail Chain 03,Halifax,NS,CA,B3J 1M8,ST078,Halifax,1178,Salesperson 178,Retail,2026-01-01,2026-09-20T12:00:00
S01179,Demo Garden Centre 01179,CHAIN04,Canadian Demo Retail Chain 04,Toronto,ON,CA,M5H 2N9,ST079,Toronto,1179,Salesperson 179,Retail,2026-01-01,2026-09-20T12:00:00
S01180,Demo Garden Centre 01180,CHAIN05,Canadian Demo Retail Chain 05,Ottawa,ON,CA,K1P 1J1,ST080,Ottawa,1180,Salesperson 180,Retail,2026-01-01,2026-09-20T12:00:00
S01181,Demo Garden Centre 01181,CHAIN06,Canadian Demo Retail Chain 06,London,ON,CA,N6A 3K2,ST081,London,1181,Salesperson 181,Retail,2026-01-01,2026-09-20T12:00:00
S01182,Demo Garden Centre 01182,CHAIN07,Canadian Demo Retail Chain 07,Thunder Bay,ON,CA,P7B 5E3,ST082,Thunder Bay,1182,Salesperson 182,Retail,2026-01-01,2026-09-20T12:00:00
S01183,Demo Garden Centre 01183,CHAIN08,Canadian Demo Retail Chain 08,Charlottetown,PE,CA,C1A 1A4,ST083,Charlottetown,1183,Salesperson 183,Retail,2026-01-01,2026-09-20T12:00:00
S01184,Demo Garden Centre 01184,CHAIN09,Canadian Demo Retail Chain 09,Montreal,QC,CA,H2Y 1C5,ST084,Montreal,1184,Salesperson 184,Retail,2026-01-01,2026-09-20T12:00:00
S01185,Demo Garden Centre 01185,CHAIN10,Canadian Demo Retail Chain 10,Quebec City,QC,CA,G1R 4P6,ST085,Quebec City,1185,Salesperson 185,Retail,2026-01-01,2026-09-20T12:00:00
S01186,Demo Garden Centre 01186,CHAIN11,Canadian Demo Retail Chain 11,Saskatoon,SK,CA,S7K 1J7,ST086,Saskatoon,1186,Salesperson 186,Retail,2026-01-01,2026-09-20T12:00:00
S01187,Demo Garden Centre 01187,CHAIN12,Canadian Demo Retail Chain 12,Regina,SK,CA,S4P 3Y8,ST087,Regina,1187,Salesperson 187,Retail,2026-01-01,2026-09-20T12:00:00
S01188,Demo Garden Centre 01188,CHAIN13,Canadian Demo Retail Chain 13,Whitehorse,YT,CA,Y1A 2C9,ST088,Whitehorse,1188,Salesperson 188,Retail,2026-01-01,2026-09-20T12:00:00
S01189,Demo Garden Centre 01189,CHAIN14,Canadian Demo Retail Chain 14,Calgary,AB,CA,T2P 1J1,ST089,Calgary,1189,Salesperson 189,Retail,2026-01-01,2026-09-20T12:00:00
S01190,Demo Garden Centre 01190,CHAIN15,Canadian Demo Retail Chain 15,Edmonton,AB,CA,T5J 0N2,ST090,Edmonton,1190,Salesperson 190,Retail,2026-01-01,2026-09-20T12:00:00
S01191,Demo Garden Centre 01191,CHAIN16,Canadian Demo Retail Chain 16,Vancouver,BC,CA,V6B 2W3,ST091,Vancouver,1191,Salesperson 191,Retail,2026-01-01,2026-09-20T12:00:00
S01192,Demo Garden Centre 01192,CHAIN17,Canadian Demo Retail Chain 17,Victoria,BC,CA,V8W 1P4,ST092,Victoria,1192,Salesperson 192,Retail,2026-01-01,2026-09-20T12:00:00
S01193,Demo Garden Centre 01193,CHAIN18,Canadian Demo Retail Chain 18,Winnipeg,MB,CA,R3B 1C5,ST093,Winnipeg,1193,Salesperson 193,Retail,2026-01-01,2026-09-20T12:00:00
S01194,Demo Garden Centre 01194,CHAIN19,Canadian Demo Retail Chain 19,Fredericton,NB,CA,E3B 1B6,ST094,Fredericton,1194,Salesperson 194,Retail,2026-01-01,2026-09-20T12:00:00
S01195,Demo Garden Centre 01195,CHAIN20,Canadian Demo Retail Chain 20,St. John's,NL,CA,A1C 1B7,ST095,St. John's,1195,Salesperson 195,Retail,2026-01-01,2026-09-20T12:00:00
S01196,Demo Garden Centre 01196,CHAIN21,Canadian Demo Retail Chain 21,Halifax,NS,CA,B3J 1M8,ST096,Halifax,1196,Salesperson 196,Retail,2026-01-01,2026-09-20T12:00:00
S01197,Demo Garden Centre 01197,CHAIN22,Canadian Demo Retail Chain 22,Toronto,ON,CA,M5H 2N9,ST097,Toronto,1197,Salesperson 197,Retail,2026-01-01,2026-09-20T12:00:00
S01198,Demo Garden Centre 01198,CHAIN23,Canadian Demo Retail Chain 23,Ottawa,ON,CA,K1P 1J1,ST098,Ottawa,1198,Salesperson 198,Retail,2026-01-01,2026-09-20T12:00:00
S01199,Demo Garden Centre 01199,CHAIN24,Canadian Demo Retail Chain 24,London,ON,CA,N6A 3K2,ST099,London,1199,Salesperson 199,Retail,2026-01-01,2026-09-20T12:00:00
S01200,Demo Garden Centre 01200,CHAIN25,Canadian Demo Retail Chain 25,Thunder Bay,ON,CA,P7B 5E3,ST100,Thunder Bay,1200,Salesperson 200,Retail,2026-01-01,2026-09-20T12:00:00
S01201,Demo Garden Centre 01201,CHAIN01,Canadian Demo Retail Chain 01,Charlottetown,PE,CA,C1A 1A4,ST001,Charlottetown,1201,Salesperson 201,Retail,2026-01-01,2026-09-20T12:00:00
S01202,Demo Garden Centre 01202,CHAIN02,Canadian Demo Retail Chain 02,Montreal,QC,CA,H2Y 1C5,ST002,Montreal,1202,Salesperson 202,Retail,2026-01-01,2026-09-20T12:00:00
S01203,Demo Garden Centre 01203,CHAIN03,Canadian Demo Retail Chain 03,Quebec City,QC,CA,G1R 4P6,ST003,Quebec City,1203,Salesperson 203,Retail,2026-01-01,2026-09-20T12:00:00
S01204,Demo Garden Centre 01204,CHAIN04,Canadian Demo Retail Chain 04,Saskatoon,SK,CA,S7K 1J7,ST004,Saskatoon,1204,Salesperson 204,Retail,2026-01-01,2026-09-20T12:00:00
S01205,Demo Garden Centre 01205,CHAIN05,Canadian Demo Retail Chain 05,Regina,SK,CA,S4P 3Y8,ST005,Regina,1205,Salesperson 205,Retail,2026-01-01,2026-09-20T12:00:00
S01206,Demo Garden Centre 01206,CHAIN06,Canadian Demo Retail Chain 06,Whitehorse,YT,CA,Y1A 2C9,ST006,Whitehorse,1206,Salesperson 206,Retail,2026-01-01,2026-09-20T12:00:00
S01207,Demo Garden Centre 01207,CHAIN07,Canadian Demo Retail Chain 07,Calgary,AB,CA,T2P 1J1,ST007,Calgary,1207,Salesperson 207,Retail,2026-01-01,2026-09-20T12:00:00
S01208,Demo Garden Centre 01208,CHAIN08,Canadian Demo Retail Chain 08,Edmonton,AB,CA,T5J 0N2,ST008,Edmonton,1208,Salesperson 208,Retail,2026-01-01,2026-09-20T12:00:00
S01209,Demo Garden Centre 01209,CHAIN09,Canadian Demo Retail Chain 09,Vancouver,BC,CA,V6B 2W3,ST009,Vancouver,1209,Salesperson 209,Retail,2026-01-01,2026-09-20T12:00:00
S01210,Demo Garden Centre 01210,CHAIN10,Canadian Demo Retail Chain 10,Victoria,BC,CA,V8W 1P4,ST010,Victoria,1210,Salesperson 210,Retail,2026-01-01,2026-09-20T12:00:00
S01211,Demo Garden Centre 01211,CHAIN11,Canadian Demo Retail Chain 11,Winnipeg,MB,CA,R3B 1C5,ST011,Winnipeg,1211,Salesperson 211,Retail,2026-01-01,2026-09-20T12:00:00
S01212,Demo Garden Centre 01212,CHAIN12,Canadian Demo Retail Chain 12,Fredericton,NB,CA,E3B 1B6,ST012,Fredericton,1212,Salesperson 212,Retail,2026-01-01,2026-09-20T12:00:00
S01213,Demo Garden Centre 01213,CHAIN13,Canadian Demo Retail Chain 13,St. John's,NL,CA,A1C 1B7,ST013,St. John's,1213,Salesperson 213,Retail,2026-01-01,2026-09-20T12:00:00
S01214,Demo Garden Centre 01214,CHAIN14,Canadian Demo Retail Chain 14,Halifax,NS,CA,B3J 1M8,ST014,Halifax,1214,Salesperson 214,Retail,2026-01-01,2026-09-20T12:00:00
S01215,Demo Garden Centre 01215,CHAIN15,Canadian Demo Retail Chain 15,Toronto,ON,CA,M5H 2N9,ST015,Toronto,1215,Salesperson 215,Retail,2026-01-01,2026-09-20T12:00:00
S01216,Demo Garden Centre 01216,CHAIN16,Canadian Demo Retail Chain 16,Ottawa,ON,CA,K1P 1J1,ST016,Ottawa,1216,Salesperson 216,Retail,2026-01-01,2026-09-20T12:00:00
S01217,Demo Garden Centre 01217,CHAIN17,Canadian Demo Retail Chain 17,London,ON,CA,N6A 3K2,ST017,London,1217,Salesperson 217,Retail,2026-01-01,2026-09-20T12:00:00
S01218,Demo Garden Centre 01218,CHAIN18,Canadian Demo Retail Chain 18,Thunder Bay,ON,CA,P7B 5E3,ST018,Thunder Bay,1218,Salesperson 218,Retail,2026-01-01,2026-09-20T12:00:00
S01219,Demo Garden Centre 01219,CHAIN19,Canadian Demo Retail Chain 19,Charlottetown,PE,CA,C1A 1A4,ST019,Charlottetown,1219,Salesperson 219,Retail,2026-01-01,2026-09-20T12:00:00
S01220,Demo Garden Centre 01220,CHAIN20,Canadian Demo Retail Chain 20,Montreal,QC,CA,H2Y 1C5,ST020,Montreal,1220,Salesperson 220,Retail,2026-01-01,2026-09-20T12:00:00
S01221,Demo Garden Centre 01221,CHAIN21,Canadian Demo Retail Chain 21,Quebec City,QC,CA,G1R 4P6,ST021,Quebec City,1221,Salesperson 221,Retail,2026-01-01,2026-09-20T12:00:00
S01222,Demo Garden Centre 01222,CHAIN22,Canadian Demo Retail Chain 22,Saskatoon,SK,CA,S7K 1J7,ST022,Saskatoon,1222,Salesperson 222,Retail,2026-01-01,2026-09-20T12:00:00
S01223,Demo Garden Centre 01223,CHAIN23,Canadian Demo Retail Chain 23,Regina,SK,CA,S4P 3Y8,ST023,Regina,1223,Salesperson 223,Retail,2026-01-01,2026-09-20T12:00:00
S01224,Demo Garden Centre 01224,CHAIN24,Canadian Demo Retail Chain 24,Whitehorse,YT,CA,Y1A 2C9,ST024,Whitehorse,1224,Salesperson 224,Retail,2026-01-01,2026-09-20T12:00:00
S01225,Demo Garden Centre 01225,CHAIN25,Canadian Demo Retail Chain 25,Calgary,AB,CA,T2P 1J1,ST025,Calgary,1225,Salesperson 225,Retail,2026-01-01,2026-09-20T12:00:00
S01226,Demo Garden Centre 01226,CHAIN01,Canadian Demo Retail Chain 01,Edmonton,AB,CA,T5J 0N2,ST026,Edmonton,1226,Salesperson 226,Retail,2026-01-01,2026-09-20T12:00:00
S01227,Demo Garden Centre 01227,CHAIN02,Canadian Demo Retail Chain 02,Vancouver,BC,CA,V6B 2W3,ST027,Vancouver,1227,Salesperson 227,Retail,2026-01-01,2026-09-20T12:00:00
S01228,Demo Garden Centre 01228,CHAIN03,Canadian Demo Retail Chain 03,Victoria,BC,CA,V8W 1P4,ST028,Victoria,1228,Salesperson 228,Retail,2026-01-01,2026-09-20T12:00:00
S01229,Demo Garden Centre 01229,CHAIN04,Canadian Demo Retail Chain 04,Winnipeg,MB,CA,R3B 1C5,ST029,Winnipeg,1229,Salesperson 229,Retail,2026-01-01,2026-09-20T12:00:00
S01230,Demo Garden Centre 01230,CHAIN05,Canadian Demo Retail Chain 05,Fredericton,NB,CA,E3B 1B6,ST030,Fredericton,1230,Salesperson 230,Retail,2026-01-01,2026-09-20T12:00:00
S01231,Demo Garden Centre 01231,CHAIN06,Canadian Demo Retail Chain 06,St. John's,NL,CA,A1C 1B7,ST031,St. John's,1231,Salesperson 231,Retail,2026-01-01,2026-09-20T12:00:00
S01232,Demo Garden Centre 01232,CHAIN07,Canadian Demo Retail Chain 07,Halifax,NS,CA,B3J 1M8,ST032,Halifax,1232,Salesperson 232,Retail,2026-01-01,2026-09-20T12:00:00
S01233,Demo Garden Centre 01233,CHAIN08,Canadian Demo Retail Chain 08,Toronto,ON,CA,M5H 2N9,ST033,Toronto,1233,Salesperson 233,Retail,2026-01-01,2026-09-20T12:00:00
S01234,Demo Garden Centre 01234,CHAIN09,Canadian Demo Retail Chain 09,Ottawa,ON,CA,K1P 1J1,ST034,Ottawa,1234,Salesperson 234,Retail,2026-01-01,2026-09-20T12:00:00
S01235,Demo Garden Centre 01235,CHAIN10,Canadian Demo Retail Chain 10,London,ON,CA,N6A 3K2,ST035,London,1235,Salesperson 235,Retail,2026-01-01,2026-09-20T12:00:00
S01236,Demo Garden Centre 01236,CHAIN11,Canadian Demo Retail Chain 11,Thunder Bay,ON,CA,P7B 5E3,ST036,Thunder Bay,1236,Salesperson 236,Retail,2026-01-01,2026-09-20T12:00:00
S01237,Demo Garden Centre 01237,CHAIN12,Canadian Demo Retail Chain 12,Charlottetown,PE,CA,C1A 1A4,ST037,Charlottetown,1237,Salesperson 237,Retail,2026-01-01,2026-09-20T12:00:00
S01238,Demo Garden Centre 01238,CHAIN13,Canadian Demo Retail Chain 13,Montreal,QC,CA,H2Y 1C5,ST038,Montreal,1238,Salesperson 238,Retail,2026-01-01,2026-09-20T12:00:00
S01239,Demo Garden Centre 01239,CHAIN14,Canadian Demo Retail Chain 14,Quebec City,QC,CA,G1R 4P6,ST039,Quebec City,1239,Salesperson 239,Retail,2026-01-01,2026-09-20T12:00:00
S01240,Demo Garden Centre 01240,CHAIN15,Canadian Demo Retail Chain 15,Saskatoon,SK,CA,S7K 1J7,ST040,Saskatoon,1240,Salesperson 240,Retail,2026-01-01,2026-09-20T12:00:00
S01241,Demo Garden Centre 01241,CHAIN16,Canadian Demo Retail Chain 16,Regina,SK,CA,S4P 3Y8,ST041,Regina,1241,Salesperson 241,Retail,2026-01-01,2026-09-20T12:00:00
S01242,Demo Garden Centre 01242,CHAIN17,Canadian Demo Retail Chain 17,Whitehorse,YT,CA,Y1A 2C9,ST042,Whitehorse,1242,Salesperson 242,Retail,2026-01-01,2026-09-20T12:00:00
S01243,Demo Garden Centre 01243,CHAIN18,Canadian Demo Retail Chain 18,Calgary,AB,CA,T2P 1J1,ST043,Calgary,1243,Salesperson 243,Retail,2026-01-01,2026-09-20T12:00:00
S01244,Demo Garden Centre 01244,CHAIN19,Canadian Demo Retail Chain 19,Edmonton,AB,CA,T5J 0N2,ST044,Edmonton,1244,Salesperson 244,Retail,2026-01-01,2026-09-20T12:00:00
S01245,Demo Garden Centre 01245,CHAIN20,Canadian Demo Retail Chain 20,Vancouver,BC,CA,V6B 2W3,ST045,Vancouver,1245,Salesperson 245,Retail,2026-01-01,2026-09-20T12:00:00
S01246,Demo Garden Centre 01246,CHAIN21,Canadian Demo Retail Chain 21,Victoria,BC,CA,V8W 1P4,ST046,Victoria,1246,Salesperson 246,Retail,2026-01-01,2026-09-20T12:00:00
S01247,Demo Garden Centre 01247,CHAIN22,Canadian Demo Retail Chain 22,Winnipeg,MB,CA,R3B 1C5,ST047,Winnipeg,1247,Salesperson 247,Retail,2026-01-01,2026-09-20T12:00:00
S01248,Demo Garden Centre 01248,CHAIN23,Canadian Demo Retail Chain 23,Fredericton,NB,CA,E3B 1B6,ST048,Fredericton,1248,Salesperson 248,Retail,2026-01-01,2026-09-20T12:00:00
S01249,Demo Garden Centre 01249,CHAIN24,Canadian Demo Retail Chain 24,St. John's,NL,CA,A1C 1B7,ST049,St. John's,1249,Salesperson 249,Retail,2026-01-01,2026-09-20T12:00:00
S01250,Demo Garden Centre 01250,CHAIN25,Canadian Demo Retail Chain 25,Halifax,NS,CA,B3J 1M8,ST050,Halifax,1250,Salesperson 250,Retail,2026-01-01,2026-09-20T12:00:00
S01251,Demo Garden Centre 01251,CHAIN01,Canadian Demo Retail Chain 01,Toronto,ON,CA,M5H 2N9,ST051,Toronto,1251,Salesperson 001,Retail,2026-01-01,2026-09-20T12:00:00
S01252,Demo Garden Centre 01252,CHAIN02,Canadian Demo Retail Chain 02,Ottawa,ON,CA,K1P 1J1,ST052,Ottawa,1252,Salesperson 002,Retail,2026-01-01,2026-09-20T12:00:00
S01253,Demo Garden Centre 01253,CHAIN03,Canadian Demo Retail Chain 03,London,ON,CA,N6A 3K2,ST053,London,1253,Salesperson 003,Retail,2026-01-01,2026-09-20T12:00:00
S01254,Demo Garden Centre 01254,CHAIN04,Canadian Demo Retail Chain 04,Thunder Bay,ON,CA,P7B 5E3,ST054,Thunder Bay,1254,Salesperson 004,Retail,2026-01-01,2026-09-20T12:00:00
S01255,Demo Garden Centre 01255,CHAIN05,Canadian Demo Retail Chain 05,Charlottetown,PE,CA,C1A 1A4,ST055,Charlottetown,1255,Salesperson 005,Retail,2026-01-01,2026-09-20T12:00:00
S01256,Demo Garden Centre 01256,CHAIN06,Canadian Demo Retail Chain 06,Montreal,QC,CA,H2Y 1C5,ST056,Montreal,1256,Salesperson 006,Retail,2026-01-01,2026-09-20T12:00:00
S01257,Demo Garden Centre 01257,CHAIN07,Canadian Demo Retail Chain 07,Quebec City,QC,CA,G1R 4P6,ST057,Quebec City,1257,Salesperson 007,Retail,2026-01-01,2026-09-20T12:00:00
S01258,Demo Garden Centre 01258,CHAIN08,Canadian Demo Retail Chain 08,Saskatoon,SK,CA,S7K 1J7,ST058,Saskatoon,1258,Salesperson 008,Retail,2026-01-01,2026-09-20T12:00:00
S01259,Demo Garden Centre 01259,CHAIN09,Canadian Demo Retail Chain 09,Regina,SK,CA,S4P 3Y8,ST059,Regina,1259,Salesperson 009,Retail,2026-01-01,2026-09-20T12:00:00
S01260,Demo Garden Centre 01260,CHAIN10,Canadian Demo Retail Chain 10,Whitehorse,YT,CA,Y1A 2C9,ST060,Whitehorse,1260,Salesperson 010,Retail,2026-01-01,2026-09-20T12:00:00
S01261,Demo Garden Centre 01261,CHAIN11,Canadian Demo Retail Chain 11,Calgary,AB,CA,T2P 1J1,ST061,Calgary,1261,Salesperson 011,Retail,2026-01-01,2026-09-20T12:00:00
S01262,Demo Garden Centre 01262,CHAIN12,Canadian Demo Retail Chain 12,Edmonton,AB,CA,T5J 0N2,ST062,Edmonton,1262,Salesperson 012,Retail,2026-01-01,2026-09-20T12:00:00
S01263,Demo Garden Centre 01263,CHAIN13,Canadian Demo Retail Chain 13,Vancouver,BC,CA,V6B 2W3,ST063,Vancouver,1263,Salesperson 013,Retail,2026-01-01,2026-09-20T12:00:00
S01264,Demo Garden Centre 01264,CHAIN14,Canadian Demo Retail Chain 14,Victoria,BC,CA,V8W 1P4,ST064,Victoria,1264,Salesperson 014,Retail,2026-01-01,2026-09-20T12:00:00
S01265,Demo Garden Centre 01265,CHAIN15,Canadian Demo Retail Chain 15,Winnipeg,MB,CA,R3B 1C5,ST065,Winnipeg,1265,Salesperson 015,Retail,2026-01-01,2026-09-20T12:00:00
S01266,Demo Garden Centre 01266,CHAIN16,Canadian Demo Retail Chain 16,Fredericton,NB,CA,E3B 1B6,ST066,Fredericton,1266,Salesperson 016,Retail,2026-01-01,2026-09-20T12:00:00
S01267,Demo Garden Centre 01267,CHAIN17,Canadian Demo Retail Chain 17,St. John's,NL,CA,A1C 1B7,ST067,St. John's,1267,Salesperson 017,Retail,2026-01-01,2026-09-20T12:00:00
S01268,Demo Garden Centre 01268,CHAIN18,Canadian Demo Retail Chain 18,Halifax,NS,CA,B3J 1M8,ST068,Halifax,1268,Salesperson 018,Retail,2026-01-01,2026-09-20T12:00:00
S01269,Demo Garden Centre 01269,CHAIN19,Canadian Demo Retail Chain 19,Toronto,ON,CA,M5H 2N9,ST069,Toronto,1269,Salesperson 019,Retail,2026-01-01,2026-09-20T12:00:00
S01270,Demo Garden Centre 01270,CHAIN20,Canadian Demo Retail Chain 20,Ottawa,ON,CA,K1P 1J1,ST070,Ottawa,1270,Salesperson 020,Retail,2026-01-01,2026-09-20T12:00:00
S01271,Demo Garden Centre 01271,CHAIN21,Canadian Demo Retail Chain 21,London,ON,CA,N6A 3K2,ST071,London,1271,Salesperson 021,Retail,2026-01-01,2026-09-20T12:00:00
S01272,Demo Garden Centre 01272,CHAIN22,Canadian Demo Retail Chain 22,Thunder Bay,ON,CA,P7B 5E3,ST072,Thunder Bay,1272,Salesperson 022,Retail,2026-01-01,2026-09-20T12:00:00
S01273,Demo Garden Centre 01273,CHAIN23,Canadian Demo Retail Chain 23,Charlottetown,PE,CA,C1A 1A4,ST073,Charlottetown,1273,Salesperson 023,Retail,2026-01-01,2026-09-20T12:00:00
S01274,Demo Garden Centre 01274,CHAIN24,Canadian Demo Retail Chain 24,Montreal,QC,CA,H2Y 1C5,ST074,Montreal,1274,Salesperson 024,Retail,2026-01-01,2026-09-20T12:00:00
S01275,Demo Garden Centre 01275,CHAIN25,Canadian Demo Retail Chain 25,Quebec City,QC,CA,G1R 4P6,ST075,Quebec City,1275,Salesperson 025,Retail,2026-01-01,2026-09-20T12:00:00
S01276,Demo Garden Centre 01276,CHAIN01,Canadian Demo Retail Chain 01,Saskatoon,SK,CA,S7K 1J7,ST076,Saskatoon,1276,Salesperson 026,Retail,2026-01-01,2026-09-20T12:00:00
S01277,Demo Garden Centre 01277,CHAIN02,Canadian Demo Retail Chain 02,Regina,SK,CA,S4P 3Y8,ST077,Regina,1277,Salesperson 027,Retail,2026-01-01,2026-09-20T12:00:00
S01278,Demo Garden Centre 01278,CHAIN03,Canadian Demo Retail Chain 03,Whitehorse,YT,CA,Y1A 2C9,ST078,Whitehorse,1278,Salesperson 028,Retail,2026-01-01,2026-09-20T12:00:00
S01279,Demo Garden Centre 01279,CHAIN04,Canadian Demo Retail Chain 04,Calgary,AB,CA,T2P 1J1,ST079,Calgary,1279,Salesperson 029,Retail,2026-01-01,2026-09-20T12:00:00
S01280,Demo Garden Centre 01280,CHAIN05,Canadian Demo Retail Chain 05,Edmonton,AB,CA,T5J 0N2,ST080,Edmonton,1280,Salesperson 030,Retail,2026-01-01,2026-09-20T12:00:00
S01281,Demo Garden Centre 01281,CHAIN06,Canadian Demo Retail Chain 06,Vancouver,BC,CA,V6B 2W3,ST081,Vancouver,1281,Salesperson 031,Retail,2026-01-01,2026-09-20T12:00:00
S01282,Demo Garden Centre 01282,CHAIN07,Canadian Demo Retail Chain 07,Victoria,BC,CA,V8W 1P4,ST082,Victoria,1282,Salesperson 032,Retail,2026-01-01,2026-09-20T12:00:00
S01283,Demo Garden Centre 01283,CHAIN08,Canadian Demo Retail Chain 08,Winnipeg,MB,CA,R3B 1C5,ST083,Winnipeg,1283,Salesperson 033,Retail,2026-01-01,2026-09-20T12:00:00
S01284,Demo Garden Centre 01284,CHAIN09,Canadian Demo Retail Chain 09,Fredericton,NB,CA,E3B 1B6,ST084,Fredericton,1284,Salesperson 034,Retail,2026-01-01,2026-09-20T12:00:00
S01285,Demo Garden Centre 01285,CHAIN10,Canadian Demo Retail Chain 10,St. John's,NL,CA,A1C 1B7,ST085,St. John's,1285,Salesperson 035,Retail,2026-01-01,2026-09-20T12:00:00
S01286,Demo Garden Centre 01286,CHAIN11,Canadian Demo Retail Chain 11,Halifax,NS,CA,B3J 1M8,ST086,Halifax,1286,Salesperson 036,Retail,2026-01-01,2026-09-20T12:00:00
S01287,Demo Garden Centre 01287,CHAIN12,Canadian Demo Retail Chain 12,Toronto,ON,CA,M5H 2N9,ST087,Toronto,1287,Salesperson 037,Retail,2026-01-01,2026-09-20T12:00:00
S01288,Demo Garden Centre 01288,CHAIN13,Canadian Demo Retail Chain 13,Ottawa,ON,CA,K1P 1J1,ST088,Ottawa,1288,Salesperson 038,Retail,2026-01-01,2026-09-20T12:00:00
S01289,Demo Garden Centre 01289,CHAIN14,Canadian Demo Retail Chain 14,London,ON,CA,N6A 3K2,ST089,London,1289,Salesperson 039,Retail,2026-01-01,2026-09-20T12:00:00
S01290,Demo Garden Centre 01290,CHAIN15,Canadian Demo Retail Chain 15,Thunder Bay,ON,CA,P7B 5E3,ST090,Thunder Bay,1290,Salesperson 040,Retail,2026-01-01,2026-09-20T12:00:00
S01291,Demo Garden Centre 01291,CHAIN16,Canadian Demo Retail Chain 16,Charlottetown,PE,CA,C1A 1A4,ST091,Charlottetown,1291,Salesperson 041,Retail,2026-01-01,2026-09-20T12:00:00
S01292,Demo Garden Centre 01292,CHAIN17,Canadian Demo Retail Chain 17,Montreal,QC,CA,H2Y 1C5,ST092,Montreal,1292,Salesperson 042,Retail,2026-01-01,2026-09-20T12:00:00
S01293,Demo Garden Centre 01293,CHAIN18,Canadian Demo Retail Chain 18,Quebec City,QC,CA,G1R 4P6,ST093,Quebec City,1293,Salesperson 043,Retail,2026-01-01,2026-09-20T12:00:00
S01294,Demo Garden Centre 01294,CHAIN19,Canadian Demo Retail Chain 19,Saskatoon,SK,CA,S7K 1J7,ST094,Saskatoon,1294,Salesperson 044,Retail,2026-01-01,2026-09-20T12:00:00
S01295,Demo Garden Centre 01295,CHAIN20,Canadian Demo Retail Chain 20,Regina,SK,CA,S4P 3Y8,ST095,Regina,1295,Salesperson 045,Retail,2026-01-01,2026-09-20T12:00:00
S01296,Demo Garden Centre 01296,CHAIN21,Canadian Demo Retail Chain 21,Whitehorse,YT,CA,Y1A 2C9,ST096,Whitehorse,1296,Salesperson 046,Retail,2026-01-01,2026-09-20T12:00:00
S01297,Demo Garden Centre 01297,CHAIN22,Canadian Demo Retail Chain 22,Calgary,AB,CA,T2P 1J1,ST097,Calgary,1297,Salesperson 047,Retail,2026-01-01,2026-09-20T12:00:00
S01298,Demo Garden Centre 01298,CHAIN23,Canadian Demo Retail Chain 23,Edmonton,AB,CA,T5J 0N2,ST098,Edmonton,1298,Salesperson 048,Retail,2026-01-01,2026-09-20T12:00:00
S01299,Demo Garden Centre 01299,CHAIN24,Canadian Demo Retail Chain 24,Vancouver,BC,CA,V6B 2W3,ST099,Vancouver,1299,Salesperson 049,Retail,2026-01-01,2026-09-20T12:00:00
S01300,Demo Garden Centre 01300,CHAIN25,Canadian Demo Retail Chain 25,Victoria,BC,CA,V8W 1P4,ST100,Victoria,1300,Salesperson 050,Retail,2026-01-01,2026-09-20T12:00:00
S01301,Demo Garden Centre 01301,CHAIN01,Canadian Demo Retail Chain 01,Winnipeg,MB,CA,R3B 1C5,ST001,Winnipeg,1301,Salesperson 051,Retail,2026-01-01,2026-09-20T12:00:00
S01302,Demo Garden Centre 01302,CHAIN02,Canadian Demo Retail Chain 02,Fredericton,NB,CA,E3B 1B6,ST002,Fredericton,1302,Salesperson 052,Retail,2026-01-01,2026-09-20T12:00:00
S01303,Demo Garden Centre 01303,CHAIN03,Canadian Demo Retail Chain 03,St. John's,NL,CA,A1C 1B7,ST003,St. John's,1303,Salesperson 053,Retail,2026-01-01,2026-09-20T12:00:00
S01304,Demo Garden Centre 01304,CHAIN04,Canadian Demo Retail Chain 04,Halifax,NS,CA,B3J 1M8,ST004,Halifax,1304,Salesperson 054,Retail,2026-01-01,2026-09-20T12:00:00
S01305,Demo Garden Centre 01305,CHAIN05,Canadian Demo Retail Chain 05,Toronto,ON,CA,M5H 2N9,ST005,Toronto,1305,Salesperson 055,Retail,2026-01-01,2026-09-20T12:00:00
S01306,Demo Garden Centre 01306,CHAIN06,Canadian Demo Retail Chain 06,Ottawa,ON,CA,K1P 1J1,ST006,Ottawa,1306,Salesperson 056,Retail,2026-01-01,2026-09-20T12:00:00
S01307,Demo Garden Centre 01307,CHAIN07,Canadian Demo Retail Chain 07,London,ON,CA,N6A 3K2,ST007,London,1307,Salesperson 057,Retail,2026-01-01,2026-09-20T12:00:00
S01308,Demo Garden Centre 01308,CHAIN08,Canadian Demo Retail Chain 08,Thunder Bay,ON,CA,P7B 5E3,ST008,Thunder Bay,1308,Salesperson 058,Retail,2026-01-01,2026-09-20T12:00:00
S01309,Demo Garden Centre 01309,CHAIN09,Canadian Demo Retail Chain 09,Charlottetown,PE,CA,C1A 1A4,ST009,Charlottetown,1309,Salesperson 059,Retail,2026-01-01,2026-09-20T12:00:00
S01310,Demo Garden Centre 01310,CHAIN10,Canadian Demo Retail Chain 10,Montreal,QC,CA,H2Y 1C5,ST010,Montreal,1310,Salesperson 060,Retail,2026-01-01,2026-09-20T12:00:00
S01311,Demo Garden Centre 01311,CHAIN11,Canadian Demo Retail Chain 11,Quebec City,QC,CA,G1R 4P6,ST011,Quebec City,1311,Salesperson 061,Retail,2026-01-01,2026-09-20T12:00:00
S01312,Demo Garden Centre 01312,CHAIN12,Canadian Demo Retail Chain 12,Saskatoon,SK,CA,S7K 1J7,ST012,Saskatoon,1312,Salesperson 062,Retail,2026-01-01,2026-09-20T12:00:00
S01313,Demo Garden Centre 01313,CHAIN13,Canadian Demo Retail Chain 13,Regina,SK,CA,S4P 3Y8,ST013,Regina,1313,Salesperson 063,Retail,2026-01-01,2026-09-20T12:00:00
S01314,Demo Garden Centre 01314,CHAIN14,Canadian Demo Retail Chain 14,Whitehorse,YT,CA,Y1A 2C9,ST014,Whitehorse,1314,Salesperson 064,Retail,2026-01-01,2026-09-20T12:00:00
S01315,Demo Garden Centre 01315,CHAIN15,Canadian Demo Retail Chain 15,Calgary,AB,CA,T2P 1J1,ST015,Calgary,1315,Salesperson 065,Retail,2026-01-01,2026-09-20T12:00:00
S01316,Demo Garden Centre 01316,CHAIN16,Canadian Demo Retail Chain 16,Edmonton,AB,CA,T5J 0N2,ST016,Edmonton,1316,Salesperson 066,Retail,2026-01-01,2026-09-20T12:00:00
S01317,Demo Garden Centre 01317,CHAIN17,Canadian Demo Retail Chain 17,Vancouver,BC,CA,V6B 2W3,ST017,Vancouver,1317,Salesperson 067,Retail,2026-01-01,2026-09-20T12:00:00
S01318,Demo Garden Centre 01318,CHAIN18,Canadian Demo Retail Chain 18,Victoria,BC,CA,V8W 1P4,ST018,Victoria,1318,Salesperson 068,Retail,2026-01-01,2026-09-20T12:00:00
S01319,Demo Garden Centre 01319,CHAIN19,Canadian Demo Retail Chain 19,Winnipeg,MB,CA,R3B 1C5,ST019,Winnipeg,1319,Salesperson 069,Retail,2026-01-01,2026-09-20T12:00:00
S01320,Demo Garden Centre 01320,CHAIN20,Canadian Demo Retail Chain 20,Fredericton,NB,CA,E3B 1B6,ST020,Fredericton,1320,Salesperson 070,Retail,2026-01-01,2026-09-20T12:00:00
S01321,Demo Garden Centre 01321,CHAIN21,Canadian Demo Retail Chain 21,St. John's,NL,CA,A1C 1B7,ST021,St. John's,1321,Salesperson 071,Retail,2026-01-01,2026-09-20T12:00:00
S01322,Demo Garden Centre 01322,CHAIN22,Canadian Demo Retail Chain 22,Halifax,NS,CA,B3J 1M8,ST022,Halifax,1322,Salesperson 072,Retail,2026-01-01,2026-09-20T12:00:00
S01323,Demo Garden Centre 01323,CHAIN23,Canadian Demo Retail Chain 23,Toronto,ON,CA,M5H 2N9,ST023,Toronto,1323,Salesperson 073,Retail,2026-01-01,2026-09-20T12:00:00
S01324,Demo Garden Centre 01324,CHAIN24,Canadian Demo Retail Chain 24,Ottawa,ON,CA,K1P 1J1,ST024,Ottawa,1324,Salesperson 074,Retail,2026-01-01,2026-09-20T12:00:00
S01325,Demo Garden Centre 01325,CHAIN25,Canadian Demo Retail Chain 25,London,ON,CA,N6A 3K2,ST025,London,1325,Salesperson 075,Retail,2026-01-01,2026-09-20T12:00:00
S01326,Demo Garden Centre 01326,CHAIN01,Canadian Demo Retail Chain 01,Thunder Bay,ON,CA,P7B 5E3,ST026,Thunder Bay,1326,Salesperson 076,Retail,2026-01-01,2026-09-20T12:00:00
S01327,Demo Garden Centre 01327,CHAIN02,Canadian Demo Retail Chain 02,Charlottetown,PE,CA,C1A 1A4,ST027,Charlottetown,1327,Salesperson 077,Retail,2026-01-01,2026-09-20T12:00:00
S01328,Demo Garden Centre 01328,CHAIN03,Canadian Demo Retail Chain 03,Montreal,QC,CA,H2Y 1C5,ST028,Montreal,1328,Salesperson 078,Retail,2026-01-01,2026-09-20T12:00:00
S01329,Demo Garden Centre 01329,CHAIN04,Canadian Demo Retail Chain 04,Quebec City,QC,CA,G1R 4P6,ST029,Quebec City,1329,Salesperson 079,Retail,2026-01-01,2026-09-20T12:00:00
S01330,Demo Garden Centre 01330,CHAIN05,Canadian Demo Retail Chain 05,Saskatoon,SK,CA,S7K 1J7,ST030,Saskatoon,1330,Salesperson 080,Retail,2026-01-01,2026-09-20T12:00:00
S01331,Demo Garden Centre 01331,CHAIN06,Canadian Demo Retail Chain 06,Regina,SK,CA,S4P 3Y8,ST031,Regina,1331,Salesperson 081,Retail,2026-01-01,2026-09-20T12:00:00
S01332,Demo Garden Centre 01332,CHAIN07,Canadian Demo Retail Chain 07,Whitehorse,YT,CA,Y1A 2C9,ST032,Whitehorse,1332,Salesperson 082,Retail,2026-01-01,2026-09-20T12:00:00
S01333,Demo Garden Centre 01333,CHAIN08,Canadian Demo Retail Chain 08,Calgary,AB,CA,T2P 1J1,ST033,Calgary,1333,Salesperson 083,Retail,2026-01-01,2026-09-20T12:00:00
S01334,Demo Garden Centre 01334,CHAIN09,Canadian Demo Retail Chain 09,Edmonton,AB,CA,T5J 0N2,ST034,Edmonton,1334,Salesperson 084,Retail,2026-01-01,2026-09-20T12:00:00
S01335,Demo Garden Centre 01335,CHAIN10,Canadian Demo Retail Chain 10,Vancouver,BC,CA,V6B 2W3,ST035,Vancouver,1335,Salesperson 085,Retail,2026-01-01,2026-09-20T12:00:00
S01336,Demo Garden Centre 01336,CHAIN11,Canadian Demo Retail Chain 11,Victoria,BC,CA,V8W 1P4,ST036,Victoria,1336,Salesperson 086,Retail,2026-01-01,2026-09-20T12:00:00
S01337,Demo Garden Centre 01337,CHAIN12,Canadian Demo Retail Chain 12,Winnipeg,MB,CA,R3B 1C5,ST037,Winnipeg,1337,Salesperson 087,Retail,2026-01-01,2026-09-20T12:00:00
S01338,Demo Garden Centre 01338,CHAIN13,Canadian Demo Retail Chain 13,Fredericton,NB,CA,E3B 1B6,ST038,Fredericton,1338,Salesperson 088,Retail,2026-01-01,2026-09-20T12:00:00
S01339,Demo Garden Centre 01339,CHAIN14,Canadian Demo Retail Chain 14,St. John's,NL,CA,A1C 1B7,ST039,St. John's,1339,Salesperson 089,Retail,2026-01-01,2026-09-20T12:00:00
S01340,Demo Garden Centre 01340,CHAIN15,Canadian Demo Retail Chain 15,Halifax,NS,CA,B3J 1M8,ST040,Halifax,1340,Salesperson 090,Retail,2026-01-01,2026-09-20T12:00:00
S01341,Demo Garden Centre 01341,CHAIN16,Canadian Demo Retail Chain 16,Toronto,ON,CA,M5H 2N9,ST041,Toronto,1341,Salesperson 091,Retail,2026-01-01,2026-09-20T12:00:00
S01342,Demo Garden Centre 01342,CHAIN17,Canadian Demo Retail Chain 17,Ottawa,ON,CA,K1P 1J1,ST042,Ottawa,1342,Salesperson 092,Retail,2026-01-01,2026-09-20T12:00:00
S01343,Demo Garden Centre 01343,CHAIN18,Canadian Demo Retail Chain 18,London,ON,CA,N6A 3K2,ST043,London,1343,Salesperson 093,Retail,2026-01-01,2026-09-20T12:00:00
S01344,Demo Garden Centre 01344,CHAIN19,Canadian Demo Retail Chain 19,Thunder Bay,ON,CA,P7B 5E3,ST044,Thunder Bay,1344,Salesperson 094,Retail,2026-01-01,2026-09-20T12:00:00
S01345,Demo Garden Centre 01345,CHAIN20,Canadian Demo Retail Chain 20,Charlottetown,PE,CA,C1A 1A4,ST045,Charlottetown,1345,Salesperson 095,Retail,2026-01-01,2026-09-20T12:00:00
S01346,Demo Garden Centre 01346,CHAIN21,Canadian Demo Retail Chain 21,Montreal,QC,CA,H2Y 1C5,ST046,Montreal,1346,Salesperson 096,Retail,2026-01-01,2026-09-20T12:00:00
S01347,Demo Garden Centre 01347,CHAIN22,Canadian Demo Retail Chain 22,Quebec City,QC,CA,G1R 4P6,ST047,Quebec City,1347,Salesperson 097,Retail,2026-01-01,2026-09-20T12:00:00
S01348,Demo Garden Centre 01348,CHAIN23,Canadian Demo Retail Chain 23,Saskatoon,SK,CA,S7K 1J7,ST048,Saskatoon,1348,Salesperson 098,Retail,2026-01-01,2026-09-20T12:00:00
S01349,Demo Garden Centre 01349,CHAIN24,Canadian Demo Retail Chain 24,Regina,SK,CA,S4P 3Y8,ST049,Regina,1349,Salesperson 099,Retail,2026-01-01,2026-09-20T12:00:00
S01350,Demo Garden Centre 01350,CHAIN25,Canadian Demo Retail Chain 25,Whitehorse,YT,CA,Y1A 2C9,ST050,Whitehorse,1350,Salesperson 100,Retail,2026-01-01,2026-09-20T12:00:00
S01351,Demo Garden Centre 01351,CHAIN01,Canadian Demo Retail Chain 01,Calgary,AB,CA,T2P 1J1,ST051,Calgary,1351,Salesperson 101,Retail,2026-01-01,2026-09-20T12:00:00
S01352,Demo Garden Centre 01352,CHAIN02,Canadian Demo Retail Chain 02,Edmonton,AB,CA,T5J 0N2,ST052,Edmonton,1352,Salesperson 102,Retail,2026-01-01,2026-09-20T12:00:00
S01353,Demo Garden Centre 01353,CHAIN03,Canadian Demo Retail Chain 03,Vancouver,BC,CA,V6B 2W3,ST053,Vancouver,1353,Salesperson 103,Retail,2026-01-01,2026-09-20T12:00:00
S01354,Demo Garden Centre 01354,CHAIN04,Canadian Demo Retail Chain 04,Victoria,BC,CA,V8W 1P4,ST054,Victoria,1354,Salesperson 104,Retail,2026-01-01,2026-09-20T12:00:00
S01355,Demo Garden Centre 01355,CHAIN05,Canadian Demo Retail Chain 05,Winnipeg,MB,CA,R3B 1C5,ST055,Winnipeg,1355,Salesperson 105,Retail,2026-01-01,2026-09-20T12:00:00
S01356,Demo Garden Centre 01356,CHAIN06,Canadian Demo Retail Chain 06,Fredericton,NB,CA,E3B 1B6,ST056,Fredericton,1356,Salesperson 106,Retail,2026-01-01,2026-09-20T12:00:00
S01357,Demo Garden Centre 01357,CHAIN07,Canadian Demo Retail Chain 07,St. John's,NL,CA,A1C 1B7,ST057,St. John's,1357,Salesperson 107,Retail,2026-01-01,2026-09-20T12:00:00
S01358,Demo Garden Centre 01358,CHAIN08,Canadian Demo Retail Chain 08,Halifax,NS,CA,B3J 1M8,ST058,Halifax,1358,Salesperson 108,Retail,2026-01-01,2026-09-20T12:00:00
S01359,Demo Garden Centre 01359,CHAIN09,Canadian Demo Retail Chain 09,Toronto,ON,CA,M5H 2N9,ST059,Toronto,1359,Salesperson 109,Retail,2026-01-01,2026-09-20T12:00:00
S01360,Demo Garden Centre 01360,CHAIN10,Canadian Demo Retail Chain 10,Ottawa,ON,CA,K1P 1J1,ST060,Ottawa,1360,Salesperson 110,Retail,2026-01-01,2026-09-20T12:00:00
S01361,Demo Garden Centre 01361,CHAIN11,Canadian Demo Retail Chain 11,London,ON,CA,N6A 3K2,ST061,London,1361,Salesperson 111,Retail,2026-01-01,2026-09-20T12:00:00
S01362,Demo Garden Centre 01362,CHAIN12,Canadian Demo Retail Chain 12,Thunder Bay,ON,CA,P7B 5E3,ST062,Thunder Bay,1362,Salesperson 112,Retail,2026-01-01,2026-09-20T12:00:00
S01363,Demo Garden Centre 01363,CHAIN13,Canadian Demo Retail Chain 13,Charlottetown,PE,CA,C1A 1A4,ST063,Charlottetown,1363,Salesperson 113,Retail,2026-01-01,2026-09-20T12:00:00
S01364,Demo Garden Centre 01364,CHAIN14,Canadian Demo Retail Chain 14,Montreal,QC,CA,H2Y 1C5,ST064,Montreal,1364,Salesperson 114,Retail,2026-01-01,2026-09-20T12:00:00
S01365,Demo Garden Centre 01365,CHAIN15,Canadian Demo Retail Chain 15,Quebec City,QC,CA,G1R 4P6,ST065,Quebec City,1365,Salesperson 115,Retail,2026-01-01,2026-09-20T12:00:00
S01366,Demo Garden Centre 01366,CHAIN16,Canadian Demo Retail Chain 16,Saskatoon,SK,CA,S7K 1J7,ST066,Saskatoon,1366,Salesperson 116,Retail,2026-01-01,2026-09-20T12:00:00
S01367,Demo Garden Centre 01367,CHAIN17,Canadian Demo Retail Chain 17,Regina,SK,CA,S4P 3Y8,ST067,Regina,1367,Salesperson 117,Retail,2026-01-01,2026-09-20T12:00:00
S01368,Demo Garden Centre 01368,CHAIN18,Canadian Demo Retail Chain 18,Whitehorse,YT,CA,Y1A 2C9,ST068,Whitehorse,1368,Salesperson 118,Retail,2026-01-01,2026-09-20T12:00:00
S01369,Demo Garden Centre 01369,CHAIN19,Canadian Demo Retail Chain 19,Calgary,AB,CA,T2P 1J1,ST069,Calgary,1369,Salesperson 119,Retail,2026-01-01,2026-09-20T12:00:00
S01370,Demo Garden Centre 01370,CHAIN20,Canadian Demo Retail Chain 20,Edmonton,AB,CA,T5J 0N2,ST070,Edmonton,1370,Salesperson 120,Retail,2026-01-01,2026-09-20T12:00:00
S01371,Demo Garden Centre 01371,CHAIN21,Canadian Demo Retail Chain 21,Vancouver,BC,CA,V6B 2W3,ST071,Vancouver,1371,Salesperson 121,Retail,2026-01-01,2026-09-20T12:00:00
S01372,Demo Garden Centre 01372,CHAIN22,Canadian Demo Retail Chain 22,Victoria,BC,CA,V8W 1P4,ST072,Victoria,1372,Salesperson 122,Retail,2026-01-01,2026-09-20T12:00:00
S01373,Demo Garden Centre 01373,CHAIN23,Canadian Demo Retail Chain 23,Winnipeg,MB,CA,R3B 1C5,ST073,Winnipeg,1373,Salesperson 123,Retail,2026-01-01,2026-09-20T12:00:00
S01374,Demo Garden Centre 01374,CHAIN24,Canadian Demo Retail Chain 24,Fredericton,NB,CA,E3B 1B6,ST074,Fredericton,1374,Salesperson 124,Retail,2026-01-01,2026-09-20T12:00:00
S01375,Demo Garden Centre 01375,CHAIN25,Canadian Demo Retail Chain 25,St. John's,NL,CA,A1C 1B7,ST075,St. John's,1375,Salesperson 125,Retail,2026-01-01,2026-09-20T12:00:00
S01376,Demo Garden Centre 01376,CHAIN01,Canadian Demo Retail Chain 01,Halifax,NS,CA,B3J 1M8,ST076,Halifax,1376,Salesperson 126,Retail,2026-01-01,2026-09-20T12:00:00
S01377,Demo Garden Centre 01377,CHAIN02,Canadian Demo Retail Chain 02,Toronto,ON,CA,M5H 2N9,ST077,Toronto,1377,Salesperson 127,Retail,2026-01-01,2026-09-20T12:00:00
S01378,Demo Garden Centre 01378,CHAIN03,Canadian Demo Retail Chain 03,Ottawa,ON,CA,K1P 1J1,ST078,Ottawa,1378,Salesperson 128,Retail,2026-01-01,2026-09-20T12:00:00
S01379,Demo Garden Centre 01379,CHAIN04,Canadian Demo Retail Chain 04,London,ON,CA,N6A 3K2,ST079,London,1379,Salesperson 129,Retail,2026-01-01,2026-09-20T12:00:00
S01380,Demo Garden Centre 01380,CHAIN05,Canadian Demo Retail Chain 05,Thunder Bay,ON,CA,P7B 5E3,ST080,Thunder Bay,1380,Salesperson 130,Retail,2026-01-01,2026-09-20T12:00:00
S01381,Demo Garden Centre 01381,CHAIN06,Canadian Demo Retail Chain 06,Charlottetown,PE,CA,C1A 1A4,ST081,Charlottetown,1381,Salesperson 131,Retail,2026-01-01,2026-09-20T12:00:00
S01382,Demo Garden Centre 01382,CHAIN07,Canadian Demo Retail Chain 07,Montreal,QC,CA,H2Y 1C5,ST082,Montreal,1382,Salesperson 132,Retail,2026-01-01,2026-09-20T12:00:00
S01383,Demo Garden Centre 01383,CHAIN08,Canadian Demo Retail Chain 08,Quebec City,QC,CA,G1R 4P6,ST083,Quebec City,1383,Salesperson 133,Retail,2026-01-01,2026-09-20T12:00:00
S01384,Demo Garden Centre 01384,CHAIN09,Canadian Demo Retail Chain 09,Saskatoon,SK,CA,S7K 1J7,ST084,Saskatoon,1384,Salesperson 134,Retail,2026-01-01,2026-09-20T12:00:00
S01385,Demo Garden Centre 01385,CHAIN10,Canadian Demo Retail Chain 10,Regina,SK,CA,S4P 3Y8,ST085,Regina,1385,Salesperson 135,Retail,2026-01-01,2026-09-20T12:00:00
S01386,Demo Garden Centre 01386,CHAIN11,Canadian Demo Retail Chain 11,Whitehorse,YT,CA,Y1A 2C9,ST086,Whitehorse,1386,Salesperson 136,Retail,2026-01-01,2026-09-20T12:00:00
S01387,Demo Garden Centre 01387,CHAIN12,Canadian Demo Retail Chain 12,Calgary,AB,CA,T2P 1J1,ST087,Calgary,1387,Salesperson 137,Retail,2026-01-01,2026-09-20T12:00:00
S01388,Demo Garden Centre 01388,CHAIN13,Canadian Demo Retail Chain 13,Edmonton,AB,CA,T5J 0N2,ST088,Edmonton,1388,Salesperson 138,Retail,2026-01-01,2026-09-20T12:00:00
S01389,Demo Garden Centre 01389,CHAIN14,Canadian Demo Retail Chain 14,Vancouver,BC,CA,V6B 2W3,ST089,Vancouver,1389,Salesperson 139,Retail,2026-01-01,2026-09-20T12:00:00
S01390,Demo Garden Centre 01390,CHAIN15,Canadian Demo Retail Chain 15,Victoria,BC,CA,V8W 1P4,ST090,Victoria,1390,Salesperson 140,Retail,2026-01-01,2026-09-20T12:00:00
S01391,Demo Garden Centre 01391,CHAIN16,Canadian Demo Retail Chain 16,Winnipeg,MB,CA,R3B 1C5,ST091,Winnipeg,1391,Salesperson 141,Retail,2026-01-01,2026-09-20T12:00:00
S01392,Demo Garden Centre 01392,CHAIN17,Canadian Demo Retail Chain 17,Fredericton,NB,CA,E3B 1B6,ST092,Fredericton,1392,Salesperson 142,Retail,2026-01-01,2026-09-20T12:00:00
S01393,Demo Garden Centre 01393,CHAIN18,Canadian Demo Retail Chain 18,St. John's,NL,CA,A1C 1B7,ST093,St. John's,1393,Salesperson 143,Retail,2026-01-01,2026-09-20T12:00:00
S01394,Demo Garden Centre 01394,CHAIN19,Canadian Demo Retail Chain 19,Halifax,NS,CA,B3J 1M8,ST094,Halifax,1394,Salesperson 144,Retail,2026-01-01,2026-09-20T12:00:00
S01395,Demo Garden Centre 01395,CHAIN20,Canadian Demo Retail Chain 20,Toronto,ON,CA,M5H 2N9,ST095,Toronto,1395,Salesperson 145,Retail,2026-01-01,2026-09-20T12:00:00
S01396,Demo Garden Centre 01396,CHAIN21,Canadian Demo Retail Chain 21,Ottawa,ON,CA,K1P 1J1,ST096,Ottawa,1396,Salesperson 146,Retail,2026-01-01,2026-09-20T12:00:00
S01397,Demo Garden Centre 01397,CHAIN22,Canadian Demo Retail Chain 22,London,ON,CA,N6A 3K2,ST097,London,1397,Salesperson 147,Retail,2026-01-01,2026-09-20T12:00:00
S01398,Demo Garden Centre 01398,CHAIN23,Canadian Demo Retail Chain 23,Thunder Bay,ON,CA,P7B 5E3,ST098,Thunder Bay,1398,Salesperson 148,Retail,2026-01-01,2026-09-20T12:00:00
S01399,Demo Garden Centre 01399,CHAIN24,Canadian Demo Retail Chain 24,Charlottetown,PE,CA,C1A 1A4,ST099,Charlottetown,1399,Salesperson 149,Retail,2026-01-01,2026-09-20T12:00:00
S01400,Demo Garden Centre 01400,CHAIN25,Canadian Demo Retail Chain 25,Montreal,QC,CA,H2Y 1C5,ST100,Montreal,1400,Salesperson 150,Retail,2026-01-01,2026-09-20T12:00:00
S01401,Demo Garden Centre 01401,CHAIN01,Canadian Demo Retail Chain 01,Quebec City,QC,CA,G1R 4P6,ST001,Quebec City,1401,Salesperson 151,Retail,2026-01-01,2026-09-20T12:00:00
S01402,Demo Garden Centre 01402,CHAIN02,Canadian Demo Retail Chain 02,Saskatoon,SK,CA,S7K 1J7,ST002,Saskatoon,1402,Salesperson 152,Retail,2026-01-01,2026-09-20T12:00:00
S01403,Demo Garden Centre 01403,CHAIN03,Canadian Demo Retail Chain 03,Regina,SK,CA,S4P 3Y8,ST003,Regina,1403,Salesperson 153,Retail,2026-01-01,2026-09-20T12:00:00
S01404,Demo Garden Centre 01404,CHAIN04,Canadian Demo Retail Chain 04,Whitehorse,YT,CA,Y1A 2C9,ST004,Whitehorse,1404,Salesperson 154,Retail,2026-01-01,2026-09-20T12:00:00
S01405,Demo Garden Centre 01405,CHAIN05,Canadian Demo Retail Chain 05,Calgary,AB,CA,T2P 1J1,ST005,Calgary,1405,Salesperson 155,Retail,2026-01-01,2026-09-20T12:00:00
S01406,Demo Garden Centre 01406,CHAIN06,Canadian Demo Retail Chain 06,Edmonton,AB,CA,T5J 0N2,ST006,Edmonton,1406,Salesperson 156,Retail,2026-01-01,2026-09-20T12:00:00
S01407,Demo Garden Centre 01407,CHAIN07,Canadian Demo Retail Chain 07,Vancouver,BC,CA,V6B 2W3,ST007,Vancouver,1407,Salesperson 157,Retail,2026-01-01,2026-09-20T12:00:00
S01408,Demo Garden Centre 01408,CHAIN08,Canadian Demo Retail Chain 08,Victoria,BC,CA,V8W 1P4,ST008,Victoria,1408,Salesperson 158,Retail,2026-01-01,2026-09-20T12:00:00
S01409,Demo Garden Centre 01409,CHAIN09,Canadian Demo Retail Chain 09,Winnipeg,MB,CA,R3B 1C5,ST009,Winnipeg,1409,Salesperson 159,Retail,2026-01-01,2026-09-20T12:00:00
S01410,Demo Garden Centre 01410,CHAIN10,Canadian Demo Retail Chain 10,Fredericton,NB,CA,E3B 1B6,ST010,Fredericton,1410,Salesperson 160,Retail,2026-01-01,2026-09-20T12:00:00
S01411,Demo Garden Centre 01411,CHAIN11,Canadian Demo Retail Chain 11,St. John's,NL,CA,A1C 1B7,ST011,St. John's,1411,Salesperson 161,Retail,2026-01-01,2026-09-20T12:00:00
S01412,Demo Garden Centre 01412,CHAIN12,Canadian Demo Retail Chain 12,Halifax,NS,CA,B3J 1M8,ST012,Halifax,1412,Salesperson 162,Retail,2026-01-01,2026-09-20T12:00:00
S01413,Demo Garden Centre 01413,CHAIN13,Canadian Demo Retail Chain 13,Toronto,ON,CA,M5H 2N9,ST013,Toronto,1413,Salesperson 163,Retail,2026-01-01,2026-09-20T12:00:00
S01414,Demo Garden Centre 01414,CHAIN14,Canadian Demo Retail Chain 14,Ottawa,ON,CA,K1P 1J1,ST014,Ottawa,1414,Salesperson 164,Retail,2026-01-01,2026-09-20T12:00:00
S01415,Demo Garden Centre 01415,CHAIN15,Canadian Demo Retail Chain 15,London,ON,CA,N6A 3K2,ST015,London,1415,Salesperson 165,Retail,2026-01-01,2026-09-20T12:00:00
S01416,Demo Garden Centre 01416,CHAIN16,Canadian Demo Retail Chain 16,Thunder Bay,ON,CA,P7B 5E3,ST016,Thunder Bay,1416,Salesperson 166,Retail,2026-01-01,2026-09-20T12:00:00
S01417,Demo Garden Centre 01417,CHAIN17,Canadian Demo Retail Chain 17,Charlottetown,PE,CA,C1A 1A4,ST017,Charlottetown,1417,Salesperson 167,Retail,2026-01-01,2026-09-20T12:00:00
S01418,Demo Garden Centre 01418,CHAIN18,Canadian Demo Retail Chain 18,Montreal,QC,CA,H2Y 1C5,ST018,Montreal,1418,Salesperson 168,Retail,2026-01-01,2026-09-20T12:00:00
S01419,Demo Garden Centre 01419,CHAIN19,Canadian Demo Retail Chain 19,Quebec City,QC,CA,G1R 4P6,ST019,Quebec City,1419,Salesperson 169,Retail,2026-01-01,2026-09-20T12:00:00
S01420,Demo Garden Centre 01420,CHAIN20,Canadian Demo Retail Chain 20,Saskatoon,SK,CA,S7K 1J7,ST020,Saskatoon,1420,Salesperson 170,Retail,2026-01-01,2026-09-20T12:00:00
S01421,Demo Garden Centre 01421,CHAIN21,Canadian Demo Retail Chain 21,Regina,SK,CA,S4P 3Y8,ST021,Regina,1421,Salesperson 171,Retail,2026-01-01,2026-09-20T12:00:00
S01422,Demo Garden Centre 01422,CHAIN22,Canadian Demo Retail Chain 22,Whitehorse,YT,CA,Y1A 2C9,ST022,Whitehorse,1422,Salesperson 172,Retail,2026-01-01,2026-09-20T12:00:00
S01423,Demo Garden Centre 01423,CHAIN23,Canadian Demo Retail Chain 23,Calgary,AB,CA,T2P 1J1,ST023,Calgary,1423,Salesperson 173,Retail,2026-01-01,2026-09-20T12:00:00
S01424,Demo Garden Centre 01424,CHAIN24,Canadian Demo Retail Chain 24,Edmonton,AB,CA,T5J 0N2,ST024,Edmonton,1424,Salesperson 174,Retail,2026-01-01,2026-09-20T12:00:00
S01425,Demo Garden Centre 01425,CHAIN25,Canadian Demo Retail Chain 25,Vancouver,BC,CA,V6B 2W3,ST025,Vancouver,1425,Salesperson 175,Retail,2026-01-01,2026-09-20T12:00:00
S01426,Demo Garden Centre 01426,CHAIN01,Canadian Demo Retail Chain 01,Victoria,BC,CA,V8W 1P4,ST026,Victoria,1426,Salesperson 176,Retail,2026-01-01,2026-09-20T12:00:00
S01427,Demo Garden Centre 01427,CHAIN02,Canadian Demo Retail Chain 02,Winnipeg,MB,CA,R3B 1C5,ST027,Winnipeg,1427,Salesperson 177,Retail,2026-01-01,2026-09-20T12:00:00
S01428,Demo Garden Centre 01428,CHAIN03,Canadian Demo Retail Chain 03,Fredericton,NB,CA,E3B 1B6,ST028,Fredericton,1428,Salesperson 178,Retail,2026-01-01,2026-09-20T12:00:00
S01429,Demo Garden Centre 01429,CHAIN04,Canadian Demo Retail Chain 04,St. John's,NL,CA,A1C 1B7,ST029,St. John's,1429,Salesperson 179,Retail,2026-01-01,2026-09-20T12:00:00
S01430,Demo Garden Centre 01430,CHAIN05,Canadian Demo Retail Chain 05,Halifax,NS,CA,B3J 1M8,ST030,Halifax,1430,Salesperson 180,Retail,2026-01-01,2026-09-20T12:00:00
S01431,Demo Garden Centre 01431,CHAIN06,Canadian Demo Retail Chain 06,Toronto,ON,CA,M5H 2N9,ST031,Toronto,1431,Salesperson 181,Retail,2026-01-01,2026-09-20T12:00:00
S01432,Demo Garden Centre 01432,CHAIN07,Canadian Demo Retail Chain 07,Ottawa,ON,CA,K1P 1J1,ST032,Ottawa,1432,Salesperson 182,Retail,2026-01-01,2026-09-20T12:00:00
S01433,Demo Garden Centre 01433,CHAIN08,Canadian Demo Retail Chain 08,London,ON,CA,N6A 3K2,ST033,London,1433,Salesperson 183,Retail,2026-01-01,2026-09-20T12:00:00
S01434,Demo Garden Centre 01434,CHAIN09,Canadian Demo Retail Chain 09,Thunder Bay,ON,CA,P7B 5E3,ST034,Thunder Bay,1434,Salesperson 184,Retail,2026-01-01,2026-09-20T12:00:00
S01435,Demo Garden Centre 01435,CHAIN10,Canadian Demo Retail Chain 10,Charlottetown,PE,CA,C1A 1A4,ST035,Charlottetown,1435,Salesperson 185,Retail,2026-01-01,2026-09-20T12:00:00
S01436,Demo Garden Centre 01436,CHAIN11,Canadian Demo Retail Chain 11,Montreal,QC,CA,H2Y 1C5,ST036,Montreal,1436,Salesperson 186,Retail,2026-01-01,2026-09-20T12:00:00
S01437,Demo Garden Centre 01437,CHAIN12,Canadian Demo Retail Chain 12,Quebec City,QC,CA,G1R 4P6,ST037,Quebec City,1437,Salesperson 187,Retail,2026-01-01,2026-09-20T12:00:00
S01438,Demo Garden Centre 01438,CHAIN13,Canadian Demo Retail Chain 13,Saskatoon,SK,CA,S7K 1J7,ST038,Saskatoon,1438,Salesperson 188,Retail,2026-01-01,2026-09-20T12:00:00
S01439,Demo Garden Centre 01439,CHAIN14,Canadian Demo Retail Chain 14,Regina,SK,CA,S4P 3Y8,ST039,Regina,1439,Salesperson 189,Retail,2026-01-01,2026-09-20T12:00:00
S01440,Demo Garden Centre 01440,CHAIN15,Canadian Demo Retail Chain 15,Whitehorse,YT,CA,Y1A 2C9,ST040,Whitehorse,1440,Salesperson 190,Retail,2026-01-01,2026-09-20T12:00:00
S01441,Demo Garden Centre 01441,CHAIN16,Canadian Demo Retail Chain 16,Calgary,AB,CA,T2P 1J1,ST041,Calgary,1441,Salesperson 191,Retail,2026-01-01,2026-09-20T12:00:00
S01442,Demo Garden Centre 01442,CHAIN17,Canadian Demo Retail Chain 17,Edmonton,AB,CA,T5J 0N2,ST042,Edmonton,1442,Salesperson 192,Retail,2026-01-01,2026-09-20T12:00:00
S01443,Demo Garden Centre 01443,CHAIN18,Canadian Demo Retail Chain 18,Vancouver,BC,CA,V6B 2W3,ST043,Vancouver,1443,Salesperson 193,Retail,2026-01-01,2026-09-20T12:00:00
S01444,Demo Garden Centre 01444,CHAIN19,Canadian Demo Retail Chain 19,Victoria,BC,CA,V8W 1P4,ST044,Victoria,1444,Salesperson 194,Retail,2026-01-01,2026-09-20T12:00:00
S01445,Demo Garden Centre 01445,CHAIN20,Canadian Demo Retail Chain 20,Winnipeg,MB,CA,R3B 1C5,ST045,Winnipeg,1445,Salesperson 195,Retail,2026-01-01,2026-09-20T12:00:00
S01446,Demo Garden Centre 01446,CHAIN21,Canadian Demo Retail Chain 21,Fredericton,NB,CA,E3B 1B6,ST046,Fredericton,1446,Salesperson 196,Retail,2026-01-01,2026-09-20T12:00:00
S01447,Demo Garden Centre 01447,CHAIN22,Canadian Demo Retail Chain 22,St. John's,NL,CA,A1C 1B7,ST047,St. John's,1447,Salesperson 197,Retail,2026-01-01,2026-09-20T12:00:00
S01448,Demo Garden Centre 01448,CHAIN23,Canadian Demo Retail Chain 23,Halifax,NS,CA,B3J 1M8,ST048,Halifax,1448,Salesperson 198,Retail,2026-01-01,2026-09-20T12:00:00
S01449,Demo Garden Centre 01449,CHAIN24,Canadian Demo Retail Chain 24,Toronto,ON,CA,M5H 2N9,ST049,Toronto,1449,Salesperson 199,Retail,2026-01-01,2026-09-20T12:00:00
S01450,Demo Garden Centre 01450,CHAIN25,Canadian Demo Retail Chain 25,Ottawa,ON,CA,K1P 1J1,ST050,Ottawa,1450,Salesperson 200,Retail,2026-01-01,2026-09-20T12:00:00
S01451,Demo Garden Centre 01451,CHAIN01,Canadian Demo Retail Chain 01,London,ON,CA,N6A 3K2,ST051,London,1451,Salesperson 201,Retail,2026-01-01,2026-09-20T12:00:00
S01452,Demo Garden Centre 01452,CHAIN02,Canadian Demo Retail Chain 02,Thunder Bay,ON,CA,P7B 5E3,ST052,Thunder Bay,1452,Salesperson 202,Retail,2026-01-01,2026-09-20T12:00:00
S01453,Demo Garden Centre 01453,CHAIN03,Canadian Demo Retail Chain 03,Charlottetown,PE,CA,C1A 1A4,ST053,Charlottetown,1453,Salesperson 203,Retail,2026-01-01,2026-09-20T12:00:00
S01454,Demo Garden Centre 01454,CHAIN04,Canadian Demo Retail Chain 04,Montreal,QC,CA,H2Y 1C5,ST054,Montreal,1454,Salesperson 204,Retail,2026-01-01,2026-09-20T12:00:00
S01455,Demo Garden Centre 01455,CHAIN05,Canadian Demo Retail Chain 05,Quebec City,QC,CA,G1R 4P6,ST055,Quebec City,1455,Salesperson 205,Retail,2026-01-01,2026-09-20T12:00:00
S01456,Demo Garden Centre 01456,CHAIN06,Canadian Demo Retail Chain 06,Saskatoon,SK,CA,S7K 1J7,ST056,Saskatoon,1456,Salesperson 206,Retail,2026-01-01,2026-09-20T12:00:00
S01457,Demo Garden Centre 01457,CHAIN07,Canadian Demo Retail Chain 07,Regina,SK,CA,S4P 3Y8,ST057,Regina,1457,Salesperson 207,Retail,2026-01-01,2026-09-20T12:00:00
S01458,Demo Garden Centre 01458,CHAIN08,Canadian Demo Retail Chain 08,Whitehorse,YT,CA,Y1A 2C9,ST058,Whitehorse,1458,Salesperson 208,Retail,2026-01-01,2026-09-20T12:00:00
S01459,Demo Garden Centre 01459,CHAIN09,Canadian Demo Retail Chain 09,Calgary,AB,CA,T2P 1J1,ST059,Calgary,1459,Salesperson 209,Retail,2026-01-01,2026-09-20T12:00:00
S01460,Demo Garden Centre 01460,CHAIN10,Canadian Demo Retail Chain 10,Edmonton,AB,CA,T5J 0N2,ST060,Edmonton,1460,Salesperson 210,Retail,2026-01-01,2026-09-20T12:00:00
S01461,Demo Garden Centre 01461,CHAIN11,Canadian Demo Retail Chain 11,Vancouver,BC,CA,V6B 2W3,ST061,Vancouver,1461,Salesperson 211,Retail,2026-01-01,2026-09-20T12:00:00
S01462,Demo Garden Centre 01462,CHAIN12,Canadian Demo Retail Chain 12,Victoria,BC,CA,V8W 1P4,ST062,Victoria,1462,Salesperson 212,Retail,2026-01-01,2026-09-20T12:00:00
S01463,Demo Garden Centre 01463,CHAIN13,Canadian Demo Retail Chain 13,Winnipeg,MB,CA,R3B 1C5,ST063,Winnipeg,1463,Salesperson 213,Retail,2026-01-01,2026-09-20T12:00:00
S01464,Demo Garden Centre 01464,CHAIN14,Canadian Demo Retail Chain 14,Fredericton,NB,CA,E3B 1B6,ST064,Fredericton,1464,Salesperson 214,Retail,2026-01-01,2026-09-20T12:00:00
S01465,Demo Garden Centre 01465,CHAIN15,Canadian Demo Retail Chain 15,St. John's,NL,CA,A1C 1B7,ST065,St. John's,1465,Salesperson 215,Retail,2026-01-01,2026-09-20T12:00:00
S01466,Demo Garden Centre 01466,CHAIN16,Canadian Demo Retail Chain 16,Halifax,NS,CA,B3J 1M8,ST066,Halifax,1466,Salesperson 216,Retail,2026-01-01,2026-09-20T12:00:00
S01467,Demo Garden Centre 01467,CHAIN17,Canadian Demo Retail Chain 17,Toronto,ON,CA,M5H 2N9,ST067,Toronto,1467,Salesperson 217,Retail,2026-01-01,2026-09-20T12:00:00
S01468,Demo Garden Centre 01468,CHAIN18,Canadian Demo Retail Chain 18,Ottawa,ON,CA,K1P 1J1,ST068,Ottawa,1468,Salesperson 218,Retail,2026-01-01,2026-09-20T12:00:00
S01469,Demo Garden Centre 01469,CHAIN19,Canadian Demo Retail Chain 19,London,ON,CA,N6A 3K2,ST069,London,1469,Salesperson 219,Retail,2026-01-01,2026-09-20T12:00:00
S01470,Demo Garden Centre 01470,CHAIN20,Canadian Demo Retail Chain 20,Thunder Bay,ON,CA,P7B 5E3,ST070,Thunder Bay,1470,Salesperson 220,Retail,2026-01-01,2026-09-20T12:00:00
S01471,Demo Garden Centre 01471,CHAIN21,Canadian Demo Retail Chain 21,Charlottetown,PE,CA,C1A 1A4,ST071,Charlottetown,1471,Salesperson 221,Retail,2026-01-01,2026-09-20T12:00:00
S01472,Demo Garden Centre 01472,CHAIN22,Canadian Demo Retail Chain 22,Montreal,QC,CA,H2Y 1C5,ST072,Montreal,1472,Salesperson 222,Retail,2026-01-01,2026-09-20T12:00:00
S01473,Demo Garden Centre 01473,CHAIN23,Canadian Demo Retail Chain 23,Quebec City,QC,CA,G1R 4P6,ST073,Quebec City,1473,Salesperson 223,Retail,2026-01-01,2026-09-20T12:00:00
S01474,Demo Garden Centre 01474,CHAIN24,Canadian Demo Retail Chain 24,Saskatoon,SK,CA,S7K 1J7,ST074,Saskatoon,1474,Salesperson 224,Retail,2026-01-01,2026-09-20T12:00:00
S01475,Demo Garden Centre 01475,CHAIN25,Canadian Demo Retail Chain 25,Regina,SK,CA,S4P 3Y8,ST075,Regina,1475,Salesperson 225,Retail,2026-01-01,2026-09-20T12:00:00
S01476,Demo Garden Centre 01476,CHAIN01,Canadian Demo Retail Chain 01,Whitehorse,YT,CA,Y1A 2C9,ST076,Whitehorse,1476,Salesperson 226,Retail,2026-01-01,2026-09-20T12:00:00
S01477,Demo Garden Centre 01477,CHAIN02,Canadian Demo Retail Chain 02,Calgary,AB,CA,T2P 1J1,ST077,Calgary,1477,Salesperson 227,Retail,2026-01-01,2026-09-20T12:00:00
S01478,Demo Garden Centre 01478,CHAIN03,Canadian Demo Retail Chain 03,Edmonton,AB,CA,T5J 0N2,ST078,Edmonton,1478,Salesperson 228,Retail,2026-01-01,2026-09-20T12:00:00
S01479,Demo Garden Centre 01479,CHAIN04,Canadian Demo Retail Chain 04,Vancouver,BC,CA,V6B 2W3,ST079,Vancouver,1479,Salesperson 229,Retail,2026-01-01,2026-09-20T12:00:00
S01480,Demo Garden Centre 01480,CHAIN05,Canadian Demo Retail Chain 05,Victoria,BC,CA,V8W 1P4,ST080,Victoria,1480,Salesperson 230,Retail,2026-01-01,2026-09-20T12:00:00
S01481,Demo Garden Centre 01481,CHAIN06,Canadian Demo Retail Chain 06,Winnipeg,MB,CA,R3B 1C5,ST081,Winnipeg,1481,Salesperson 231,Retail,2026-01-01,2026-09-20T12:00:00
S01482,Demo Garden Centre 01482,CHAIN07,Canadian Demo Retail Chain 07,Fredericton,NB,CA,E3B 1B6,ST082,Fredericton,1482,Salesperson 232,Retail,2026-01-01,2026-09-20T12:00:00
S01483,Demo Garden Centre 01483,CHAIN08,Canadian Demo Retail Chain 08,St. John's,NL,CA,A1C 1B7,ST083,St. John's,1483,Salesperson 233,Retail,2026-01-01,2026-09-20T12:00:00
S01484,Demo Garden Centre 01484,CHAIN09,Canadian Demo Retail Chain 09,Halifax,NS,CA,B3J 1M8,ST084,Halifax,1484,Salesperson 234,Retail,2026-01-01,2026-09-20T12:00:00
S01485,Demo Garden Centre 01485,CHAIN10,Canadian Demo Retail Chain 10,Toronto,ON,CA,M5H 2N9,ST085,Toronto,1485,Salesperson 235,Retail,2026-01-01,2026-09-20T12:00:00
S01486,Demo Garden Centre 01486,CHAIN11,Canadian Demo Retail Chain 11,Ottawa,ON,CA,K1P 1J1,ST086,Ottawa,1486,Salesperson 236,Retail,2026-01-01,2026-09-20T12:00:00
S01487,Demo Garden Centre 01487,CHAIN12,Canadian Demo Retail Chain 12,London,ON,CA,N6A 3K2,ST087,London,1487,Salesperson 237,Retail,2026-01-01,2026-09-20T12:00:00
S01488,Demo Garden Centre 01488,CHAIN13,Canadian Demo Retail Chain 13,Thunder Bay,ON,CA,P7B 5E3,ST088,Thunder Bay,1488,Salesperson 238,Retail,2026-01-01,2026-09-20T12:00:00
S01489,Demo Garden Centre 01489,CHAIN14,Canadian Demo Retail Chain 14,Charlottetown,PE,CA,C1A 1A4,ST089,Charlottetown,1489,Salesperson 239,Retail,2026-01-01,2026-09-20T12:00:00
S01490,Demo Garden Centre 01490,CHAIN15,Canadian Demo Retail Chain 15,Montreal,QC,CA,H2Y 1C5,ST090,Montreal,1490,Salesperson 240,Retail,2026-01-01,2026-09-20T12:00:00
S01491,Demo Garden Centre 01491,CHAIN16,Canadian Demo Retail Chain 16,Quebec City,QC,CA,G1R 4P6,ST091,Quebec City,1491,Salesperson 241,Retail,2026-01-01,2026-09-20T12:00:00
S01492,Demo Garden Centre 01492,CHAIN17,Canadian Demo Retail Chain 17,Saskatoon,SK,CA,S7K 1J7,ST092,Saskatoon,1492,Salesperson 242,Retail,2026-01-01,2026-09-20T12:00:00
S01493,Demo Garden Centre 01493,CHAIN18,Canadian Demo Retail Chain 18,Regina,SK,CA,S4P 3Y8,ST093,Regina,1493,Salesperson 243,Retail,2026-01-01,2026-09-20T12:00:00
S01494,Demo Garden Centre 01494,CHAIN19,Canadian Demo Retail Chain 19,Whitehorse,YT,CA,Y1A 2C9,ST094,Whitehorse,1494,Salesperson 244,Retail,2026-01-01,2026-09-20T12:00:00
S01495,Demo Garden Centre 01495,CHAIN20,Canadian Demo Retail Chain 20,Calgary,AB,CA,T2P 1J1,ST095,Calgary,1495,Salesperson 245,Retail,2026-01-01,2026-09-20T12:00:00
S01496,Demo Garden Centre 01496,CHAIN21,Canadian Demo Retail Chain 21,Edmonton,AB,CA,T5J 0N2,ST096,Edmonton,1496,Salesperson 246,Retail,2026-01-01,2026-09-20T12:00:00
S01497,Demo Garden Centre 01497,CHAIN22,Canadian Demo Retail Chain 22,Vancouver,BC,CA,V6B 2W3,ST097,Vancouver,1497,Salesperson 247,Retail,2026-01-01,2026-09-20T12:00:00
S01498,Demo Garden Centre 01498,CHAIN23,Canadian Demo Retail Chain 23,Victoria,BC,CA,V8W 1P4,ST098,Victoria,1498,Salesperson 248,Retail,2026-01-01,2026-09-20T12:00:00
S01499,Demo Garden Centre 01499,CHAIN24,Canadian Demo Retail Chain 24,Winnipeg,MB,CA,R3B 1C5,ST099,Winnipeg,1499,Salesperson 249,Retail,2026-01-01,2026-09-20T12:00:00
S01500,Demo Garden Centre 01500,CHAIN25,Canadian Demo Retail Chain 25,Fredericton,NB,CA,E3B 1B6,ST100,Fredericton,1500,Salesperson 250,Retail,2026-01-01,2026-09-20T12:00:00
S01501,Demo Garden Centre 01501,CHAIN01,Canadian Demo Retail Chain 01,St. John's,NL,CA,A1C 1B7,ST001,St. John's,1501,Salesperson 001,Retail,2026-01-01,2026-09-20T12:00:00
S01502,Demo Garden Centre 01502,CHAIN02,Canadian Demo Retail Chain 02,Halifax,NS,CA,B3J 1M8,ST002,Halifax,1502,Salesperson 002,Retail,2026-01-01,2026-09-20T12:00:00
S01503,Demo Garden Centre 01503,CHAIN03,Canadian Demo Retail Chain 03,Toronto,ON,CA,M5H 2N9,ST003,Toronto,1503,Salesperson 003,Retail,2026-01-01,2026-09-20T12:00:00
S01504,Demo Garden Centre 01504,CHAIN04,Canadian Demo Retail Chain 04,Ottawa,ON,CA,K1P 1J1,ST004,Ottawa,1504,Salesperson 004,Retail,2026-01-01,2026-09-20T12:00:00
S01505,Demo Garden Centre 01505,CHAIN05,Canadian Demo Retail Chain 05,London,ON,CA,N6A 3K2,ST005,London,1505,Salesperson 005,Retail,2026-01-01,2026-09-20T12:00:00
S01506,Demo Garden Centre 01506,CHAIN06,Canadian Demo Retail Chain 06,Thunder Bay,ON,CA,P7B 5E3,ST006,Thunder Bay,1506,Salesperson 006,Retail,2026-01-01,2026-09-20T12:00:00
S01507,Demo Garden Centre 01507,CHAIN07,Canadian Demo Retail Chain 07,Charlottetown,PE,CA,C1A 1A4,ST007,Charlottetown,1507,Salesperson 007,Retail,2026-01-01,2026-09-20T12:00:00
S01508,Demo Garden Centre 01508,CHAIN08,Canadian Demo Retail Chain 08,Montreal,QC,CA,H2Y 1C5,ST008,Montreal,1508,Salesperson 008,Retail,2026-01-01,2026-09-20T12:00:00
S01509,Demo Garden Centre 01509,CHAIN09,Canadian Demo Retail Chain 09,Quebec City,QC,CA,G1R 4P6,ST009,Quebec City,1509,Salesperson 009,Retail,2026-01-01,2026-09-20T12:00:00
S01510,Demo Garden Centre 01510,CHAIN10,Canadian Demo Retail Chain 10,Saskatoon,SK,CA,S7K 1J7,ST010,Saskatoon,1510,Salesperson 010,Retail,2026-01-01,2026-09-20T12:00:00
S01511,Demo Garden Centre 01511,CHAIN11,Canadian Demo Retail Chain 11,Regina,SK,CA,S4P 3Y8,ST011,Regina,1511,Salesperson 011,Retail,2026-01-01,2026-09-20T12:00:00
S01512,Demo Garden Centre 01512,CHAIN12,Canadian Demo Retail Chain 12,Whitehorse,YT,CA,Y1A 2C9,ST012,Whitehorse,1512,Salesperson 012,Retail,2026-01-01,2026-09-20T12:00:00
S01513,Demo Garden Centre 01513,CHAIN13,Canadian Demo Retail Chain 13,Calgary,AB,CA,T2P 1J1,ST013,Calgary,1513,Salesperson 013,Retail,2026-01-01,2026-09-20T12:00:00
S01514,Demo Garden Centre 01514,CHAIN14,Canadian Demo Retail Chain 14,Edmonton,AB,CA,T5J 0N2,ST014,Edmonton,1514,Salesperson 014,Retail,2026-01-01,2026-09-20T12:00:00
S01515,Demo Garden Centre 01515,CHAIN15,Canadian Demo Retail Chain 15,Vancouver,BC,CA,V6B 2W3,ST015,Vancouver,1515,Salesperson 015,Retail,2026-01-01,2026-09-20T12:00:00
S01516,Demo Garden Centre 01516,CHAIN16,Canadian Demo Retail Chain 16,Victoria,BC,CA,V8W 1P4,ST016,Victoria,1516,Salesperson 016,Retail,2026-01-01,2026-09-20T12:00:00
S01517,Demo Garden Centre 01517,CHAIN17,Canadian Demo Retail Chain 17,Winnipeg,MB,CA,R3B 1C5,ST017,Winnipeg,1517,Salesperson 017,Retail,2026-01-01,2026-09-20T12:00:00
S01518,Demo Garden Centre 01518,CHAIN18,Canadian Demo Retail Chain 18,Fredericton,NB,CA,E3B 1B6,ST018,Fredericton,1518,Salesperson 018,Retail,2026-01-01,2026-09-20T12:00:00
S01519,Demo Garden Centre 01519,CHAIN19,Canadian Demo Retail Chain 19,St. John's,NL,CA,A1C 1B7,ST019,St. John's,1519,Salesperson 019,Retail,2026-01-01,2026-09-20T12:00:00
S01520,Demo Garden Centre 01520,CHAIN20,Canadian Demo Retail Chain 20,Halifax,NS,CA,B3J 1M8,ST020,Halifax,1520,Salesperson 020,Retail,2026-01-01,2026-09-20T12:00:00
S01521,Demo Garden Centre 01521,CHAIN21,Canadian Demo Retail Chain 21,Toronto,ON,CA,M5H 2N9,ST021,Toronto,1521,Salesperson 021,Retail,2026-01-01,2026-09-20T12:00:00
S01522,Demo Garden Centre 01522,CHAIN22,Canadian Demo Retail Chain 22,Ottawa,ON,CA,K1P 1J1,ST022,Ottawa,1522,Salesperson 022,Retail,2026-01-01,2026-09-20T12:00:00
S01523,Demo Garden Centre 01523,CHAIN23,Canadian Demo Retail Chain 23,London,ON,CA,N6A 3K2,ST023,London,1523,Salesperson 023,Retail,2026-01-01,2026-09-20T12:00:00
S01524,Demo Garden Centre 01524,CHAIN24,Canadian Demo Retail Chain 24,Thunder Bay,ON,CA,P7B 5E3,ST024,Thunder Bay,1524,Salesperson 024,Retail,2026-01-01,2026-09-20T12:00:00
S01525,Demo Garden Centre 01525,CHAIN25,Canadian Demo Retail Chain 25,Charlottetown,PE,CA,C1A 1A4,ST025,Charlottetown,1525,Salesperson 025,Retail,2026-01-01,2026-09-20T12:00:00
S01526,Demo Garden Centre 01526,CHAIN01,Canadian Demo Retail Chain 01,Montreal,QC,CA,H2Y 1C5,ST026,Montreal,1526,Salesperson 026,Retail,2026-01-01,2026-09-20T12:00:00
S01527,Demo Garden Centre 01527,CHAIN02,Canadian Demo Retail Chain 02,Quebec City,QC,CA,G1R 4P6,ST027,Quebec City,1527,Salesperson 027,Retail,2026-01-01,2026-09-20T12:00:00
S01528,Demo Garden Centre 01528,CHAIN03,Canadian Demo Retail Chain 03,Saskatoon,SK,CA,S7K 1J7,ST028,Saskatoon,1528,Salesperson 028,Retail,2026-01-01,2026-09-20T12:00:00
S01529,Demo Garden Centre 01529,CHAIN04,Canadian Demo Retail Chain 04,Regina,SK,CA,S4P 3Y8,ST029,Regina,1529,Salesperson 029,Retail,2026-01-01,2026-09-20T12:00:00
S01530,Demo Garden Centre 01530,CHAIN05,Canadian Demo Retail Chain 05,Whitehorse,YT,CA,Y1A 2C9,ST030,Whitehorse,1530,Salesperson 030,Retail,2026-01-01,2026-09-20T12:00:00
S01531,Demo Garden Centre 01531,CHAIN06,Canadian Demo Retail Chain 06,Calgary,AB,CA,T2P 1J1,ST031,Calgary,1531,Salesperson 031,Retail,2026-01-01,2026-09-20T12:00:00
S01532,Demo Garden Centre 01532,CHAIN07,Canadian Demo Retail Chain 07,Edmonton,AB,CA,T5J 0N2,ST032,Edmonton,1532,Salesperson 032,Retail,2026-01-01,2026-09-20T12:00:00
S01533,Demo Garden Centre 01533,CHAIN08,Canadian Demo Retail Chain 08,Vancouver,BC,CA,V6B 2W3,ST033,Vancouver,1533,Salesperson 033,Retail,2026-01-01,2026-09-20T12:00:00
S01534,Demo Garden Centre 01534,CHAIN09,Canadian Demo Retail Chain 09,Victoria,BC,CA,V8W 1P4,ST034,Victoria,1534,Salesperson 034,Retail,2026-01-01,2026-09-20T12:00:00
S01535,Demo Garden Centre 01535,CHAIN10,Canadian Demo Retail Chain 10,Winnipeg,MB,CA,R3B 1C5,ST035,Winnipeg,1535,Salesperson 035,Retail,2026-01-01,2026-09-20T12:00:00
S01536,Demo Garden Centre 01536,CHAIN11,Canadian Demo Retail Chain 11,Fredericton,NB,CA,E3B 1B6,ST036,Fredericton,1536,Salesperson 036,Retail,2026-01-01,2026-09-20T12:00:00
S01537,Demo Garden Centre 01537,CHAIN12,Canadian Demo Retail Chain 12,St. John's,NL,CA,A1C 1B7,ST037,St. John's,1537,Salesperson 037,Retail,2026-01-01,2026-09-20T12:00:00
S01538,Demo Garden Centre 01538,CHAIN13,Canadian Demo Retail Chain 13,Halifax,NS,CA,B3J 1M8,ST038,Halifax,1538,Salesperson 038,Retail,2026-01-01,2026-09-20T12:00:00
S01539,Demo Garden Centre 01539,CHAIN14,Canadian Demo Retail Chain 14,Toronto,ON,CA,M5H 2N9,ST039,Toronto,1539,Salesperson 039,Retail,2026-01-01,2026-09-20T12:00:00
S01540,Demo Garden Centre 01540,CHAIN15,Canadian Demo Retail Chain 15,Ottawa,ON,CA,K1P 1J1,ST040,Ottawa,1540,Salesperson 040,Retail,2026-01-01,2026-09-20T12:00:00
S01541,Demo Garden Centre 01541,CHAIN16,Canadian Demo Retail Chain 16,London,ON,CA,N6A 3K2,ST041,London,1541,Salesperson 041,Retail,2026-01-01,2026-09-20T12:00:00
S01542,Demo Garden Centre 01542,CHAIN17,Canadian Demo Retail Chain 17,Thunder Bay,ON,CA,P7B 5E3,ST042,Thunder Bay,1542,Salesperson 042,Retail,2026-01-01,2026-09-20T12:00:00
S01543,Demo Garden Centre 01543,CHAIN18,Canadian Demo Retail Chain 18,Charlottetown,PE,CA,C1A 1A4,ST043,Charlottetown,1543,Salesperson 043,Retail,2026-01-01,2026-09-20T12:00:00
S01544,Demo Garden Centre 01544,CHAIN19,Canadian Demo Retail Chain 19,Montreal,QC,CA,H2Y 1C5,ST044,Montreal,1544,Salesperson 044,Retail,2026-01-01,2026-09-20T12:00:00
S01545,Demo Garden Centre 01545,CHAIN20,Canadian Demo Retail Chain 20,Quebec City,QC,CA,G1R 4P6,ST045,Quebec City,1545,Salesperson 045,Retail,2026-01-01,2026-09-20T12:00:00
S01546,Demo Garden Centre 01546,CHAIN21,Canadian Demo Retail Chain 21,Saskatoon,SK,CA,S7K 1J7,ST046,Saskatoon,1546,Salesperson 046,Retail,2026-01-01,2026-09-20T12:00:00
S01547,Demo Garden Centre 01547,CHAIN22,Canadian Demo Retail Chain 22,Regina,SK,CA,S4P 3Y8,ST047,Regina,1547,Salesperson 047,Retail,2026-01-01,2026-09-20T12:00:00
S01548,Demo Garden Centre 01548,CHAIN23,Canadian Demo Retail Chain 23,Whitehorse,YT,CA,Y1A 2C9,ST048,Whitehorse,1548,Salesperson 048,Retail,2026-01-01,2026-09-20T12:00:00
S01549,Demo Garden Centre 01549,CHAIN24,Canadian Demo Retail Chain 24,Calgary,AB,CA,T2P 1J1,ST049,Calgary,1549,Salesperson 049,Retail,2026-01-01,2026-09-20T12:00:00
S01550,Demo Garden Centre 01550,CHAIN25,Canadian Demo Retail Chain 25,Edmonton,AB,CA,T5J 0N2,ST050,Edmonton,1550,Salesperson 050,Retail,2026-01-01,2026-09-20T12:00:00
S01551,Demo Garden Centre 01551,CHAIN01,Canadian Demo Retail Chain 01,Vancouver,BC,CA,V6B 2W3,ST051,Vancouver,1551,Salesperson 051,Retail,2026-01-01,2026-09-20T12:00:00
S01552,Demo Garden Centre 01552,CHAIN02,Canadian Demo Retail Chain 02,Victoria,BC,CA,V8W 1P4,ST052,Victoria,1552,Salesperson 052,Retail,2026-01-01,2026-09-20T12:00:00
S01553,Demo Garden Centre 01553,CHAIN03,Canadian Demo Retail Chain 03,Winnipeg,MB,CA,R3B 1C5,ST053,Winnipeg,1553,Salesperson 053,Retail,2026-01-01,2026-09-20T12:00:00
S01554,Demo Garden Centre 01554,CHAIN04,Canadian Demo Retail Chain 04,Fredericton,NB,CA,E3B 1B6,ST054,Fredericton,1554,Salesperson 054,Retail,2026-01-01,2026-09-20T12:00:00
S01555,Demo Garden Centre 01555,CHAIN05,Canadian Demo Retail Chain 05,St. John's,NL,CA,A1C 1B7,ST055,St. John's,1555,Salesperson 055,Retail,2026-01-01,2026-09-20T12:00:00
S01556,Demo Garden Centre 01556,CHAIN06,Canadian Demo Retail Chain 06,Halifax,NS,CA,B3J 1M8,ST056,Halifax,1556,Salesperson 056,Retail,2026-01-01,2026-09-20T12:00:00
S01557,Demo Garden Centre 01557,CHAIN07,Canadian Demo Retail Chain 07,Toronto,ON,CA,M5H 2N9,ST057,Toronto,1557,Salesperson 057,Retail,2026-01-01,2026-09-20T12:00:00
S01558,Demo Garden Centre 01558,CHAIN08,Canadian Demo Retail Chain 08,Ottawa,ON,CA,K1P 1J1,ST058,Ottawa,1558,Salesperson 058,Retail,2026-01-01,2026-09-20T12:00:00
S01559,Demo Garden Centre 01559,CHAIN09,Canadian Demo Retail Chain 09,London,ON,CA,N6A 3K2,ST059,London,1559,Salesperson 059,Retail,2026-01-01,2026-09-20T12:00:00
S01560,Demo Garden Centre 01560,CHAIN10,Canadian Demo Retail Chain 10,Thunder Bay,ON,CA,P7B 5E3,ST060,Thunder Bay,1560,Salesperson 060,Retail,2026-01-01,2026-09-20T12:00:00
S01561,Demo Garden Centre 01561,CHAIN11,Canadian Demo Retail Chain 11,Charlottetown,PE,CA,C1A 1A4,ST061,Charlottetown,1561,Salesperson 061,Retail,2026-01-01,2026-09-20T12:00:00
S01562,Demo Garden Centre 01562,CHAIN12,Canadian Demo Retail Chain 12,Montreal,QC,CA,H2Y 1C5,ST062,Montreal,1562,Salesperson 062,Retail,2026-01-01,2026-09-20T12:00:00
S01563,Demo Garden Centre 01563,CHAIN13,Canadian Demo Retail Chain 13,Quebec City,QC,CA,G1R 4P6,ST063,Quebec City,1563,Salesperson 063,Retail,2026-01-01,2026-09-20T12:00:00
S01564,Demo Garden Centre 01564,CHAIN14,Canadian Demo Retail Chain 14,Saskatoon,SK,CA,S7K 1J7,ST064,Saskatoon,1564,Salesperson 064,Retail,2026-01-01,2026-09-20T12:00:00
S01565,Demo Garden Centre 01565,CHAIN15,Canadian Demo Retail Chain 15,Regina,SK,CA,S4P 3Y8,ST065,Regina,1565,Salesperson 065,Retail,2026-01-01,2026-09-20T12:00:00
S01566,Demo Garden Centre 01566,CHAIN16,Canadian Demo Retail Chain 16,Whitehorse,YT,CA,Y1A 2C9,ST066,Whitehorse,1566,Salesperson 066,Retail,2026-01-01,2026-09-20T12:00:00
S01567,Demo Garden Centre 01567,CHAIN17,Canadian Demo Retail Chain 17,Calgary,AB,CA,T2P 1J1,ST067,Calgary,1567,Salesperson 067,Retail,2026-01-01,2026-09-20T12:00:00
S01568,Demo Garden Centre 01568,CHAIN18,Canadian Demo Retail Chain 18,Edmonton,AB,CA,T5J 0N2,ST068,Edmonton,1568,Salesperson 068,Retail,2026-01-01,2026-09-20T12:00:00
S01569,Demo Garden Centre 01569,CHAIN19,Canadian Demo Retail Chain 19,Vancouver,BC,CA,V6B 2W3,ST069,Vancouver,1569,Salesperson 069,Retail,2026-01-01,2026-09-20T12:00:00
S01570,Demo Garden Centre 01570,CHAIN20,Canadian Demo Retail Chain 20,Victoria,BC,CA,V8W 1P4,ST070,Victoria,1570,Salesperson 070,Retail,2026-01-01,2026-09-20T12:00:00
S01571,Demo Garden Centre 01571,CHAIN21,Canadian Demo Retail Chain 21,Winnipeg,MB,CA,R3B 1C5,ST071,Winnipeg,1571,Salesperson 071,Retail,2026-01-01,2026-09-20T12:00:00
S01572,Demo Garden Centre 01572,CHAIN22,Canadian Demo Retail Chain 22,Fredericton,NB,CA,E3B 1B6,ST072,Fredericton,1572,Salesperson 072,Retail,2026-01-01,2026-09-20T12:00:00
S01573,Demo Garden Centre 01573,CHAIN23,Canadian Demo Retail Chain 23,St. John's,NL,CA,A1C 1B7,ST073,St. John's,1573,Salesperson 073,Retail,2026-01-01,2026-09-20T12:00:00
S01574,Demo Garden Centre 01574,CHAIN24,Canadian Demo Retail Chain 24,Halifax,NS,CA,B3J 1M8,ST074,Halifax,1574,Salesperson 074,Retail,2026-01-01,2026-09-20T12:00:00
S01575,Demo Garden Centre 01575,CHAIN25,Canadian Demo Retail Chain 25,Toronto,ON,CA,M5H 2N9,ST075,Toronto,1575,Salesperson 075,Retail,2026-01-01,2026-09-20T12:00:00
S01576,Demo Garden Centre 01576,CHAIN01,Canadian Demo Retail Chain 01,Ottawa,ON,CA,K1P 1J1,ST076,Ottawa,1576,Salesperson 076,Retail,2026-01-01,2026-09-20T12:00:00
S01577,Demo Garden Centre 01577,CHAIN02,Canadian Demo Retail Chain 02,London,ON,CA,N6A 3K2,ST077,London,1577,Salesperson 077,Retail,2026-01-01,2026-09-20T12:00:00
S01578,Demo Garden Centre 01578,CHAIN03,Canadian Demo Retail Chain 03,Thunder Bay,ON,CA,P7B 5E3,ST078,Thunder Bay,1578,Salesperson 078,Retail,2026-01-01,2026-09-20T12:00:00
S01579,Demo Garden Centre 01579,CHAIN04,Canadian Demo Retail Chain 04,Charlottetown,PE,CA,C1A 1A4,ST079,Charlottetown,1579,Salesperson 079,Retail,2026-01-01,2026-09-20T12:00:00
S01580,Demo Garden Centre 01580,CHAIN05,Canadian Demo Retail Chain 05,Montreal,QC,CA,H2Y 1C5,ST080,Montreal,1580,Salesperson 080,Retail,2026-01-01,2026-09-20T12:00:00
S01581,Demo Garden Centre 01581,CHAIN06,Canadian Demo Retail Chain 06,Quebec City,QC,CA,G1R 4P6,ST081,Quebec City,1581,Salesperson 081,Retail,2026-01-01,2026-09-20T12:00:00
S01582,Demo Garden Centre 01582,CHAIN07,Canadian Demo Retail Chain 07,Saskatoon,SK,CA,S7K 1J7,ST082,Saskatoon,1582,Salesperson 082,Retail,2026-01-01,2026-09-20T12:00:00
S01583,Demo Garden Centre 01583,CHAIN08,Canadian Demo Retail Chain 08,Regina,SK,CA,S4P 3Y8,ST083,Regina,1583,Salesperson 083,Retail,2026-01-01,2026-09-20T12:00:00
S01584,Demo Garden Centre 01584,CHAIN09,Canadian Demo Retail Chain 09,Whitehorse,YT,CA,Y1A 2C9,ST084,Whitehorse,1584,Salesperson 084,Retail,2026-01-01,2026-09-20T12:00:00
S01585,Demo Garden Centre 01585,CHAIN10,Canadian Demo Retail Chain 10,Calgary,AB,CA,T2P 1J1,ST085,Calgary,1585,Salesperson 085,Retail,2026-01-01,2026-09-20T12:00:00
S01586,Demo Garden Centre 01586,CHAIN11,Canadian Demo Retail Chain 11,Edmonton,AB,CA,T5J 0N2,ST086,Edmonton,1586,Salesperson 086,Retail,2026-01-01,2026-09-20T12:00:00
S01587,Demo Garden Centre 01587,CHAIN12,Canadian Demo Retail Chain 12,Vancouver,BC,CA,V6B 2W3,ST087,Vancouver,1587,Salesperson 087,Retail,2026-01-01,2026-09-20T12:00:00
S01588,Demo Garden Centre 01588,CHAIN13,Canadian Demo Retail Chain 13,Victoria,BC,CA,V8W 1P4,ST088,Victoria,1588,Salesperson 088,Retail,2026-01-01,2026-09-20T12:00:00
S01589,Demo Garden Centre 01589,CHAIN14,Canadian Demo Retail Chain 14,Winnipeg,MB,CA,R3B 1C5,ST089,Winnipeg,1589,Salesperson 089,Retail,2026-01-01,2026-09-20T12:00:00
S01590,Demo Garden Centre 01590,CHAIN15,Canadian Demo Retail Chain 15,Fredericton,NB,CA,E3B 1B6,ST090,Fredericton,1590,Salesperson 090,Retail,2026-01-01,2026-09-20T12:00:00
S01591,Demo Garden Centre 01591,CHAIN16,Canadian Demo Retail Chain 16,St. John's,NL,CA,A1C 1B7,ST091,St. John's,1591,Salesperson 091,Retail,2026-01-01,2026-09-20T12:00:00
S01592,Demo Garden Centre 01592,CHAIN17,Canadian Demo Retail Chain 17,Halifax,NS,CA,B3J 1M8,ST092,Halifax,1592,Salesperson 092,Retail,2026-01-01,2026-09-20T12:00:00
S01593,Demo Garden Centre 01593,CHAIN18,Canadian Demo Retail Chain 18,Toronto,ON,CA,M5H 2N9,ST093,Toronto,1593,Salesperson 093,Retail,2026-01-01,2026-09-20T12:00:00
S01594,Demo Garden Centre 01594,CHAIN19,Canadian Demo Retail Chain 19,Ottawa,ON,CA,K1P 1J1,ST094,Ottawa,1594,Salesperson 094,Retail,2026-01-01,2026-09-20T12:00:00
S01595,Demo Garden Centre 01595,CHAIN20,Canadian Demo Retail Chain 20,London,ON,CA,N6A 3K2,ST095,London,1595,Salesperson 095,Retail,2026-01-01,2026-09-20T12:00:00
S01596,Demo Garden Centre 01596,CHAIN21,Canadian Demo Retail Chain 21,Thunder Bay,ON,CA,P7B 5E3,ST096,Thunder Bay,1596,Salesperson 096,Retail,2026-01-01,2026-09-20T12:00:00
S01597,Demo Garden Centre 01597,CHAIN22,Canadian Demo Retail Chain 22,Charlottetown,PE,CA,C1A 1A4,ST097,Charlottetown,1597,Salesperson 097,Retail,2026-01-01,2026-09-20T12:00:00
S01598,Demo Garden Centre 01598,CHAIN23,Canadian Demo Retail Chain 23,Montreal,QC,CA,H2Y 1C5,ST098,Montreal,1598,Salesperson 098,Retail,2026-01-01,2026-09-20T12:00:00
S01599,Demo Garden Centre 01599,CHAIN24,Canadian Demo Retail Chain 24,Quebec City,QC,CA,G1R 4P6,ST099,Quebec City,1599,Salesperson 099,Retail,2026-01-01,2026-09-20T12:00:00
S01600,Demo Garden Centre 01600,CHAIN25,Canadian Demo Retail Chain 25,Saskatoon,SK,CA,S7K 1J7,ST100,Saskatoon,1600,Salesperson 100,Retail,2026-01-01,2026-09-20T12:00:00
S01601,Demo Garden Centre 01601,CHAIN01,Canadian Demo Retail Chain 01,Regina,SK,CA,S4P 3Y8,ST001,Regina,1601,Salesperson 101,Retail,2026-01-01,2026-09-20T12:00:00
S01602,Demo Garden Centre 01602,CHAIN02,Canadian Demo Retail Chain 02,Whitehorse,YT,CA,Y1A 2C9,ST002,Whitehorse,1602,Salesperson 102,Retail,2026-01-01,2026-09-20T12:00:00
S01603,Demo Garden Centre 01603,CHAIN03,Canadian Demo Retail Chain 03,Calgary,AB,CA,T2P 1J1,ST003,Calgary,1603,Salesperson 103,Retail,2026-01-01,2026-09-20T12:00:00
S01604,Demo Garden Centre 01604,CHAIN04,Canadian Demo Retail Chain 04,Edmonton,AB,CA,T5J 0N2,ST004,Edmonton,1604,Salesperson 104,Retail,2026-01-01,2026-09-20T12:00:00
S01605,Demo Garden Centre 01605,CHAIN05,Canadian Demo Retail Chain 05,Vancouver,BC,CA,V6B 2W3,ST005,Vancouver,1605,Salesperson 105,Retail,2026-01-01,2026-09-20T12:00:00
S01606,Demo Garden Centre 01606,CHAIN06,Canadian Demo Retail Chain 06,Victoria,BC,CA,V8W 1P4,ST006,Victoria,1606,Salesperson 106,Retail,2026-01-01,2026-09-20T12:00:00
S01607,Demo Garden Centre 01607,CHAIN07,Canadian Demo Retail Chain 07,Winnipeg,MB,CA,R3B 1C5,ST007,Winnipeg,1607,Salesperson 107,Retail,2026-01-01,2026-09-20T12:00:00
S01608,Demo Garden Centre 01608,CHAIN08,Canadian Demo Retail Chain 08,Fredericton,NB,CA,E3B 1B6,ST008,Fredericton,1608,Salesperson 108,Retail,2026-01-01,2026-09-20T12:00:00
S01609,Demo Garden Centre 01609,CHAIN09,Canadian Demo Retail Chain 09,St. John's,NL,CA,A1C 1B7,ST009,St. John's,1609,Salesperson 109,Retail,2026-01-01,2026-09-20T12:00:00
S01610,Demo Garden Centre 01610,CHAIN10,Canadian Demo Retail Chain 10,Halifax,NS,CA,B3J 1M8,ST010,Halifax,1610,Salesperson 110,Retail,2026-01-01,2026-09-20T12:00:00
S01611,Demo Garden Centre 01611,CHAIN11,Canadian Demo Retail Chain 11,Toronto,ON,CA,M5H 2N9,ST011,Toronto,1611,Salesperson 111,Retail,2026-01-01,2026-09-20T12:00:00
S01612,Demo Garden Centre 01612,CHAIN12,Canadian Demo Retail Chain 12,Ottawa,ON,CA,K1P 1J1,ST012,Ottawa,1612,Salesperson 112,Retail,2026-01-01,2026-09-20T12:00:00
S01613,Demo Garden Centre 01613,CHAIN13,Canadian Demo Retail Chain 13,London,ON,CA,N6A 3K2,ST013,London,1613,Salesperson 113,Retail,2026-01-01,2026-09-20T12:00:00
S01614,Demo Garden Centre 01614,CHAIN14,Canadian Demo Retail Chain 14,Thunder Bay,ON,CA,P7B 5E3,ST014,Thunder Bay,1614,Salesperson 114,Retail,2026-01-01,2026-09-20T12:00:00
S01615,Demo Garden Centre 01615,CHAIN15,Canadian Demo Retail Chain 15,Charlottetown,PE,CA,C1A 1A4,ST015,Charlottetown,1615,Salesperson 115,Retail,2026-01-01,2026-09-20T12:00:00
S01616,Demo Garden Centre 01616,CHAIN16,Canadian Demo Retail Chain 16,Montreal,QC,CA,H2Y 1C5,ST016,Montreal,1616,Salesperson 116,Retail,2026-01-01,2026-09-20T12:00:00
S01617,Demo Garden Centre 01617,CHAIN17,Canadian Demo Retail Chain 17,Quebec City,QC,CA,G1R 4P6,ST017,Quebec City,1617,Salesperson 117,Retail,2026-01-01,2026-09-20T12:00:00
S01618,Demo Garden Centre 01618,CHAIN18,Canadian Demo Retail Chain 18,Saskatoon,SK,CA,S7K 1J7,ST018,Saskatoon,1618,Salesperson 118,Retail,2026-01-01,2026-09-20T12:00:00
S01619,Demo Garden Centre 01619,CHAIN19,Canadian Demo Retail Chain 19,Regina,SK,CA,S4P 3Y8,ST019,Regina,1619,Salesperson 119,Retail,2026-01-01,2026-09-20T12:00:00
S01620,Demo Garden Centre 01620,CHAIN20,Canadian Demo Retail Chain 20,Whitehorse,YT,CA,Y1A 2C9,ST020,Whitehorse,1620,Salesperson 120,Retail,2026-01-01,2026-09-20T12:00:00
S01621,Demo Garden Centre 01621,CHAIN21,Canadian Demo Retail Chain 21,Calgary,AB,CA,T2P 1J1,ST021,Calgary,1621,Salesperson 121,Retail,2026-01-01,2026-09-20T12:00:00
S01622,Demo Garden Centre 01622,CHAIN22,Canadian Demo Retail Chain 22,Edmonton,AB,CA,T5J 0N2,ST022,Edmonton,1622,Salesperson 122,Retail,2026-01-01,2026-09-20T12:00:00
S01623,Demo Garden Centre 01623,CHAIN23,Canadian Demo Retail Chain 23,Vancouver,BC,CA,V6B 2W3,ST023,Vancouver,1623,Salesperson 123,Retail,2026-01-01,2026-09-20T12:00:00
S01624,Demo Garden Centre 01624,CHAIN24,Canadian Demo Retail Chain 24,Victoria,BC,CA,V8W 1P4,ST024,Victoria,1624,Salesperson 124,Retail,2026-01-01,2026-09-20T12:00:00
S01625,Demo Garden Centre 01625,CHAIN25,Canadian Demo Retail Chain 25,Winnipeg,MB,CA,R3B 1C5,ST025,Winnipeg,1625,Salesperson 125,Retail,2026-01-01,2026-09-20T12:00:00
S01626,Demo Garden Centre 01626,CHAIN01,Canadian Demo Retail Chain 01,Fredericton,NB,CA,E3B 1B6,ST026,Fredericton,1626,Salesperson 126,Retail,2026-01-01,2026-09-20T12:00:00
S01627,Demo Garden Centre 01627,CHAIN02,Canadian Demo Retail Chain 02,St. John's,NL,CA,A1C 1B7,ST027,St. John's,1627,Salesperson 127,Retail,2026-01-01,2026-09-20T12:00:00
S01628,Demo Garden Centre 01628,CHAIN03,Canadian Demo Retail Chain 03,Halifax,NS,CA,B3J 1M8,ST028,Halifax,1628,Salesperson 128,Retail,2026-01-01,2026-09-20T12:00:00
S01629,Demo Garden Centre 01629,CHAIN04,Canadian Demo Retail Chain 04,Toronto,ON,CA,M5H 2N9,ST029,Toronto,1629,Salesperson 129,Retail,2026-01-01,2026-09-20T12:00:00
S01630,Demo Garden Centre 01630,CHAIN05,Canadian Demo Retail Chain 05,Ottawa,ON,CA,K1P 1J1,ST030,Ottawa,1630,Salesperson 130,Retail,2026-01-01,2026-09-20T12:00:00
S01631,Demo Garden Centre 01631,CHAIN06,Canadian Demo Retail Chain 06,London,ON,CA,N6A 3K2,ST031,London,1631,Salesperson 131,Retail,2026-01-01,2026-09-20T12:00:00
S01632,Demo Garden Centre 01632,CHAIN07,Canadian Demo Retail Chain 07,Thunder Bay,ON,CA,P7B 5E3,ST032,Thunder Bay,1632,Salesperson 132,Retail,2026-01-01,2026-09-20T12:00:00
S01633,Demo Garden Centre 01633,CHAIN08,Canadian Demo Retail Chain 08,Charlottetown,PE,CA,C1A 1A4,ST033,Charlottetown,1633,Salesperson 133,Retail,2026-01-01,2026-09-20T12:00:00
S01634,Demo Garden Centre 01634,CHAIN09,Canadian Demo Retail Chain 09,Montreal,QC,CA,H2Y 1C5,ST034,Montreal,1634,Salesperson 134,Retail,2026-01-01,2026-09-20T12:00:00
S01635,Demo Garden Centre 01635,CHAIN10,Canadian Demo Retail Chain 10,Quebec City,QC,CA,G1R 4P6,ST035,Quebec City,1635,Salesperson 135,Retail,2026-01-01,2026-09-20T12:00:00
S01636,Demo Garden Centre 01636,CHAIN11,Canadian Demo Retail Chain 11,Saskatoon,SK,CA,S7K 1J7,ST036,Saskatoon,1636,Salesperson 136,Retail,2026-01-01,2026-09-20T12:00:00
S01637,Demo Garden Centre 01637,CHAIN12,Canadian Demo Retail Chain 12,Regina,SK,CA,S4P 3Y8,ST037,Regina,1637,Salesperson 137,Retail,2026-01-01,2026-09-20T12:00:00
S01638,Demo Garden Centre 01638,CHAIN13,Canadian Demo Retail Chain 13,Whitehorse,YT,CA,Y1A 2C9,ST038,Whitehorse,1638,Salesperson 138,Retail,2026-01-01,2026-09-20T12:00:00
S01639,Demo Garden Centre 01639,CHAIN14,Canadian Demo Retail Chain 14,Calgary,AB,CA,T2P 1J1,ST039,Calgary,1639,Salesperson 139,Retail,2026-01-01,2026-09-20T12:00:00
S01640,Demo Garden Centre 01640,CHAIN15,Canadian Demo Retail Chain 15,Edmonton,AB,CA,T5J 0N2,ST040,Edmonton,1640,Salesperson 140,Retail,2026-01-01,2026-09-20T12:00:00
S01641,Demo Garden Centre 01641,CHAIN16,Canadian Demo Retail Chain 16,Vancouver,BC,CA,V6B 2W3,ST041,Vancouver,1641,Salesperson 141,Retail,2026-01-01,2026-09-20T12:00:00
S01642,Demo Garden Centre 01642,CHAIN17,Canadian Demo Retail Chain 17,Victoria,BC,CA,V8W 1P4,ST042,Victoria,1642,Salesperson 142,Retail,2026-01-01,2026-09-20T12:00:00
S01643,Demo Garden Centre 01643,CHAIN18,Canadian Demo Retail Chain 18,Winnipeg,MB,CA,R3B 1C5,ST043,Winnipeg,1643,Salesperson 143,Retail,2026-01-01,2026-09-20T12:00:00
S01644,Demo Garden Centre 01644,CHAIN19,Canadian Demo Retail Chain 19,Fredericton,NB,CA,E3B 1B6,ST044,Fredericton,1644,Salesperson 144,Retail,2026-01-01,2026-09-20T12:00:00
S01645,Demo Garden Centre 01645,CHAIN20,Canadian Demo Retail Chain 20,St. John's,NL,CA,A1C 1B7,ST045,St. John's,1645,Salesperson 145,Retail,2026-01-01,2026-09-20T12:00:00
S01646,Demo Garden Centre 01646,CHAIN21,Canadian Demo Retail Chain 21,Halifax,NS,CA,B3J 1M8,ST046,Halifax,1646,Salesperson 146,Retail,2026-01-01,2026-09-20T12:00:00
S01647,Demo Garden Centre 01647,CHAIN22,Canadian Demo Retail Chain 22,Toronto,ON,CA,M5H 2N9,ST047,Toronto,1647,Salesperson 147,Retail,2026-01-01,2026-09-20T12:00:00
S01648,Demo Garden Centre 01648,CHAIN23,Canadian Demo Retail Chain 23,Ottawa,ON,CA,K1P 1J1,ST048,Ottawa,1648,Salesperson 148,Retail,2026-01-01,2026-09-20T12:00:00
S01649,Demo Garden Centre 01649,CHAIN24,Canadian Demo Retail Chain 24,London,ON,CA,N6A 3K2,ST049,London,1649,Salesperson 149,Retail,2026-01-01,2026-09-20T12:00:00
S01650,Demo Garden Centre 01650,CHAIN25,Canadian Demo Retail Chain 25,Thunder Bay,ON,CA,P7B 5E3,ST050,Thunder Bay,1650,Salesperson 150,Retail,2026-01-01,2026-09-20T12:00:00
S01651,Demo Garden Centre 01651,CHAIN01,Canadian Demo Retail Chain 01,Charlottetown,PE,CA,C1A 1A4,ST051,Charlottetown,1651,Salesperson 151,Retail,2026-01-01,2026-09-20T12:00:00
S01652,Demo Garden Centre 01652,CHAIN02,Canadian Demo Retail Chain 02,Montreal,QC,CA,H2Y 1C5,ST052,Montreal,1652,Salesperson 152,Retail,2026-01-01,2026-09-20T12:00:00
S01653,Demo Garden Centre 01653,CHAIN03,Canadian Demo Retail Chain 03,Quebec City,QC,CA,G1R 4P6,ST053,Quebec City,1653,Salesperson 153,Retail,2026-01-01,2026-09-20T12:00:00
S01654,Demo Garden Centre 01654,CHAIN04,Canadian Demo Retail Chain 04,Saskatoon,SK,CA,S7K 1J7,ST054,Saskatoon,1654,Salesperson 154,Retail,2026-01-01,2026-09-20T12:00:00
S01655,Demo Garden Centre 01655,CHAIN05,Canadian Demo Retail Chain 05,Regina,SK,CA,S4P 3Y8,ST055,Regina,1655,Salesperson 155,Retail,2026-01-01,2026-09-20T12:00:00
S01656,Demo Garden Centre 01656,CHAIN06,Canadian Demo Retail Chain 06,Whitehorse,YT,CA,Y1A 2C9,ST056,Whitehorse,1656,Salesperson 156,Retail,2026-01-01,2026-09-20T12:00:00
S01657,Demo Garden Centre 01657,CHAIN07,Canadian Demo Retail Chain 07,Calgary,AB,CA,T2P 1J1,ST057,Calgary,1657,Salesperson 157,Retail,2026-01-01,2026-09-20T12:00:00
S01658,Demo Garden Centre 01658,CHAIN08,Canadian Demo Retail Chain 08,Edmonton,AB,CA,T5J 0N2,ST058,Edmonton,1658,Salesperson 158,Retail,2026-01-01,2026-09-20T12:00:00
S01659,Demo Garden Centre 01659,CHAIN09,Canadian Demo Retail Chain 09,Vancouver,BC,CA,V6B 2W3,ST059,Vancouver,1659,Salesperson 159,Retail,2026-01-01,2026-09-20T12:00:00
S01660,Demo Garden Centre 01660,CHAIN10,Canadian Demo Retail Chain 10,Victoria,BC,CA,V8W 1P4,ST060,Victoria,1660,Salesperson 160,Retail,2026-01-01,2026-09-20T12:00:00
S01661,Demo Garden Centre 01661,CHAIN11,Canadian Demo Retail Chain 11,Winnipeg,MB,CA,R3B 1C5,ST061,Winnipeg,1661,Salesperson 161,Retail,2026-01-01,2026-09-20T12:00:00
S01662,Demo Garden Centre 01662,CHAIN12,Canadian Demo Retail Chain 12,Fredericton,NB,CA,E3B 1B6,ST062,Fredericton,1662,Salesperson 162,Retail,2026-01-01,2026-09-20T12:00:00
S01663,Demo Garden Centre 01663,CHAIN13,Canadian Demo Retail Chain 13,St. John's,NL,CA,A1C 1B7,ST063,St. John's,1663,Salesperson 163,Retail,2026-01-01,2026-09-20T12:00:00
S01664,Demo Garden Centre 01664,CHAIN14,Canadian Demo Retail Chain 14,Halifax,NS,CA,B3J 1M8,ST064,Halifax,1664,Salesperson 164,Retail,2026-01-01,2026-09-20T12:00:00
S01665,Demo Garden Centre 01665,CHAIN15,Canadian Demo Retail Chain 15,Toronto,ON,CA,M5H 2N9,ST065,Toronto,1665,Salesperson 165,Retail,2026-01-01,2026-09-20T12:00:00
S01666,Demo Garden Centre 01666,CHAIN16,Canadian Demo Retail Chain 16,Ottawa,ON,CA,K1P 1J1,ST066,Ottawa,1666,Salesperson 166,Retail,2026-01-01,2026-09-20T12:00:00
S01667,Demo Garden Centre 01667,CHAIN17,Canadian Demo Retail Chain 17,London,ON,CA,N6A 3K2,ST067,London,1667,Salesperson 167,Retail,2026-01-01,2026-09-20T12:00:00
S01668,Demo Garden Centre 01668,CHAIN18,Canadian Demo Retail Chain 18,Thunder Bay,ON,CA,P7B 5E3,ST068,Thunder Bay,1668,Salesperson 168,Retail,2026-01-01,2026-09-20T12:00:00
S01669,Demo Garden Centre 01669,CHAIN19,Canadian Demo Retail Chain 19,Charlottetown,PE,CA,C1A 1A4,ST069,Charlottetown,1669,Salesperson 169,Retail,2026-01-01,2026-09-20T12:00:00
S01670,Demo Garden Centre 01670,CHAIN20,Canadian Demo Retail Chain 20,Montreal,QC,CA,H2Y 1C5,ST070,Montreal,1670,Salesperson 170,Retail,2026-01-01,2026-09-20T12:00:00
S01671,Demo Garden Centre 01671,CHAIN21,Canadian Demo Retail Chain 21,Quebec City,QC,CA,G1R 4P6,ST071,Quebec City,1671,Salesperson 171,Retail,2026-01-01,2026-09-20T12:00:00
S01672,Demo Garden Centre 01672,CHAIN22,Canadian Demo Retail Chain 22,Saskatoon,SK,CA,S7K 1J7,ST072,Saskatoon,1672,Salesperson 172,Retail,2026-01-01,2026-09-20T12:00:00
S01673,Demo Garden Centre 01673,CHAIN23,Canadian Demo Retail Chain 23,Regina,SK,CA,S4P 3Y8,ST073,Regina,1673,Salesperson 173,Retail,2026-01-01,2026-09-20T12:00:00
S01674,Demo Garden Centre 01674,CHAIN24,Canadian Demo Retail Chain 24,Whitehorse,YT,CA,Y1A 2C9,ST074,Whitehorse,1674,Salesperson 174,Retail,2026-01-01,2026-09-20T12:00:00
S01675,Demo Garden Centre 01675,CHAIN25,Canadian Demo Retail Chain 25,Calgary,AB,CA,T2P 1J1,ST075,Calgary,1675,Salesperson 175,Retail,2026-01-01,2026-09-20T12:00:00
S01676,Demo Garden Centre 01676,CHAIN01,Canadian Demo Retail Chain 01,Edmonton,AB,CA,T5J 0N2,ST076,Edmonton,1676,Salesperson 176,Retail,2026-01-01,2026-09-20T12:00:00
S01677,Demo Garden Centre 01677,CHAIN02,Canadian Demo Retail Chain 02,Vancouver,BC,CA,V6B 2W3,ST077,Vancouver,1677,Salesperson 177,Retail,2026-01-01,2026-09-20T12:00:00
S01678,Demo Garden Centre 01678,CHAIN03,Canadian Demo Retail Chain 03,Victoria,BC,CA,V8W 1P4,ST078,Victoria,1678,Salesperson 178,Retail,2026-01-01,2026-09-20T12:00:00
S01679,Demo Garden Centre 01679,CHAIN04,Canadian Demo Retail Chain 04,Winnipeg,MB,CA,R3B 1C5,ST079,Winnipeg,1679,Salesperson 179,Retail,2026-01-01,2026-09-20T12:00:00
S01680,Demo Garden Centre 01680,CHAIN05,Canadian Demo Retail Chain 05,Fredericton,NB,CA,E3B 1B6,ST080,Fredericton,1680,Salesperson 180,Retail,2026-01-01,2026-09-20T12:00:00
S01681,Demo Garden Centre 01681,CHAIN06,Canadian Demo Retail Chain 06,St. John's,NL,CA,A1C 1B7,ST081,St. John's,1681,Salesperson 181,Retail,2026-01-01,2026-09-20T12:00:00
S01682,Demo Garden Centre 01682,CHAIN07,Canadian Demo Retail Chain 07,Halifax,NS,CA,B3J 1M8,ST082,Halifax,1682,Salesperson 182,Retail,2026-01-01,2026-09-20T12:00:00
S01683,Demo Garden Centre 01683,CHAIN08,Canadian Demo Retail Chain 08,Toronto,ON,CA,M5H 2N9,ST083,Toronto,1683,Salesperson 183,Retail,2026-01-01,2026-09-20T12:00:00
S01684,Demo Garden Centre 01684,CHAIN09,Canadian Demo Retail Chain 09,Ottawa,ON,CA,K1P 1J1,ST084,Ottawa,1684,Salesperson 184,Retail,2026-01-01,2026-09-20T12:00:00
S01685,Demo Garden Centre 01685,CHAIN10,Canadian Demo Retail Chain 10,London,ON,CA,N6A 3K2,ST085,London,1685,Salesperson 185,Retail,2026-01-01,2026-09-20T12:00:00
S01686,Demo Garden Centre 01686,CHAIN11,Canadian Demo Retail Chain 11,Thunder Bay,ON,CA,P7B 5E3,ST086,Thunder Bay,1686,Salesperson 186,Retail,2026-01-01,2026-09-20T12:00:00
S01687,Demo Garden Centre 01687,CHAIN12,Canadian Demo Retail Chain 12,Charlottetown,PE,CA,C1A 1A4,ST087,Charlottetown,1687,Salesperson 187,Retail,2026-01-01,2026-09-20T12:00:00
S01688,Demo Garden Centre 01688,CHAIN13,Canadian Demo Retail Chain 13,Montreal,QC,CA,H2Y 1C5,ST088,Montreal,1688,Salesperson 188,Retail,2026-01-01,2026-09-20T12:00:00
S01689,Demo Garden Centre 01689,CHAIN14,Canadian Demo Retail Chain 14,Quebec City,QC,CA,G1R 4P6,ST089,Quebec City,1689,Salesperson 189,Retail,2026-01-01,2026-09-20T12:00:00
S01690,Demo Garden Centre 01690,CHAIN15,Canadian Demo Retail Chain 15,Saskatoon,SK,CA,S7K 1J7,ST090,Saskatoon,1690,Salesperson 190,Retail,2026-01-01,2026-09-20T12:00:00
S01691,Demo Garden Centre 01691,CHAIN16,Canadian Demo Retail Chain 16,Regina,SK,CA,S4P 3Y8,ST091,Regina,1691,Salesperson 191,Retail,2026-01-01,2026-09-20T12:00:00
S01692,Demo Garden Centre 01692,CHAIN17,Canadian Demo Retail Chain 17,Whitehorse,YT,CA,Y1A 2C9,ST092,Whitehorse,1692,Salesperson 192,Retail,2026-01-01,2026-09-20T12:00:00
S01693,Demo Garden Centre 01693,CHAIN18,Canadian Demo Retail Chain 18,Calgary,AB,CA,T2P 1J1,ST093,Calgary,1693,Salesperson 193,Retail,2026-01-01,2026-09-20T12:00:00
S01694,Demo Garden Centre 01694,CHAIN19,Canadian Demo Retail Chain 19,Edmonton,AB,CA,T5J 0N2,ST094,Edmonton,1694,Salesperson 194,Retail,2026-01-01,2026-09-20T12:00:00
S01695,Demo Garden Centre 01695,CHAIN20,Canadian Demo Retail Chain 20,Vancouver,BC,CA,V6B 2W3,ST095,Vancouver,1695,Salesperson 195,Retail,2026-01-01,2026-09-20T12:00:00
S01696,Demo Garden Centre 01696,CHAIN21,Canadian Demo Retail Chain 21,Victoria,BC,CA,V8W 1P4,ST096,Victoria,1696,Salesperson 196,Retail,2026-01-01,2026-09-20T12:00:00
S01697,Demo Garden Centre 01697,CHAIN22,Canadian Demo Retail Chain 22,Winnipeg,MB,CA,R3B 1C5,ST097,Winnipeg,1697,Salesperson 197,Retail,2026-01-01,2026-09-20T12:00:00
S01698,Demo Garden Centre 01698,CHAIN23,Canadian Demo Retail Chain 23,Fredericton,NB,CA,E3B 1B6,ST098,Fredericton,1698,Salesperson 198,Retail,2026-01-01,2026-09-20T12:00:00
S01699,Demo Garden Centre 01699,CHAIN24,Canadian Demo Retail Chain 24,St. John's,NL,CA,A1C 1B7,ST099,St. John's,1699,Salesperson 199,Retail,2026-01-01,2026-09-20T12:00:00
S01700,Demo Garden Centre 01700,CHAIN25,Canadian Demo Retail Chain 25,Halifax,NS,CA,B3J 1M8,ST100,Halifax,1700,Salesperson 200,Retail,2026-01-01,2026-09-20T12:00:00
S01701,Demo Garden Centre 01701,CHAIN01,Canadian Demo Retail Chain 01,Toronto,ON,CA,M5H 2N9,ST001,Toronto,1701,Salesperson 201,Retail,2026-01-01,2026-09-20T12:00:00
S01702,Demo Garden Centre 01702,CHAIN02,Canadian Demo Retail Chain 02,Ottawa,ON,CA,K1P 1J1,ST002,Ottawa,1702,Salesperson 202,Retail,2026-01-01,2026-09-20T12:00:00
S01703,Demo Garden Centre 01703,CHAIN03,Canadian Demo Retail Chain 03,London,ON,CA,N6A 3K2,ST003,London,1703,Salesperson 203,Retail,2026-01-01,2026-09-20T12:00:00
S01704,Demo Garden Centre 01704,CHAIN04,Canadian Demo Retail Chain 04,Thunder Bay,ON,CA,P7B 5E3,ST004,Thunder Bay,1704,Salesperson 204,Retail,2026-01-01,2026-09-20T12:00:00
S01705,Demo Garden Centre 01705,CHAIN05,Canadian Demo Retail Chain 05,Charlottetown,PE,CA,C1A 1A4,ST005,Charlottetown,1705,Salesperson 205,Retail,2026-01-01,2026-09-20T12:00:00
S01706,Demo Garden Centre 01706,CHAIN06,Canadian Demo Retail Chain 06,Montreal,QC,CA,H2Y 1C5,ST006,Montreal,1706,Salesperson 206,Retail,2026-01-01,2026-09-20T12:00:00
S01707,Demo Garden Centre 01707,CHAIN07,Canadian Demo Retail Chain 07,Quebec City,QC,CA,G1R 4P6,ST007,Quebec City,1707,Salesperson 207,Retail,2026-01-01,2026-09-20T12:00:00
S01708,Demo Garden Centre 01708,CHAIN08,Canadian Demo Retail Chain 08,Saskatoon,SK,CA,S7K 1J7,ST008,Saskatoon,1708,Salesperson 208,Retail,2026-01-01,2026-09-20T12:00:00
S01709,Demo Garden Centre 01709,CHAIN09,Canadian Demo Retail Chain 09,Regina,SK,CA,S4P 3Y8,ST009,Regina,1709,Salesperson 209,Retail,2026-01-01,2026-09-20T12:00:00
S01710,Demo Garden Centre 01710,CHAIN10,Canadian Demo Retail Chain 10,Whitehorse,YT,CA,Y1A 2C9,ST010,Whitehorse,1710,Salesperson 210,Retail,2026-01-01,2026-09-20T12:00:00
S01711,Demo Garden Centre 01711,CHAIN11,Canadian Demo Retail Chain 11,Calgary,AB,CA,T2P 1J1,ST011,Calgary,1711,Salesperson 211,Retail,2026-01-01,2026-09-20T12:00:00
S01712,Demo Garden Centre 01712,CHAIN12,Canadian Demo Retail Chain 12,Edmonton,AB,CA,T5J 0N2,ST012,Edmonton,1712,Salesperson 212,Retail,2026-01-01,2026-09-20T12:00:00
S01713,Demo Garden Centre 01713,CHAIN13,Canadian Demo Retail Chain 13,Vancouver,BC,CA,V6B 2W3,ST013,Vancouver,1713,Salesperson 213,Retail,2026-01-01,2026-09-20T12:00:00
S01714,Demo Garden Centre 01714,CHAIN14,Canadian Demo Retail Chain 14,Victoria,BC,CA,V8W 1P4,ST014,Victoria,1714,Salesperson 214,Retail,2026-01-01,2026-09-20T12:00:00
S01715,Demo Garden Centre 01715,CHAIN15,Canadian Demo Retail Chain 15,Winnipeg,MB,CA,R3B 1C5,ST015,Winnipeg,1715,Salesperson 215,Retail,2026-01-01,2026-09-20T12:00:00
S01716,Demo Garden Centre 01716,CHAIN16,Canadian Demo Retail Chain 16,Fredericton,NB,CA,E3B 1B6,ST016,Fredericton,1716,Salesperson 216,Retail,2026-01-01,2026-09-20T12:00:00
S01717,Demo Garden Centre 01717,CHAIN17,Canadian Demo Retail Chain 17,St. John's,NL,CA,A1C 1B7,ST017,St. John's,1717,Salesperson 217,Retail,2026-01-01,2026-09-20T12:00:00
S01718,Demo Garden Centre 01718,CHAIN18,Canadian Demo Retail Chain 18,Halifax,NS,CA,B3J 1M8,ST018,Halifax,1718,Salesperson 218,Retail,2026-01-01,2026-09-20T12:00:00
S01719,Demo Garden Centre 01719,CHAIN19,Canadian Demo Retail Chain 19,Toronto,ON,CA,M5H 2N9,ST019,Toronto,1719,Salesperson 219,Retail,2026-01-01,2026-09-20T12:00:00
S01720,Demo Garden Centre 01720,CHAIN20,Canadian Demo Retail Chain 20,Ottawa,ON,CA,K1P 1J1,ST020,Ottawa,1720,Salesperson 220,Retail,2026-01-01,2026-09-20T12:00:00
S01721,Demo Garden Centre 01721,CHAIN21,Canadian Demo Retail Chain 21,London,ON,CA,N6A 3K2,ST021,London,1721,Salesperson 221,Retail,2026-01-01,2026-09-20T12:00:00
S01722,Demo Garden Centre 01722,CHAIN22,Canadian Demo Retail Chain 22,Thunder Bay,ON,CA,P7B 5E3,ST022,Thunder Bay,1722,Salesperson 222,Retail,2026-01-01,2026-09-20T12:00:00
S01723,Demo Garden Centre 01723,CHAIN23,Canadian Demo Retail Chain 23,Charlottetown,PE,CA,C1A 1A4,ST023,Charlottetown,1723,Salesperson 223,Retail,2026-01-01,2026-09-20T12:00:00
S01724,Demo Garden Centre 01724,CHAIN24,Canadian Demo Retail Chain 24,Montreal,QC,CA,H2Y 1C5,ST024,Montreal,1724,Salesperson 224,Retail,2026-01-01,2026-09-20T12:00:00
S01725,Demo Garden Centre 01725,CHAIN25,Canadian Demo Retail Chain 25,Quebec City,QC,CA,G1R 4P6,ST025,Quebec City,1725,Salesperson 225,Retail,2026-01-01,2026-09-20T12:00:00
S01726,Demo Garden Centre 01726,CHAIN01,Canadian Demo Retail Chain 01,Saskatoon,SK,CA,S7K 1J7,ST026,Saskatoon,1726,Salesperson 226,Retail,2026-01-01,2026-09-20T12:00:00
S01727,Demo Garden Centre 01727,CHAIN02,Canadian Demo Retail Chain 02,Regina,SK,CA,S4P 3Y8,ST027,Regina,1727,Salesperson 227,Retail,2026-01-01,2026-09-20T12:00:00
S01728,Demo Garden Centre 01728,CHAIN03,Canadian Demo Retail Chain 03,Whitehorse,YT,CA,Y1A 2C9,ST028,Whitehorse,1728,Salesperson 228,Retail,2026-01-01,2026-09-20T12:00:00
S01729,Demo Garden Centre 01729,CHAIN04,Canadian Demo Retail Chain 04,Calgary,AB,CA,T2P 1J1,ST029,Calgary,1729,Salesperson 229,Retail,2026-01-01,2026-09-20T12:00:00
S01730,Demo Garden Centre 01730,CHAIN05,Canadian Demo Retail Chain 05,Edmonton,AB,CA,T5J 0N2,ST030,Edmonton,1730,Salesperson 230,Retail,2026-01-01,2026-09-20T12:00:00
S01731,Demo Garden Centre 01731,CHAIN06,Canadian Demo Retail Chain 06,Vancouver,BC,CA,V6B 2W3,ST031,Vancouver,1731,Salesperson 231,Retail,2026-01-01,2026-09-20T12:00:00
S01732,Demo Garden Centre 01732,CHAIN07,Canadian Demo Retail Chain 07,Victoria,BC,CA,V8W 1P4,ST032,Victoria,1732,Salesperson 232,Retail,2026-01-01,2026-09-20T12:00:00
S01733,Demo Garden Centre 01733,CHAIN08,Canadian Demo Retail Chain 08,Winnipeg,MB,CA,R3B 1C5,ST033,Winnipeg,1733,Salesperson 233,Retail,2026-01-01,2026-09-20T12:00:00
S01734,Demo Garden Centre 01734,CHAIN09,Canadian Demo Retail Chain 09,Fredericton,NB,CA,E3B 1B6,ST034,Fredericton,1734,Salesperson 234,Retail,2026-01-01,2026-09-20T12:00:00
S01735,Demo Garden Centre 01735,CHAIN10,Canadian Demo Retail Chain 10,St. John's,NL,CA,A1C 1B7,ST035,St. John's,1735,Salesperson 235,Retail,2026-01-01,2026-09-20T12:00:00
S01736,Demo Garden Centre 01736,CHAIN11,Canadian Demo Retail Chain 11,Halifax,NS,CA,B3J 1M8,ST036,Halifax,1736,Salesperson 236,Retail,2026-01-01,2026-09-20T12:00:00
S01737,Demo Garden Centre 01737,CHAIN12,Canadian Demo Retail Chain 12,Toronto,ON,CA,M5H 2N9,ST037,Toronto,1737,Salesperson 237,Retail,2026-01-01,2026-09-20T12:00:00
S01738,Demo Garden Centre 01738,CHAIN13,Canadian Demo Retail Chain 13,Ottawa,ON,CA,K1P 1J1,ST038,Ottawa,1738,Salesperson 238,Retail,2026-01-01,2026-09-20T12:00:00
S01739,Demo Garden Centre 01739,CHAIN14,Canadian Demo Retail Chain 14,London,ON,CA,N6A 3K2,ST039,London,1739,Salesperson 239,Retail,2026-01-01,2026-09-20T12:00:00
S01740,Demo Garden Centre 01740,CHAIN15,Canadian Demo Retail Chain 15,Thunder Bay,ON,CA,P7B 5E3,ST040,Thunder Bay,1740,Salesperson 240,Retail,2026-01-01,2026-09-20T12:00:00
S01741,Demo Garden Centre 01741,CHAIN16,Canadian Demo Retail Chain 16,Charlottetown,PE,CA,C1A 1A4,ST041,Charlottetown,1741,Salesperson 241,Retail,2026-01-01,2026-09-20T12:00:00
S01742,Demo Garden Centre 01742,CHAIN17,Canadian Demo Retail Chain 17,Montreal,QC,CA,H2Y 1C5,ST042,Montreal,1742,Salesperson 242,Retail,2026-01-01,2026-09-20T12:00:00
S01743,Demo Garden Centre 01743,CHAIN18,Canadian Demo Retail Chain 18,Quebec City,QC,CA,G1R 4P6,ST043,Quebec City,1743,Salesperson 243,Retail,2026-01-01,2026-09-20T12:00:00
S01744,Demo Garden Centre 01744,CHAIN19,Canadian Demo Retail Chain 19,Saskatoon,SK,CA,S7K 1J7,ST044,Saskatoon,1744,Salesperson 244,Retail,2026-01-01,2026-09-20T12:00:00
S01745,Demo Garden Centre 01745,CHAIN20,Canadian Demo Retail Chain 20,Regina,SK,CA,S4P 3Y8,ST045,Regina,1745,Salesperson 245,Retail,2026-01-01,2026-09-20T12:00:00
S01746,Demo Garden Centre 01746,CHAIN21,Canadian Demo Retail Chain 21,Whitehorse,YT,CA,Y1A 2C9,ST046,Whitehorse,1746,Salesperson 246,Retail,2026-01-01,2026-09-20T12:00:00
S01747,Demo Garden Centre 01747,CHAIN22,Canadian Demo Retail Chain 22,Calgary,AB,CA,T2P 1J1,ST047,Calgary,1747,Salesperson 247,Retail,2026-01-01,2026-09-20T12:00:00
S01748,Demo Garden Centre 01748,CHAIN23,Canadian Demo Retail Chain 23,Edmonton,AB,CA,T5J 0N2,ST048,Edmonton,1748,Salesperson 248,Retail,2026-01-01,2026-09-20T12:00:00
S01749,Demo Garden Centre 01749,CHAIN24,Canadian Demo Retail Chain 24,Vancouver,BC,CA,V6B 2W3,ST049,Vancouver,1749,Salesperson 249,Retail,2026-01-01,2026-09-20T12:00:00
S01750,Demo Garden Centre 01750,CHAIN25,Canadian Demo Retail Chain 25,Victoria,BC,CA,V8W 1P4,ST050,Victoria,1750,Salesperson 250,Retail,2026-01-01,2026-09-20T12:00:00
S01751,Demo Garden Centre 01751,CHAIN01,Canadian Demo Retail Chain 01,Winnipeg,MB,CA,R3B 1C5,ST051,Winnipeg,1751,Salesperson 001,Retail,2026-01-01,2026-09-20T12:00:00
S01752,Demo Garden Centre 01752,CHAIN02,Canadian Demo Retail Chain 02,Fredericton,NB,CA,E3B 1B6,ST052,Fredericton,1752,Salesperson 002,Retail,2026-01-01,2026-09-20T12:00:00
S01753,Demo Garden Centre 01753,CHAIN03,Canadian Demo Retail Chain 03,St. John's,NL,CA,A1C 1B7,ST053,St. John's,1753,Salesperson 003,Retail,2026-01-01,2026-09-20T12:00:00
S01754,Demo Garden Centre 01754,CHAIN04,Canadian Demo Retail Chain 04,Halifax,NS,CA,B3J 1M8,ST054,Halifax,1754,Salesperson 004,Retail,2026-01-01,2026-09-20T12:00:00
S01755,Demo Garden Centre 01755,CHAIN05,Canadian Demo Retail Chain 05,Toronto,ON,CA,M5H 2N9,ST055,Toronto,1755,Salesperson 005,Retail,2026-01-01,2026-09-20T12:00:00
S01756,Demo Garden Centre 01756,CHAIN06,Canadian Demo Retail Chain 06,Ottawa,ON,CA,K1P 1J1,ST056,Ottawa,1756,Salesperson 006,Retail,2026-01-01,2026-09-20T12:00:00
S01757,Demo Garden Centre 01757,CHAIN07,Canadian Demo Retail Chain 07,London,ON,CA,N6A 3K2,ST057,London,1757,Salesperson 007,Retail,2026-01-01,2026-09-20T12:00:00
S01758,Demo Garden Centre 01758,CHAIN08,Canadian Demo Retail Chain 08,Thunder Bay,ON,CA,P7B 5E3,ST058,Thunder Bay,1758,Salesperson 008,Retail,2026-01-01,2026-09-20T12:00:00
S01759,Demo Garden Centre 01759,CHAIN09,Canadian Demo Retail Chain 09,Charlottetown,PE,CA,C1A 1A4,ST059,Charlottetown,1759,Salesperson 009,Retail,2026-01-01,2026-09-20T12:00:00
S01760,Demo Garden Centre 01760,CHAIN10,Canadian Demo Retail Chain 10,Montreal,QC,CA,H2Y 1C5,ST060,Montreal,1760,Salesperson 010,Retail,2026-01-01,2026-09-20T12:00:00
S01761,Demo Garden Centre 01761,CHAIN11,Canadian Demo Retail Chain 11,Quebec City,QC,CA,G1R 4P6,ST061,Quebec City,1761,Salesperson 011,Retail,2026-01-01,2026-09-20T12:00:00
S01762,Demo Garden Centre 01762,CHAIN12,Canadian Demo Retail Chain 12,Saskatoon,SK,CA,S7K 1J7,ST062,Saskatoon,1762,Salesperson 012,Retail,2026-01-01,2026-09-20T12:00:00
S01763,Demo Garden Centre 01763,CHAIN13,Canadian Demo Retail Chain 13,Regina,SK,CA,S4P 3Y8,ST063,Regina,1763,Salesperson 013,Retail,2026-01-01,2026-09-20T12:00:00
S01764,Demo Garden Centre 01764,CHAIN14,Canadian Demo Retail Chain 14,Whitehorse,YT,CA,Y1A 2C9,ST064,Whitehorse,1764,Salesperson 014,Retail,2026-01-01,2026-09-20T12:00:00
S01765,Demo Garden Centre 01765,CHAIN15,Canadian Demo Retail Chain 15,Calgary,AB,CA,T2P 1J1,ST065,Calgary,1765,Salesperson 015,Retail,2026-01-01,2026-09-20T12:00:00
S01766,Demo Garden Centre 01766,CHAIN16,Canadian Demo Retail Chain 16,Edmonton,AB,CA,T5J 0N2,ST066,Edmonton,1766,Salesperson 016,Retail,2026-01-01,2026-09-20T12:00:00
S01767,Demo Garden Centre 01767,CHAIN17,Canadian Demo Retail Chain 17,Vancouver,BC,CA,V6B 2W3,ST067,Vancouver,1767,Salesperson 017,Retail,2026-01-01,2026-09-20T12:00:00
S01768,Demo Garden Centre 01768,CHAIN18,Canadian Demo Retail Chain 18,Victoria,BC,CA,V8W 1P4,ST068,Victoria,1768,Salesperson 018,Retail,2026-01-01,2026-09-20T12:00:00
S01769,Demo Garden Centre 01769,CHAIN19,Canadian Demo Retail Chain 19,Winnipeg,MB,CA,R3B 1C5,ST069,Winnipeg,1769,Salesperson 019,Retail,2026-01-01,2026-09-20T12:00:00
S01770,Demo Garden Centre 01770,CHAIN20,Canadian Demo Retail Chain 20,Fredericton,NB,CA,E3B 1B6,ST070,Fredericton,1770,Salesperson 020,Retail,2026-01-01,2026-09-20T12:00:00
S01771,Demo Garden Centre 01771,CHAIN21,Canadian Demo Retail Chain 21,St. John's,NL,CA,A1C 1B7,ST071,St. John's,1771,Salesperson 021,Retail,2026-01-01,2026-09-20T12:00:00
S01772,Demo Garden Centre 01772,CHAIN22,Canadian Demo Retail Chain 22,Halifax,NS,CA,B3J 1M8,ST072,Halifax,1772,Salesperson 022,Retail,2026-01-01,2026-09-20T12:00:00
S01773,Demo Garden Centre 01773,CHAIN23,Canadian Demo Retail Chain 23,Toronto,ON,CA,M5H 2N9,ST073,Toronto,1773,Salesperson 023,Retail,2026-01-01,2026-09-20T12:00:00
S01774,Demo Garden Centre 01774,CHAIN24,Canadian Demo Retail Chain 24,Ottawa,ON,CA,K1P 1J1,ST074,Ottawa,1774,Salesperson 024,Retail,2026-01-01,2026-09-20T12:00:00
S01775,Demo Garden Centre 01775,CHAIN25,Canadian Demo Retail Chain 25,London,ON,CA,N6A 3K2,ST075,London,1775,Salesperson 025,Retail,2026-01-01,2026-09-20T12:00:00
S01776,Demo Garden Centre 01776,CHAIN01,Canadian Demo Retail Chain 01,Thunder Bay,ON,CA,P7B 5E3,ST076,Thunder Bay,1776,Salesperson 026,Retail,2026-01-01,2026-09-20T12:00:00
S01777,Demo Garden Centre 01777,CHAIN02,Canadian Demo Retail Chain 02,Charlottetown,PE,CA,C1A 1A4,ST077,Charlottetown,1777,Salesperson 027,Retail,2026-01-01,2026-09-20T12:00:00
S01778,Demo Garden Centre 01778,CHAIN03,Canadian Demo Retail Chain 03,Montreal,QC,CA,H2Y 1C5,ST078,Montreal,1778,Salesperson 028,Retail,2026-01-01,2026-09-20T12:00:00
S01779,Demo Garden Centre 01779,CHAIN04,Canadian Demo Retail Chain 04,Quebec City,QC,CA,G1R 4P6,ST079,Quebec City,1779,Salesperson 029,Retail,2026-01-01,2026-09-20T12:00:00
S01780,Demo Garden Centre 01780,CHAIN05,Canadian Demo Retail Chain 05,Saskatoon,SK,CA,S7K 1J7,ST080,Saskatoon,1780,Salesperson 030,Retail,2026-01-01,2026-09-20T12:00:00
S01781,Demo Garden Centre 01781,CHAIN06,Canadian Demo Retail Chain 06,Regina,SK,CA,S4P 3Y8,ST081,Regina,1781,Salesperson 031,Retail,2026-01-01,2026-09-20T12:00:00
S01782,Demo Garden Centre 01782,CHAIN07,Canadian Demo Retail Chain 07,Whitehorse,YT,CA,Y1A 2C9,ST082,Whitehorse,1782,Salesperson 032,Retail,2026-01-01,2026-09-20T12:00:00
S01783,Demo Garden Centre 01783,CHAIN08,Canadian Demo Retail Chain 08,Calgary,AB,CA,T2P 1J1,ST083,Calgary,1783,Salesperson 033,Retail,2026-01-01,2026-09-20T12:00:00
S01784,Demo Garden Centre 01784,CHAIN09,Canadian Demo Retail Chain 09,Edmonton,AB,CA,T5J 0N2,ST084,Edmonton,1784,Salesperson 034,Retail,2026-01-01,2026-09-20T12:00:00
S01785,Demo Garden Centre 01785,CHAIN10,Canadian Demo Retail Chain 10,Vancouver,BC,CA,V6B 2W3,ST085,Vancouver,1785,Salesperson 035,Retail,2026-01-01,2026-09-20T12:00:00
S01786,Demo Garden Centre 01786,CHAIN11,Canadian Demo Retail Chain 11,Victoria,BC,CA,V8W 1P4,ST086,Victoria,1786,Salesperson 036,Retail,2026-01-01,2026-09-20T12:00:00
S01787,Demo Garden Centre 01787,CHAIN12,Canadian Demo Retail Chain 12,Winnipeg,MB,CA,R3B 1C5,ST087,Winnipeg,1787,Salesperson 037,Retail,2026-01-01,2026-09-20T12:00:00
S01788,Demo Garden Centre 01788,CHAIN13,Canadian Demo Retail Chain 13,Fredericton,NB,CA,E3B 1B6,ST088,Fredericton,1788,Salesperson 038,Retail,2026-01-01,2026-09-20T12:00:00
S01789,Demo Garden Centre 01789,CHAIN14,Canadian Demo Retail Chain 14,St. John's,NL,CA,A1C 1B7,ST089,St. John's,1789,Salesperson 039,Retail,2026-01-01,2026-09-20T12:00:00
S01790,Demo Garden Centre 01790,CHAIN15,Canadian Demo Retail Chain 15,Halifax,NS,CA,B3J 1M8,ST090,Halifax,1790,Salesperson 040,Retail,2026-01-01,2026-09-20T12:00:00
S01791,Demo Garden Centre 01791,CHAIN16,Canadian Demo Retail Chain 16,Toronto,ON,CA,M5H 2N9,ST091,Toronto,1791,Salesperson 041,Retail,2026-01-01,2026-09-20T12:00:00
S01792,Demo Garden Centre 01792,CHAIN17,Canadian Demo Retail Chain 17,Ottawa,ON,CA,K1P 1J1,ST092,Ottawa,1792,Salesperson 042,Retail,2026-01-01,2026-09-20T12:00:00
S01793,Demo Garden Centre 01793,CHAIN18,Canadian Demo Retail Chain 18,London,ON,CA,N6A 3K2,ST093,London,1793,Salesperson 043,Retail,2026-01-01,2026-09-20T12:00:00
S01794,Demo Garden Centre 01794,CHAIN19,Canadian Demo Retail Chain 19,Thunder Bay,ON,CA,P7B 5E3,ST094,Thunder Bay,1794,Salesperson 044,Retail,2026-01-01,2026-09-20T12:00:00
S01795,Demo Garden Centre 01795,CHAIN20,Canadian Demo Retail Chain 20,Charlottetown,PE,CA,C1A 1A4,ST095,Charlottetown,1795,Salesperson 045,Retail,2026-01-01,2026-09-20T12:00:00
S01796,Demo Garden Centre 01796,CHAIN21,Canadian Demo Retail Chain 21,Montreal,QC,CA,H2Y 1C5,ST096,Montreal,1796,Salesperson 046,Retail,2026-01-01,2026-09-20T12:00:00
S01797,Demo Garden Centre 01797,CHAIN22,Canadian Demo Retail Chain 22,Quebec City,QC,CA,G1R 4P6,ST097,Quebec City,1797,Salesperson 047,Retail,2026-01-01,2026-09-20T12:00:00
S01798,Demo Garden Centre 01798,CHAIN23,Canadian Demo Retail Chain 23,Saskatoon,SK,CA,S7K 1J7,ST098,Saskatoon,1798,Salesperson 048,Retail,2026-01-01,2026-09-20T12:00:00
S01799,Demo Garden Centre 01799,CHAIN24,Canadian Demo Retail Chain 24,Regina,SK,CA,S4P 3Y8,ST099,Regina,1799,Salesperson 049,Retail,2026-01-01,2026-09-20T12:00:00
S01800,Demo Garden Centre 01800,CHAIN25,Canadian Demo Retail Chain 25,Whitehorse,YT,CA,Y1A 2C9,ST100,Whitehorse,1800,Salesperson 050,Retail,2026-01-01,2026-09-20T12:00:00
S01801,Demo Garden Centre 01801,CHAIN01,Canadian Demo Retail Chain 01,Calgary,AB,CA,T2P 1J1,ST001,Calgary,1801,Salesperson 051,Retail,2026-01-01,2026-09-20T12:00:00
S01802,Demo Garden Centre 01802,CHAIN02,Canadian Demo Retail Chain 02,Edmonton,AB,CA,T5J 0N2,ST002,Edmonton,1802,Salesperson 052,Retail,2026-01-01,2026-09-20T12:00:00
S01803,Demo Garden Centre 01803,CHAIN03,Canadian Demo Retail Chain 03,Vancouver,BC,CA,V6B 2W3,ST003,Vancouver,1803,Salesperson 053,Retail,2026-01-01,2026-09-20T12:00:00
S01804,Demo Garden Centre 01804,CHAIN04,Canadian Demo Retail Chain 04,Victoria,BC,CA,V8W 1P4,ST004,Victoria,1804,Salesperson 054,Retail,2026-01-01,2026-09-20T12:00:00
S01805,Demo Garden Centre 01805,CHAIN05,Canadian Demo Retail Chain 05,Winnipeg,MB,CA,R3B 1C5,ST005,Winnipeg,1805,Salesperson 055,Retail,2026-01-01,2026-09-20T12:00:00
S01806,Demo Garden Centre 01806,CHAIN06,Canadian Demo Retail Chain 06,Fredericton,NB,CA,E3B 1B6,ST006,Fredericton,1806,Salesperson 056,Retail,2026-01-01,2026-09-20T12:00:00
S01807,Demo Garden Centre 01807,CHAIN07,Canadian Demo Retail Chain 07,St. John's,NL,CA,A1C 1B7,ST007,St. John's,1807,Salesperson 057,Retail,2026-01-01,2026-09-20T12:00:00
S01808,Demo Garden Centre 01808,CHAIN08,Canadian Demo Retail Chain 08,Halifax,NS,CA,B3J 1M8,ST008,Halifax,1808,Salesperson 058,Retail,2026-01-01,2026-09-20T12:00:00
S01809,Demo Garden Centre 01809,CHAIN09,Canadian Demo Retail Chain 09,Toronto,ON,CA,M5H 2N9,ST009,Toronto,1809,Salesperson 059,Retail,2026-01-01,2026-09-20T12:00:00
S01810,Demo Garden Centre 01810,CHAIN10,Canadian Demo Retail Chain 10,Ottawa,ON,CA,K1P 1J1,ST010,Ottawa,1810,Salesperson 060,Retail,2026-01-01,2026-09-20T12:00:00
S01811,Demo Garden Centre 01811,CHAIN11,Canadian Demo Retail Chain 11,London,ON,CA,N6A 3K2,ST011,London,1811,Salesperson 061,Retail,2026-01-01,2026-09-20T12:00:00
S01812,Demo Garden Centre 01812,CHAIN12,Canadian Demo Retail Chain 12,Thunder Bay,ON,CA,P7B 5E3,ST012,Thunder Bay,1812,Salesperson 062,Retail,2026-01-01,2026-09-20T12:00:00
S01813,Demo Garden Centre 01813,CHAIN13,Canadian Demo Retail Chain 13,Charlottetown,PE,CA,C1A 1A4,ST013,Charlottetown,1813,Salesperson 063,Retail,2026-01-01,2026-09-20T12:00:00
S01814,Demo Garden Centre 01814,CHAIN14,Canadian Demo Retail Chain 14,Montreal,QC,CA,H2Y 1C5,ST014,Montreal,1814,Salesperson 064,Retail,2026-01-01,2026-09-20T12:00:00
S01815,Demo Garden Centre 01815,CHAIN15,Canadian Demo Retail Chain 15,Quebec City,QC,CA,G1R 4P6,ST015,Quebec City,1815,Salesperson 065,Retail,2026-01-01,2026-09-20T12:00:00
S01816,Demo Garden Centre 01816,CHAIN16,Canadian Demo Retail Chain 16,Saskatoon,SK,CA,S7K 1J7,ST016,Saskatoon,1816,Salesperson 066,Retail,2026-01-01,2026-09-20T12:00:00
S01817,Demo Garden Centre 01817,CHAIN17,Canadian Demo Retail Chain 17,Regina,SK,CA,S4P 3Y8,ST017,Regina,1817,Salesperson 067,Retail,2026-01-01,2026-09-20T12:00:00
S01818,Demo Garden Centre 01818,CHAIN18,Canadian Demo Retail Chain 18,Whitehorse,YT,CA,Y1A 2C9,ST018,Whitehorse,1818,Salesperson 068,Retail,2026-01-01,2026-09-20T12:00:00
S01819,Demo Garden Centre 01819,CHAIN19,Canadian Demo Retail Chain 19,Calgary,AB,CA,T2P 1J1,ST019,Calgary,1819,Salesperson 069,Retail,2026-01-01,2026-09-20T12:00:00
S01820,Demo Garden Centre 01820,CHAIN20,Canadian Demo Retail Chain 20,Edmonton,AB,CA,T5J 0N2,ST020,Edmonton,1820,Salesperson 070,Retail,2026-01-01,2026-09-20T12:00:00
S01821,Demo Garden Centre 01821,CHAIN21,Canadian Demo Retail Chain 21,Vancouver,BC,CA,V6B 2W3,ST021,Vancouver,1821,Salesperson 071,Retail,2026-01-01,2026-09-20T12:00:00
S01822,Demo Garden Centre 01822,CHAIN22,Canadian Demo Retail Chain 22,Victoria,BC,CA,V8W 1P4,ST022,Victoria,1822,Salesperson 072,Retail,2026-01-01,2026-09-20T12:00:00
S01823,Demo Garden Centre 01823,CHAIN23,Canadian Demo Retail Chain 23,Winnipeg,MB,CA,R3B 1C5,ST023,Winnipeg,1823,Salesperson 073,Retail,2026-01-01,2026-09-20T12:00:00
S01824,Demo Garden Centre 01824,CHAIN24,Canadian Demo Retail Chain 24,Fredericton,NB,CA,E3B 1B6,ST024,Fredericton,1824,Salesperson 074,Retail,2026-01-01,2026-09-20T12:00:00
S01825,Demo Garden Centre 01825,CHAIN25,Canadian Demo Retail Chain 25,St. John's,NL,CA,A1C 1B7,ST025,St. John's,1825,Salesperson 075,Retail,2026-01-01,2026-09-20T12:00:00
S01826,Demo Garden Centre 01826,CHAIN01,Canadian Demo Retail Chain 01,Halifax,NS,CA,B3J 1M8,ST026,Halifax,1826,Salesperson 076,Retail,2026-01-01,2026-09-20T12:00:00
S01827,Demo Garden Centre 01827,CHAIN02,Canadian Demo Retail Chain 02,Toronto,ON,CA,M5H 2N9,ST027,Toronto,1827,Salesperson 077,Retail,2026-01-01,2026-09-20T12:00:00
S01828,Demo Garden Centre 01828,CHAIN03,Canadian Demo Retail Chain 03,Ottawa,ON,CA,K1P 1J1,ST028,Ottawa,1828,Salesperson 078,Retail,2026-01-01,2026-09-20T12:00:00
S01829,Demo Garden Centre 01829,CHAIN04,Canadian Demo Retail Chain 04,London,ON,CA,N6A 3K2,ST029,London,1829,Salesperson 079,Retail,2026-01-01,2026-09-20T12:00:00
S01830,Demo Garden Centre 01830,CHAIN05,Canadian Demo Retail Chain 05,Thunder Bay,ON,CA,P7B 5E3,ST030,Thunder Bay,1830,Salesperson 080,Retail,2026-01-01,2026-09-20T12:00:00
S01831,Demo Garden Centre 01831,CHAIN06,Canadian Demo Retail Chain 06,Charlottetown,PE,CA,C1A 1A4,ST031,Charlottetown,1831,Salesperson 081,Retail,2026-01-01,2026-09-20T12:00:00
S01832,Demo Garden Centre 01832,CHAIN07,Canadian Demo Retail Chain 07,Montreal,QC,CA,H2Y 1C5,ST032,Montreal,1832,Salesperson 082,Retail,2026-01-01,2026-09-20T12:00:00
S01833,Demo Garden Centre 01833,CHAIN08,Canadian Demo Retail Chain 08,Quebec City,QC,CA,G1R 4P6,ST033,Quebec City,1833,Salesperson 083,Retail,2026-01-01,2026-09-20T12:00:00
S01834,Demo Garden Centre 01834,CHAIN09,Canadian Demo Retail Chain 09,Saskatoon,SK,CA,S7K 1J7,ST034,Saskatoon,1834,Salesperson 084,Retail,2026-01-01,2026-09-20T12:00:00
S01835,Demo Garden Centre 01835,CHAIN10,Canadian Demo Retail Chain 10,Regina,SK,CA,S4P 3Y8,ST035,Regina,1835,Salesperson 085,Retail,2026-01-01,2026-09-20T12:00:00
S01836,Demo Garden Centre 01836,CHAIN11,Canadian Demo Retail Chain 11,Whitehorse,YT,CA,Y1A 2C9,ST036,Whitehorse,1836,Salesperson 086,Retail,2026-01-01,2026-09-20T12:00:00
S01837,Demo Garden Centre 01837,CHAIN12,Canadian Demo Retail Chain 12,Calgary,AB,CA,T2P 1J1,ST037,Calgary,1837,Salesperson 087,Retail,2026-01-01,2026-09-20T12:00:00
S01838,Demo Garden Centre 01838,CHAIN13,Canadian Demo Retail Chain 13,Edmonton,AB,CA,T5J 0N2,ST038,Edmonton,1838,Salesperson 088,Retail,2026-01-01,2026-09-20T12:00:00
S01839,Demo Garden Centre 01839,CHAIN14,Canadian Demo Retail Chain 14,Vancouver,BC,CA,V6B 2W3,ST039,Vancouver,1839,Salesperson 089,Retail,2026-01-01,2026-09-20T12:00:00
S01840,Demo Garden Centre 01840,CHAIN15,Canadian Demo Retail Chain 15,Victoria,BC,CA,V8W 1P4,ST040,Victoria,1840,Salesperson 090,Retail,2026-01-01,2026-09-20T12:00:00
S01841,Demo Garden Centre 01841,CHAIN16,Canadian Demo Retail Chain 16,Winnipeg,MB,CA,R3B 1C5,ST041,Winnipeg,1841,Salesperson 091,Retail,2026-01-01,2026-09-20T12:00:00
S01842,Demo Garden Centre 01842,CHAIN17,Canadian Demo Retail Chain 17,Fredericton,NB,CA,E3B 1B6,ST042,Fredericton,1842,Salesperson 092,Retail,2026-01-01,2026-09-20T12:00:00
S01843,Demo Garden Centre 01843,CHAIN18,Canadian Demo Retail Chain 18,St. John's,NL,CA,A1C 1B7,ST043,St. John's,1843,Salesperson 093,Retail,2026-01-01,2026-09-20T12:00:00
S01844,Demo Garden Centre 01844,CHAIN19,Canadian Demo Retail Chain 19,Halifax,NS,CA,B3J 1M8,ST044,Halifax,1844,Salesperson 094,Retail,2026-01-01,2026-09-20T12:00:00
S01845,Demo Garden Centre 01845,CHAIN20,Canadian Demo Retail Chain 20,Toronto,ON,CA,M5H 2N9,ST045,Toronto,1845,Salesperson 095,Retail,2026-01-01,2026-09-20T12:00:00
S01846,Demo Garden Centre 01846,CHAIN21,Canadian Demo Retail Chain 21,Ottawa,ON,CA,K1P 1J1,ST046,Ottawa,1846,Salesperson 096,Retail,2026-01-01,2026-09-20T12:00:00
S01847,Demo Garden Centre 01847,CHAIN22,Canadian Demo Retail Chain 22,London,ON,CA,N6A 3K2,ST047,London,1847,Salesperson 097,Retail,2026-01-01,2026-09-20T12:00:00
S01848,Demo Garden Centre 01848,CHAIN23,Canadian Demo Retail Chain 23,Thunder Bay,ON,CA,P7B 5E3,ST048,Thunder Bay,1848,Salesperson 098,Retail,2026-01-01,2026-09-20T12:00:00
S01849,Demo Garden Centre 01849,CHAIN24,Canadian Demo Retail Chain 24,Charlottetown,PE,CA,C1A 1A4,ST049,Charlottetown,1849,Salesperson 099,Retail,2026-01-01,2026-09-20T12:00:00
S01850,Demo Garden Centre 01850,CHAIN25,Canadian Demo Retail Chain 25,Montreal,QC,CA,H2Y 1C5,ST050,Montreal,1850,Salesperson 100,Retail,2026-01-01,2026-09-20T12:00:00
S01851,Demo Garden Centre 01851,CHAIN01,Canadian Demo Retail Chain 01,Quebec City,QC,CA,G1R 4P6,ST051,Quebec City,1851,Salesperson 101,Retail,2026-01-01,2026-09-20T12:00:00
S01852,Demo Garden Centre 01852,CHAIN02,Canadian Demo Retail Chain 02,Saskatoon,SK,CA,S7K 1J7,ST052,Saskatoon,1852,Salesperson 102,Retail,2026-01-01,2026-09-20T12:00:00
S01853,Demo Garden Centre 01853,CHAIN03,Canadian Demo Retail Chain 03,Regina,SK,CA,S4P 3Y8,ST053,Regina,1853,Salesperson 103,Retail,2026-01-01,2026-09-20T12:00:00
S01854,Demo Garden Centre 01854,CHAIN04,Canadian Demo Retail Chain 04,Whitehorse,YT,CA,Y1A 2C9,ST054,Whitehorse,1854,Salesperson 104,Retail,2026-01-01,2026-09-20T12:00:00
S01855,Demo Garden Centre 01855,CHAIN05,Canadian Demo Retail Chain 05,Calgary,AB,CA,T2P 1J1,ST055,Calgary,1855,Salesperson 105,Retail,2026-01-01,2026-09-20T12:00:00
S01856,Demo Garden Centre 01856,CHAIN06,Canadian Demo Retail Chain 06,Edmonton,AB,CA,T5J 0N2,ST056,Edmonton,1856,Salesperson 106,Retail,2026-01-01,2026-09-20T12:00:00
S01857,Demo Garden Centre 01857,CHAIN07,Canadian Demo Retail Chain 07,Vancouver,BC,CA,V6B 2W3,ST057,Vancouver,1857,Salesperson 107,Retail,2026-01-01,2026-09-20T12:00:00
S01858,Demo Garden Centre 01858,CHAIN08,Canadian Demo Retail Chain 08,Victoria,BC,CA,V8W 1P4,ST058,Victoria,1858,Salesperson 108,Retail,2026-01-01,2026-09-20T12:00:00
S01859,Demo Garden Centre 01859,CHAIN09,Canadian Demo Retail Chain 09,Winnipeg,MB,CA,R3B 1C5,ST059,Winnipeg,1859,Salesperson 109,Retail,2026-01-01,2026-09-20T12:00:00
S01860,Demo Garden Centre 01860,CHAIN10,Canadian Demo Retail Chain 10,Fredericton,NB,CA,E3B 1B6,ST060,Fredericton,1860,Salesperson 110,Retail,2026-01-01,2026-09-20T12:00:00
S01861,Demo Garden Centre 01861,CHAIN11,Canadian Demo Retail Chain 11,St. John's,NL,CA,A1C 1B7,ST061,St. John's,1861,Salesperson 111,Retail,2026-01-01,2026-09-20T12:00:00
S01862,Demo Garden Centre 01862,CHAIN12,Canadian Demo Retail Chain 12,Halifax,NS,CA,B3J 1M8,ST062,Halifax,1862,Salesperson 112,Retail,2026-01-01,2026-09-20T12:00:00
S01863,Demo Garden Centre 01863,CHAIN13,Canadian Demo Retail Chain 13,Toronto,ON,CA,M5H 2N9,ST063,Toronto,1863,Salesperson 113,Retail,2026-01-01,2026-09-20T12:00:00
S01864,Demo Garden Centre 01864,CHAIN14,Canadian Demo Retail Chain 14,Ottawa,ON,CA,K1P 1J1,ST064,Ottawa,1864,Salesperson 114,Retail,2026-01-01,2026-09-20T12:00:00
S01865,Demo Garden Centre 01865,CHAIN15,Canadian Demo Retail Chain 15,London,ON,CA,N6A 3K2,ST065,London,1865,Salesperson 115,Retail,2026-01-01,2026-09-20T12:00:00
S01866,Demo Garden Centre 01866,CHAIN16,Canadian Demo Retail Chain 16,Thunder Bay,ON,CA,P7B 5E3,ST066,Thunder Bay,1866,Salesperson 116,Retail,2026-01-01,2026-09-20T12:00:00
S01867,Demo Garden Centre 01867,CHAIN17,Canadian Demo Retail Chain 17,Charlottetown,PE,CA,C1A 1A4,ST067,Charlottetown,1867,Salesperson 117,Retail,2026-01-01,2026-09-20T12:00:00
S01868,Demo Garden Centre 01868,CHAIN18,Canadian Demo Retail Chain 18,Montreal,QC,CA,H2Y 1C5,ST068,Montreal,1868,Salesperson 118,Retail,2026-01-01,2026-09-20T12:00:00
S01869,Demo Garden Centre 01869,CHAIN19,Canadian Demo Retail Chain 19,Quebec City,QC,CA,G1R 4P6,ST069,Quebec City,1869,Salesperson 119,Retail,2026-01-01,2026-09-20T12:00:00
S01870,Demo Garden Centre 01870,CHAIN20,Canadian Demo Retail Chain 20,Saskatoon,SK,CA,S7K 1J7,ST070,Saskatoon,1870,Salesperson 120,Retail,2026-01-01,2026-09-20T12:00:00
S01871,Demo Garden Centre 01871,CHAIN21,Canadian Demo Retail Chain 21,Regina,SK,CA,S4P 3Y8,ST071,Regina,1871,Salesperson 121,Retail,2026-01-01,2026-09-20T12:00:00
S01872,Demo Garden Centre 01872,CHAIN22,Canadian Demo Retail Chain 22,Whitehorse,YT,CA,Y1A 2C9,ST072,Whitehorse,1872,Salesperson 122,Retail,2026-01-01,2026-09-20T12:00:00
S01873,Demo Garden Centre 01873,CHAIN23,Canadian Demo Retail Chain 23,Calgary,AB,CA,T2P 1J1,ST073,Calgary,1873,Salesperson 123,Retail,2026-01-01,2026-09-20T12:00:00
S01874,Demo Garden Centre 01874,CHAIN24,Canadian Demo Retail Chain 24,Edmonton,AB,CA,T5J 0N2,ST074,Edmonton,1874,Salesperson 124,Retail,2026-01-01,2026-09-20T12:00:00
S01875,Demo Garden Centre 01875,CHAIN25,Canadian Demo Retail Chain 25,Vancouver,BC,CA,V6B 2W3,ST075,Vancouver,1875,Salesperson 125,Retail,2026-01-01,2026-09-20T12:00:00
S01876,Demo Garden Centre 01876,CHAIN01,Canadian Demo Retail Chain 01,Victoria,BC,CA,V8W 1P4,ST076,Victoria,1876,Salesperson 126,Retail,2026-01-01,2026-09-20T12:00:00
S01877,Demo Garden Centre 01877,CHAIN02,Canadian Demo Retail Chain 02,Winnipeg,MB,CA,R3B 1C5,ST077,Winnipeg,1877,Salesperson 127,Retail,2026-01-01,2026-09-20T12:00:00
S01878,Demo Garden Centre 01878,CHAIN03,Canadian Demo Retail Chain 03,Fredericton,NB,CA,E3B 1B6,ST078,Fredericton,1878,Salesperson 128,Retail,2026-01-01,2026-09-20T12:00:00
S01879,Demo Garden Centre 01879,CHAIN04,Canadian Demo Retail Chain 04,St. John's,NL,CA,A1C 1B7,ST079,St. John's,1879,Salesperson 129,Retail,2026-01-01,2026-09-20T12:00:00
S01880,Demo Garden Centre 01880,CHAIN05,Canadian Demo Retail Chain 05,Halifax,NS,CA,B3J 1M8,ST080,Halifax,1880,Salesperson 130,Retail,2026-01-01,2026-09-20T12:00:00
S01881,Demo Garden Centre 01881,CHAIN06,Canadian Demo Retail Chain 06,Toronto,ON,CA,M5H 2N9,ST081,Toronto,1881,Salesperson 131,Retail,2026-01-01,2026-09-20T12:00:00
S01882,Demo Garden Centre 01882,CHAIN07,Canadian Demo Retail Chain 07,Ottawa,ON,CA,K1P 1J1,ST082,Ottawa,1882,Salesperson 132,Retail,2026-01-01,2026-09-20T12:00:00
S01883,Demo Garden Centre 01883,CHAIN08,Canadian Demo Retail Chain 08,London,ON,CA,N6A 3K2,ST083,London,1883,Salesperson 133,Retail,2026-01-01,2026-09-20T12:00:00
S01884,Demo Garden Centre 01884,CHAIN09,Canadian Demo Retail Chain 09,Thunder Bay,ON,CA,P7B 5E3,ST084,Thunder Bay,1884,Salesperson 134,Retail,2026-01-01,2026-09-20T12:00:00
S01885,Demo Garden Centre 01885,CHAIN10,Canadian Demo Retail Chain 10,Charlottetown,PE,CA,C1A 1A4,ST085,Charlottetown,1885,Salesperson 135,Retail,2026-01-01,2026-09-20T12:00:00
S01886,Demo Garden Centre 01886,CHAIN11,Canadian Demo Retail Chain 11,Montreal,QC,CA,H2Y 1C5,ST086,Montreal,1886,Salesperson 136,Retail,2026-01-01,2026-09-20T12:00:00
S01887,Demo Garden Centre 01887,CHAIN12,Canadian Demo Retail Chain 12,Quebec City,QC,CA,G1R 4P6,ST087,Quebec City,1887,Salesperson 137,Retail,2026-01-01,2026-09-20T12:00:00
S01888,Demo Garden Centre 01888,CHAIN13,Canadian Demo Retail Chain 13,Saskatoon,SK,CA,S7K 1J7,ST088,Saskatoon,1888,Salesperson 138,Retail,2026-01-01,2026-09-20T12:00:00
S01889,Demo Garden Centre 01889,CHAIN14,Canadian Demo Retail Chain 14,Regina,SK,CA,S4P 3Y8,ST089,Regina,1889,Salesperson 139,Retail,2026-01-01,2026-09-20T12:00:00
S01890,Demo Garden Centre 01890,CHAIN15,Canadian Demo Retail Chain 15,Whitehorse,YT,CA,Y1A 2C9,ST090,Whitehorse,1890,Salesperson 140,Retail,2026-01-01,2026-09-20T12:00:00
S01891,Demo Garden Centre 01891,CHAIN16,Canadian Demo Retail Chain 16,Calgary,AB,CA,T2P 1J1,ST091,Calgary,1891,Salesperson 141,Retail,2026-01-01,2026-09-20T12:00:00
S01892,Demo Garden Centre 01892,CHAIN17,Canadian Demo Retail Chain 17,Edmonton,AB,CA,T5J 0N2,ST092,Edmonton,1892,Salesperson 142,Retail,2026-01-01,2026-09-20T12:00:00
S01893,Demo Garden Centre 01893,CHAIN18,Canadian Demo Retail Chain 18,Vancouver,BC,CA,V6B 2W3,ST093,Vancouver,1893,Salesperson 143,Retail,2026-01-01,2026-09-20T12:00:00
S01894,Demo Garden Centre 01894,CHAIN19,Canadian Demo Retail Chain 19,Victoria,BC,CA,V8W 1P4,ST094,Victoria,1894,Salesperson 144,Retail,2026-01-01,2026-09-20T12:00:00
S01895,Demo Garden Centre 01895,CHAIN20,Canadian Demo Retail Chain 20,Winnipeg,MB,CA,R3B 1C5,ST095,Winnipeg,1895,Salesperson 145,Retail,2026-01-01,2026-09-20T12:00:00
S01896,Demo Garden Centre 01896,CHAIN21,Canadian Demo Retail Chain 21,Fredericton,NB,CA,E3B 1B6,ST096,Fredericton,1896,Salesperson 146,Retail,2026-01-01,2026-09-20T12:00:00
S01897,Demo Garden Centre 01897,CHAIN22,Canadian Demo Retail Chain 22,St. John's,NL,CA,A1C 1B7,ST097,St. John's,1897,Salesperson 147,Retail,2026-01-01,2026-09-20T12:00:00
S01898,Demo Garden Centre 01898,CHAIN23,Canadian Demo Retail Chain 23,Halifax,NS,CA,B3J 1M8,ST098,Halifax,1898,Salesperson 148,Retail,2026-01-01,2026-09-20T12:00:00
S01899,Demo Garden Centre 01899,CHAIN24,Canadian Demo Retail Chain 24,Toronto,ON,CA,M5H 2N9,ST099,Toronto,1899,Salesperson 149,Retail,2026-01-01,2026-09-20T12:00:00
S01900,Demo Garden Centre 01900,CHAIN25,Canadian Demo Retail Chain 25,Ottawa,ON,CA,K1P 1J1,ST100,Ottawa,1900,Salesperson 150,Retail,2026-01-01,2026-09-20T12:00:00
S01901,Demo Garden Centre 01901,CHAIN01,Canadian Demo Retail Chain 01,London,ON,CA,N6A 3K2,ST001,London,1901,Salesperson 151,Retail,2026-01-01,2026-09-20T12:00:00
S01902,Demo Garden Centre 01902,CHAIN02,Canadian Demo Retail Chain 02,Thunder Bay,ON,CA,P7B 5E3,ST002,Thunder Bay,1902,Salesperson 152,Retail,2026-01-01,2026-09-20T12:00:00
S01903,Demo Garden Centre 01903,CHAIN03,Canadian Demo Retail Chain 03,Charlottetown,PE,CA,C1A 1A4,ST003,Charlottetown,1903,Salesperson 153,Retail,2026-01-01,2026-09-20T12:00:00
S01904,Demo Garden Centre 01904,CHAIN04,Canadian Demo Retail Chain 04,Montreal,QC,CA,H2Y 1C5,ST004,Montreal,1904,Salesperson 154,Retail,2026-01-01,2026-09-20T12:00:00
S01905,Demo Garden Centre 01905,CHAIN05,Canadian Demo Retail Chain 05,Quebec City,QC,CA,G1R 4P6,ST005,Quebec City,1905,Salesperson 155,Retail,2026-01-01,2026-09-20T12:00:00
S01906,Demo Garden Centre 01906,CHAIN06,Canadian Demo Retail Chain 06,Saskatoon,SK,CA,S7K 1J7,ST006,Saskatoon,1906,Salesperson 156,Retail,2026-01-01,2026-09-20T12:00:00
S01907,Demo Garden Centre 01907,CHAIN07,Canadian Demo Retail Chain 07,Regina,SK,CA,S4P 3Y8,ST007,Regina,1907,Salesperson 157,Retail,2026-01-01,2026-09-20T12:00:00
S01908,Demo Garden Centre 01908,CHAIN08,Canadian Demo Retail Chain 08,Whitehorse,YT,CA,Y1A 2C9,ST008,Whitehorse,1908,Salesperson 158,Retail,2026-01-01,2026-09-20T12:00:00
S01909,Demo Garden Centre 01909,CHAIN09,Canadian Demo Retail Chain 09,Calgary,AB,CA,T2P 1J1,ST009,Calgary,1909,Salesperson 159,Retail,2026-01-01,2026-09-20T12:00:00
S01910,Demo Garden Centre 01910,CHAIN10,Canadian Demo Retail Chain 10,Edmonton,AB,CA,T5J 0N2,ST010,Edmonton,1910,Salesperson 160,Retail,2026-01-01,2026-09-20T12:00:00
S01911,Demo Garden Centre 01911,CHAIN11,Canadian Demo Retail Chain 11,Vancouver,BC,CA,V6B 2W3,ST011,Vancouver,1911,Salesperson 161,Retail,2026-01-01,2026-09-20T12:00:00
S01912,Demo Garden Centre 01912,CHAIN12,Canadian Demo Retail Chain 12,Victoria,BC,CA,V8W 1P4,ST012,Victoria,1912,Salesperson 162,Retail,2026-01-01,2026-09-20T12:00:00
S01913,Demo Garden Centre 01913,CHAIN13,Canadian Demo Retail Chain 13,Winnipeg,MB,CA,R3B 1C5,ST013,Winnipeg,1913,Salesperson 163,Retail,2026-01-01,2026-09-20T12:00:00
S01914,Demo Garden Centre 01914,CHAIN14,Canadian Demo Retail Chain 14,Fredericton,NB,CA,E3B 1B6,ST014,Fredericton,1914,Salesperson 164,Retail,2026-01-01,2026-09-20T12:00:00
S01915,Demo Garden Centre 01915,CHAIN15,Canadian Demo Retail Chain 15,St. John's,NL,CA,A1C 1B7,ST015,St. John's,1915,Salesperson 165,Retail,2026-01-01,2026-09-20T12:00:00
S01916,Demo Garden Centre 01916,CHAIN16,Canadian Demo Retail Chain 16,Halifax,NS,CA,B3J 1M8,ST016,Halifax,1916,Salesperson 166,Retail,2026-01-01,2026-09-20T12:00:00
S01917,Demo Garden Centre 01917,CHAIN17,Canadian Demo Retail Chain 17,Toronto,ON,CA,M5H 2N9,ST017,Toronto,1917,Salesperson 167,Retail,2026-01-01,2026-09-20T12:00:00
S01918,Demo Garden Centre 01918,CHAIN18,Canadian Demo Retail Chain 18,Ottawa,ON,CA,K1P 1J1,ST018,Ottawa,1918,Salesperson 168,Retail,2026-01-01,2026-09-20T12:00:00
S01919,Demo Garden Centre 01919,CHAIN19,Canadian Demo Retail Chain 19,London,ON,CA,N6A 3K2,ST019,London,1919,Salesperson 169,Retail,2026-01-01,2026-09-20T12:00:00
S01920,Demo Garden Centre 01920,CHAIN20,Canadian Demo Retail Chain 20,Thunder Bay,ON,CA,P7B 5E3,ST020,Thunder Bay,1920,Salesperson 170,Retail,2026-01-01,2026-09-20T12:00:00
S01921,Demo Garden Centre 01921,CHAIN21,Canadian Demo Retail Chain 21,Charlottetown,PE,CA,C1A 1A4,ST021,Charlottetown,1921,Salesperson 171,Retail,2026-01-01,2026-09-20T12:00:00
S01922,Demo Garden Centre 01922,CHAIN22,Canadian Demo Retail Chain 22,Montreal,QC,CA,H2Y 1C5,ST022,Montreal,1922,Salesperson 172,Retail,2026-01-01,2026-09-20T12:00:00
S01923,Demo Garden Centre 01923,CHAIN23,Canadian Demo Retail Chain 23,Quebec City,QC,CA,G1R 4P6,ST023,Quebec City,1923,Salesperson 173,Retail,2026-01-01,2026-09-20T12:00:00
S01924,Demo Garden Centre 01924,CHAIN24,Canadian Demo Retail Chain 24,Saskatoon,SK,CA,S7K 1J7,ST024,Saskatoon,1924,Salesperson 174,Retail,2026-01-01,2026-09-20T12:00:00
S01925,Demo Garden Centre 01925,CHAIN25,Canadian Demo Retail Chain 25,Regina,SK,CA,S4P 3Y8,ST025,Regina,1925,Salesperson 175,Retail,2026-01-01,2026-09-20T12:00:00
S01926,Demo Garden Centre 01926,CHAIN01,Canadian Demo Retail Chain 01,Whitehorse,YT,CA,Y1A 2C9,ST026,Whitehorse,1926,Salesperson 176,Retail,2026-01-01,2026-09-20T12:00:00
S01927,Demo Garden Centre 01927,CHAIN02,Canadian Demo Retail Chain 02,Calgary,AB,CA,T2P 1J1,ST027,Calgary,1927,Salesperson 177,Retail,2026-01-01,2026-09-20T12:00:00
S01928,Demo Garden Centre 01928,CHAIN03,Canadian Demo Retail Chain 03,Edmonton,AB,CA,T5J 0N2,ST028,Edmonton,1928,Salesperson 178,Retail,2026-01-01,2026-09-20T12:00:00
S01929,Demo Garden Centre 01929,CHAIN04,Canadian Demo Retail Chain 04,Vancouver,BC,CA,V6B 2W3,ST029,Vancouver,1929,Salesperson 179,Retail,2026-01-01,2026-09-20T12:00:00
S01930,Demo Garden Centre 01930,CHAIN05,Canadian Demo Retail Chain 05,Victoria,BC,CA,V8W 1P4,ST030,Victoria,1930,Salesperson 180,Retail,2026-01-01,2026-09-20T12:00:00
S01931,Demo Garden Centre 01931,CHAIN06,Canadian Demo Retail Chain 06,Winnipeg,MB,CA,R3B 1C5,ST031,Winnipeg,1931,Salesperson 181,Retail,2026-01-01,2026-09-20T12:00:00
S01932,Demo Garden Centre 01932,CHAIN07,Canadian Demo Retail Chain 07,Fredericton,NB,CA,E3B 1B6,ST032,Fredericton,1932,Salesperson 182,Retail,2026-01-01,2026-09-20T12:00:00
S01933,Demo Garden Centre 01933,CHAIN08,Canadian Demo Retail Chain 08,St. John's,NL,CA,A1C 1B7,ST033,St. John's,1933,Salesperson 183,Retail,2026-01-01,2026-09-20T12:00:00
S01934,Demo Garden Centre 01934,CHAIN09,Canadian Demo Retail Chain 09,Halifax,NS,CA,B3J 1M8,ST034,Halifax,1934,Salesperson 184,Retail,2026-01-01,2026-09-20T12:00:00
S01935,Demo Garden Centre 01935,CHAIN10,Canadian Demo Retail Chain 10,Toronto,ON,CA,M5H 2N9,ST035,Toronto,1935,Salesperson 185,Retail,2026-01-01,2026-09-20T12:00:00
S01936,Demo Garden Centre 01936,CHAIN11,Canadian Demo Retail Chain 11,Ottawa,ON,CA,K1P 1J1,ST036,Ottawa,1936,Salesperson 186,Retail,2026-01-01,2026-09-20T12:00:00
S01937,Demo Garden Centre 01937,CHAIN12,Canadian Demo Retail Chain 12,London,ON,CA,N6A 3K2,ST037,London,1937,Salesperson 187,Retail,2026-01-01,2026-09-20T12:00:00
S01938,Demo Garden Centre 01938,CHAIN13,Canadian Demo Retail Chain 13,Thunder Bay,ON,CA,P7B 5E3,ST038,Thunder Bay,1938,Salesperson 188,Retail,2026-01-01,2026-09-20T12:00:00
S01939,Demo Garden Centre 01939,CHAIN14,Canadian Demo Retail Chain 14,Charlottetown,PE,CA,C1A 1A4,ST039,Charlottetown,1939,Salesperson 189,Retail,2026-01-01,2026-09-20T12:00:00
S01940,Demo Garden Centre 01940,CHAIN15,Canadian Demo Retail Chain 15,Montreal,QC,CA,H2Y 1C5,ST040,Montreal,1940,Salesperson 190,Retail,2026-01-01,2026-09-20T12:00:00
S01941,Demo Garden Centre 01941,CHAIN16,Canadian Demo Retail Chain 16,Quebec City,QC,CA,G1R 4P6,ST041,Quebec City,1941,Salesperson 191,Retail,2026-01-01,2026-09-20T12:00:00
S01942,Demo Garden Centre 01942,CHAIN17,Canadian Demo Retail Chain 17,Saskatoon,SK,CA,S7K 1J7,ST042,Saskatoon,1942,Salesperson 192,Retail,2026-01-01,2026-09-20T12:00:00
S01943,Demo Garden Centre 01943,CHAIN18,Canadian Demo Retail Chain 18,Regina,SK,CA,S4P 3Y8,ST043,Regina,1943,Salesperson 193,Retail,2026-01-01,2026-09-20T12:00:00
S01944,Demo Garden Centre 01944,CHAIN19,Canadian Demo Retail Chain 19,Whitehorse,YT,CA,Y1A 2C9,ST044,Whitehorse,1944,Salesperson 194,Retail,2026-01-01,2026-09-20T12:00:00
S01945,Demo Garden Centre 01945,CHAIN20,Canadian Demo Retail Chain 20,Calgary,AB,CA,T2P 1J1,ST045,Calgary,1945,Salesperson 195,Retail,2026-01-01,2026-09-20T12:00:00
S01946,Demo Garden Centre 01946,CHAIN21,Canadian Demo Retail Chain 21,Edmonton,AB,CA,T5J 0N2,ST046,Edmonton,1946,Salesperson 196,Retail,2026-01-01,2026-09-20T12:00:00
S01947,Demo Garden Centre 01947,CHAIN22,Canadian Demo Retail Chain 22,Vancouver,BC,CA,V6B 2W3,ST047,Vancouver,1947,Salesperson 197,Retail,2026-01-01,2026-09-20T12:00:00
S01948,Demo Garden Centre 01948,CHAIN23,Canadian Demo Retail Chain 23,Victoria,BC,CA,V8W 1P4,ST048,Victoria,1948,Salesperson 198,Retail,2026-01-01,2026-09-20T12:00:00
S01949,Demo Garden Centre 01949,CHAIN24,Canadian Demo Retail Chain 24,Winnipeg,MB,CA,R3B 1C5,ST049,Winnipeg,1949,Salesperson 199,Retail,2026-01-01,2026-09-20T12:00:00
S01950,Demo Garden Centre 01950,CHAIN25,Canadian Demo Retail Chain 25,Fredericton,NB,CA,E3B 1B6,ST050,Fredericton,1950,Salesperson 200,Retail,2026-01-01,2026-09-20T12:00:00
S01951,Demo Garden Centre 01951,CHAIN01,Canadian Demo Retail Chain 01,St. John's,NL,CA,A1C 1B7,ST051,St. John's,1951,Salesperson 201,Retail,2026-01-01,2026-09-20T12:00:00
S01952,Demo Garden Centre 01952,CHAIN02,Canadian Demo Retail Chain 02,Halifax,NS,CA,B3J 1M8,ST052,Halifax,1952,Salesperson 202,Retail,2026-01-01,2026-09-20T12:00:00
S01953,Demo Garden Centre 01953,CHAIN03,Canadian Demo Retail Chain 03,Toronto,ON,CA,M5H 2N9,ST053,Toronto,1953,Salesperson 203,Retail,2026-01-01,2026-09-20T12:00:00
S01954,Demo Garden Centre 01954,CHAIN04,Canadian Demo Retail Chain 04,Ottawa,ON,CA,K1P 1J1,ST054,Ottawa,1954,Salesperson 204,Retail,2026-01-01,2026-09-20T12:00:00
S01955,Demo Garden Centre 01955,CHAIN05,Canadian Demo Retail Chain 05,London,ON,CA,N6A 3K2,ST055,London,1955,Salesperson 205,Retail,2026-01-01,2026-09-20T12:00:00
S01956,Demo Garden Centre 01956,CHAIN06,Canadian Demo Retail Chain 06,Thunder Bay,ON,CA,P7B 5E3,ST056,Thunder Bay,1956,Salesperson 206,Retail,2026-01-01,2026-09-20T12:00:00
S01957,Demo Garden Centre 01957,CHAIN07,Canadian Demo Retail Chain 07,Charlottetown,PE,CA,C1A 1A4,ST057,Charlottetown,1957,Salesperson 207,Retail,2026-01-01,2026-09-20T12:00:00
S01958,Demo Garden Centre 01958,CHAIN08,Canadian Demo Retail Chain 08,Montreal,QC,CA,H2Y 1C5,ST058,Montreal,1958,Salesperson 208,Retail,2026-01-01,2026-09-20T12:00:00
S01959,Demo Garden Centre 01959,CHAIN09,Canadian Demo Retail Chain 09,Quebec City,QC,CA,G1R 4P6,ST059,Quebec City,1959,Salesperson 209,Retail,2026-01-01,2026-09-20T12:00:00
S01960,Demo Garden Centre 01960,CHAIN10,Canadian Demo Retail Chain 10,Saskatoon,SK,CA,S7K 1J7,ST060,Saskatoon,1960,Salesperson 210,Retail,2026-01-01,2026-09-20T12:00:00
S01961,Demo Garden Centre 01961,CHAIN11,Canadian Demo Retail Chain 11,Regina,SK,CA,S4P 3Y8,ST061,Regina,1961,Salesperson 211,Retail,2026-01-01,2026-09-20T12:00:00
S01962,Demo Garden Centre 01962,CHAIN12,Canadian Demo Retail Chain 12,Whitehorse,YT,CA,Y1A 2C9,ST062,Whitehorse,1962,Salesperson 212,Retail,2026-01-01,2026-09-20T12:00:00
S01963,Demo Garden Centre 01963,CHAIN13,Canadian Demo Retail Chain 13,Calgary,AB,CA,T2P 1J1,ST063,Calgary,1963,Salesperson 213,Retail,2026-01-01,2026-09-20T12:00:00
S01964,Demo Garden Centre 01964,CHAIN14,Canadian Demo Retail Chain 14,Edmonton,AB,CA,T5J 0N2,ST064,Edmonton,1964,Salesperson 214,Retail,2026-01-01,2026-09-20T12:00:00
S01965,Demo Garden Centre 01965,CHAIN15,Canadian Demo Retail Chain 15,Vancouver,BC,CA,V6B 2W3,ST065,Vancouver,1965,Salesperson 215,Retail,2026-01-01,2026-09-20T12:00:00
S01966,Demo Garden Centre 01966,CHAIN16,Canadian Demo Retail Chain 16,Victoria,BC,CA,V8W 1P4,ST066,Victoria,1966,Salesperson 216,Retail,2026-01-01,2026-09-20T12:00:00
S01967,Demo Garden Centre 01967,CHAIN17,Canadian Demo Retail Chain 17,Winnipeg,MB,CA,R3B 1C5,ST067,Winnipeg,1967,Salesperson 217,Retail,2026-01-01,2026-09-20T12:00:00
S01968,Demo Garden Centre 01968,CHAIN18,Canadian Demo Retail Chain 18,Fredericton,NB,CA,E3B 1B6,ST068,Fredericton,1968,Salesperson 218,Retail,2026-01-01,2026-09-20T12:00:00
S01969,Demo Garden Centre 01969,CHAIN19,Canadian Demo Retail Chain 19,St. John's,NL,CA,A1C 1B7,ST069,St. John's,1969,Salesperson 219,Retail,2026-01-01,2026-09-20T12:00:00
S01970,Demo Garden Centre 01970,CHAIN20,Canadian Demo Retail Chain 20,Halifax,NS,CA,B3J 1M8,ST070,Halifax,1970,Salesperson 220,Retail,2026-01-01,2026-09-20T12:00:00
S01971,Demo Garden Centre 01971,CHAIN21,Canadian Demo Retail Chain 21,Toronto,ON,CA,M5H 2N9,ST071,Toronto,1971,Salesperson 221,Retail,2026-01-01,2026-09-20T12:00:00
S01972,Demo Garden Centre 01972,CHAIN22,Canadian Demo Retail Chain 22,Ottawa,ON,CA,K1P 1J1,ST072,Ottawa,1972,Salesperson 222,Retail,2026-01-01,2026-09-20T12:00:00
S01973,Demo Garden Centre 01973,CHAIN23,Canadian Demo Retail Chain 23,London,ON,CA,N6A 3K2,ST073,London,1973,Salesperson 223,Retail,2026-01-01,2026-09-20T12:00:00
S01974,Demo Garden Centre 01974,CHAIN24,Canadian Demo Retail Chain 24,Thunder Bay,ON,CA,P7B 5E3,ST074,Thunder Bay,1974,Salesperson 224,Retail,2026-01-01,2026-09-20T12:00:00
S01975,Demo Garden Centre 01975,CHAIN25,Canadian Demo Retail Chain 25,Charlottetown,PE,CA,C1A 1A4,ST075,Charlottetown,1975,Salesperson 225,Retail,2026-01-01,2026-09-20T12:00:00
S01976,Demo Garden Centre 01976,CHAIN01,Canadian Demo Retail Chain 01,Montreal,QC,CA,H2Y 1C5,ST076,Montreal,1976,Salesperson 226,Retail,2026-01-01,2026-09-20T12:00:00
S01977,Demo Garden Centre 01977,CHAIN02,Canadian Demo Retail Chain 02,Quebec City,QC,CA,G1R 4P6,ST077,Quebec City,1977,Salesperson 227,Retail,2026-01-01,2026-09-20T12:00:00
S01978,Demo Garden Centre 01978,CHAIN03,Canadian Demo Retail Chain 03,Saskatoon,SK,CA,S7K 1J7,ST078,Saskatoon,1978,Salesperson 228,Retail,2026-01-01,2026-09-20T12:00:00
S01979,Demo Garden Centre 01979,CHAIN04,Canadian Demo Retail Chain 04,Regina,SK,CA,S4P 3Y8,ST079,Regina,1979,Salesperson 229,Retail,2026-01-01,2026-09-20T12:00:00
S01980,Demo Garden Centre 01980,CHAIN05,Canadian Demo Retail Chain 05,Whitehorse,YT,CA,Y1A 2C9,ST080,Whitehorse,1980,Salesperson 230,Retail,2026-01-01,2026-09-20T12:00:00
S01981,Demo Garden Centre 01981,CHAIN06,Canadian Demo Retail Chain 06,Calgary,AB,CA,T2P 1J1,ST081,Calgary,1981,Salesperson 231,Retail,2026-01-01,2026-09-20T12:00:00
S01982,Demo Garden Centre 01982,CHAIN07,Canadian Demo Retail Chain 07,Edmonton,AB,CA,T5J 0N2,ST082,Edmonton,1982,Salesperson 232,Retail,2026-01-01,2026-09-20T12:00:00
S01983,Demo Garden Centre 01983,CHAIN08,Canadian Demo Retail Chain 08,Vancouver,BC,CA,V6B 2W3,ST083,Vancouver,1983,Salesperson 233,Retail,2026-01-01,2026-09-20T12:00:00
S01984,Demo Garden Centre 01984,CHAIN09,Canadian Demo Retail Chain 09,Victoria,BC,CA,V8W 1P4,ST084,Victoria,1984,Salesperson 234,Retail,2026-01-01,2026-09-20T12:00:00
S01985,Demo Garden Centre 01985,CHAIN10,Canadian Demo Retail Chain 10,Winnipeg,MB,CA,R3B 1C5,ST085,Winnipeg,1985,Salesperson 235,Retail,2026-01-01,2026-09-20T12:00:00
S01986,Demo Garden Centre 01986,CHAIN11,Canadian Demo Retail Chain 11,Fredericton,NB,CA,E3B 1B6,ST086,Fredericton,1986,Salesperson 236,Retail,2026-01-01,2026-09-20T12:00:00
S01987,Demo Garden Centre 01987,CHAIN12,Canadian Demo Retail Chain 12,St. John's,NL,CA,A1C 1B7,ST087,St. John's,1987,Salesperson 237,Retail,2026-01-01,2026-09-20T12:00:00
S01988,Demo Garden Centre 01988,CHAIN13,Canadian Demo Retail Chain 13,Halifax,NS,CA,B3J 1M8,ST088,Halifax,1988,Salesperson 238,Retail,2026-01-01,2026-09-20T12:00:00
S01989,Demo Garden Centre 01989,CHAIN14,Canadian Demo Retail Chain 14,Toronto,ON,CA,M5H 2N9,ST089,Toronto,1989,Salesperson 239,Retail,2026-01-01,2026-09-20T12:00:00
S01990,Demo Garden Centre 01990,CHAIN15,Canadian Demo Retail Chain 15,Ottawa,ON,CA,K1P 1J1,ST090,Ottawa,1990,Salesperson 240,Retail,2026-01-01,2026-09-20T12:00:00
S01991,Demo Garden Centre 01991,CHAIN16,Canadian Demo Retail Chain 16,London,ON,CA,N6A 3K2,ST091,London,1991,Salesperson 241,Retail,2026-01-01,2026-09-20T12:00:00
S01992,Demo Garden Centre 01992,CHAIN17,Canadian Demo Retail Chain 17,Thunder Bay,ON,CA,P7B 5E3,ST092,Thunder Bay,1992,Salesperson 242,Retail,2026-01-01,2026-09-20T12:00:00
S01993,Demo Garden Centre 01993,CHAIN18,Canadian Demo Retail Chain 18,Charlottetown,PE,CA,C1A 1A4,ST093,Charlottetown,1993,Salesperson 243,Retail,2026-01-01,2026-09-20T12:00:00
S01994,Demo Garden Centre 01994,CHAIN19,Canadian Demo Retail Chain 19,Montreal,QC,CA,H2Y 1C5,ST094,Montreal,1994,Salesperson 244,Retail,2026-01-01,2026-09-20T12:00:00
S01995,Demo Garden Centre 01995,CHAIN20,Canadian Demo Retail Chain 20,Quebec City,QC,CA,G1R 4P6,ST095,Quebec City,1995,Salesperson 245,Retail,2026-01-01,2026-09-20T12:00:00
S01996,Demo Garden Centre 01996,CHAIN21,Canadian Demo Retail Chain 21,Saskatoon,SK,CA,S7K 1J7,ST096,Saskatoon,1996,Salesperson 246,Retail,2026-01-01,2026-09-20T12:00:00
S01997,Demo Garden Centre 01997,CHAIN22,Canadian Demo Retail Chain 22,Regina,SK,CA,S4P 3Y8,ST097,Regina,1997,Salesperson 247,Retail,2026-01-01,2026-09-20T12:00:00
S01998,Demo Garden Centre 01998,CHAIN23,Canadian Demo Retail Chain 23,Whitehorse,YT,CA,Y1A 2C9,ST098,Whitehorse,1998,Salesperson 248,Retail,2026-01-01,2026-09-20T12:00:00
S01999,Demo Garden Centre 01999,CHAIN24,Canadian Demo Retail Chain 24,Calgary,AB,CA,T2P 1J1,ST099,Calgary,1999,Salesperson 249,Retail,2026-01-01,2026-09-20T12:00:00
S02000,Demo Garden Centre 02000,CHAIN25,Canadian Demo Retail Chain 25,Edmonton,AB,CA,T5J 0N2,ST100,Edmonton,2000,Salesperson 250,Retail,2026-01-01,2026-09-20T12:00:00
S02001,Demo Garden Centre 02001,CHAIN01,Canadian Demo Retail Chain 01,Vancouver,BC,CA,V6B 2W3,ST001,Vancouver,2001,Salesperson 001,Retail,2026-01-01,2026-09-20T12:00:00
S02002,Demo Garden Centre 02002,CHAIN02,Canadian Demo Retail Chain 02,Victoria,BC,CA,V8W 1P4,ST002,Victoria,2002,Salesperson 002,Retail,2026-01-01,2026-09-20T12:00:00
S02003,Demo Garden Centre 02003,CHAIN03,Canadian Demo Retail Chain 03,Winnipeg,MB,CA,R3B 1C5,ST003,Winnipeg,2003,Salesperson 003,Retail,2026-01-01,2026-09-20T12:00:00
S02004,Demo Garden Centre 02004,CHAIN04,Canadian Demo Retail Chain 04,Fredericton,NB,CA,E3B 1B6,ST004,Fredericton,2004,Salesperson 004,Retail,2026-01-01,2026-09-20T12:00:00
S02005,Demo Garden Centre 02005,CHAIN05,Canadian Demo Retail Chain 05,St. John's,NL,CA,A1C 1B7,ST005,St. John's,2005,Salesperson 005,Retail,2026-01-01,2026-09-20T12:00:00
S02006,Demo Garden Centre 02006,CHAIN06,Canadian Demo Retail Chain 06,Halifax,NS,CA,B3J 1M8,ST006,Halifax,2006,Salesperson 006,Retail,2026-01-01,2026-09-20T12:00:00
S02007,Demo Garden Centre 02007,CHAIN07,Canadian Demo Retail Chain 07,Toronto,ON,CA,M5H 2N9,ST007,Toronto,2007,Salesperson 007,Retail,2026-01-01,2026-09-20T12:00:00
S02008,Demo Garden Centre 02008,CHAIN08,Canadian Demo Retail Chain 08,Ottawa,ON,CA,K1P 1J1,ST008,Ottawa,2008,Salesperson 008,Retail,2026-01-01,2026-09-20T12:00:00
S02009,Demo Garden Centre 02009,CHAIN09,Canadian Demo Retail Chain 09,London,ON,CA,N6A 3K2,ST009,London,2009,Salesperson 009,Retail,2026-01-01,2026-09-20T12:00:00
S02010,Demo Garden Centre 02010,CHAIN10,Canadian Demo Retail Chain 10,Thunder Bay,ON,CA,P7B 5E3,ST010,Thunder Bay,2010,Salesperson 010,Retail,2026-01-01,2026-09-20T12:00:00
S02011,Demo Garden Centre 02011,CHAIN11,Canadian Demo Retail Chain 11,Charlottetown,PE,CA,C1A 1A4,ST011,Charlottetown,2011,Salesperson 011,Retail,2026-01-01,2026-09-20T12:00:00
S02012,Demo Garden Centre 02012,CHAIN12,Canadian Demo Retail Chain 12,Montreal,QC,CA,H2Y 1C5,ST012,Montreal,2012,Salesperson 012,Retail,2026-01-01,2026-09-20T12:00:00
S02013,Demo Garden Centre 02013,CHAIN13,Canadian Demo Retail Chain 13,Quebec City,QC,CA,G1R 4P6,ST013,Quebec City,2013,Salesperson 013,Retail,2026-01-01,2026-09-20T12:00:00
S02014,Demo Garden Centre 02014,CHAIN14,Canadian Demo Retail Chain 14,Saskatoon,SK,CA,S7K 1J7,ST014,Saskatoon,2014,Salesperson 014,Retail,2026-01-01,2026-09-20T12:00:00
S02015,Demo Garden Centre 02015,CHAIN15,Canadian Demo Retail Chain 15,Regina,SK,CA,S4P 3Y8,ST015,Regina,2015,Salesperson 015,Retail,2026-01-01,2026-09-20T12:00:00
S02016,Demo Garden Centre 02016,CHAIN16,Canadian Demo Retail Chain 16,Whitehorse,YT,CA,Y1A 2C9,ST016,Whitehorse,2016,Salesperson 016,Retail,2026-01-01,2026-09-20T12:00:00
S02017,Demo Garden Centre 02017,CHAIN17,Canadian Demo Retail Chain 17,Calgary,AB,CA,T2P 1J1,ST017,Calgary,2017,Salesperson 017,Retail,2026-01-01,2026-09-20T12:00:00
S02018,Demo Garden Centre 02018,CHAIN18,Canadian Demo Retail Chain 18,Edmonton,AB,CA,T5J 0N2,ST018,Edmonton,2018,Salesperson 018,Retail,2026-01-01,2026-09-20T12:00:00
S02019,Demo Garden Centre 02019,CHAIN19,Canadian Demo Retail Chain 19,Vancouver,BC,CA,V6B 2W3,ST019,Vancouver,2019,Salesperson 019,Retail,2026-01-01,2026-09-20T12:00:00
S02020,Demo Garden Centre 02020,CHAIN20,Canadian Demo Retail Chain 20,Victoria,BC,CA,V8W 1P4,ST020,Victoria,2020,Salesperson 020,Retail,2026-01-01,2026-09-20T12:00:00
S02021,Demo Garden Centre 02021,CHAIN21,Canadian Demo Retail Chain 21,Winnipeg,MB,CA,R3B 1C5,ST021,Winnipeg,2021,Salesperson 021,Retail,2026-01-01,2026-09-20T12:00:00
S02022,Demo Garden Centre 02022,CHAIN22,Canadian Demo Retail Chain 22,Fredericton,NB,CA,E3B 1B6,ST022,Fredericton,2022,Salesperson 022,Retail,2026-01-01,2026-09-20T12:00:00
S02023,Demo Garden Centre 02023,CHAIN23,Canadian Demo Retail Chain 23,St. John's,NL,CA,A1C 1B7,ST023,St. John's,2023,Salesperson 023,Retail,2026-01-01,2026-09-20T12:00:00
S02024,Demo Garden Centre 02024,CHAIN24,Canadian Demo Retail Chain 24,Halifax,NS,CA,B3J 1M8,ST024,Halifax,2024,Salesperson 024,Retail,2026-01-01,2026-09-20T12:00:00
S02025,Demo Garden Centre 02025,CHAIN25,Canadian Demo Retail Chain 25,Toronto,ON,CA,M5H 2N9,ST025,Toronto,2025,Salesperson 025,Retail,2026-01-01,2026-09-20T12:00:00
S02026,Demo Garden Centre 02026,CHAIN01,Canadian Demo Retail Chain 01,Ottawa,ON,CA,K1P 1J1,ST026,Ottawa,2026,Salesperson 026,Retail,2026-01-01,2026-09-20T12:00:00
S02027,Demo Garden Centre 02027,CHAIN02,Canadian Demo Retail Chain 02,London,ON,CA,N6A 3K2,ST027,London,2027,Salesperson 027,Retail,2026-01-01,2026-09-20T12:00:00
S02028,Demo Garden Centre 02028,CHAIN03,Canadian Demo Retail Chain 03,Thunder Bay,ON,CA,P7B 5E3,ST028,Thunder Bay,2028,Salesperson 028,Retail,2026-01-01,2026-09-20T12:00:00
S02029,Demo Garden Centre 02029,CHAIN04,Canadian Demo Retail Chain 04,Charlottetown,PE,CA,C1A 1A4,ST029,Charlottetown,2029,Salesperson 029,Retail,2026-01-01,2026-09-20T12:00:00
S02030,Demo Garden Centre 02030,CHAIN05,Canadian Demo Retail Chain 05,Montreal,QC,CA,H2Y 1C5,ST030,Montreal,2030,Salesperson 030,Retail,2026-01-01,2026-09-20T12:00:00
S02031,Demo Garden Centre 02031,CHAIN06,Canadian Demo Retail Chain 06,Quebec City,QC,CA,G1R 4P6,ST031,Quebec City,2031,Salesperson 031,Retail,2026-01-01,2026-09-20T12:00:00
S02032,Demo Garden Centre 02032,CHAIN07,Canadian Demo Retail Chain 07,Saskatoon,SK,CA,S7K 1J7,ST032,Saskatoon,2032,Salesperson 032,Retail,2026-01-01,2026-09-20T12:00:00
S02033,Demo Garden Centre 02033,CHAIN08,Canadian Demo Retail Chain 08,Regina,SK,CA,S4P 3Y8,ST033,Regina,2033,Salesperson 033,Retail,2026-01-01,2026-09-20T12:00:00
S02034,Demo Garden Centre 02034,CHAIN09,Canadian Demo Retail Chain 09,Whitehorse,YT,CA,Y1A 2C9,ST034,Whitehorse,2034,Salesperson 034,Retail,2026-01-01,2026-09-20T12:00:00
S02035,Demo Garden Centre 02035,CHAIN10,Canadian Demo Retail Chain 10,Calgary,AB,CA,T2P 1J1,ST035,Calgary,2035,Salesperson 035,Retail,2026-01-01,2026-09-20T12:00:00
S02036,Demo Garden Centre 02036,CHAIN11,Canadian Demo Retail Chain 11,Edmonton,AB,CA,T5J 0N2,ST036,Edmonton,2036,Salesperson 036,Retail,2026-01-01,2026-09-20T12:00:00
S02037,Demo Garden Centre 02037,CHAIN12,Canadian Demo Retail Chain 12,Vancouver,BC,CA,V6B 2W3,ST037,Vancouver,2037,Salesperson 037,Retail,2026-01-01,2026-09-20T12:00:00
S02038,Demo Garden Centre 02038,CHAIN13,Canadian Demo Retail Chain 13,Victoria,BC,CA,V8W 1P4,ST038,Victoria,2038,Salesperson 038,Retail,2026-01-01,2026-09-20T12:00:00
S02039,Demo Garden Centre 02039,CHAIN14,Canadian Demo Retail Chain 14,Winnipeg,MB,CA,R3B 1C5,ST039,Winnipeg,2039,Salesperson 039,Retail,2026-01-01,2026-09-20T12:00:00
S02040,Demo Garden Centre 02040,CHAIN15,Canadian Demo Retail Chain 15,Fredericton,NB,CA,E3B 1B6,ST040,Fredericton,2040,Salesperson 040,Retail,2026-01-01,2026-09-20T12:00:00
S02041,Demo Garden Centre 02041,CHAIN16,Canadian Demo Retail Chain 16,St. John's,NL,CA,A1C 1B7,ST041,St. John's,2041,Salesperson 041,Retail,2026-01-01,2026-09-20T12:00:00
S02042,Demo Garden Centre 02042,CHAIN17,Canadian Demo Retail Chain 17,Halifax,NS,CA,B3J 1M8,ST042,Halifax,2042,Salesperson 042,Retail,2026-01-01,2026-09-20T12:00:00
S02043,Demo Garden Centre 02043,CHAIN18,Canadian Demo Retail Chain 18,Toronto,ON,CA,M5H 2N9,ST043,Toronto,2043,Salesperson 043,Retail,2026-01-01,2026-09-20T12:00:00
S02044,Demo Garden Centre 02044,CHAIN19,Canadian Demo Retail Chain 19,Ottawa,ON,CA,K1P 1J1,ST044,Ottawa,2044,Salesperson 044,Retail,2026-01-01,2026-09-20T12:00:00
S02045,Demo Garden Centre 02045,CHAIN20,Canadian Demo Retail Chain 20,London,ON,CA,N6A 3K2,ST045,London,2045,Salesperson 045,Retail,2026-01-01,2026-09-20T12:00:00
S02046,Demo Garden Centre 02046,CHAIN21,Canadian Demo Retail Chain 21,Thunder Bay,ON,CA,P7B 5E3,ST046,Thunder Bay,2046,Salesperson 046,Retail,2026-01-01,2026-09-20T12:00:00
S02047,Demo Garden Centre 02047,CHAIN22,Canadian Demo Retail Chain 22,Charlottetown,PE,CA,C1A 1A4,ST047,Charlottetown,2047,Salesperson 047,Retail,2026-01-01,2026-09-20T12:00:00
S02048,Demo Garden Centre 02048,CHAIN23,Canadian Demo Retail Chain 23,Montreal,QC,CA,H2Y 1C5,ST048,Montreal,2048,Salesperson 048,Retail,2026-01-01,2026-09-20T12:00:00
S02049,Demo Garden Centre 02049,CHAIN24,Canadian Demo Retail Chain 24,Quebec City,QC,CA,G1R 4P6,ST049,Quebec City,2049,Salesperson 049,Retail,2026-01-01,2026-09-20T12:00:00
S02050,Demo Garden Centre 02050,CHAIN25,Canadian Demo Retail Chain 25,Saskatoon,SK,CA,S7K 1J7,ST050,Saskatoon,2050,Salesperson 050,Retail,2026-01-01,2026-09-20T12:00:00
S02051,Demo Garden Centre 02051,CHAIN01,Canadian Demo Retail Chain 01,Regina,SK,CA,S4P 3Y8,ST051,Regina,2051,Salesperson 051,Retail,2026-01-01,2026-09-20T12:00:00
S02052,Demo Garden Centre 02052,CHAIN02,Canadian Demo Retail Chain 02,Whitehorse,YT,CA,Y1A 2C9,ST052,Whitehorse,2052,Salesperson 052,Retail,2026-01-01,2026-09-20T12:00:00
S02053,Demo Garden Centre 02053,CHAIN03,Canadian Demo Retail Chain 03,Calgary,AB,CA,T2P 1J1,ST053,Calgary,2053,Salesperson 053,Retail,2026-01-01,2026-09-20T12:00:00
S02054,Demo Garden Centre 02054,CHAIN04,Canadian Demo Retail Chain 04,Edmonton,AB,CA,T5J 0N2,ST054,Edmonton,2054,Salesperson 054,Retail,2026-01-01,2026-09-20T12:00:00
S02055,Demo Garden Centre 02055,CHAIN05,Canadian Demo Retail Chain 05,Vancouver,BC,CA,V6B 2W3,ST055,Vancouver,2055,Salesperson 055,Retail,2026-01-01,2026-09-20T12:00:00
S02056,Demo Garden Centre 02056,CHAIN06,Canadian Demo Retail Chain 06,Victoria,BC,CA,V8W 1P4,ST056,Victoria,2056,Salesperson 056,Retail,2026-01-01,2026-09-20T12:00:00
S02057,Demo Garden Centre 02057,CHAIN07,Canadian Demo Retail Chain 07,Winnipeg,MB,CA,R3B 1C5,ST057,Winnipeg,2057,Salesperson 057,Retail,2026-01-01,2026-09-20T12:00:00
S02058,Demo Garden Centre 02058,CHAIN08,Canadian Demo Retail Chain 08,Fredericton,NB,CA,E3B 1B6,ST058,Fredericton,2058,Salesperson 058,Retail,2026-01-01,2026-09-20T12:00:00
S02059,Demo Garden Centre 02059,CHAIN09,Canadian Demo Retail Chain 09,St. John's,NL,CA,A1C 1B7,ST059,St. John's,2059,Salesperson 059,Retail,2026-01-01,2026-09-20T12:00:00
S02060,Demo Garden Centre 02060,CHAIN10,Canadian Demo Retail Chain 10,Halifax,NS,CA,B3J 1M8,ST060,Halifax,2060,Salesperson 060,Retail,2026-01-01,2026-09-20T12:00:00
S02061,Demo Garden Centre 02061,CHAIN11,Canadian Demo Retail Chain 11,Toronto,ON,CA,M5H 2N9,ST061,Toronto,2061,Salesperson 061,Retail,2026-01-01,2026-09-20T12:00:00
S02062,Demo Garden Centre 02062,CHAIN12,Canadian Demo Retail Chain 12,Ottawa,ON,CA,K1P 1J1,ST062,Ottawa,2062,Salesperson 062,Retail,2026-01-01,2026-09-20T12:00:00
S02063,Demo Garden Centre 02063,CHAIN13,Canadian Demo Retail Chain 13,London,ON,CA,N6A 3K2,ST063,London,2063,Salesperson 063,Retail,2026-01-01,2026-09-20T12:00:00
S02064,Demo Garden Centre 02064,CHAIN14,Canadian Demo Retail Chain 14,Thunder Bay,ON,CA,P7B 5E3,ST064,Thunder Bay,2064,Salesperson 064,Retail,2026-01-01,2026-09-20T12:00:00
S02065,Demo Garden Centre 02065,CHAIN15,Canadian Demo Retail Chain 15,Charlottetown,PE,CA,C1A 1A4,ST065,Charlottetown,2065,Salesperson 065,Retail,2026-01-01,2026-09-20T12:00:00
S02066,Demo Garden Centre 02066,CHAIN16,Canadian Demo Retail Chain 16,Montreal,QC,CA,H2Y 1C5,ST066,Montreal,2066,Salesperson 066,Retail,2026-01-01,2026-09-20T12:00:00
S02067,Demo Garden Centre 02067,CHAIN17,Canadian Demo Retail Chain 17,Quebec City,QC,CA,G1R 4P6,ST067,Quebec City,2067,Salesperson 067,Retail,2026-01-01,2026-09-20T12:00:00
S02068,Demo Garden Centre 02068,CHAIN18,Canadian Demo Retail Chain 18,Saskatoon,SK,CA,S7K 1J7,ST068,Saskatoon,2068,Salesperson 068,Retail,2026-01-01,2026-09-20T12:00:00
S02069,Demo Garden Centre 02069,CHAIN19,Canadian Demo Retail Chain 19,Regina,SK,CA,S4P 3Y8,ST069,Regina,2069,Salesperson 069,Retail,2026-01-01,2026-09-20T12:00:00
S02070,Demo Garden Centre 02070,CHAIN20,Canadian Demo Retail Chain 20,Whitehorse,YT,CA,Y1A 2C9,ST070,Whitehorse,2070,Salesperson 070,Retail,2026-01-01,2026-09-20T12:00:00
S02071,Demo Garden Centre 02071,CHAIN21,Canadian Demo Retail Chain 21,Calgary,AB,CA,T2P 1J1,ST071,Calgary,2071,Salesperson 071,Retail,2026-01-01,2026-09-20T12:00:00
S02072,Demo Garden Centre 02072,CHAIN22,Canadian Demo Retail Chain 22,Edmonton,AB,CA,T5J 0N2,ST072,Edmonton,2072,Salesperson 072,Retail,2026-01-01,2026-09-20T12:00:00
S02073,Demo Garden Centre 02073,CHAIN23,Canadian Demo Retail Chain 23,Vancouver,BC,CA,V6B 2W3,ST073,Vancouver,2073,Salesperson 073,Retail,2026-01-01,2026-09-20T12:00:00
S02074,Demo Garden Centre 02074,CHAIN24,Canadian Demo Retail Chain 24,Victoria,BC,CA,V8W 1P4,ST074,Victoria,2074,Salesperson 074,Retail,2026-01-01,2026-09-20T12:00:00
S02075,Demo Garden Centre 02075,CHAIN25,Canadian Demo Retail Chain 25,Winnipeg,MB,CA,R3B 1C5,ST075,Winnipeg,2075,Salesperson 075,Retail,2026-01-01,2026-09-20T12:00:00
S02076,Demo Garden Centre 02076,CHAIN01,Canadian Demo Retail Chain 01,Fredericton,NB,CA,E3B 1B6,ST076,Fredericton,2076,Salesperson 076,Retail,2026-01-01,2026-09-20T12:00:00
S02077,Demo Garden Centre 02077,CHAIN02,Canadian Demo Retail Chain 02,St. John's,NL,CA,A1C 1B7,ST077,St. John's,2077,Salesperson 077,Retail,2026-01-01,2026-09-20T12:00:00
S02078,Demo Garden Centre 02078,CHAIN03,Canadian Demo Retail Chain 03,Halifax,NS,CA,B3J 1M8,ST078,Halifax,2078,Salesperson 078,Retail,2026-01-01,2026-09-20T12:00:00
S02079,Demo Garden Centre 02079,CHAIN04,Canadian Demo Retail Chain 04,Toronto,ON,CA,M5H 2N9,ST079,Toronto,2079,Salesperson 079,Retail,2026-01-01,2026-09-20T12:00:00
S02080,Demo Garden Centre 02080,CHAIN05,Canadian Demo Retail Chain 05,Ottawa,ON,CA,K1P 1J1,ST080,Ottawa,2080,Salesperson 080,Retail,2026-01-01,2026-09-20T12:00:00
S02081,Demo Garden Centre 02081,CHAIN06,Canadian Demo Retail Chain 06,London,ON,CA,N6A 3K2,ST081,London,2081,Salesperson 081,Retail,2026-01-01,2026-09-20T12:00:00
S02082,Demo Garden Centre 02082,CHAIN07,Canadian Demo Retail Chain 07,Thunder Bay,ON,CA,P7B 5E3,ST082,Thunder Bay,2082,Salesperson 082,Retail,2026-01-01,2026-09-20T12:00:00
S02083,Demo Garden Centre 02083,CHAIN08,Canadian Demo Retail Chain 08,Charlottetown,PE,CA,C1A 1A4,ST083,Charlottetown,2083,Salesperson 083,Retail,2026-01-01,2026-09-20T12:00:00
S02084,Demo Garden Centre 02084,CHAIN09,Canadian Demo Retail Chain 09,Montreal,QC,CA,H2Y 1C5,ST084,Montreal,2084,Salesperson 084,Retail,2026-01-01,2026-09-20T12:00:00
S02085,Demo Garden Centre 02085,CHAIN10,Canadian Demo Retail Chain 10,Quebec City,QC,CA,G1R 4P6,ST085,Quebec City,2085,Salesperson 085,Retail,2026-01-01,2026-09-20T12:00:00
S02086,Demo Garden Centre 02086,CHAIN11,Canadian Demo Retail Chain 11,Saskatoon,SK,CA,S7K 1J7,ST086,Saskatoon,2086,Salesperson 086,Retail,2026-01-01,2026-09-20T12:00:00
S02087,Demo Garden Centre 02087,CHAIN12,Canadian Demo Retail Chain 12,Regina,SK,CA,S4P 3Y8,ST087,Regina,2087,Salesperson 087,Retail,2026-01-01,2026-09-20T12:00:00
S02088,Demo Garden Centre 02088,CHAIN13,Canadian Demo Retail Chain 13,Whitehorse,YT,CA,Y1A 2C9,ST088,Whitehorse,2088,Salesperson 088,Retail,2026-01-01,2026-09-20T12:00:00
S02089,Demo Garden Centre 02089,CHAIN14,Canadian Demo Retail Chain 14,Calgary,AB,CA,T2P 1J1,ST089,Calgary,2089,Salesperson 089,Retail,2026-01-01,2026-09-20T12:00:00
S02090,Demo Garden Centre 02090,CHAIN15,Canadian Demo Retail Chain 15,Edmonton,AB,CA,T5J 0N2,ST090,Edmonton,2090,Salesperson 090,Retail,2026-01-01,2026-09-20T12:00:00
S02091,Demo Garden Centre 02091,CHAIN16,Canadian Demo Retail Chain 16,Vancouver,BC,CA,V6B 2W3,ST091,Vancouver,2091,Salesperson 091,Retail,2026-01-01,2026-09-20T12:00:00
S02092,Demo Garden Centre 02092,CHAIN17,Canadian Demo Retail Chain 17,Victoria,BC,CA,V8W 1P4,ST092,Victoria,2092,Salesperson 092,Retail,2026-01-01,2026-09-20T12:00:00
S02093,Demo Garden Centre 02093,CHAIN18,Canadian Demo Retail Chain 18,Winnipeg,MB,CA,R3B 1C5,ST093,Winnipeg,2093,Salesperson 093,Retail,2026-01-01,2026-09-20T12:00:00
S02094,Demo Garden Centre 02094,CHAIN19,Canadian Demo Retail Chain 19,Fredericton,NB,CA,E3B 1B6,ST094,Fredericton,2094,Salesperson 094,Retail,2026-01-01,2026-09-20T12:00:00
S02095,Demo Garden Centre 02095,CHAIN20,Canadian Demo Retail Chain 20,St. John's,NL,CA,A1C 1B7,ST095,St. John's,2095,Salesperson 095,Retail,2026-01-01,2026-09-20T12:00:00
S02096,Demo Garden Centre 02096,CHAIN21,Canadian Demo Retail Chain 21,Halifax,NS,CA,B3J 1M8,ST096,Halifax,2096,Salesperson 096,Retail,2026-01-01,2026-09-20T12:00:00
S02097,Demo Garden Centre 02097,CHAIN22,Canadian Demo Retail Chain 22,Toronto,ON,CA,M5H 2N9,ST097,Toronto,2097,Salesperson 097,Retail,2026-01-01,2026-09-20T12:00:00
S02098,Demo Garden Centre 02098,CHAIN23,Canadian Demo Retail Chain 23,Ottawa,ON,CA,K1P 1J1,ST098,Ottawa,2098,Salesperson 098,Retail,2026-01-01,2026-09-20T12:00:00
S02099,Demo Garden Centre 02099,CHAIN24,Canadian Demo Retail Chain 24,London,ON,CA,N6A 3K2,ST099,London,2099,Salesperson 099,Retail,2026-01-01,2026-09-20T12:00:00
S02100,Demo Garden Centre 02100,CHAIN25,Canadian Demo Retail Chain 25,Thunder Bay,ON,CA,P7B 5E3,ST100,Thunder Bay,2100,Salesperson 100,Retail,2026-01-01,2026-09-20T12:00:00
S02101,Demo Garden Centre 02101,CHAIN01,Canadian Demo Retail Chain 01,Charlottetown,PE,CA,C1A 1A4,ST001,Charlottetown,2101,Salesperson 101,Retail,2026-01-01,2026-09-20T12:00:00
S02102,Demo Garden Centre 02102,CHAIN02,Canadian Demo Retail Chain 02,Montreal,QC,CA,H2Y 1C5,ST002,Montreal,2102,Salesperson 102,Retail,2026-01-01,2026-09-20T12:00:00
S02103,Demo Garden Centre 02103,CHAIN03,Canadian Demo Retail Chain 03,Quebec City,QC,CA,G1R 4P6,ST003,Quebec City,2103,Salesperson 103,Retail,2026-01-01,2026-09-20T12:00:00
S02104,Demo Garden Centre 02104,CHAIN04,Canadian Demo Retail Chain 04,Saskatoon,SK,CA,S7K 1J7,ST004,Saskatoon,2104,Salesperson 104,Retail,2026-01-01,2026-09-20T12:00:00
S02105,Demo Garden Centre 02105,CHAIN05,Canadian Demo Retail Chain 05,Regina,SK,CA,S4P 3Y8,ST005,Regina,2105,Salesperson 105,Retail,2026-01-01,2026-09-20T12:00:00
S02106,Demo Garden Centre 02106,CHAIN06,Canadian Demo Retail Chain 06,Whitehorse,YT,CA,Y1A 2C9,ST006,Whitehorse,2106,Salesperson 106,Retail,2026-01-01,2026-09-20T12:00:00
S02107,Demo Garden Centre 02107,CHAIN07,Canadian Demo Retail Chain 07,Calgary,AB,CA,T2P 1J1,ST007,Calgary,2107,Salesperson 107,Retail,2026-01-01,2026-09-20T12:00:00
S02108,Demo Garden Centre 02108,CHAIN08,Canadian Demo Retail Chain 08,Edmonton,AB,CA,T5J 0N2,ST008,Edmonton,2108,Salesperson 108,Retail,2026-01-01,2026-09-20T12:00:00
S02109,Demo Garden Centre 02109,CHAIN09,Canadian Demo Retail Chain 09,Vancouver,BC,CA,V6B 2W3,ST009,Vancouver,2109,Salesperson 109,Retail,2026-01-01,2026-09-20T12:00:00
S02110,Demo Garden Centre 02110,CHAIN10,Canadian Demo Retail Chain 10,Victoria,BC,CA,V8W 1P4,ST010,Victoria,2110,Salesperson 110,Retail,2026-01-01,2026-09-20T12:00:00
S02111,Demo Garden Centre 02111,CHAIN11,Canadian Demo Retail Chain 11,Winnipeg,MB,CA,R3B 1C5,ST011,Winnipeg,2111,Salesperson 111,Retail,2026-01-01,2026-09-20T12:00:00
S02112,Demo Garden Centre 02112,CHAIN12,Canadian Demo Retail Chain 12,Fredericton,NB,CA,E3B 1B6,ST012,Fredericton,2112,Salesperson 112,Retail,2026-01-01,2026-09-20T12:00:00
S02113,Demo Garden Centre 02113,CHAIN13,Canadian Demo Retail Chain 13,St. John's,NL,CA,A1C 1B7,ST013,St. John's,2113,Salesperson 113,Retail,2026-01-01,2026-09-20T12:00:00
S02114,Demo Garden Centre 02114,CHAIN14,Canadian Demo Retail Chain 14,Halifax,NS,CA,B3J 1M8,ST014,Halifax,2114,Salesperson 114,Retail,2026-01-01,2026-09-20T12:00:00
S02115,Demo Garden Centre 02115,CHAIN15,Canadian Demo Retail Chain 15,Toronto,ON,CA,M5H 2N9,ST015,Toronto,2115,Salesperson 115,Retail,2026-01-01,2026-09-20T12:00:00
S02116,Demo Garden Centre 02116,CHAIN16,Canadian Demo Retail Chain 16,Ottawa,ON,CA,K1P 1J1,ST016,Ottawa,2116,Salesperson 116,Retail,2026-01-01,2026-09-20T12:00:00
S02117,Demo Garden Centre 02117,CHAIN17,Canadian Demo Retail Chain 17,London,ON,CA,N6A 3K2,ST017,London,2117,Salesperson 117,Retail,2026-01-01,2026-09-20T12:00:00
S02118,Demo Garden Centre 02118,CHAIN18,Canadian Demo Retail Chain 18,Thunder Bay,ON,CA,P7B 5E3,ST018,Thunder Bay,2118,Salesperson 118,Retail,2026-01-01,2026-09-20T12:00:00
S02119,Demo Garden Centre 02119,CHAIN19,Canadian Demo Retail Chain 19,Charlottetown,PE,CA,C1A 1A4,ST019,Charlottetown,2119,Salesperson 119,Retail,2026-01-01,2026-09-20T12:00:00
S02120,Demo Garden Centre 02120,CHAIN20,Canadian Demo Retail Chain 20,Montreal,QC,CA,H2Y 1C5,ST020,Montreal,2120,Salesperson 120,Retail,2026-01-01,2026-09-20T12:00:00
S02121,Demo Garden Centre 02121,CHAIN21,Canadian Demo Retail Chain 21,Quebec City,QC,CA,G1R 4P6,ST021,Quebec City,2121,Salesperson 121,Retail,2026-01-01,2026-09-20T12:00:00
S02122,Demo Garden Centre 02122,CHAIN22,Canadian Demo Retail Chain 22,Saskatoon,SK,CA,S7K 1J7,ST022,Saskatoon,2122,Salesperson 122,Retail,2026-01-01,2026-09-20T12:00:00
S02123,Demo Garden Centre 02123,CHAIN23,Canadian Demo Retail Chain 23,Regina,SK,CA,S4P 3Y8,ST023,Regina,2123,Salesperson 123,Retail,2026-01-01,2026-09-20T12:00:00
S02124,Demo Garden Centre 02124,CHAIN24,Canadian Demo Retail Chain 24,Whitehorse,YT,CA,Y1A 2C9,ST024,Whitehorse,2124,Salesperson 124,Retail,2026-01-01,2026-09-20T12:00:00
S02125,Demo Garden Centre 02125,CHAIN25,Canadian Demo Retail Chain 25,Calgary,AB,CA,T2P 1J1,ST025,Calgary,2125,Salesperson 125,Retail,2026-01-01,2026-09-20T12:00:00
S02126,Demo Garden Centre 02126,CHAIN01,Canadian Demo Retail Chain 01,Edmonton,AB,CA,T5J 0N2,ST026,Edmonton,2126,Salesperson 126,Retail,2026-01-01,2026-09-20T12:00:00
S02127,Demo Garden Centre 02127,CHAIN02,Canadian Demo Retail Chain 02,Vancouver,BC,CA,V6B 2W3,ST027,Vancouver,2127,Salesperson 127,Retail,2026-01-01,2026-09-20T12:00:00
S02128,Demo Garden Centre 02128,CHAIN03,Canadian Demo Retail Chain 03,Victoria,BC,CA,V8W 1P4,ST028,Victoria,2128,Salesperson 128,Retail,2026-01-01,2026-09-20T12:00:00
S02129,Demo Garden Centre 02129,CHAIN04,Canadian Demo Retail Chain 04,Winnipeg,MB,CA,R3B 1C5,ST029,Winnipeg,2129,Salesperson 129,Retail,2026-01-01,2026-09-20T12:00:00
S02130,Demo Garden Centre 02130,CHAIN05,Canadian Demo Retail Chain 05,Fredericton,NB,CA,E3B 1B6,ST030,Fredericton,2130,Salesperson 130,Retail,2026-01-01,2026-09-20T12:00:00
S02131,Demo Garden Centre 02131,CHAIN06,Canadian Demo Retail Chain 06,St. John's,NL,CA,A1C 1B7,ST031,St. John's,2131,Salesperson 131,Retail,2026-01-01,2026-09-20T12:00:00
S02132,Demo Garden Centre 02132,CHAIN07,Canadian Demo Retail Chain 07,Halifax,NS,CA,B3J 1M8,ST032,Halifax,2132,Salesperson 132,Retail,2026-01-01,2026-09-20T12:00:00
S02133,Demo Garden Centre 02133,CHAIN08,Canadian Demo Retail Chain 08,Toronto,ON,CA,M5H 2N9,ST033,Toronto,2133,Salesperson 133,Retail,2026-01-01,2026-09-20T12:00:00
S02134,Demo Garden Centre 02134,CHAIN09,Canadian Demo Retail Chain 09,Ottawa,ON,CA,K1P 1J1,ST034,Ottawa,2134,Salesperson 134,Retail,2026-01-01,2026-09-20T12:00:00
S02135,Demo Garden Centre 02135,CHAIN10,Canadian Demo Retail Chain 10,London,ON,CA,N6A 3K2,ST035,London,2135,Salesperson 135,Retail,2026-01-01,2026-09-20T12:00:00
S02136,Demo Garden Centre 02136,CHAIN11,Canadian Demo Retail Chain 11,Thunder Bay,ON,CA,P7B 5E3,ST036,Thunder Bay,2136,Salesperson 136,Retail,2026-01-01,2026-09-20T12:00:00
S02137,Demo Garden Centre 02137,CHAIN12,Canadian Demo Retail Chain 12,Charlottetown,PE,CA,C1A 1A4,ST037,Charlottetown,2137,Salesperson 137,Retail,2026-01-01,2026-09-20T12:00:00
S02138,Demo Garden Centre 02138,CHAIN13,Canadian Demo Retail Chain 13,Montreal,QC,CA,H2Y 1C5,ST038,Montreal,2138,Salesperson 138,Retail,2026-01-01,2026-09-20T12:00:00
S02139,Demo Garden Centre 02139,CHAIN14,Canadian Demo Retail Chain 14,Quebec City,QC,CA,G1R 4P6,ST039,Quebec City,2139,Salesperson 139,Retail,2026-01-01,2026-09-20T12:00:00
S02140,Demo Garden Centre 02140,CHAIN15,Canadian Demo Retail Chain 15,Saskatoon,SK,CA,S7K 1J7,ST040,Saskatoon,2140,Salesperson 140,Retail,2026-01-01,2026-09-20T12:00:00
S02141,Demo Garden Centre 02141,CHAIN16,Canadian Demo Retail Chain 16,Regina,SK,CA,S4P 3Y8,ST041,Regina,2141,Salesperson 141,Retail,2026-01-01,2026-09-20T12:00:00
S02142,Demo Garden Centre 02142,CHAIN17,Canadian Demo Retail Chain 17,Whitehorse,YT,CA,Y1A 2C9,ST042,Whitehorse,2142,Salesperson 142,Retail,2026-01-01,2026-09-20T12:00:00
S02143,Demo Garden Centre 02143,CHAIN18,Canadian Demo Retail Chain 18,Calgary,AB,CA,T2P 1J1,ST043,Calgary,2143,Salesperson 143,Retail,2026-01-01,2026-09-20T12:00:00
S02144,Demo Garden Centre 02144,CHAIN19,Canadian Demo Retail Chain 19,Edmonton,AB,CA,T5J 0N2,ST044,Edmonton,2144,Salesperson 144,Retail,2026-01-01,2026-09-20T12:00:00
S02145,Demo Garden Centre 02145,CHAIN20,Canadian Demo Retail Chain 20,Vancouver,BC,CA,V6B 2W3,ST045,Vancouver,2145,Salesperson 145,Retail,2026-01-01,2026-09-20T12:00:00
S02146,Demo Garden Centre 02146,CHAIN21,Canadian Demo Retail Chain 21,Victoria,BC,CA,V8W 1P4,ST046,Victoria,2146,Salesperson 146,Retail,2026-01-01,2026-09-20T12:00:00
S02147,Demo Garden Centre 02147,CHAIN22,Canadian Demo Retail Chain 22,Winnipeg,MB,CA,R3B 1C5,ST047,Winnipeg,2147,Salesperson 147,Retail,2026-01-01,2026-09-20T12:00:00
S02148,Demo Garden Centre 02148,CHAIN23,Canadian Demo Retail Chain 23,Fredericton,NB,CA,E3B 1B6,ST048,Fredericton,2148,Salesperson 148,Retail,2026-01-01,2026-09-20T12:00:00
S02149,Demo Garden Centre 02149,CHAIN24,Canadian Demo Retail Chain 24,St. John's,NL,CA,A1C 1B7,ST049,St. John's,2149,Salesperson 149,Retail,2026-01-01,2026-09-20T12:00:00
S02150,Demo Garden Centre 02150,CHAIN25,Canadian Demo Retail Chain 25,Halifax,NS,CA,B3J 1M8,ST050,Halifax,2150,Salesperson 150,Retail,2026-01-01,2026-09-20T12:00:00
S02151,Demo Garden Centre 02151,CHAIN01,Canadian Demo Retail Chain 01,Toronto,ON,CA,M5H 2N9,ST051,Toronto,2151,Salesperson 151,Retail,2026-01-01,2026-09-20T12:00:00
S02152,Demo Garden Centre 02152,CHAIN02,Canadian Demo Retail Chain 02,Ottawa,ON,CA,K1P 1J1,ST052,Ottawa,2152,Salesperson 152,Retail,2026-01-01,2026-09-20T12:00:00
S02153,Demo Garden Centre 02153,CHAIN03,Canadian Demo Retail Chain 03,London,ON,CA,N6A 3K2,ST053,London,2153,Salesperson 153,Retail,2026-01-01,2026-09-20T12:00:00
S02154,Demo Garden Centre 02154,CHAIN04,Canadian Demo Retail Chain 04,Thunder Bay,ON,CA,P7B 5E3,ST054,Thunder Bay,2154,Salesperson 154,Retail,2026-01-01,2026-09-20T12:00:00
S02155,Demo Garden Centre 02155,CHAIN05,Canadian Demo Retail Chain 05,Charlottetown,PE,CA,C1A 1A4,ST055,Charlottetown,2155,Salesperson 155,Retail,2026-01-01,2026-09-20T12:00:00
S02156,Demo Garden Centre 02156,CHAIN06,Canadian Demo Retail Chain 06,Montreal,QC,CA,H2Y 1C5,ST056,Montreal,2156,Salesperson 156,Retail,2026-01-01,2026-09-20T12:00:00
S02157,Demo Garden Centre 02157,CHAIN07,Canadian Demo Retail Chain 07,Quebec City,QC,CA,G1R 4P6,ST057,Quebec City,2157,Salesperson 157,Retail,2026-01-01,2026-09-20T12:00:00
S02158,Demo Garden Centre 02158,CHAIN08,Canadian Demo Retail Chain 08,Saskatoon,SK,CA,S7K 1J7,ST058,Saskatoon,2158,Salesperson 158,Retail,2026-01-01,2026-09-20T12:00:00
S02159,Demo Garden Centre 02159,CHAIN09,Canadian Demo Retail Chain 09,Regina,SK,CA,S4P 3Y8,ST059,Regina,2159,Salesperson 159,Retail,2026-01-01,2026-09-20T12:00:00
S02160,Demo Garden Centre 02160,CHAIN10,Canadian Demo Retail Chain 10,Whitehorse,YT,CA,Y1A 2C9,ST060,Whitehorse,2160,Salesperson 160,Retail,2026-01-01,2026-09-20T12:00:00
S02161,Demo Garden Centre 02161,CHAIN11,Canadian Demo Retail Chain 11,Calgary,AB,CA,T2P 1J1,ST061,Calgary,2161,Salesperson 161,Retail,2026-01-01,2026-09-20T12:00:00
S02162,Demo Garden Centre 02162,CHAIN12,Canadian Demo Retail Chain 12,Edmonton,AB,CA,T5J 0N2,ST062,Edmonton,2162,Salesperson 162,Retail,2026-01-01,2026-09-20T12:00:00
S02163,Demo Garden Centre 02163,CHAIN13,Canadian Demo Retail Chain 13,Vancouver,BC,CA,V6B 2W3,ST063,Vancouver,2163,Salesperson 163,Retail,2026-01-01,2026-09-20T12:00:00
S02164,Demo Garden Centre 02164,CHAIN14,Canadian Demo Retail Chain 14,Victoria,BC,CA,V8W 1P4,ST064,Victoria,2164,Salesperson 164,Retail,2026-01-01,2026-09-20T12:00:00
S02165,Demo Garden Centre 02165,CHAIN15,Canadian Demo Retail Chain 15,Winnipeg,MB,CA,R3B 1C5,ST065,Winnipeg,2165,Salesperson 165,Retail,2026-01-01,2026-09-20T12:00:00
S02166,Demo Garden Centre 02166,CHAIN16,Canadian Demo Retail Chain 16,Fredericton,NB,CA,E3B 1B6,ST066,Fredericton,2166,Salesperson 166,Retail,2026-01-01,2026-09-20T12:00:00
S02167,Demo Garden Centre 02167,CHAIN17,Canadian Demo Retail Chain 17,St. John's,NL,CA,A1C 1B7,ST067,St. John's,2167,Salesperson 167,Retail,2026-01-01,2026-09-20T12:00:00
S02168,Demo Garden Centre 02168,CHAIN18,Canadian Demo Retail Chain 18,Halifax,NS,CA,B3J 1M8,ST068,Halifax,2168,Salesperson 168,Retail,2026-01-01,2026-09-20T12:00:00
S02169,Demo Garden Centre 02169,CHAIN19,Canadian Demo Retail Chain 19,Toronto,ON,CA,M5H 2N9,ST069,Toronto,2169,Salesperson 169,Retail,2026-01-01,2026-09-20T12:00:00
S02170,Demo Garden Centre 02170,CHAIN20,Canadian Demo Retail Chain 20,Ottawa,ON,CA,K1P 1J1,ST070,Ottawa,2170,Salesperson 170,Retail,2026-01-01,2026-09-20T12:00:00
S02171,Demo Garden Centre 02171,CHAIN21,Canadian Demo Retail Chain 21,London,ON,CA,N6A 3K2,ST071,London,2171,Salesperson 171,Retail,2026-01-01,2026-09-20T12:00:00
S02172,Demo Garden Centre 02172,CHAIN22,Canadian Demo Retail Chain 22,Thunder Bay,ON,CA,P7B 5E3,ST072,Thunder Bay,2172,Salesperson 172,Retail,2026-01-01,2026-09-20T12:00:00
S02173,Demo Garden Centre 02173,CHAIN23,Canadian Demo Retail Chain 23,Charlottetown,PE,CA,C1A 1A4,ST073,Charlottetown,2173,Salesperson 173,Retail,2026-01-01,2026-09-20T12:00:00
S02174,Demo Garden Centre 02174,CHAIN24,Canadian Demo Retail Chain 24,Montreal,QC,CA,H2Y 1C5,ST074,Montreal,2174,Salesperson 174,Retail,2026-01-01,2026-09-20T12:00:00
S02175,Demo Garden Centre 02175,CHAIN25,Canadian Demo Retail Chain 25,Quebec City,QC,CA,G1R 4P6,ST075,Quebec City,2175,Salesperson 175,Retail,2026-01-01,2026-09-20T12:00:00
S02176,Demo Garden Centre 02176,CHAIN01,Canadian Demo Retail Chain 01,Saskatoon,SK,CA,S7K 1J7,ST076,Saskatoon,2176,Salesperson 176,Retail,2026-01-01,2026-09-20T12:00:00
S02177,Demo Garden Centre 02177,CHAIN02,Canadian Demo Retail Chain 02,Regina,SK,CA,S4P 3Y8,ST077,Regina,2177,Salesperson 177,Retail,2026-01-01,2026-09-20T12:00:00
S02178,Demo Garden Centre 02178,CHAIN03,Canadian Demo Retail Chain 03,Whitehorse,YT,CA,Y1A 2C9,ST078,Whitehorse,2178,Salesperson 178,Retail,2026-01-01,2026-09-20T12:00:00
S02179,Demo Garden Centre 02179,CHAIN04,Canadian Demo Retail Chain 04,Calgary,AB,CA,T2P 1J1,ST079,Calgary,2179,Salesperson 179,Retail,2026-01-01,2026-09-20T12:00:00
S02180,Demo Garden Centre 02180,CHAIN05,Canadian Demo Retail Chain 05,Edmonton,AB,CA,T5J 0N2,ST080,Edmonton,2180,Salesperson 180,Retail,2026-01-01,2026-09-20T12:00:00
S02181,Demo Garden Centre 02181,CHAIN06,Canadian Demo Retail Chain 06,Vancouver,BC,CA,V6B 2W3,ST081,Vancouver,2181,Salesperson 181,Retail,2026-01-01,2026-09-20T12:00:00
S02182,Demo Garden Centre 02182,CHAIN07,Canadian Demo Retail Chain 07,Victoria,BC,CA,V8W 1P4,ST082,Victoria,2182,Salesperson 182,Retail,2026-01-01,2026-09-20T12:00:00
S02183,Demo Garden Centre 02183,CHAIN08,Canadian Demo Retail Chain 08,Winnipeg,MB,CA,R3B 1C5,ST083,Winnipeg,2183,Salesperson 183,Retail,2026-01-01,2026-09-20T12:00:00
S02184,Demo Garden Centre 02184,CHAIN09,Canadian Demo Retail Chain 09,Fredericton,NB,CA,E3B 1B6,ST084,Fredericton,2184,Salesperson 184,Retail,2026-01-01,2026-09-20T12:00:00
S02185,Demo Garden Centre 02185,CHAIN10,Canadian Demo Retail Chain 10,St. John's,NL,CA,A1C 1B7,ST085,St. John's,2185,Salesperson 185,Retail,2026-01-01,2026-09-20T12:00:00
S02186,Demo Garden Centre 02186,CHAIN11,Canadian Demo Retail Chain 11,Halifax,NS,CA,B3J 1M8,ST086,Halifax,2186,Salesperson 186,Retail,2026-01-01,2026-09-20T12:00:00
S02187,Demo Garden Centre 02187,CHAIN12,Canadian Demo Retail Chain 12,Toronto,ON,CA,M5H 2N9,ST087,Toronto,2187,Salesperson 187,Retail,2026-01-01,2026-09-20T12:00:00
S02188,Demo Garden Centre 02188,CHAIN13,Canadian Demo Retail Chain 13,Ottawa,ON,CA,K1P 1J1,ST088,Ottawa,2188,Salesperson 188,Retail,2026-01-01,2026-09-20T12:00:00
S02189,Demo Garden Centre 02189,CHAIN14,Canadian Demo Retail Chain 14,London,ON,CA,N6A 3K2,ST089,London,2189,Salesperson 189,Retail,2026-01-01,2026-09-20T12:00:00
S02190,Demo Garden Centre 02190,CHAIN15,Canadian Demo Retail Chain 15,Thunder Bay,ON,CA,P7B 5E3,ST090,Thunder Bay,2190,Salesperson 190,Retail,2026-01-01,2026-09-20T12:00:00
S02191,Demo Garden Centre 02191,CHAIN16,Canadian Demo Retail Chain 16,Charlottetown,PE,CA,C1A 1A4,ST091,Charlottetown,2191,Salesperson 191,Retail,2026-01-01,2026-09-20T12:00:00
S02192,Demo Garden Centre 02192,CHAIN17,Canadian Demo Retail Chain 17,Montreal,QC,CA,H2Y 1C5,ST092,Montreal,2192,Salesperson 192,Retail,2026-01-01,2026-09-20T12:00:00
S02193,Demo Garden Centre 02193,CHAIN18,Canadian Demo Retail Chain 18,Quebec City,QC,CA,G1R 4P6,ST093,Quebec City,2193,Salesperson 193,Retail,2026-01-01,2026-09-20T12:00:00
S02194,Demo Garden Centre 02194,CHAIN19,Canadian Demo Retail Chain 19,Saskatoon,SK,CA,S7K 1J7,ST094,Saskatoon,2194,Salesperson 194,Retail,2026-01-01,2026-09-20T12:00:00
S02195,Demo Garden Centre 02195,CHAIN20,Canadian Demo Retail Chain 20,Regina,SK,CA,S4P 3Y8,ST095,Regina,2195,Salesperson 195,Retail,2026-01-01,2026-09-20T12:00:00
S02196,Demo Garden Centre 02196,CHAIN21,Canadian Demo Retail Chain 21,Whitehorse,YT,CA,Y1A 2C9,ST096,Whitehorse,2196,Salesperson 196,Retail,2026-01-01,2026-09-20T12:00:00
S02197,Demo Garden Centre 02197,CHAIN22,Canadian Demo Retail Chain 22,Calgary,AB,CA,T2P 1J1,ST097,Calgary,2197,Salesperson 197,Retail,2026-01-01,2026-09-20T12:00:00
S02198,Demo Garden Centre 02198,CHAIN23,Canadian Demo Retail Chain 23,Edmonton,AB,CA,T5J 0N2,ST098,Edmonton,2198,Salesperson 198,Retail,2026-01-01,2026-09-20T12:00:00
S02199,Demo Garden Centre 02199,CHAIN24,Canadian Demo Retail Chain 24,Vancouver,BC,CA,V6B 2W3,ST099,Vancouver,2199,Salesperson 199,Retail,2026-01-01,2026-09-20T12:00:00
S02200,Demo Garden Centre 02200,CHAIN25,Canadian Demo Retail Chain 25,Victoria,BC,CA,V8W 1P4,ST100,Victoria,2200,Salesperson 200,Retail,2026-01-01,2026-09-20T12:00:00
S02201,Demo Garden Centre 02201,CHAIN01,Canadian Demo Retail Chain 01,Winnipeg,MB,CA,R3B 1C5,ST001,Winnipeg,2201,Salesperson 201,Retail,2026-01-01,2026-09-20T12:00:00
S02202,Demo Garden Centre 02202,CHAIN02,Canadian Demo Retail Chain 02,Fredericton,NB,CA,E3B 1B6,ST002,Fredericton,2202,Salesperson 202,Retail,2026-01-01,2026-09-20T12:00:00
S02203,Demo Garden Centre 02203,CHAIN03,Canadian Demo Retail Chain 03,St. John's,NL,CA,A1C 1B7,ST003,St. John's,2203,Salesperson 203,Retail,2026-01-01,2026-09-20T12:00:00
S02204,Demo Garden Centre 02204,CHAIN04,Canadian Demo Retail Chain 04,Halifax,NS,CA,B3J 1M8,ST004,Halifax,2204,Salesperson 204,Retail,2026-01-01,2026-09-20T12:00:00
S02205,Demo Garden Centre 02205,CHAIN05,Canadian Demo Retail Chain 05,Toronto,ON,CA,M5H 2N9,ST005,Toronto,2205,Salesperson 205,Retail,2026-01-01,2026-09-20T12:00:00
S02206,Demo Garden Centre 02206,CHAIN06,Canadian Demo Retail Chain 06,Ottawa,ON,CA,K1P 1J1,ST006,Ottawa,2206,Salesperson 206,Retail,2026-01-01,2026-09-20T12:00:00
S02207,Demo Garden Centre 02207,CHAIN07,Canadian Demo Retail Chain 07,London,ON,CA,N6A 3K2,ST007,London,2207,Salesperson 207,Retail,2026-01-01,2026-09-20T12:00:00
S02208,Demo Garden Centre 02208,CHAIN08,Canadian Demo Retail Chain 08,Thunder Bay,ON,CA,P7B 5E3,ST008,Thunder Bay,2208,Salesperson 208,Retail,2026-01-01,2026-09-20T12:00:00
S02209,Demo Garden Centre 02209,CHAIN09,Canadian Demo Retail Chain 09,Charlottetown,PE,CA,C1A 1A4,ST009,Charlottetown,2209,Salesperson 209,Retail,2026-01-01,2026-09-20T12:00:00
S02210,Demo Garden Centre 02210,CHAIN10,Canadian Demo Retail Chain 10,Montreal,QC,CA,H2Y 1C5,ST010,Montreal,2210,Salesperson 210,Retail,2026-01-01,2026-09-20T12:00:00
S02211,Demo Garden Centre 02211,CHAIN11,Canadian Demo Retail Chain 11,Quebec City,QC,CA,G1R 4P6,ST011,Quebec City,2211,Salesperson 211,Retail,2026-01-01,2026-09-20T12:00:00
S02212,Demo Garden Centre 02212,CHAIN12,Canadian Demo Retail Chain 12,Saskatoon,SK,CA,S7K 1J7,ST012,Saskatoon,2212,Salesperson 212,Retail,2026-01-01,2026-09-20T12:00:00
S02213,Demo Garden Centre 02213,CHAIN13,Canadian Demo Retail Chain 13,Regina,SK,CA,S4P 3Y8,ST013,Regina,2213,Salesperson 213,Retail,2026-01-01,2026-09-20T12:00:00
S02214,Demo Garden Centre 02214,CHAIN14,Canadian Demo Retail Chain 14,Whitehorse,YT,CA,Y1A 2C9,ST014,Whitehorse,2214,Salesperson 214,Retail,2026-01-01,2026-09-20T12:00:00
S02215,Demo Garden Centre 02215,CHAIN15,Canadian Demo Retail Chain 15,Calgary,AB,CA,T2P 1J1,ST015,Calgary,2215,Salesperson 215,Retail,2026-01-01,2026-09-20T12:00:00
S02216,Demo Garden Centre 02216,CHAIN16,Canadian Demo Retail Chain 16,Edmonton,AB,CA,T5J 0N2,ST016,Edmonton,2216,Salesperson 216,Retail,2026-01-01,2026-09-20T12:00:00
S02217,Demo Garden Centre 02217,CHAIN17,Canadian Demo Retail Chain 17,Vancouver,BC,CA,V6B 2W3,ST017,Vancouver,2217,Salesperson 217,Retail,2026-01-01,2026-09-20T12:00:00
S02218,Demo Garden Centre 02218,CHAIN18,Canadian Demo Retail Chain 18,Victoria,BC,CA,V8W 1P4,ST018,Victoria,2218,Salesperson 218,Retail,2026-01-01,2026-09-20T12:00:00
S02219,Demo Garden Centre 02219,CHAIN19,Canadian Demo Retail Chain 19,Winnipeg,MB,CA,R3B 1C5,ST019,Winnipeg,2219,Salesperson 219,Retail,2026-01-01,2026-09-20T12:00:00
S02220,Demo Garden Centre 02220,CHAIN20,Canadian Demo Retail Chain 20,Fredericton,NB,CA,E3B 1B6,ST020,Fredericton,2220,Salesperson 220,Retail,2026-01-01,2026-09-20T12:00:00
S02221,Demo Garden Centre 02221,CHAIN21,Canadian Demo Retail Chain 21,St. John's,NL,CA,A1C 1B7,ST021,St. John's,2221,Salesperson 221,Retail,2026-01-01,2026-09-20T12:00:00
S02222,Demo Garden Centre 02222,CHAIN22,Canadian Demo Retail Chain 22,Halifax,NS,CA,B3J 1M8,ST022,Halifax,2222,Salesperson 222,Retail,2026-01-01,2026-09-20T12:00:00
S02223,Demo Garden Centre 02223,CHAIN23,Canadian Demo Retail Chain 23,Toronto,ON,CA,M5H 2N9,ST023,Toronto,2223,Salesperson 223,Retail,2026-01-01,2026-09-20T12:00:00
S02224,Demo Garden Centre 02224,CHAIN24,Canadian Demo Retail Chain 24,Ottawa,ON,CA,K1P 1J1,ST024,Ottawa,2224,Salesperson 224,Retail,2026-01-01,2026-09-20T12:00:00
S02225,Demo Garden Centre 02225,CHAIN25,Canadian Demo Retail Chain 25,London,ON,CA,N6A 3K2,ST025,London,2225,Salesperson 225,Retail,2026-01-01,2026-09-20T12:00:00
S02226,Demo Garden Centre 02226,CHAIN01,Canadian Demo Retail Chain 01,Thunder Bay,ON,CA,P7B 5E3,ST026,Thunder Bay,2226,Salesperson 226,Retail,2026-01-01,2026-09-20T12:00:00
S02227,Demo Garden Centre 02227,CHAIN02,Canadian Demo Retail Chain 02,Charlottetown,PE,CA,C1A 1A4,ST027,Charlottetown,2227,Salesperson 227,Retail,2026-01-01,2026-09-20T12:00:00
S02228,Demo Garden Centre 02228,CHAIN03,Canadian Demo Retail Chain 03,Montreal,QC,CA,H2Y 1C5,ST028,Montreal,2228,Salesperson 228,Retail,2026-01-01,2026-09-20T12:00:00
S02229,Demo Garden Centre 02229,CHAIN04,Canadian Demo Retail Chain 04,Quebec City,QC,CA,G1R 4P6,ST029,Quebec City,2229,Salesperson 229,Retail,2026-01-01,2026-09-20T12:00:00
S02230,Demo Garden Centre 02230,CHAIN05,Canadian Demo Retail Chain 05,Saskatoon,SK,CA,S7K 1J7,ST030,Saskatoon,2230,Salesperson 230,Retail,2026-01-01,2026-09-20T12:00:00
S02231,Demo Garden Centre 02231,CHAIN06,Canadian Demo Retail Chain 06,Regina,SK,CA,S4P 3Y8,ST031,Regina,2231,Salesperson 231,Retail,2026-01-01,2026-09-20T12:00:00
S02232,Demo Garden Centre 02232,CHAIN07,Canadian Demo Retail Chain 07,Whitehorse,YT,CA,Y1A 2C9,ST032,Whitehorse,2232,Salesperson 232,Retail,2026-01-01,2026-09-20T12:00:00
S02233,Demo Garden Centre 02233,CHAIN08,Canadian Demo Retail Chain 08,Calgary,AB,CA,T2P 1J1,ST033,Calgary,2233,Salesperson 233,Retail,2026-01-01,2026-09-20T12:00:00
S02234,Demo Garden Centre 02234,CHAIN09,Canadian Demo Retail Chain 09,Edmonton,AB,CA,T5J 0N2,ST034,Edmonton,2234,Salesperson 234,Retail,2026-01-01,2026-09-20T12:00:00
S02235,Demo Garden Centre 02235,CHAIN10,Canadian Demo Retail Chain 10,Vancouver,BC,CA,V6B 2W3,ST035,Vancouver,2235,Salesperson 235,Retail,2026-01-01,2026-09-20T12:00:00
S02236,Demo Garden Centre 02236,CHAIN11,Canadian Demo Retail Chain 11,Victoria,BC,CA,V8W 1P4,ST036,Victoria,2236,Salesperson 236,Retail,2026-01-01,2026-09-20T12:00:00
S02237,Demo Garden Centre 02237,CHAIN12,Canadian Demo Retail Chain 12,Winnipeg,MB,CA,R3B 1C5,ST037,Winnipeg,2237,Salesperson 237,Retail,2026-01-01,2026-09-20T12:00:00
S02238,Demo Garden Centre 02238,CHAIN13,Canadian Demo Retail Chain 13,Fredericton,NB,CA,E3B 1B6,ST038,Fredericton,2238,Salesperson 238,Retail,2026-01-01,2026-09-20T12:00:00
S02239,Demo Garden Centre 02239,CHAIN14,Canadian Demo Retail Chain 14,St. John's,NL,CA,A1C 1B7,ST039,St. John's,2239,Salesperson 239,Retail,2026-01-01,2026-09-20T12:00:00
S02240,Demo Garden Centre 02240,CHAIN15,Canadian Demo Retail Chain 15,Halifax,NS,CA,B3J 1M8,ST040,Halifax,2240,Salesperson 240,Retail,2026-01-01,2026-09-20T12:00:00
S02241,Demo Garden Centre 02241,CHAIN16,Canadian Demo Retail Chain 16,Toronto,ON,CA,M5H 2N9,ST041,Toronto,2241,Salesperson 241,Retail,2026-01-01,2026-09-20T12:00:00
S02242,Demo Garden Centre 02242,CHAIN17,Canadian Demo Retail Chain 17,Ottawa,ON,CA,K1P 1J1,ST042,Ottawa,2242,Salesperson 242,Retail,2026-01-01,2026-09-20T12:00:00
S02243,Demo Garden Centre 02243,CHAIN18,Canadian Demo Retail Chain 18,London,ON,CA,N6A 3K2,ST043,London,2243,Salesperson 243,Retail,2026-01-01,2026-09-20T12:00:00
S02244,Demo Garden Centre 02244,CHAIN19,Canadian Demo Retail Chain 19,Thunder Bay,ON,CA,P7B 5E3,ST044,Thunder Bay,2244,Salesperson 244,Retail,2026-01-01,2026-09-20T12:00:00
S02245,Demo Garden Centre 02245,CHAIN20,Canadian Demo Retail Chain 20,Charlottetown,PE,CA,C1A 1A4,ST045,Charlottetown,2245,Salesperson 245,Retail,2026-01-01,2026-09-20T12:00:00
S02246,Demo Garden Centre 02246,CHAIN21,Canadian Demo Retail Chain 21,Montreal,QC,CA,H2Y 1C5,ST046,Montreal,2246,Salesperson 246,Retail,2026-01-01,2026-09-20T12:00:00
S02247,Demo Garden Centre 02247,CHAIN22,Canadian Demo Retail Chain 22,Quebec City,QC,CA,G1R 4P6,ST047,Quebec City,2247,Salesperson 247,Retail,2026-01-01,2026-09-20T12:00:00
S02248,Demo Garden Centre 02248,CHAIN23,Canadian Demo Retail Chain 23,Saskatoon,SK,CA,S7K 1J7,ST048,Saskatoon,2248,Salesperson 248,Retail,2026-01-01,2026-09-20T12:00:00
S02249,Demo Garden Centre 02249,CHAIN24,Canadian Demo Retail Chain 24,Regina,SK,CA,S4P 3Y8,ST049,Regina,2249,Salesperson 249,Retail,2026-01-01,2026-09-20T12:00:00
S02250,Demo Garden Centre 02250,CHAIN25,Canadian Demo Retail Chain 25,Whitehorse,YT,CA,Y1A 2C9,ST050,Whitehorse,2250,Salesperson 250,Retail,2026-01-01,2026-09-20T12:00:00
S02251,Demo Garden Centre 02251,CHAIN01,Canadian Demo Retail Chain 01,Calgary,AB,CA,T2P 1J1,ST051,Calgary,2251,Salesperson 001,Retail,2026-01-01,2026-09-20T12:00:00
S02252,Demo Garden Centre 02252,CHAIN02,Canadian Demo Retail Chain 02,Edmonton,AB,CA,T5J 0N2,ST052,Edmonton,2252,Salesperson 002,Retail,2026-01-01,2026-09-20T12:00:00
S02253,Demo Garden Centre 02253,CHAIN03,Canadian Demo Retail Chain 03,Vancouver,BC,CA,V6B 2W3,ST053,Vancouver,2253,Salesperson 003,Retail,2026-01-01,2026-09-20T12:00:00
S02254,Demo Garden Centre 02254,CHAIN04,Canadian Demo Retail Chain 04,Victoria,BC,CA,V8W 1P4,ST054,Victoria,2254,Salesperson 004,Retail,2026-01-01,2026-09-20T12:00:00
S02255,Demo Garden Centre 02255,CHAIN05,Canadian Demo Retail Chain 05,Winnipeg,MB,CA,R3B 1C5,ST055,Winnipeg,2255,Salesperson 005,Retail,2026-01-01,2026-09-20T12:00:00
S02256,Demo Garden Centre 02256,CHAIN06,Canadian Demo Retail Chain 06,Fredericton,NB,CA,E3B 1B6,ST056,Fredericton,2256,Salesperson 006,Retail,2026-01-01,2026-09-20T12:00:00
S02257,Demo Garden Centre 02257,CHAIN07,Canadian Demo Retail Chain 07,St. John's,NL,CA,A1C 1B7,ST057,St. John's,2257,Salesperson 007,Retail,2026-01-01,2026-09-20T12:00:00
S02258,Demo Garden Centre 02258,CHAIN08,Canadian Demo Retail Chain 08,Halifax,NS,CA,B3J 1M8,ST058,Halifax,2258,Salesperson 008,Retail,2026-01-01,2026-09-20T12:00:00
S02259,Demo Garden Centre 02259,CHAIN09,Canadian Demo Retail Chain 09,Toronto,ON,CA,M5H 2N9,ST059,Toronto,2259,Salesperson 009,Retail,2026-01-01,2026-09-20T12:00:00
S02260,Demo Garden Centre 02260,CHAIN10,Canadian Demo Retail Chain 10,Ottawa,ON,CA,K1P 1J1,ST060,Ottawa,2260,Salesperson 010,Retail,2026-01-01,2026-09-20T12:00:00
S02261,Demo Garden Centre 02261,CHAIN11,Canadian Demo Retail Chain 11,London,ON,CA,N6A 3K2,ST061,London,2261,Salesperson 011,Retail,2026-01-01,2026-09-20T12:00:00
S02262,Demo Garden Centre 02262,CHAIN12,Canadian Demo Retail Chain 12,Thunder Bay,ON,CA,P7B 5E3,ST062,Thunder Bay,2262,Salesperson 012,Retail,2026-01-01,2026-09-20T12:00:00
S02263,Demo Garden Centre 02263,CHAIN13,Canadian Demo Retail Chain 13,Charlottetown,PE,CA,C1A 1A4,ST063,Charlottetown,2263,Salesperson 013,Retail,2026-01-01,2026-09-20T12:00:00
S02264,Demo Garden Centre 02264,CHAIN14,Canadian Demo Retail Chain 14,Montreal,QC,CA,H2Y 1C5,ST064,Montreal,2264,Salesperson 014,Retail,2026-01-01,2026-09-20T12:00:00
S02265,Demo Garden Centre 02265,CHAIN15,Canadian Demo Retail Chain 15,Quebec City,QC,CA,G1R 4P6,ST065,Quebec City,2265,Salesperson 015,Retail,2026-01-01,2026-09-20T12:00:00
S02266,Demo Garden Centre 02266,CHAIN16,Canadian Demo Retail Chain 16,Saskatoon,SK,CA,S7K 1J7,ST066,Saskatoon,2266,Salesperson 016,Retail,2026-01-01,2026-09-20T12:00:00
S02267,Demo Garden Centre 02267,CHAIN17,Canadian Demo Retail Chain 17,Regina,SK,CA,S4P 3Y8,ST067,Regina,2267,Salesperson 017,Retail,2026-01-01,2026-09-20T12:00:00
S02268,Demo Garden Centre 02268,CHAIN18,Canadian Demo Retail Chain 18,Whitehorse,YT,CA,Y1A 2C9,ST068,Whitehorse,2268,Salesperson 018,Retail,2026-01-01,2026-09-20T12:00:00
S02269,Demo Garden Centre 02269,CHAIN19,Canadian Demo Retail Chain 19,Calgary,AB,CA,T2P 1J1,ST069,Calgary,2269,Salesperson 019,Retail,2026-01-01,2026-09-20T12:00:00
S02270,Demo Garden Centre 02270,CHAIN20,Canadian Demo Retail Chain 20,Edmonton,AB,CA,T5J 0N2,ST070,Edmonton,2270,Salesperson 020,Retail,2026-01-01,2026-09-20T12:00:00
S02271,Demo Garden Centre 02271,CHAIN21,Canadian Demo Retail Chain 21,Vancouver,BC,CA,V6B 2W3,ST071,Vancouver,2271,Salesperson 021,Retail,2026-01-01,2026-09-20T12:00:00
S02272,Demo Garden Centre 02272,CHAIN22,Canadian Demo Retail Chain 22,Victoria,BC,CA,V8W 1P4,ST072,Victoria,2272,Salesperson 022,Retail,2026-01-01,2026-09-20T12:00:00
S02273,Demo Garden Centre 02273,CHAIN23,Canadian Demo Retail Chain 23,Winnipeg,MB,CA,R3B 1C5,ST073,Winnipeg,2273,Salesperson 023,Retail,2026-01-01,2026-09-20T12:00:00
S02274,Demo Garden Centre 02274,CHAIN24,Canadian Demo Retail Chain 24,Fredericton,NB,CA,E3B 1B6,ST074,Fredericton,2274,Salesperson 024,Retail,2026-01-01,2026-09-20T12:00:00
S02275,Demo Garden Centre 02275,CHAIN25,Canadian Demo Retail Chain 25,St. John's,NL,CA,A1C 1B7,ST075,St. John's,2275,Salesperson 025,Retail,2026-01-01,2026-09-20T12:00:00
S02276,Demo Garden Centre 02276,CHAIN01,Canadian Demo Retail Chain 01,Halifax,NS,CA,B3J 1M8,ST076,Halifax,2276,Salesperson 026,Retail,2026-01-01,2026-09-20T12:00:00
S02277,Demo Garden Centre 02277,CHAIN02,Canadian Demo Retail Chain 02,Toronto,ON,CA,M5H 2N9,ST077,Toronto,2277,Salesperson 027,Retail,2026-01-01,2026-09-20T12:00:00
S02278,Demo Garden Centre 02278,CHAIN03,Canadian Demo Retail Chain 03,Ottawa,ON,CA,K1P 1J1,ST078,Ottawa,2278,Salesperson 028,Retail,2026-01-01,2026-09-20T12:00:00
S02279,Demo Garden Centre 02279,CHAIN04,Canadian Demo Retail Chain 04,London,ON,CA,N6A 3K2,ST079,London,2279,Salesperson 029,Retail,2026-01-01,2026-09-20T12:00:00
S02280,Demo Garden Centre 02280,CHAIN05,Canadian Demo Retail Chain 05,Thunder Bay,ON,CA,P7B 5E3,ST080,Thunder Bay,2280,Salesperson 030,Retail,2026-01-01,2026-09-20T12:00:00
S02281,Demo Garden Centre 02281,CHAIN06,Canadian Demo Retail Chain 06,Charlottetown,PE,CA,C1A 1A4,ST081,Charlottetown,2281,Salesperson 031,Retail,2026-01-01,2026-09-20T12:00:00
S02282,Demo Garden Centre 02282,CHAIN07,Canadian Demo Retail Chain 07,Montreal,QC,CA,H2Y 1C5,ST082,Montreal,2282,Salesperson 032,Retail,2026-01-01,2026-09-20T12:00:00
S02283,Demo Garden Centre 02283,CHAIN08,Canadian Demo Retail Chain 08,Quebec City,QC,CA,G1R 4P6,ST083,Quebec City,2283,Salesperson 033,Retail,2026-01-01,2026-09-20T12:00:00
S02284,Demo Garden Centre 02284,CHAIN09,Canadian Demo Retail Chain 09,Saskatoon,SK,CA,S7K 1J7,ST084,Saskatoon,2284,Salesperson 034,Retail,2026-01-01,2026-09-20T12:00:00
S02285,Demo Garden Centre 02285,CHAIN10,Canadian Demo Retail Chain 10,Regina,SK,CA,S4P 3Y8,ST085,Regina,2285,Salesperson 035,Retail,2026-01-01,2026-09-20T12:00:00
S02286,Demo Garden Centre 02286,CHAIN11,Canadian Demo Retail Chain 11,Whitehorse,YT,CA,Y1A 2C9,ST086,Whitehorse,2286,Salesperson 036,Retail,2026-01-01,2026-09-20T12:00:00
S02287,Demo Garden Centre 02287,CHAIN12,Canadian Demo Retail Chain 12,Calgary,AB,CA,T2P 1J1,ST087,Calgary,2287,Salesperson 037,Retail,2026-01-01,2026-09-20T12:00:00
S02288,Demo Garden Centre 02288,CHAIN13,Canadian Demo Retail Chain 13,Edmonton,AB,CA,T5J 0N2,ST088,Edmonton,2288,Salesperson 038,Retail,2026-01-01,2026-09-20T12:00:00
S02289,Demo Garden Centre 02289,CHAIN14,Canadian Demo Retail Chain 14,Vancouver,BC,CA,V6B 2W3,ST089,Vancouver,2289,Salesperson 039,Retail,2026-01-01,2026-09-20T12:00:00
S02290,Demo Garden Centre 02290,CHAIN15,Canadian Demo Retail Chain 15,Victoria,BC,CA,V8W 1P4,ST090,Victoria,2290,Salesperson 040,Retail,2026-01-01,2026-09-20T12:00:00
S02291,Demo Garden Centre 02291,CHAIN16,Canadian Demo Retail Chain 16,Winnipeg,MB,CA,R3B 1C5,ST091,Winnipeg,2291,Salesperson 041,Retail,2026-01-01,2026-09-20T12:00:00
S02292,Demo Garden Centre 02292,CHAIN17,Canadian Demo Retail Chain 17,Fredericton,NB,CA,E3B 1B6,ST092,Fredericton,2292,Salesperson 042,Retail,2026-01-01,2026-09-20T12:00:00
S02293,Demo Garden Centre 02293,CHAIN18,Canadian Demo Retail Chain 18,St. John's,NL,CA,A1C 1B7,ST093,St. John's,2293,Salesperson 043,Retail,2026-01-01,2026-09-20T12:00:00
S02294,Demo Garden Centre 02294,CHAIN19,Canadian Demo Retail Chain 19,Halifax,NS,CA,B3J 1M8,ST094,Halifax,2294,Salesperson 044,Retail,2026-01-01,2026-09-20T12:00:00
S02295,Demo Garden Centre 02295,CHAIN20,Canadian Demo Retail Chain 20,Toronto,ON,CA,M5H 2N9,ST095,Toronto,2295,Salesperson 045,Retail,2026-01-01,2026-09-20T12:00:00
S02296,Demo Garden Centre 02296,CHAIN21,Canadian Demo Retail Chain 21,Ottawa,ON,CA,K1P 1J1,ST096,Ottawa,2296,Salesperson 046,Retail,2026-01-01,2026-09-20T12:00:00
S02297,Demo Garden Centre 02297,CHAIN22,Canadian Demo Retail Chain 22,London,ON,CA,N6A 3K2,ST097,London,2297,Salesperson 047,Retail,2026-01-01,2026-09-20T12:00:00
S02298,Demo Garden Centre 02298,CHAIN23,Canadian Demo Retail Chain 23,Thunder Bay,ON,CA,P7B 5E3,ST098,Thunder Bay,2298,Salesperson 048,Retail,2026-01-01,2026-09-20T12:00:00
S02299,Demo Garden Centre 02299,CHAIN24,Canadian Demo Retail Chain 24,Charlottetown,PE,CA,C1A 1A4,ST099,Charlottetown,2299,Salesperson 049,Retail,2026-01-01,2026-09-20T12:00:00
S02300,Demo Garden Centre 02300,CHAIN25,Canadian Demo Retail Chain 25,Montreal,QC,CA,H2Y 1C5,ST100,Montreal,2300,Salesperson 050,Retail,2026-01-01,2026-09-20T12:00:00
S02301,Demo Garden Centre 02301,CHAIN01,Canadian Demo Retail Chain 01,Quebec City,QC,CA,G1R 4P6,ST001,Quebec City,2301,Salesperson 051,Retail,2026-01-01,2026-09-20T12:00:00
S02302,Demo Garden Centre 02302,CHAIN02,Canadian Demo Retail Chain 02,Saskatoon,SK,CA,S7K 1J7,ST002,Saskatoon,2302,Salesperson 052,Retail,2026-01-01,2026-09-20T12:00:00
S02303,Demo Garden Centre 02303,CHAIN03,Canadian Demo Retail Chain 03,Regina,SK,CA,S4P 3Y8,ST003,Regina,2303,Salesperson 053,Retail,2026-01-01,2026-09-20T12:00:00
S02304,Demo Garden Centre 02304,CHAIN04,Canadian Demo Retail Chain 04,Whitehorse,YT,CA,Y1A 2C9,ST004,Whitehorse,2304,Salesperson 054,Retail,2026-01-01,2026-09-20T12:00:00
S02305,Demo Garden Centre 02305,CHAIN05,Canadian Demo Retail Chain 05,Calgary,AB,CA,T2P 1J1,ST005,Calgary,2305,Salesperson 055,Retail,2026-01-01,2026-09-20T12:00:00
S02306,Demo Garden Centre 02306,CHAIN06,Canadian Demo Retail Chain 06,Edmonton,AB,CA,T5J 0N2,ST006,Edmonton,2306,Salesperson 056,Retail,2026-01-01,2026-09-20T12:00:00
S02307,Demo Garden Centre 02307,CHAIN07,Canadian Demo Retail Chain 07,Vancouver,BC,CA,V6B 2W3,ST007,Vancouver,2307,Salesperson 057,Retail,2026-01-01,2026-09-20T12:00:00
S02308,Demo Garden Centre 02308,CHAIN08,Canadian Demo Retail Chain 08,Victoria,BC,CA,V8W 1P4,ST008,Victoria,2308,Salesperson 058,Retail,2026-01-01,2026-09-20T12:00:00
S02309,Demo Garden Centre 02309,CHAIN09,Canadian Demo Retail Chain 09,Winnipeg,MB,CA,R3B 1C5,ST009,Winnipeg,2309,Salesperson 059,Retail,2026-01-01,2026-09-20T12:00:00
S02310,Demo Garden Centre 02310,CHAIN10,Canadian Demo Retail Chain 10,Fredericton,NB,CA,E3B 1B6,ST010,Fredericton,2310,Salesperson 060,Retail,2026-01-01,2026-09-20T12:00:00
S02311,Demo Garden Centre 02311,CHAIN11,Canadian Demo Retail Chain 11,St. John's,NL,CA,A1C 1B7,ST011,St. John's,2311,Salesperson 061,Retail,2026-01-01,2026-09-20T12:00:00
S02312,Demo Garden Centre 02312,CHAIN12,Canadian Demo Retail Chain 12,Halifax,NS,CA,B3J 1M8,ST012,Halifax,2312,Salesperson 062,Retail,2026-01-01,2026-09-20T12:00:00
S02313,Demo Garden Centre 02313,CHAIN13,Canadian Demo Retail Chain 13,Toronto,ON,CA,M5H 2N9,ST013,Toronto,2313,Salesperson 063,Retail,2026-01-01,2026-09-20T12:00:00
S02314,Demo Garden Centre 02314,CHAIN14,Canadian Demo Retail Chain 14,Ottawa,ON,CA,K1P 1J1,ST014,Ottawa,2314,Salesperson 064,Retail,2026-01-01,2026-09-20T12:00:00
S02315,Demo Garden Centre 02315,CHAIN15,Canadian Demo Retail Chain 15,London,ON,CA,N6A 3K2,ST015,London,2315,Salesperson 065,Retail,2026-01-01,2026-09-20T12:00:00
S02316,Demo Garden Centre 02316,CHAIN16,Canadian Demo Retail Chain 16,Thunder Bay,ON,CA,P7B 5E3,ST016,Thunder Bay,2316,Salesperson 066,Retail,2026-01-01,2026-09-20T12:00:00
S02317,Demo Garden Centre 02317,CHAIN17,Canadian Demo Retail Chain 17,Charlottetown,PE,CA,C1A 1A4,ST017,Charlottetown,2317,Salesperson 067,Retail,2026-01-01,2026-09-20T12:00:00
S02318,Demo Garden Centre 02318,CHAIN18,Canadian Demo Retail Chain 18,Montreal,QC,CA,H2Y 1C5,ST018,Montreal,2318,Salesperson 068,Retail,2026-01-01,2026-09-20T12:00:00
S02319,Demo Garden Centre 02319,CHAIN19,Canadian Demo Retail Chain 19,Quebec City,QC,CA,G1R 4P6,ST019,Quebec City,2319,Salesperson 069,Retail,2026-01-01,2026-09-20T12:00:00
S02320,Demo Garden Centre 02320,CHAIN20,Canadian Demo Retail Chain 20,Saskatoon,SK,CA,S7K 1J7,ST020,Saskatoon,2320,Salesperson 070,Retail,2026-01-01,2026-09-20T12:00:00
S02321,Demo Garden Centre 02321,CHAIN21,Canadian Demo Retail Chain 21,Regina,SK,CA,S4P 3Y8,ST021,Regina,2321,Salesperson 071,Retail,2026-01-01,2026-09-20T12:00:00
S02322,Demo Garden Centre 02322,CHAIN22,Canadian Demo Retail Chain 22,Whitehorse,YT,CA,Y1A 2C9,ST022,Whitehorse,2322,Salesperson 072,Retail,2026-01-01,2026-09-20T12:00:00
S02323,Demo Garden Centre 02323,CHAIN23,Canadian Demo Retail Chain 23,Calgary,AB,CA,T2P 1J1,ST023,Calgary,2323,Salesperson 073,Retail,2026-01-01,2026-09-20T12:00:00
S02324,Demo Garden Centre 02324,CHAIN24,Canadian Demo Retail Chain 24,Edmonton,AB,CA,T5J 0N2,ST024,Edmonton,2324,Salesperson 074,Retail,2026-01-01,2026-09-20T12:00:00
S02325,Demo Garden Centre 02325,CHAIN25,Canadian Demo Retail Chain 25,Vancouver,BC,CA,V6B 2W3,ST025,Vancouver,2325,Salesperson 075,Retail,2026-01-01,2026-09-20T12:00:00
S02326,Demo Garden Centre 02326,CHAIN01,Canadian Demo Retail Chain 01,Victoria,BC,CA,V8W 1P4,ST026,Victoria,2326,Salesperson 076,Retail,2026-01-01,2026-09-20T12:00:00
S02327,Demo Garden Centre 02327,CHAIN02,Canadian Demo Retail Chain 02,Winnipeg,MB,CA,R3B 1C5,ST027,Winnipeg,2327,Salesperson 077,Retail,2026-01-01,2026-09-20T12:00:00
S02328,Demo Garden Centre 02328,CHAIN03,Canadian Demo Retail Chain 03,Fredericton,NB,CA,E3B 1B6,ST028,Fredericton,2328,Salesperson 078,Retail,2026-01-01,2026-09-20T12:00:00
S02329,Demo Garden Centre 02329,CHAIN04,Canadian Demo Retail Chain 04,St. John's,NL,CA,A1C 1B7,ST029,St. John's,2329,Salesperson 079,Retail,2026-01-01,2026-09-20T12:00:00
S02330,Demo Garden Centre 02330,CHAIN05,Canadian Demo Retail Chain 05,Halifax,NS,CA,B3J 1M8,ST030,Halifax,2330,Salesperson 080,Retail,2026-01-01,2026-09-20T12:00:00
S02331,Demo Garden Centre 02331,CHAIN06,Canadian Demo Retail Chain 06,Toronto,ON,CA,M5H 2N9,ST031,Toronto,2331,Salesperson 081,Retail,2026-01-01,2026-09-20T12:00:00
S02332,Demo Garden Centre 02332,CHAIN07,Canadian Demo Retail Chain 07,Ottawa,ON,CA,K1P 1J1,ST032,Ottawa,2332,Salesperson 082,Retail,2026-01-01,2026-09-20T12:00:00
S02333,Demo Garden Centre 02333,CHAIN08,Canadian Demo Retail Chain 08,London,ON,CA,N6A 3K2,ST033,London,2333,Salesperson 083,Retail,2026-01-01,2026-09-20T12:00:00
S02334,Demo Garden Centre 02334,CHAIN09,Canadian Demo Retail Chain 09,Thunder Bay,ON,CA,P7B 5E3,ST034,Thunder Bay,2334,Salesperson 084,Retail,2026-01-01,2026-09-20T12:00:00
S02335,Demo Garden Centre 02335,CHAIN10,Canadian Demo Retail Chain 10,Charlottetown,PE,CA,C1A 1A4,ST035,Charlottetown,2335,Salesperson 085,Retail,2026-01-01,2026-09-20T12:00:00
S02336,Demo Garden Centre 02336,CHAIN11,Canadian Demo Retail Chain 11,Montreal,QC,CA,H2Y 1C5,ST036,Montreal,2336,Salesperson 086,Retail,2026-01-01,2026-09-20T12:00:00
S02337,Demo Garden Centre 02337,CHAIN12,Canadian Demo Retail Chain 12,Quebec City,QC,CA,G1R 4P6,ST037,Quebec City,2337,Salesperson 087,Retail,2026-01-01,2026-09-20T12:00:00
S02338,Demo Garden Centre 02338,CHAIN13,Canadian Demo Retail Chain 13,Saskatoon,SK,CA,S7K 1J7,ST038,Saskatoon,2338,Salesperson 088,Retail,2026-01-01,2026-09-20T12:00:00
S02339,Demo Garden Centre 02339,CHAIN14,Canadian Demo Retail Chain 14,Regina,SK,CA,S4P 3Y8,ST039,Regina,2339,Salesperson 089,Retail,2026-01-01,2026-09-20T12:00:00
S02340,Demo Garden Centre 02340,CHAIN15,Canadian Demo Retail Chain 15,Whitehorse,YT,CA,Y1A 2C9,ST040,Whitehorse,2340,Salesperson 090,Retail,2026-01-01,2026-09-20T12:00:00
S02341,Demo Garden Centre 02341,CHAIN16,Canadian Demo Retail Chain 16,Calgary,AB,CA,T2P 1J1,ST041,Calgary,2341,Salesperson 091,Retail,2026-01-01,2026-09-20T12:00:00
S02342,Demo Garden Centre 02342,CHAIN17,Canadian Demo Retail Chain 17,Edmonton,AB,CA,T5J 0N2,ST042,Edmonton,2342,Salesperson 092,Retail,2026-01-01,2026-09-20T12:00:00
S02343,Demo Garden Centre 02343,CHAIN18,Canadian Demo Retail Chain 18,Vancouver,BC,CA,V6B 2W3,ST043,Vancouver,2343,Salesperson 093,Retail,2026-01-01,2026-09-20T12:00:00
S02344,Demo Garden Centre 02344,CHAIN19,Canadian Demo Retail Chain 19,Victoria,BC,CA,V8W 1P4,ST044,Victoria,2344,Salesperson 094,Retail,2026-01-01,2026-09-20T12:00:00
S02345,Demo Garden Centre 02345,CHAIN20,Canadian Demo Retail Chain 20,Winnipeg,MB,CA,R3B 1C5,ST045,Winnipeg,2345,Salesperson 095,Retail,2026-01-01,2026-09-20T12:00:00
S02346,Demo Garden Centre 02346,CHAIN21,Canadian Demo Retail Chain 21,Fredericton,NB,CA,E3B 1B6,ST046,Fredericton,2346,Salesperson 096,Retail,2026-01-01,2026-09-20T12:00:00
S02347,Demo Garden Centre 02347,CHAIN22,Canadian Demo Retail Chain 22,St. John's,NL,CA,A1C 1B7,ST047,St. John's,2347,Salesperson 097,Retail,2026-01-01,2026-09-20T12:00:00
S02348,Demo Garden Centre 02348,CHAIN23,Canadian Demo Retail Chain 23,Halifax,NS,CA,B3J 1M8,ST048,Halifax,2348,Salesperson 098,Retail,2026-01-01,2026-09-20T12:00:00
S02349,Demo Garden Centre 02349,CHAIN24,Canadian Demo Retail Chain 24,Toronto,ON,CA,M5H 2N9,ST049,Toronto,2349,Salesperson 099,Retail,2026-01-01,2026-09-20T12:00:00
S02350,Demo Garden Centre 02350,CHAIN25,Canadian Demo Retail Chain 25,Ottawa,ON,CA,K1P 1J1,ST050,Ottawa,2350,Salesperson 100,Retail,2026-01-01,2026-09-20T12:00:00
S02351,Demo Garden Centre 02351,CHAIN01,Canadian Demo Retail Chain 01,London,ON,CA,N6A 3K2,ST051,London,2351,Salesperson 101,Retail,2026-01-01,2026-09-20T12:00:00
S02352,Demo Garden Centre 02352,CHAIN02,Canadian Demo Retail Chain 02,Thunder Bay,ON,CA,P7B 5E3,ST052,Thunder Bay,2352,Salesperson 102,Retail,2026-01-01,2026-09-20T12:00:00
S02353,Demo Garden Centre 02353,CHAIN03,Canadian Demo Retail Chain 03,Charlottetown,PE,CA,C1A 1A4,ST053,Charlottetown,2353,Salesperson 103,Retail,2026-01-01,2026-09-20T12:00:00
S02354,Demo Garden Centre 02354,CHAIN04,Canadian Demo Retail Chain 04,Montreal,QC,CA,H2Y 1C5,ST054,Montreal,2354,Salesperson 104,Retail,2026-01-01,2026-09-20T12:00:00
S02355,Demo Garden Centre 02355,CHAIN05,Canadian Demo Retail Chain 05,Quebec City,QC,CA,G1R 4P6,ST055,Quebec City,2355,Salesperson 105,Retail,2026-01-01,2026-09-20T12:00:00
S02356,Demo Garden Centre 02356,CHAIN06,Canadian Demo Retail Chain 06,Saskatoon,SK,CA,S7K 1J7,ST056,Saskatoon,2356,Salesperson 106,Retail,2026-01-01,2026-09-20T12:00:00
S02357,Demo Garden Centre 02357,CHAIN07,Canadian Demo Retail Chain 07,Regina,SK,CA,S4P 3Y8,ST057,Regina,2357,Salesperson 107,Retail,2026-01-01,2026-09-20T12:00:00
S02358,Demo Garden Centre 02358,CHAIN08,Canadian Demo Retail Chain 08,Whitehorse,YT,CA,Y1A 2C9,ST058,Whitehorse,2358,Salesperson 108,Retail,2026-01-01,2026-09-20T12:00:00
S02359,Demo Garden Centre 02359,CHAIN09,Canadian Demo Retail Chain 09,Calgary,AB,CA,T2P 1J1,ST059,Calgary,2359,Salesperson 109,Retail,2026-01-01,2026-09-20T12:00:00
S02360,Demo Garden Centre 02360,CHAIN10,Canadian Demo Retail Chain 10,Edmonton,AB,CA,T5J 0N2,ST060,Edmonton,2360,Salesperson 110,Retail,2026-01-01,2026-09-20T12:00:00
S02361,Demo Garden Centre 02361,CHAIN11,Canadian Demo Retail Chain 11,Vancouver,BC,CA,V6B 2W3,ST061,Vancouver,2361,Salesperson 111,Retail,2026-01-01,2026-09-20T12:00:00
S02362,Demo Garden Centre 02362,CHAIN12,Canadian Demo Retail Chain 12,Victoria,BC,CA,V8W 1P4,ST062,Victoria,2362,Salesperson 112,Retail,2026-01-01,2026-09-20T12:00:00
S02363,Demo Garden Centre 02363,CHAIN13,Canadian Demo Retail Chain 13,Winnipeg,MB,CA,R3B 1C5,ST063,Winnipeg,2363,Salesperson 113,Retail,2026-01-01,2026-09-20T12:00:00
S02364,Demo Garden Centre 02364,CHAIN14,Canadian Demo Retail Chain 14,Fredericton,NB,CA,E3B 1B6,ST064,Fredericton,2364,Salesperson 114,Retail,2026-01-01,2026-09-20T12:00:00
S02365,Demo Garden Centre 02365,CHAIN15,Canadian Demo Retail Chain 15,St. John's,NL,CA,A1C 1B7,ST065,St. John's,2365,Salesperson 115,Retail,2026-01-01,2026-09-20T12:00:00
S02366,Demo Garden Centre 02366,CHAIN16,Canadian Demo Retail Chain 16,Halifax,NS,CA,B3J 1M8,ST066,Halifax,2366,Salesperson 116,Retail,2026-01-01,2026-09-20T12:00:00
S02367,Demo Garden Centre 02367,CHAIN17,Canadian Demo Retail Chain 17,Toronto,ON,CA,M5H 2N9,ST067,Toronto,2367,Salesperson 117,Retail,2026-01-01,2026-09-20T12:00:00
S02368,Demo Garden Centre 02368,CHAIN18,Canadian Demo Retail Chain 18,Ottawa,ON,CA,K1P 1J1,ST068,Ottawa,2368,Salesperson 118,Retail,2026-01-01,2026-09-20T12:00:00
S02369,Demo Garden Centre 02369,CHAIN19,Canadian Demo Retail Chain 19,London,ON,CA,N6A 3K2,ST069,London,2369,Salesperson 119,Retail,2026-01-01,2026-09-20T12:00:00
S02370,Demo Garden Centre 02370,CHAIN20,Canadian Demo Retail Chain 20,Thunder Bay,ON,CA,P7B 5E3,ST070,Thunder Bay,2370,Salesperson 120,Retail,2026-01-01,2026-09-20T12:00:00
S02371,Demo Garden Centre 02371,CHAIN21,Canadian Demo Retail Chain 21,Charlottetown,PE,CA,C1A 1A4,ST071,Charlottetown,2371,Salesperson 121,Retail,2026-01-01,2026-09-20T12:00:00
S02372,Demo Garden Centre 02372,CHAIN22,Canadian Demo Retail Chain 22,Montreal,QC,CA,H2Y 1C5,ST072,Montreal,2372,Salesperson 122,Retail,2026-01-01,2026-09-20T12:00:00
S02373,Demo Garden Centre 02373,CHAIN23,Canadian Demo Retail Chain 23,Quebec City,QC,CA,G1R 4P6,ST073,Quebec City,2373,Salesperson 123,Retail,2026-01-01,2026-09-20T12:00:00
S02374,Demo Garden Centre 02374,CHAIN24,Canadian Demo Retail Chain 24,Saskatoon,SK,CA,S7K 1J7,ST074,Saskatoon,2374,Salesperson 124,Retail,2026-01-01,2026-09-20T12:00:00
S02375,Demo Garden Centre 02375,CHAIN25,Canadian Demo Retail Chain 25,Regina,SK,CA,S4P 3Y8,ST075,Regina,2375,Salesperson 125,Retail,2026-01-01,2026-09-20T12:00:00
S02376,Demo Garden Centre 02376,CHAIN01,Canadian Demo Retail Chain 01,Whitehorse,YT,CA,Y1A 2C9,ST076,Whitehorse,2376,Salesperson 126,Retail,2026-01-01,2026-09-20T12:00:00
S02377,Demo Garden Centre 02377,CHAIN02,Canadian Demo Retail Chain 02,Calgary,AB,CA,T2P 1J1,ST077,Calgary,2377,Salesperson 127,Retail,2026-01-01,2026-09-20T12:00:00
S02378,Demo Garden Centre 02378,CHAIN03,Canadian Demo Retail Chain 03,Edmonton,AB,CA,T5J 0N2,ST078,Edmonton,2378,Salesperson 128,Retail,2026-01-01,2026-09-20T12:00:00
S02379,Demo Garden Centre 02379,CHAIN04,Canadian Demo Retail Chain 04,Vancouver,BC,CA,V6B 2W3,ST079,Vancouver,2379,Salesperson 129,Retail,2026-01-01,2026-09-20T12:00:00
S02380,Demo Garden Centre 02380,CHAIN05,Canadian Demo Retail Chain 05,Victoria,BC,CA,V8W 1P4,ST080,Victoria,2380,Salesperson 130,Retail,2026-01-01,2026-09-20T12:00:00
S02381,Demo Garden Centre 02381,CHAIN06,Canadian Demo Retail Chain 06,Winnipeg,MB,CA,R3B 1C5,ST081,Winnipeg,2381,Salesperson 131,Retail,2026-01-01,2026-09-20T12:00:00
S02382,Demo Garden Centre 02382,CHAIN07,Canadian Demo Retail Chain 07,Fredericton,NB,CA,E3B 1B6,ST082,Fredericton,2382,Salesperson 132,Retail,2026-01-01,2026-09-20T12:00:00
S02383,Demo Garden Centre 02383,CHAIN08,Canadian Demo Retail Chain 08,St. John's,NL,CA,A1C 1B7,ST083,St. John's,2383,Salesperson 133,Retail,2026-01-01,2026-09-20T12:00:00
S02384,Demo Garden Centre 02384,CHAIN09,Canadian Demo Retail Chain 09,Halifax,NS,CA,B3J 1M8,ST084,Halifax,2384,Salesperson 134,Retail,2026-01-01,2026-09-20T12:00:00
S02385,Demo Garden Centre 02385,CHAIN10,Canadian Demo Retail Chain 10,Toronto,ON,CA,M5H 2N9,ST085,Toronto,2385,Salesperson 135,Retail,2026-01-01,2026-09-20T12:00:00
S02386,Demo Garden Centre 02386,CHAIN11,Canadian Demo Retail Chain 11,Ottawa,ON,CA,K1P 1J1,ST086,Ottawa,2386,Salesperson 136,Retail,2026-01-01,2026-09-20T12:00:00
S02387,Demo Garden Centre 02387,CHAIN12,Canadian Demo Retail Chain 12,London,ON,CA,N6A 3K2,ST087,London,2387,Salesperson 137,Retail,2026-01-01,2026-09-20T12:00:00
S02388,Demo Garden Centre 02388,CHAIN13,Canadian Demo Retail Chain 13,Thunder Bay,ON,CA,P7B 5E3,ST088,Thunder Bay,2388,Salesperson 138,Retail,2026-01-01,2026-09-20T12:00:00
S02389,Demo Garden Centre 02389,CHAIN14,Canadian Demo Retail Chain 14,Charlottetown,PE,CA,C1A 1A4,ST089,Charlottetown,2389,Salesperson 139,Retail,2026-01-01,2026-09-20T12:00:00
S02390,Demo Garden Centre 02390,CHAIN15,Canadian Demo Retail Chain 15,Montreal,QC,CA,H2Y 1C5,ST090,Montreal,2390,Salesperson 140,Retail,2026-01-01,2026-09-20T12:00:00
S02391,Demo Garden Centre 02391,CHAIN16,Canadian Demo Retail Chain 16,Quebec City,QC,CA,G1R 4P6,ST091,Quebec City,2391,Salesperson 141,Retail,2026-01-01,2026-09-20T12:00:00
S02392,Demo Garden Centre 02392,CHAIN17,Canadian Demo Retail Chain 17,Saskatoon,SK,CA,S7K 1J7,ST092,Saskatoon,2392,Salesperson 142,Retail,2026-01-01,2026-09-20T12:00:00
S02393,Demo Garden Centre 02393,CHAIN18,Canadian Demo Retail Chain 18,Regina,SK,CA,S4P 3Y8,ST093,Regina,2393,Salesperson 143,Retail,2026-01-01,2026-09-20T12:00:00
S02394,Demo Garden Centre 02394,CHAIN19,Canadian Demo Retail Chain 19,Whitehorse,YT,CA,Y1A 2C9,ST094,Whitehorse,2394,Salesperson 144,Retail,2026-01-01,2026-09-20T12:00:00
S02395,Demo Garden Centre 02395,CHAIN20,Canadian Demo Retail Chain 20,Calgary,AB,CA,T2P 1J1,ST095,Calgary,2395,Salesperson 145,Retail,2026-01-01,2026-09-20T12:00:00
S02396,Demo Garden Centre 02396,CHAIN21,Canadian Demo Retail Chain 21,Edmonton,AB,CA,T5J 0N2,ST096,Edmonton,2396,Salesperson 146,Retail,2026-01-01,2026-09-20T12:00:00
S02397,Demo Garden Centre 02397,CHAIN22,Canadian Demo Retail Chain 22,Vancouver,BC,CA,V6B 2W3,ST097,Vancouver,2397,Salesperson 147,Retail,2026-01-01,2026-09-20T12:00:00
S02398,Demo Garden Centre 02398,CHAIN23,Canadian Demo Retail Chain 23,Victoria,BC,CA,V8W 1P4,ST098,Victoria,2398,Salesperson 148,Retail,2026-01-01,2026-09-20T12:00:00
S02399,Demo Garden Centre 02399,CHAIN24,Canadian Demo Retail Chain 24,Winnipeg,MB,CA,R3B 1C5,ST099,Winnipeg,2399,Salesperson 149,Retail,2026-01-01,2026-09-20T12:00:00
S02400,Demo Garden Centre 02400,CHAIN25,Canadian Demo Retail Chain 25,Fredericton,NB,CA,E3B 1B6,ST100,Fredericton,2400,Salesperson 150,Retail,2026-01-01,2026-09-20T12:00:00
S02401,Demo Garden Centre 02401,CHAIN01,Canadian Demo Retail Chain 01,St. John's,NL,CA,A1C 1B7,ST001,St. John's,2401,Salesperson 151,Retail,2026-01-01,2026-09-20T12:00:00
S02402,Demo Garden Centre 02402,CHAIN02,Canadian Demo Retail Chain 02,Halifax,NS,CA,B3J 1M8,ST002,Halifax,2402,Salesperson 152,Retail,2026-01-01,2026-09-20T12:00:00
S02403,Demo Garden Centre 02403,CHAIN03,Canadian Demo Retail Chain 03,Toronto,ON,CA,M5H 2N9,ST003,Toronto,2403,Salesperson 153,Retail,2026-01-01,2026-09-20T12:00:00
S02404,Demo Garden Centre 02404,CHAIN04,Canadian Demo Retail Chain 04,Ottawa,ON,CA,K1P 1J1,ST004,Ottawa,2404,Salesperson 154,Retail,2026-01-01,2026-09-20T12:00:00
S02405,Demo Garden Centre 02405,CHAIN05,Canadian Demo Retail Chain 05,London,ON,CA,N6A 3K2,ST005,London,2405,Salesperson 155,Retail,2026-01-01,2026-09-20T12:00:00
S02406,Demo Garden Centre 02406,CHAIN06,Canadian Demo Retail Chain 06,Thunder Bay,ON,CA,P7B 5E3,ST006,Thunder Bay,2406,Salesperson 156,Retail,2026-01-01,2026-09-20T12:00:00
S02407,Demo Garden Centre 02407,CHAIN07,Canadian Demo Retail Chain 07,Charlottetown,PE,CA,C1A 1A4,ST007,Charlottetown,2407,Salesperson 157,Retail,2026-01-01,2026-09-20T12:00:00
S02408,Demo Garden Centre 02408,CHAIN08,Canadian Demo Retail Chain 08,Montreal,QC,CA,H2Y 1C5,ST008,Montreal,2408,Salesperson 158,Retail,2026-01-01,2026-09-20T12:00:00
S02409,Demo Garden Centre 02409,CHAIN09,Canadian Demo Retail Chain 09,Quebec City,QC,CA,G1R 4P6,ST009,Quebec City,2409,Salesperson 159,Retail,2026-01-01,2026-09-20T12:00:00
S02410,Demo Garden Centre 02410,CHAIN10,Canadian Demo Retail Chain 10,Saskatoon,SK,CA,S7K 1J7,ST010,Saskatoon,2410,Salesperson 160,Retail,2026-01-01,2026-09-20T12:00:00
S02411,Demo Garden Centre 02411,CHAIN11,Canadian Demo Retail Chain 11,Regina,SK,CA,S4P 3Y8,ST011,Regina,2411,Salesperson 161,Retail,2026-01-01,2026-09-20T12:00:00
S02412,Demo Garden Centre 02412,CHAIN12,Canadian Demo Retail Chain 12,Whitehorse,YT,CA,Y1A 2C9,ST012,Whitehorse,2412,Salesperson 162,Retail,2026-01-01,2026-09-20T12:00:00
S02413,Demo Garden Centre 02413,CHAIN13,Canadian Demo Retail Chain 13,Calgary,AB,CA,T2P 1J1,ST013,Calgary,2413,Salesperson 163,Retail,2026-01-01,2026-09-20T12:00:00
S02414,Demo Garden Centre 02414,CHAIN14,Canadian Demo Retail Chain 14,Edmonton,AB,CA,T5J 0N2,ST014,Edmonton,2414,Salesperson 164,Retail,2026-01-01,2026-09-20T12:00:00
S02415,Demo Garden Centre 02415,CHAIN15,Canadian Demo Retail Chain 15,Vancouver,BC,CA,V6B 2W3,ST015,Vancouver,2415,Salesperson 165,Retail,2026-01-01,2026-09-20T12:00:00
S02416,Demo Garden Centre 02416,CHAIN16,Canadian Demo Retail Chain 16,Victoria,BC,CA,V8W 1P4,ST016,Victoria,2416,Salesperson 166,Retail,2026-01-01,2026-09-20T12:00:00
S02417,Demo Garden Centre 02417,CHAIN17,Canadian Demo Retail Chain 17,Winnipeg,MB,CA,R3B 1C5,ST017,Winnipeg,2417,Salesperson 167,Retail,2026-01-01,2026-09-20T12:00:00
S02418,Demo Garden Centre 02418,CHAIN18,Canadian Demo Retail Chain 18,Fredericton,NB,CA,E3B 1B6,ST018,Fredericton,2418,Salesperson 168,Retail,2026-01-01,2026-09-20T12:00:00
S02419,Demo Garden Centre 02419,CHAIN19,Canadian Demo Retail Chain 19,St. John's,NL,CA,A1C 1B7,ST019,St. John's,2419,Salesperson 169,Retail,2026-01-01,2026-09-20T12:00:00
S02420,Demo Garden Centre 02420,CHAIN20,Canadian Demo Retail Chain 20,Halifax,NS,CA,B3J 1M8,ST020,Halifax,2420,Salesperson 170,Retail,2026-01-01,2026-09-20T12:00:00
S02421,Demo Garden Centre 02421,CHAIN21,Canadian Demo Retail Chain 21,Toronto,ON,CA,M5H 2N9,ST021,Toronto,2421,Salesperson 171,Retail,2026-01-01,2026-09-20T12:00:00
S02422,Demo Garden Centre 02422,CHAIN22,Canadian Demo Retail Chain 22,Ottawa,ON,CA,K1P 1J1,ST022,Ottawa,2422,Salesperson 172,Retail,2026-01-01,2026-09-20T12:00:00
S02423,Demo Garden Centre 02423,CHAIN23,Canadian Demo Retail Chain 23,London,ON,CA,N6A 3K2,ST023,London,2423,Salesperson 173,Retail,2026-01-01,2026-09-20T12:00:00
S02424,Demo Garden Centre 02424,CHAIN24,Canadian Demo Retail Chain 24,Thunder Bay,ON,CA,P7B 5E3,ST024,Thunder Bay,2424,Salesperson 174,Retail,2026-01-01,2026-09-20T12:00:00
S02425,Demo Garden Centre 02425,CHAIN25,Canadian Demo Retail Chain 25,Charlottetown,PE,CA,C1A 1A4,ST025,Charlottetown,2425,Salesperson 175,Retail,2026-01-01,2026-09-20T12:00:00
S02426,Demo Garden Centre 02426,CHAIN01,Canadian Demo Retail Chain 01,Montreal,QC,CA,H2Y 1C5,ST026,Montreal,2426,Salesperson 176,Retail,2026-01-01,2026-09-20T12:00:00
S02427,Demo Garden Centre 02427,CHAIN02,Canadian Demo Retail Chain 02,Quebec City,QC,CA,G1R 4P6,ST027,Quebec City,2427,Salesperson 177,Retail,2026-01-01,2026-09-20T12:00:00
S02428,Demo Garden Centre 02428,CHAIN03,Canadian Demo Retail Chain 03,Saskatoon,SK,CA,S7K 1J7,ST028,Saskatoon,2428,Salesperson 178,Retail,2026-01-01,2026-09-20T12:00:00
S02429,Demo Garden Centre 02429,CHAIN04,Canadian Demo Retail Chain 04,Regina,SK,CA,S4P 3Y8,ST029,Regina,2429,Salesperson 179,Retail,2026-01-01,2026-09-20T12:00:00
S02430,Demo Garden Centre 02430,CHAIN05,Canadian Demo Retail Chain 05,Whitehorse,YT,CA,Y1A 2C9,ST030,Whitehorse,2430,Salesperson 180,Retail,2026-01-01,2026-09-20T12:00:00
S02431,Demo Garden Centre 02431,CHAIN06,Canadian Demo Retail Chain 06,Calgary,AB,CA,T2P 1J1,ST031,Calgary,2431,Salesperson 181,Retail,2026-01-01,2026-09-20T12:00:00
S02432,Demo Garden Centre 02432,CHAIN07,Canadian Demo Retail Chain 07,Edmonton,AB,CA,T5J 0N2,ST032,Edmonton,2432,Salesperson 182,Retail,2026-01-01,2026-09-20T12:00:00
S02433,Demo Garden Centre 02433,CHAIN08,Canadian Demo Retail Chain 08,Vancouver,BC,CA,V6B 2W3,ST033,Vancouver,2433,Salesperson 183,Retail,2026-01-01,2026-09-20T12:00:00
S02434,Demo Garden Centre 02434,CHAIN09,Canadian Demo Retail Chain 09,Victoria,BC,CA,V8W 1P4,ST034,Victoria,2434,Salesperson 184,Retail,2026-01-01,2026-09-20T12:00:00
S02435,Demo Garden Centre 02435,CHAIN10,Canadian Demo Retail Chain 10,Winnipeg,MB,CA,R3B 1C5,ST035,Winnipeg,2435,Salesperson 185,Retail,2026-01-01,2026-09-20T12:00:00
S02436,Demo Garden Centre 02436,CHAIN11,Canadian Demo Retail Chain 11,Fredericton,NB,CA,E3B 1B6,ST036,Fredericton,2436,Salesperson 186,Retail,2026-01-01,2026-09-20T12:00:00
S02437,Demo Garden Centre 02437,CHAIN12,Canadian Demo Retail Chain 12,St. John's,NL,CA,A1C 1B7,ST037,St. John's,2437,Salesperson 187,Retail,2026-01-01,2026-09-20T12:00:00
S02438,Demo Garden Centre 02438,CHAIN13,Canadian Demo Retail Chain 13,Halifax,NS,CA,B3J 1M8,ST038,Halifax,2438,Salesperson 188,Retail,2026-01-01,2026-09-20T12:00:00
S02439,Demo Garden Centre 02439,CHAIN14,Canadian Demo Retail Chain 14,Toronto,ON,CA,M5H 2N9,ST039,Toronto,2439,Salesperson 189,Retail,2026-01-01,2026-09-20T12:00:00
S02440,Demo Garden Centre 02440,CHAIN15,Canadian Demo Retail Chain 15,Ottawa,ON,CA,K1P 1J1,ST040,Ottawa,2440,Salesperson 190,Retail,2026-01-01,2026-09-20T12:00:00
S02441,Demo Garden Centre 02441,CHAIN16,Canadian Demo Retail Chain 16,London,ON,CA,N6A 3K2,ST041,London,2441,Salesperson 191,Retail,2026-01-01,2026-09-20T12:00:00
S02442,Demo Garden Centre 02442,CHAIN17,Canadian Demo Retail Chain 17,Thunder Bay,ON,CA,P7B 5E3,ST042,Thunder Bay,2442,Salesperson 192,Retail,2026-01-01,2026-09-20T12:00:00
S02443,Demo Garden Centre 02443,CHAIN18,Canadian Demo Retail Chain 18,Charlottetown,PE,CA,C1A 1A4,ST043,Charlottetown,2443,Salesperson 193,Retail,2026-01-01,2026-09-20T12:00:00
S02444,Demo Garden Centre 02444,CHAIN19,Canadian Demo Retail Chain 19,Montreal,QC,CA,H2Y 1C5,ST044,Montreal,2444,Salesperson 194,Retail,2026-01-01,2026-09-20T12:00:00
S02445,Demo Garden Centre 02445,CHAIN20,Canadian Demo Retail Chain 20,Quebec City,QC,CA,G1R 4P6,ST045,Quebec City,2445,Salesperson 195,Retail,2026-01-01,2026-09-20T12:00:00
S02446,Demo Garden Centre 02446,CHAIN21,Canadian Demo Retail Chain 21,Saskatoon,SK,CA,S7K 1J7,ST046,Saskatoon,2446,Salesperson 196,Retail,2026-01-01,2026-09-20T12:00:00
S02447,Demo Garden Centre 02447,CHAIN22,Canadian Demo Retail Chain 22,Regina,SK,CA,S4P 3Y8,ST047,Regina,2447,Salesperson 197,Retail,2026-01-01,2026-09-20T12:00:00
S02448,Demo Garden Centre 02448,CHAIN23,Canadian Demo Retail Chain 23,Whitehorse,YT,CA,Y1A 2C9,ST048,Whitehorse,2448,Salesperson 198,Retail,2026-01-01,2026-09-20T12:00:00
S02449,Demo Garden Centre 02449,CHAIN24,Canadian Demo Retail Chain 24,Calgary,AB,CA,T2P 1J1,ST049,Calgary,2449,Salesperson 199,Retail,2026-01-01,2026-09-20T12:00:00
S02450,Demo Garden Centre 02450,CHAIN25,Canadian Demo Retail Chain 25,Edmonton,AB,CA,T5J 0N2,ST050,Edmonton,2450,Salesperson 200,Retail,2026-01-01,2026-09-20T12:00:00
S02451,Demo Garden Centre 02451,CHAIN01,Canadian Demo Retail Chain 01,Vancouver,BC,CA,V6B 2W3,ST051,Vancouver,2451,Salesperson 201,Retail,2026-01-01,2026-09-20T12:00:00
S02452,Demo Garden Centre 02452,CHAIN02,Canadian Demo Retail Chain 02,Victoria,BC,CA,V8W 1P4,ST052,Victoria,2452,Salesperson 202,Retail,2026-01-01,2026-09-20T12:00:00
S02453,Demo Garden Centre 02453,CHAIN03,Canadian Demo Retail Chain 03,Winnipeg,MB,CA,R3B 1C5,ST053,Winnipeg,2453,Salesperson 203,Retail,2026-01-01,2026-09-20T12:00:00
S02454,Demo Garden Centre 02454,CHAIN04,Canadian Demo Retail Chain 04,Fredericton,NB,CA,E3B 1B6,ST054,Fredericton,2454,Salesperson 204,Retail,2026-01-01,2026-09-20T12:00:00
S02455,Demo Garden Centre 02455,CHAIN05,Canadian Demo Retail Chain 05,St. John's,NL,CA,A1C 1B7,ST055,St. John's,2455,Salesperson 205,Retail,2026-01-01,2026-09-20T12:00:00
S02456,Demo Garden Centre 02456,CHAIN06,Canadian Demo Retail Chain 06,Halifax,NS,CA,B3J 1M8,ST056,Halifax,2456,Salesperson 206,Retail,2026-01-01,2026-09-20T12:00:00
S02457,Demo Garden Centre 02457,CHAIN07,Canadian Demo Retail Chain 07,Toronto,ON,CA,M5H 2N9,ST057,Toronto,2457,Salesperson 207,Retail,2026-01-01,2026-09-20T12:00:00
S02458,Demo Garden Centre 02458,CHAIN08,Canadian Demo Retail Chain 08,Ottawa,ON,CA,K1P 1J1,ST058,Ottawa,2458,Salesperson 208,Retail,2026-01-01,2026-09-20T12:00:00
S02459,Demo Garden Centre 02459,CHAIN09,Canadian Demo Retail Chain 09,London,ON,CA,N6A 3K2,ST059,London,2459,Salesperson 209,Retail,2026-01-01,2026-09-20T12:00:00
S02460,Demo Garden Centre 02460,CHAIN10,Canadian Demo Retail Chain 10,Thunder Bay,ON,CA,P7B 5E3,ST060,Thunder Bay,2460,Salesperson 210,Retail,2026-01-01,2026-09-20T12:00:00
S02461,Demo Garden Centre 02461,CHAIN11,Canadian Demo Retail Chain 11,Charlottetown,PE,CA,C1A 1A4,ST061,Charlottetown,2461,Salesperson 211,Retail,2026-01-01,2026-09-20T12:00:00
S02462,Demo Garden Centre 02462,CHAIN12,Canadian Demo Retail Chain 12,Montreal,QC,CA,H2Y 1C5,ST062,Montreal,2462,Salesperson 212,Retail,2026-01-01,2026-09-20T12:00:00
S02463,Demo Garden Centre 02463,CHAIN13,Canadian Demo Retail Chain 13,Quebec City,QC,CA,G1R 4P6,ST063,Quebec City,2463,Salesperson 213,Retail,2026-01-01,2026-09-20T12:00:00
S02464,Demo Garden Centre 02464,CHAIN14,Canadian Demo Retail Chain 14,Saskatoon,SK,CA,S7K 1J7,ST064,Saskatoon,2464,Salesperson 214,Retail,2026-01-01,2026-09-20T12:00:00
S02465,Demo Garden Centre 02465,CHAIN15,Canadian Demo Retail Chain 15,Regina,SK,CA,S4P 3Y8,ST065,Regina,2465,Salesperson 215,Retail,2026-01-01,2026-09-20T12:00:00
S02466,Demo Garden Centre 02466,CHAIN16,Canadian Demo Retail Chain 16,Whitehorse,YT,CA,Y1A 2C9,ST066,Whitehorse,2466,Salesperson 216,Retail,2026-01-01,2026-09-20T12:00:00
S02467,Demo Garden Centre 02467,CHAIN17,Canadian Demo Retail Chain 17,Calgary,AB,CA,T2P 1J1,ST067,Calgary,2467,Salesperson 217,Retail,2026-01-01,2026-09-20T12:00:00
S02468,Demo Garden Centre 02468,CHAIN18,Canadian Demo Retail Chain 18,Edmonton,AB,CA,T5J 0N2,ST068,Edmonton,2468,Salesperson 218,Retail,2026-01-01,2026-09-20T12:00:00
S02469,Demo Garden Centre 02469,CHAIN19,Canadian Demo Retail Chain 19,Vancouver,BC,CA,V6B 2W3,ST069,Vancouver,2469,Salesperson 219,Retail,2026-01-01,2026-09-20T12:00:00
S02470,Demo Garden Centre 02470,CHAIN20,Canadian Demo Retail Chain 20,Victoria,BC,CA,V8W 1P4,ST070,Victoria,2470,Salesperson 220,Retail,2026-01-01,2026-09-20T12:00:00
S02471,Demo Garden Centre 02471,CHAIN21,Canadian Demo Retail Chain 21,Winnipeg,MB,CA,R3B 1C5,ST071,Winnipeg,2471,Salesperson 221,Retail,2026-01-01,2026-09-20T12:00:00
S02472,Demo Garden Centre 02472,CHAIN22,Canadian Demo Retail Chain 22,Fredericton,NB,CA,E3B 1B6,ST072,Fredericton,2472,Salesperson 222,Retail,2026-01-01,2026-09-20T12:00:00
S02473,Demo Garden Centre 02473,CHAIN23,Canadian Demo Retail Chain 23,St. John's,NL,CA,A1C 1B7,ST073,St. John's,2473,Salesperson 223,Retail,2026-01-01,2026-09-20T12:00:00
S02474,Demo Garden Centre 02474,CHAIN24,Canadian Demo Retail Chain 24,Halifax,NS,CA,B3J 1M8,ST074,Halifax,2474,Salesperson 224,Retail,2026-01-01,2026-09-20T12:00:00
S02475,Demo Garden Centre 02475,CHAIN25,Canadian Demo Retail Chain 25,Toronto,ON,CA,M5H 2N9,ST075,Toronto,2475,Salesperson 225,Retail,2026-01-01,2026-09-20T12:00:00
S02476,Demo Garden Centre 02476,CHAIN01,Canadian Demo Retail Chain 01,Ottawa,ON,CA,K1P 1J1,ST076,Ottawa,2476,Salesperson 226,Retail,2026-01-01,2026-09-20T12:00:00
S02477,Demo Garden Centre 02477,CHAIN02,Canadian Demo Retail Chain 02,London,ON,CA,N6A 3K2,ST077,London,2477,Salesperson 227,Retail,2026-01-01,2026-09-20T12:00:00
S02478,Demo Garden Centre 02478,CHAIN03,Canadian Demo Retail Chain 03,Thunder Bay,ON,CA,P7B 5E3,ST078,Thunder Bay,2478,Salesperson 228,Retail,2026-01-01,2026-09-20T12:00:00
S02479,Demo Garden Centre 02479,CHAIN04,Canadian Demo Retail Chain 04,Charlottetown,PE,CA,C1A 1A4,ST079,Charlottetown,2479,Salesperson 229,Retail,2026-01-01,2026-09-20T12:00:00
S02480,Demo Garden Centre 02480,CHAIN05,Canadian Demo Retail Chain 05,Montreal,QC,CA,H2Y 1C5,ST080,Montreal,2480,Salesperson 230,Retail,2026-01-01,2026-09-20T12:00:00
S02481,Demo Garden Centre 02481,CHAIN06,Canadian Demo Retail Chain 06,Quebec City,QC,CA,G1R 4P6,ST081,Quebec City,2481,Salesperson 231,Retail,2026-01-01,2026-09-20T12:00:00
S02482,Demo Garden Centre 02482,CHAIN07,Canadian Demo Retail Chain 07,Saskatoon,SK,CA,S7K 1J7,ST082,Saskatoon,2482,Salesperson 232,Retail,2026-01-01,2026-09-20T12:00:00
S02483,Demo Garden Centre 02483,CHAIN08,Canadian Demo Retail Chain 08,Regina,SK,CA,S4P 3Y8,ST083,Regina,2483,Salesperson 233,Retail,2026-01-01,2026-09-20T12:00:00
S02484,Demo Garden Centre 02484,CHAIN09,Canadian Demo Retail Chain 09,Whitehorse,YT,CA,Y1A 2C9,ST084,Whitehorse,2484,Salesperson 234,Retail,2026-01-01,2026-09-20T12:00:00
S02485,Demo Garden Centre 02485,CHAIN10,Canadian Demo Retail Chain 10,Calgary,AB,CA,T2P 1J1,ST085,Calgary,2485,Salesperson 235,Retail,2026-01-01,2026-09-20T12:00:00
S02486,Demo Garden Centre 02486,CHAIN11,Canadian Demo Retail Chain 11,Edmonton,AB,CA,T5J 0N2,ST086,Edmonton,2486,Salesperson 236,Retail,2026-01-01,2026-09-20T12:00:00
S02487,Demo Garden Centre 02487,CHAIN12,Canadian Demo Retail Chain 12,Vancouver,BC,CA,V6B 2W3,ST087,Vancouver,2487,Salesperson 237,Retail,2026-01-01,2026-09-20T12:00:00
S02488,Demo Garden Centre 02488,CHAIN13,Canadian Demo Retail Chain 13,Victoria,BC,CA,V8W 1P4,ST088,Victoria,2488,Salesperson 238,Retail,2026-01-01,2026-09-20T12:00:00
S02489,Demo Garden Centre 02489,CHAIN14,Canadian Demo Retail Chain 14,Winnipeg,MB,CA,R3B 1C5,ST089,Winnipeg,2489,Salesperson 239,Retail,2026-01-01,2026-09-20T12:00:00
S02490,Demo Garden Centre 02490,CHAIN15,Canadian Demo Retail Chain 15,Fredericton,NB,CA,E3B 1B6,ST090,Fredericton,2490,Salesperson 240,Retail,2026-01-01,2026-09-20T12:00:00
S02491,Demo Garden Centre 02491,CHAIN16,Canadian Demo Retail Chain 16,St. John's,NL,CA,A1C 1B7,ST091,St. John's,2491,Salesperson 241,Retail,2026-01-01,2026-09-20T12:00:00
S02492,Demo Garden Centre 02492,CHAIN17,Canadian Demo Retail Chain 17,Halifax,NS,CA,B3J 1M8,ST092,Halifax,2492,Salesperson 242,Retail,2026-01-01,2026-09-20T12:00:00
S02493,Demo Garden Centre 02493,CHAIN18,Canadian Demo Retail Chain 18,Toronto,ON,CA,M5H 2N9,ST093,Toronto,2493,Salesperson 243,Retail,2026-01-01,2026-09-20T12:00:00
S02494,Demo Garden Centre 02494,CHAIN19,Canadian Demo Retail Chain 19,Ottawa,ON,CA,K1P 1J1,ST094,Ottawa,2494,Salesperson 244,Retail,2026-01-01,2026-09-20T12:00:00
S02495,Demo Garden Centre 02495,CHAIN20,Canadian Demo Retail Chain 20,London,ON,CA,N6A 3K2,ST095,London,2495,Salesperson 245,Retail,2026-01-01,2026-09-20T12:00:00
S02496,Demo Garden Centre 02496,CHAIN21,Canadian Demo Retail Chain 21,Thunder Bay,ON,CA,P7B 5E3,ST096,Thunder Bay,2496,Salesperson 246,Retail,2026-01-01,2026-09-20T12:00:00
S02497,Demo Garden Centre 02497,CHAIN22,Canadian Demo Retail Chain 22,Charlottetown,PE,CA,C1A 1A4,ST097,Charlottetown,2497,Salesperson 247,Retail,2026-01-01,2026-09-20T12:00:00
S02498,Demo Garden Centre 02498,CHAIN23,Canadian Demo Retail Chain 23,Montreal,QC,CA,H2Y 1C5,ST098,Montreal,2498,Salesperson 248,Retail,2026-01-01,2026-09-20T12:00:00
S02499,Demo Garden Centre 02499,CHAIN24,Canadian Demo Retail Chain 24,Quebec City,QC,CA,G1R 4P6,ST099,Quebec City,2499,Salesperson 249,Retail,2026-01-01,2026-09-20T12:00:00
S02500,Demo Garden Centre 02500,CHAIN25,Canadian Demo Retail Chain 25,Saskatoon,SK,CA,S7K 1J7,ST100,Saskatoon,2500,Salesperson 250,Retail,2026-01-01,2026-09-20T12:00:00
S02501,Demo Garden Centre 02501,CHAIN01,Canadian Demo Retail Chain 01,Regina,SK,CA,S4P 3Y8,ST001,Regina,2501,Salesperson 001,Retail,2026-01-01,2026-09-20T12:00:00
S02502,Demo Garden Centre 02502,CHAIN02,Canadian Demo Retail Chain 02,Whitehorse,YT,CA,Y1A 2C9,ST002,Whitehorse,2502,Salesperson 002,Retail,2026-01-01,2026-09-20T12:00:00
S02503,Demo Garden Centre 02503,CHAIN03,Canadian Demo Retail Chain 03,Calgary,AB,CA,T2P 1J1,ST003,Calgary,2503,Salesperson 003,Retail,2026-01-01,2026-09-20T12:00:00
S02504,Demo Garden Centre 02504,CHAIN04,Canadian Demo Retail Chain 04,Edmonton,AB,CA,T5J 0N2,ST004,Edmonton,2504,Salesperson 004,Retail,2026-01-01,2026-09-20T12:00:00
S02505,Demo Garden Centre 02505,CHAIN05,Canadian Demo Retail Chain 05,Vancouver,BC,CA,V6B 2W3,ST005,Vancouver,2505,Salesperson 005,Retail,2026-01-01,2026-09-20T12:00:00
S02506,Demo Garden Centre 02506,CHAIN06,Canadian Demo Retail Chain 06,Victoria,BC,CA,V8W 1P4,ST006,Victoria,2506,Salesperson 006,Retail,2026-01-01,2026-09-20T12:00:00
S02507,Demo Garden Centre 02507,CHAIN07,Canadian Demo Retail Chain 07,Winnipeg,MB,CA,R3B 1C5,ST007,Winnipeg,2507,Salesperson 007,Retail,2026-01-01,2026-09-20T12:00:00
S02508,Demo Garden Centre 02508,CHAIN08,Canadian Demo Retail Chain 08,Fredericton,NB,CA,E3B 1B6,ST008,Fredericton,2508,Salesperson 008,Retail,2026-01-01,2026-09-20T12:00:00
S02509,Demo Garden Centre 02509,CHAIN09,Canadian Demo Retail Chain 09,St. John's,NL,CA,A1C 1B7,ST009,St. John's,2509,Salesperson 009,Retail,2026-01-01,2026-09-20T12:00:00
S02510,Demo Garden Centre 02510,CHAIN10,Canadian Demo Retail Chain 10,Halifax,NS,CA,B3J 1M8,ST010,Halifax,2510,Salesperson 010,Retail,2026-01-01,2026-09-20T12:00:00
S02511,Demo Garden Centre 02511,CHAIN11,Canadian Demo Retail Chain 11,Toronto,ON,CA,M5H 2N9,ST011,Toronto,2511,Salesperson 011,Retail,2026-01-01,2026-09-20T12:00:00
S02512,Demo Garden Centre 02512,CHAIN12,Canadian Demo Retail Chain 12,Ottawa,ON,CA,K1P 1J1,ST012,Ottawa,2512,Salesperson 012,Retail,2026-01-01,2026-09-20T12:00:00
S02513,Demo Garden Centre 02513,CHAIN13,Canadian Demo Retail Chain 13,London,ON,CA,N6A 3K2,ST013,London,2513,Salesperson 013,Retail,2026-01-01,2026-09-20T12:00:00
S02514,Demo Garden Centre 02514,CHAIN14,Canadian Demo Retail Chain 14,Thunder Bay,ON,CA,P7B 5E3,ST014,Thunder Bay,2514,Salesperson 014,Retail,2026-01-01,2026-09-20T12:00:00
S02515,Demo Garden Centre 02515,CHAIN15,Canadian Demo Retail Chain 15,Charlottetown,PE,CA,C1A 1A4,ST015,Charlottetown,2515,Salesperson 015,Retail,2026-01-01,2026-09-20T12:00:00
S02516,Demo Garden Centre 02516,CHAIN16,Canadian Demo Retail Chain 16,Montreal,QC,CA,H2Y 1C5,ST016,Montreal,2516,Salesperson 016,Retail,2026-01-01,2026-09-20T12:00:00
S02517,Demo Garden Centre 02517,CHAIN17,Canadian Demo Retail Chain 17,Quebec City,QC,CA,G1R 4P6,ST017,Quebec City,2517,Salesperson 017,Retail,2026-01-01,2026-09-20T12:00:00
S02518,Demo Garden Centre 02518,CHAIN18,Canadian Demo Retail Chain 18,Saskatoon,SK,CA,S7K 1J7,ST018,Saskatoon,2518,Salesperson 018,Retail,2026-01-01,2026-09-20T12:00:00
S02519,Demo Garden Centre 02519,CHAIN19,Canadian Demo Retail Chain 19,Regina,SK,CA,S4P 3Y8,ST019,Regina,2519,Salesperson 019,Retail,2026-01-01,2026-09-20T12:00:00
S02520,Demo Garden Centre 02520,CHAIN20,Canadian Demo Retail Chain 20,Whitehorse,YT,CA,Y1A 2C9,ST020,Whitehorse,2520,Salesperson 020,Retail,2026-01-01,2026-09-20T12:00:00
S02521,Demo Garden Centre 02521,CHAIN21,Canadian Demo Retail Chain 21,Calgary,AB,CA,T2P 1J1,ST021,Calgary,2521,Salesperson 021,Retail,2026-01-01,2026-09-20T12:00:00
S02522,Demo Garden Centre 02522,CHAIN22,Canadian Demo Retail Chain 22,Edmonton,AB,CA,T5J 0N2,ST022,Edmonton,2522,Salesperson 022,Retail,2026-01-01,2026-09-20T12:00:00
S02523,Demo Garden Centre 02523,CHAIN23,Canadian Demo Retail Chain 23,Vancouver,BC,CA,V6B 2W3,ST023,Vancouver,2523,Salesperson 023,Retail,2026-01-01,2026-09-20T12:00:00
S02524,Demo Garden Centre 02524,CHAIN24,Canadian Demo Retail Chain 24,Victoria,BC,CA,V8W 1P4,ST024,Victoria,2524,Salesperson 024,Retail,2026-01-01,2026-09-20T12:00:00
S02525,Demo Garden Centre 02525,CHAIN25,Canadian Demo Retail Chain 25,Winnipeg,MB,CA,R3B 1C5,ST025,Winnipeg,2525,Salesperson 025,Retail,2026-01-01,2026-09-20T12:00:00
S02526,Demo Garden Centre 02526,CHAIN01,Canadian Demo Retail Chain 01,Fredericton,NB,CA,E3B 1B6,ST026,Fredericton,2526,Salesperson 026,Retail,2026-01-01,2026-09-20T12:00:00
S02527,Demo Garden Centre 02527,CHAIN02,Canadian Demo Retail Chain 02,St. John's,NL,CA,A1C 1B7,ST027,St. John's,2527,Salesperson 027,Retail,2026-01-01,2026-09-20T12:00:00
S02528,Demo Garden Centre 02528,CHAIN03,Canadian Demo Retail Chain 03,Halifax,NS,CA,B3J 1M8,ST028,Halifax,2528,Salesperson 028,Retail,2026-01-01,2026-09-20T12:00:00
S02529,Demo Garden Centre 02529,CHAIN04,Canadian Demo Retail Chain 04,Toronto,ON,CA,M5H 2N9,ST029,Toronto,2529,Salesperson 029,Retail,2026-01-01,2026-09-20T12:00:00
S02530,Demo Garden Centre 02530,CHAIN05,Canadian Demo Retail Chain 05,Ottawa,ON,CA,K1P 1J1,ST030,Ottawa,2530,Salesperson 030,Retail,2026-01-01,2026-09-20T12:00:00
S02531,Demo Garden Centre 02531,CHAIN06,Canadian Demo Retail Chain 06,London,ON,CA,N6A 3K2,ST031,London,2531,Salesperson 031,Retail,2026-01-01,2026-09-20T12:00:00
S02532,Demo Garden Centre 02532,CHAIN07,Canadian Demo Retail Chain 07,Thunder Bay,ON,CA,P7B 5E3,ST032,Thunder Bay,2532,Salesperson 032,Retail,2026-01-01,2026-09-20T12:00:00
S02533,Demo Garden Centre 02533,CHAIN08,Canadian Demo Retail Chain 08,Charlottetown,PE,CA,C1A 1A4,ST033,Charlottetown,2533,Salesperson 033,Retail,2026-01-01,2026-09-20T12:00:00
S02534,Demo Garden Centre 02534,CHAIN09,Canadian Demo Retail Chain 09,Montreal,QC,CA,H2Y 1C5,ST034,Montreal,2534,Salesperson 034,Retail,2026-01-01,2026-09-20T12:00:00
S02535,Demo Garden Centre 02535,CHAIN10,Canadian Demo Retail Chain 10,Quebec City,QC,CA,G1R 4P6,ST035,Quebec City,2535,Salesperson 035,Retail,2026-01-01,2026-09-20T12:00:00
S02536,Demo Garden Centre 02536,CHAIN11,Canadian Demo Retail Chain 11,Saskatoon,SK,CA,S7K 1J7,ST036,Saskatoon,2536,Salesperson 036,Retail,2026-01-01,2026-09-20T12:00:00
S02537,Demo Garden Centre 02537,CHAIN12,Canadian Demo Retail Chain 12,Regina,SK,CA,S4P 3Y8,ST037,Regina,2537,Salesperson 037,Retail,2026-01-01,2026-09-20T12:00:00
S02538,Demo Garden Centre 02538,CHAIN13,Canadian Demo Retail Chain 13,Whitehorse,YT,CA,Y1A 2C9,ST038,Whitehorse,2538,Salesperson 038,Retail,2026-01-01,2026-09-20T12:00:00
S02539,Demo Garden Centre 02539,CHAIN14,Canadian Demo Retail Chain 14,Calgary,AB,CA,T2P 1J1,ST039,Calgary,2539,Salesperson 039,Retail,2026-01-01,2026-09-20T12:00:00
S02540,Demo Garden Centre 02540,CHAIN15,Canadian Demo Retail Chain 15,Edmonton,AB,CA,T5J 0N2,ST040,Edmonton,2540,Salesperson 040,Retail,2026-01-01,2026-09-20T12:00:00
S02541,Demo Garden Centre 02541,CHAIN16,Canadian Demo Retail Chain 16,Vancouver,BC,CA,V6B 2W3,ST041,Vancouver,2541,Salesperson 041,Retail,2026-01-01,2026-09-20T12:00:00
S02542,Demo Garden Centre 02542,CHAIN17,Canadian Demo Retail Chain 17,Victoria,BC,CA,V8W 1P4,ST042,Victoria,2542,Salesperson 042,Retail,2026-01-01,2026-09-20T12:00:00
S02543,Demo Garden Centre 02543,CHAIN18,Canadian Demo Retail Chain 18,Winnipeg,MB,CA,R3B 1C5,ST043,Winnipeg,2543,Salesperson 043,Retail,2026-01-01,2026-09-20T12:00:00
S02544,Demo Garden Centre 02544,CHAIN19,Canadian Demo Retail Chain 19,Fredericton,NB,CA,E3B 1B6,ST044,Fredericton,2544,Salesperson 044,Retail,2026-01-01,2026-09-20T12:00:00
S02545,Demo Garden Centre 02545,CHAIN20,Canadian Demo Retail Chain 20,St. John's,NL,CA,A1C 1B7,ST045,St. John's,2545,Salesperson 045,Retail,2026-01-01,2026-09-20T12:00:00
S02546,Demo Garden Centre 02546,CHAIN21,Canadian Demo Retail Chain 21,Halifax,NS,CA,B3J 1M8,ST046,Halifax,2546,Salesperson 046,Retail,2026-01-01,2026-09-20T12:00:00
S02547,Demo Garden Centre 02547,CHAIN22,Canadian Demo Retail Chain 22,Toronto,ON,CA,M5H 2N9,ST047,Toronto,2547,Salesperson 047,Retail,2026-01-01,2026-09-20T12:00:00
S02548,Demo Garden Centre 02548,CHAIN23,Canadian Demo Retail Chain 23,Ottawa,ON,CA,K1P 1J1,ST048,Ottawa,2548,Salesperson 048,Retail,2026-01-01,2026-09-20T12:00:00
S02549,Demo Garden Centre 02549,CHAIN24,Canadian Demo Retail Chain 24,London,ON,CA,N6A 3K2,ST049,London,2549,Salesperson 049,Retail,2026-01-01,2026-09-20T12:00:00
S02550,Demo Garden Centre 02550,CHAIN25,Canadian Demo Retail Chain 25,Thunder Bay,ON,CA,P7B 5E3,ST050,Thunder Bay,2550,Salesperson 050,Retail,2026-01-01,2026-09-20T12:00:00
S02551,Demo Garden Centre 02551,CHAIN01,Canadian Demo Retail Chain 01,Charlottetown,PE,CA,C1A 1A4,ST051,Charlottetown,2551,Salesperson 051,Retail,2026-01-01,2026-09-20T12:00:00
S02552,Demo Garden Centre 02552,CHAIN02,Canadian Demo Retail Chain 02,Montreal,QC,CA,H2Y 1C5,ST052,Montreal,2552,Salesperson 052,Retail,2026-01-01,2026-09-20T12:00:00
S02553,Demo Garden Centre 02553,CHAIN03,Canadian Demo Retail Chain 03,Quebec City,QC,CA,G1R 4P6,ST053,Quebec City,2553,Salesperson 053,Retail,2026-01-01,2026-09-20T12:00:00
S02554,Demo Garden Centre 02554,CHAIN04,Canadian Demo Retail Chain 04,Saskatoon,SK,CA,S7K 1J7,ST054,Saskatoon,2554,Salesperson 054,Retail,2026-01-01,2026-09-20T12:00:00
S02555,Demo Garden Centre 02555,CHAIN05,Canadian Demo Retail Chain 05,Regina,SK,CA,S4P 3Y8,ST055,Regina,2555,Salesperson 055,Retail,2026-01-01,2026-09-20T12:00:00
S02556,Demo Garden Centre 02556,CHAIN06,Canadian Demo Retail Chain 06,Whitehorse,YT,CA,Y1A 2C9,ST056,Whitehorse,2556,Salesperson 056,Retail,2026-01-01,2026-09-20T12:00:00
S02557,Demo Garden Centre 02557,CHAIN07,Canadian Demo Retail Chain 07,Calgary,AB,CA,T2P 1J1,ST057,Calgary,2557,Salesperson 057,Retail,2026-01-01,2026-09-20T12:00:00
S02558,Demo Garden Centre 02558,CHAIN08,Canadian Demo Retail Chain 08,Edmonton,AB,CA,T5J 0N2,ST058,Edmonton,2558,Salesperson 058,Retail,2026-01-01,2026-09-20T12:00:00
S02559,Demo Garden Centre 02559,CHAIN09,Canadian Demo Retail Chain 09,Vancouver,BC,CA,V6B 2W3,ST059,Vancouver,2559,Salesperson 059,Retail,2026-01-01,2026-09-20T12:00:00
S02560,Demo Garden Centre 02560,CHAIN10,Canadian Demo Retail Chain 10,Victoria,BC,CA,V8W 1P4,ST060,Victoria,2560,Salesperson 060,Retail,2026-01-01,2026-09-20T12:00:00
S02561,Demo Garden Centre 02561,CHAIN11,Canadian Demo Retail Chain 11,Winnipeg,MB,CA,R3B 1C5,ST061,Winnipeg,2561,Salesperson 061,Retail,2026-01-01,2026-09-20T12:00:00
S02562,Demo Garden Centre 02562,CHAIN12,Canadian Demo Retail Chain 12,Fredericton,NB,CA,E3B 1B6,ST062,Fredericton,2562,Salesperson 062,Retail,2026-01-01,2026-09-20T12:00:00
S02563,Demo Garden Centre 02563,CHAIN13,Canadian Demo Retail Chain 13,St. John's,NL,CA,A1C 1B7,ST063,St. John's,2563,Salesperson 063,Retail,2026-01-01,2026-09-20T12:00:00
S02564,Demo Garden Centre 02564,CHAIN14,Canadian Demo Retail Chain 14,Halifax,NS,CA,B3J 1M8,ST064,Halifax,2564,Salesperson 064,Retail,2026-01-01,2026-09-20T12:00:00
S02565,Demo Garden Centre 02565,CHAIN15,Canadian Demo Retail Chain 15,Toronto,ON,CA,M5H 2N9,ST065,Toronto,2565,Salesperson 065,Retail,2026-01-01,2026-09-20T12:00:00
S02566,Demo Garden Centre 02566,CHAIN16,Canadian Demo Retail Chain 16,Ottawa,ON,CA,K1P 1J1,ST066,Ottawa,2566,Salesperson 066,Retail,2026-01-01,2026-09-20T12:00:00
S02567,Demo Garden Centre 02567,CHAIN17,Canadian Demo Retail Chain 17,London,ON,CA,N6A 3K2,ST067,London,2567,Salesperson 067,Retail,2026-01-01,2026-09-20T12:00:00
S02568,Demo Garden Centre 02568,CHAIN18,Canadian Demo Retail Chain 18,Thunder Bay,ON,CA,P7B 5E3,ST068,Thunder Bay,2568,Salesperson 068,Retail,2026-01-01,2026-09-20T12:00:00
S02569,Demo Garden Centre 02569,CHAIN19,Canadian Demo Retail Chain 19,Charlottetown,PE,CA,C1A 1A4,ST069,Charlottetown,2569,Salesperson 069,Retail,2026-01-01,2026-09-20T12:00:00
S02570,Demo Garden Centre 02570,CHAIN20,Canadian Demo Retail Chain 20,Montreal,QC,CA,H2Y 1C5,ST070,Montreal,2570,Salesperson 070,Retail,2026-01-01,2026-09-20T12:00:00
S02571,Demo Garden Centre 02571,CHAIN21,Canadian Demo Retail Chain 21,Quebec City,QC,CA,G1R 4P6,ST071,Quebec City,2571,Salesperson 071,Retail,2026-01-01,2026-09-20T12:00:00
S02572,Demo Garden Centre 02572,CHAIN22,Canadian Demo Retail Chain 22,Saskatoon,SK,CA,S7K 1J7,ST072,Saskatoon,2572,Salesperson 072,Retail,2026-01-01,2026-09-20T12:00:00
S02573,Demo Garden Centre 02573,CHAIN23,Canadian Demo Retail Chain 23,Regina,SK,CA,S4P 3Y8,ST073,Regina,2573,Salesperson 073,Retail,2026-01-01,2026-09-20T12:00:00
S02574,Demo Garden Centre 02574,CHAIN24,Canadian Demo Retail Chain 24,Whitehorse,YT,CA,Y1A 2C9,ST074,Whitehorse,2574,Salesperson 074,Retail,2026-01-01,2026-09-20T12:00:00
S02575,Demo Garden Centre 02575,CHAIN25,Canadian Demo Retail Chain 25,Calgary,AB,CA,T2P 1J1,ST075,Calgary,2575,Salesperson 075,Retail,2026-01-01,2026-09-20T12:00:00
S02576,Demo Garden Centre 02576,CHAIN01,Canadian Demo Retail Chain 01,Edmonton,AB,CA,T5J 0N2,ST076,Edmonton,2576,Salesperson 076,Retail,2026-01-01,2026-09-20T12:00:00
S02577,Demo Garden Centre 02577,CHAIN02,Canadian Demo Retail Chain 02,Vancouver,BC,CA,V6B 2W3,ST077,Vancouver,2577,Salesperson 077,Retail,2026-01-01,2026-09-20T12:00:00
S02578,Demo Garden Centre 02578,CHAIN03,Canadian Demo Retail Chain 03,Victoria,BC,CA,V8W 1P4,ST078,Victoria,2578,Salesperson 078,Retail,2026-01-01,2026-09-20T12:00:00
S02579,Demo Garden Centre 02579,CHAIN04,Canadian Demo Retail Chain 04,Winnipeg,MB,CA,R3B 1C5,ST079,Winnipeg,2579,Salesperson 079,Retail,2026-01-01,2026-09-20T12:00:00
S02580,Demo Garden Centre 02580,CHAIN05,Canadian Demo Retail Chain 05,Fredericton,NB,CA,E3B 1B6,ST080,Fredericton,2580,Salesperson 080,Retail,2026-01-01,2026-09-20T12:00:00
S02581,Demo Garden Centre 02581,CHAIN06,Canadian Demo Retail Chain 06,St. John's,NL,CA,A1C 1B7,ST081,St. John's,2581,Salesperson 081,Retail,2026-01-01,2026-09-20T12:00:00
S02582,Demo Garden Centre 02582,CHAIN07,Canadian Demo Retail Chain 07,Halifax,NS,CA,B3J 1M8,ST082,Halifax,2582,Salesperson 082,Retail,2026-01-01,2026-09-20T12:00:00
S02583,Demo Garden Centre 02583,CHAIN08,Canadian Demo Retail Chain 08,Toronto,ON,CA,M5H 2N9,ST083,Toronto,2583,Salesperson 083,Retail,2026-01-01,2026-09-20T12:00:00
S02584,Demo Garden Centre 02584,CHAIN09,Canadian Demo Retail Chain 09,Ottawa,ON,CA,K1P 1J1,ST084,Ottawa,2584,Salesperson 084,Retail,2026-01-01,2026-09-20T12:00:00
S02585,Demo Garden Centre 02585,CHAIN10,Canadian Demo Retail Chain 10,London,ON,CA,N6A 3K2,ST085,London,2585,Salesperson 085,Retail,2026-01-01,2026-09-20T12:00:00
S02586,Demo Garden Centre 02586,CHAIN11,Canadian Demo Retail Chain 11,Thunder Bay,ON,CA,P7B 5E3,ST086,Thunder Bay,2586,Salesperson 086,Retail,2026-01-01,2026-09-20T12:00:00
S02587,Demo Garden Centre 02587,CHAIN12,Canadian Demo Retail Chain 12,Charlottetown,PE,CA,C1A 1A4,ST087,Charlottetown,2587,Salesperson 087,Retail,2026-01-01,2026-09-20T12:00:00
S02588,Demo Garden Centre 02588,CHAIN13,Canadian Demo Retail Chain 13,Montreal,QC,CA,H2Y 1C5,ST088,Montreal,2588,Salesperson 088,Retail,2026-01-01,2026-09-20T12:00:00
S02589,Demo Garden Centre 02589,CHAIN14,Canadian Demo Retail Chain 14,Quebec City,QC,CA,G1R 4P6,ST089,Quebec City,2589,Salesperson 089,Retail,2026-01-01,2026-09-20T12:00:00
S02590,Demo Garden Centre 02590,CHAIN15,Canadian Demo Retail Chain 15,Saskatoon,SK,CA,S7K 1J7,ST090,Saskatoon,2590,Salesperson 090,Retail,2026-01-01,2026-09-20T12:00:00
S02591,Demo Garden Centre 02591,CHAIN16,Canadian Demo Retail Chain 16,Regina,SK,CA,S4P 3Y8,ST091,Regina,2591,Salesperson 091,Retail,2026-01-01,2026-09-20T12:00:00
S02592,Demo Garden Centre 02592,CHAIN17,Canadian Demo Retail Chain 17,Whitehorse,YT,CA,Y1A 2C9,ST092,Whitehorse,2592,Salesperson 092,Retail,2026-01-01,2026-09-20T12:00:00
S02593,Demo Garden Centre 02593,CHAIN18,Canadian Demo Retail Chain 18,Calgary,AB,CA,T2P 1J1,ST093,Calgary,2593,Salesperson 093,Retail,2026-01-01,2026-09-20T12:00:00
S02594,Demo Garden Centre 02594,CHAIN19,Canadian Demo Retail Chain 19,Edmonton,AB,CA,T5J 0N2,ST094,Edmonton,2594,Salesperson 094,Retail,2026-01-01,2026-09-20T12:00:00
S02595,Demo Garden Centre 02595,CHAIN20,Canadian Demo Retail Chain 20,Vancouver,BC,CA,V6B 2W3,ST095,Vancouver,2595,Salesperson 095,Retail,2026-01-01,2026-09-20T12:00:00
S02596,Demo Garden Centre 02596,CHAIN21,Canadian Demo Retail Chain 21,Victoria,BC,CA,V8W 1P4,ST096,Victoria,2596,Salesperson 096,Retail,2026-01-01,2026-09-20T12:00:00
S02597,Demo Garden Centre 02597,CHAIN22,Canadian Demo Retail Chain 22,Winnipeg,MB,CA,R3B 1C5,ST097,Winnipeg,2597,Salesperson 097,Retail,2026-01-01,2026-09-20T12:00:00
S02598,Demo Garden Centre 02598,CHAIN23,Canadian Demo Retail Chain 23,Fredericton,NB,CA,E3B 1B6,ST098,Fredericton,2598,Salesperson 098,Retail,2026-01-01,2026-09-20T12:00:00
S02599,Demo Garden Centre 02599,CHAIN24,Canadian Demo Retail Chain 24,St. John's,NL,CA,A1C 1B7,ST099,St. John's,2599,Salesperson 099,Retail,2026-01-01,2026-09-20T12:00:00
S02600,Demo Garden Centre 02600,CHAIN25,Canadian Demo Retail Chain 25,Halifax,NS,CA,B3J 1M8,ST100,Halifax,2600,Salesperson 100,Retail,2026-01-01,2026-09-20T12:00:00
S02601,Demo Garden Centre 02601,CHAIN01,Canadian Demo Retail Chain 01,Toronto,ON,CA,M5H 2N9,ST001,Toronto,2601,Salesperson 101,Retail,2026-01-01,2026-09-20T12:00:00
S02602,Demo Garden Centre 02602,CHAIN02,Canadian Demo Retail Chain 02,Ottawa,ON,CA,K1P 1J1,ST002,Ottawa,2602,Salesperson 102,Retail,2026-01-01,2026-09-20T12:00:00
S02603,Demo Garden Centre 02603,CHAIN03,Canadian Demo Retail Chain 03,London,ON,CA,N6A 3K2,ST003,London,2603,Salesperson 103,Retail,2026-01-01,2026-09-20T12:00:00
S02604,Demo Garden Centre 02604,CHAIN04,Canadian Demo Retail Chain 04,Thunder Bay,ON,CA,P7B 5E3,ST004,Thunder Bay,2604,Salesperson 104,Retail,2026-01-01,2026-09-20T12:00:00
S02605,Demo Garden Centre 02605,CHAIN05,Canadian Demo Retail Chain 05,Charlottetown,PE,CA,C1A 1A4,ST005,Charlottetown,2605,Salesperson 105,Retail,2026-01-01,2026-09-20T12:00:00
S02606,Demo Garden Centre 02606,CHAIN06,Canadian Demo Retail Chain 06,Montreal,QC,CA,H2Y 1C5,ST006,Montreal,2606,Salesperson 106,Retail,2026-01-01,2026-09-20T12:00:00
S02607,Demo Garden Centre 02607,CHAIN07,Canadian Demo Retail Chain 07,Quebec City,QC,CA,G1R 4P6,ST007,Quebec City,2607,Salesperson 107,Retail,2026-01-01,2026-09-20T12:00:00
S02608,Demo Garden Centre 02608,CHAIN08,Canadian Demo Retail Chain 08,Saskatoon,SK,CA,S7K 1J7,ST008,Saskatoon,2608,Salesperson 108,Retail,2026-01-01,2026-09-20T12:00:00
S02609,Demo Garden Centre 02609,CHAIN09,Canadian Demo Retail Chain 09,Regina,SK,CA,S4P 3Y8,ST009,Regina,2609,Salesperson 109,Retail,2026-01-01,2026-09-20T12:00:00
S02610,Demo Garden Centre 02610,CHAIN10,Canadian Demo Retail Chain 10,Whitehorse,YT,CA,Y1A 2C9,ST010,Whitehorse,2610,Salesperson 110,Retail,2026-01-01,2026-09-20T12:00:00
S02611,Demo Garden Centre 02611,CHAIN11,Canadian Demo Retail Chain 11,Calgary,AB,CA,T2P 1J1,ST011,Calgary,2611,Salesperson 111,Retail,2026-01-01,2026-09-20T12:00:00
S02612,Demo Garden Centre 02612,CHAIN12,Canadian Demo Retail Chain 12,Edmonton,AB,CA,T5J 0N2,ST012,Edmonton,2612,Salesperson 112,Retail,2026-01-01,2026-09-20T12:00:00
S02613,Demo Garden Centre 02613,CHAIN13,Canadian Demo Retail Chain 13,Vancouver,BC,CA,V6B 2W3,ST013,Vancouver,2613,Salesperson 113,Retail,2026-01-01,2026-09-20T12:00:00
S02614,Demo Garden Centre 02614,CHAIN14,Canadian Demo Retail Chain 14,Victoria,BC,CA,V8W 1P4,ST014,Victoria,2614,Salesperson 114,Retail,2026-01-01,2026-09-20T12:00:00
S02615,Demo Garden Centre 02615,CHAIN15,Canadian Demo Retail Chain 15,Winnipeg,MB,CA,R3B 1C5,ST015,Winnipeg,2615,Salesperson 115,Retail,2026-01-01,2026-09-20T12:00:00
S02616,Demo Garden Centre 02616,CHAIN16,Canadian Demo Retail Chain 16,Fredericton,NB,CA,E3B 1B6,ST016,Fredericton,2616,Salesperson 116,Retail,2026-01-01,2026-09-20T12:00:00
S02617,Demo Garden Centre 02617,CHAIN17,Canadian Demo Retail Chain 17,St. John's,NL,CA,A1C 1B7,ST017,St. John's,2617,Salesperson 117,Retail,2026-01-01,2026-09-20T12:00:00
S02618,Demo Garden Centre 02618,CHAIN18,Canadian Demo Retail Chain 18,Halifax,NS,CA,B3J 1M8,ST018,Halifax,2618,Salesperson 118,Retail,2026-01-01,2026-09-20T12:00:00
S02619,Demo Garden Centre 02619,CHAIN19,Canadian Demo Retail Chain 19,Toronto,ON,CA,M5H 2N9,ST019,Toronto,2619,Salesperson 119,Retail,2026-01-01,2026-09-20T12:00:00
S02620,Demo Garden Centre 02620,CHAIN20,Canadian Demo Retail Chain 20,Ottawa,ON,CA,K1P 1J1,ST020,Ottawa,2620,Salesperson 120,Retail,2026-01-01,2026-09-20T12:00:00
S02621,Demo Garden Centre 02621,CHAIN21,Canadian Demo Retail Chain 21,London,ON,CA,N6A 3K2,ST021,London,2621,Salesperson 121,Retail,2026-01-01,2026-09-20T12:00:00
S02622,Demo Garden Centre 02622,CHAIN22,Canadian Demo Retail Chain 22,Thunder Bay,ON,CA,P7B 5E3,ST022,Thunder Bay,2622,Salesperson 122,Retail,2026-01-01,2026-09-20T12:00:00
S02623,Demo Garden Centre 02623,CHAIN23,Canadian Demo Retail Chain 23,Charlottetown,PE,CA,C1A 1A4,ST023,Charlottetown,2623,Salesperson 123,Retail,2026-01-01,2026-09-20T12:00:00
S02624,Demo Garden Centre 02624,CHAIN24,Canadian Demo Retail Chain 24,Montreal,QC,CA,H2Y 1C5,ST024,Montreal,2624,Salesperson 124,Retail,2026-01-01,2026-09-20T12:00:00
S02625,Demo Garden Centre 02625,CHAIN25,Canadian Demo Retail Chain 25,Quebec City,QC,CA,G1R 4P6,ST025,Quebec City,2625,Salesperson 125,Retail,2026-01-01,2026-09-20T12:00:00
S02626,Demo Garden Centre 02626,CHAIN01,Canadian Demo Retail Chain 01,Saskatoon,SK,CA,S7K 1J7,ST026,Saskatoon,2626,Salesperson 126,Retail,2026-01-01,2026-09-20T12:00:00
S02627,Demo Garden Centre 02627,CHAIN02,Canadian Demo Retail Chain 02,Regina,SK,CA,S4P 3Y8,ST027,Regina,2627,Salesperson 127,Retail,2026-01-01,2026-09-20T12:00:00
S02628,Demo Garden Centre 02628,CHAIN03,Canadian Demo Retail Chain 03,Whitehorse,YT,CA,Y1A 2C9,ST028,Whitehorse,2628,Salesperson 128,Retail,2026-01-01,2026-09-20T12:00:00
S02629,Demo Garden Centre 02629,CHAIN04,Canadian Demo Retail Chain 04,Calgary,AB,CA,T2P 1J1,ST029,Calgary,2629,Salesperson 129,Retail,2026-01-01,2026-09-20T12:00:00
S02630,Demo Garden Centre 02630,CHAIN05,Canadian Demo Retail Chain 05,Edmonton,AB,CA,T5J 0N2,ST030,Edmonton,2630,Salesperson 130,Retail,2026-01-01,2026-09-20T12:00:00
S02631,Demo Garden Centre 02631,CHAIN06,Canadian Demo Retail Chain 06,Vancouver,BC,CA,V6B 2W3,ST031,Vancouver,2631,Salesperson 131,Retail,2026-01-01,2026-09-20T12:00:00
S02632,Demo Garden Centre 02632,CHAIN07,Canadian Demo Retail Chain 07,Victoria,BC,CA,V8W 1P4,ST032,Victoria,2632,Salesperson 132,Retail,2026-01-01,2026-09-20T12:00:00
S02633,Demo Garden Centre 02633,CHAIN08,Canadian Demo Retail Chain 08,Winnipeg,MB,CA,R3B 1C5,ST033,Winnipeg,2633,Salesperson 133,Retail,2026-01-01,2026-09-20T12:00:00
S02634,Demo Garden Centre 02634,CHAIN09,Canadian Demo Retail Chain 09,Fredericton,NB,CA,E3B 1B6,ST034,Fredericton,2634,Salesperson 134,Retail,2026-01-01,2026-09-20T12:00:00
S02635,Demo Garden Centre 02635,CHAIN10,Canadian Demo Retail Chain 10,St. John's,NL,CA,A1C 1B7,ST035,St. John's,2635,Salesperson 135,Retail,2026-01-01,2026-09-20T12:00:00
S02636,Demo Garden Centre 02636,CHAIN11,Canadian Demo Retail Chain 11,Halifax,NS,CA,B3J 1M8,ST036,Halifax,2636,Salesperson 136,Retail,2026-01-01,2026-09-20T12:00:00
S02637,Demo Garden Centre 02637,CHAIN12,Canadian Demo Retail Chain 12,Toronto,ON,CA,M5H 2N9,ST037,Toronto,2637,Salesperson 137,Retail,2026-01-01,2026-09-20T12:00:00
S02638,Demo Garden Centre 02638,CHAIN13,Canadian Demo Retail Chain 13,Ottawa,ON,CA,K1P 1J1,ST038,Ottawa,2638,Salesperson 138,Retail,2026-01-01,2026-09-20T12:00:00
S02639,Demo Garden Centre 02639,CHAIN14,Canadian Demo Retail Chain 14,London,ON,CA,N6A 3K2,ST039,London,2639,Salesperson 139,Retail,2026-01-01,2026-09-20T12:00:00
S02640,Demo Garden Centre 02640,CHAIN15,Canadian Demo Retail Chain 15,Thunder Bay,ON,CA,P7B 5E3,ST040,Thunder Bay,2640,Salesperson 140,Retail,2026-01-01,2026-09-20T12:00:00
S02641,Demo Garden Centre 02641,CHAIN16,Canadian Demo Retail Chain 16,Charlottetown,PE,CA,C1A 1A4,ST041,Charlottetown,2641,Salesperson 141,Retail,2026-01-01,2026-09-20T12:00:00
S02642,Demo Garden Centre 02642,CHAIN17,Canadian Demo Retail Chain 17,Montreal,QC,CA,H2Y 1C5,ST042,Montreal,2642,Salesperson 142,Retail,2026-01-01,2026-09-20T12:00:00
S02643,Demo Garden Centre 02643,CHAIN18,Canadian Demo Retail Chain 18,Quebec City,QC,CA,G1R 4P6,ST043,Quebec City,2643,Salesperson 143,Retail,2026-01-01,2026-09-20T12:00:00
S02644,Demo Garden Centre 02644,CHAIN19,Canadian Demo Retail Chain 19,Saskatoon,SK,CA,S7K 1J7,ST044,Saskatoon,2644,Salesperson 144,Retail,2026-01-01,2026-09-20T12:00:00
S02645,Demo Garden Centre 02645,CHAIN20,Canadian Demo Retail Chain 20,Regina,SK,CA,S4P 3Y8,ST045,Regina,2645,Salesperson 145,Retail,2026-01-01,2026-09-20T12:00:00
S02646,Demo Garden Centre 02646,CHAIN21,Canadian Demo Retail Chain 21,Whitehorse,YT,CA,Y1A 2C9,ST046,Whitehorse,2646,Salesperson 146,Retail,2026-01-01,2026-09-20T12:00:00
S02647,Demo Garden Centre 02647,CHAIN22,Canadian Demo Retail Chain 22,Calgary,AB,CA,T2P 1J1,ST047,Calgary,2647,Salesperson 147,Retail,2026-01-01,2026-09-20T12:00:00
S02648,Demo Garden Centre 02648,CHAIN23,Canadian Demo Retail Chain 23,Edmonton,AB,CA,T5J 0N2,ST048,Edmonton,2648,Salesperson 148,Retail,2026-01-01,2026-09-20T12:00:00
S02649,Demo Garden Centre 02649,CHAIN24,Canadian Demo Retail Chain 24,Vancouver,BC,CA,V6B 2W3,ST049,Vancouver,2649,Salesperson 149,Retail,2026-01-01,2026-09-20T12:00:00
S02650,Demo Garden Centre 02650,CHAIN25,Canadian Demo Retail Chain 25,Victoria,BC,CA,V8W 1P4,ST050,Victoria,2650,Salesperson 150,Retail,2026-01-01,2026-09-20T12:00:00
S02651,Demo Garden Centre 02651,CHAIN01,Canadian Demo Retail Chain 01,Winnipeg,MB,CA,R3B 1C5,ST051,Winnipeg,2651,Salesperson 151,Retail,2026-01-01,2026-09-20T12:00:00
S02652,Demo Garden Centre 02652,CHAIN02,Canadian Demo Retail Chain 02,Fredericton,NB,CA,E3B 1B6,ST052,Fredericton,2652,Salesperson 152,Retail,2026-01-01,2026-09-20T12:00:00
S02653,Demo Garden Centre 02653,CHAIN03,Canadian Demo Retail Chain 03,St. John's,NL,CA,A1C 1B7,ST053,St. John's,2653,Salesperson 153,Retail,2026-01-01,2026-09-20T12:00:00
S02654,Demo Garden Centre 02654,CHAIN04,Canadian Demo Retail Chain 04,Halifax,NS,CA,B3J 1M8,ST054,Halifax,2654,Salesperson 154,Retail,2026-01-01,2026-09-20T12:00:00
S02655,Demo Garden Centre 02655,CHAIN05,Canadian Demo Retail Chain 05,Toronto,ON,CA,M5H 2N9,ST055,Toronto,2655,Salesperson 155,Retail,2026-01-01,2026-09-20T12:00:00
S02656,Demo Garden Centre 02656,CHAIN06,Canadian Demo Retail Chain 06,Ottawa,ON,CA,K1P 1J1,ST056,Ottawa,2656,Salesperson 156,Retail,2026-01-01,2026-09-20T12:00:00
S02657,Demo Garden Centre 02657,CHAIN07,Canadian Demo Retail Chain 07,London,ON,CA,N6A 3K2,ST057,London,2657,Salesperson 157,Retail,2026-01-01,2026-09-20T12:00:00
S02658,Demo Garden Centre 02658,CHAIN08,Canadian Demo Retail Chain 08,Thunder Bay,ON,CA,P7B 5E3,ST058,Thunder Bay,2658,Salesperson 158,Retail,2026-01-01,2026-09-20T12:00:00
S02659,Demo Garden Centre 02659,CHAIN09,Canadian Demo Retail Chain 09,Charlottetown,PE,CA,C1A 1A4,ST059,Charlottetown,2659,Salesperson 159,Retail,2026-01-01,2026-09-20T12:00:00
S02660,Demo Garden Centre 02660,CHAIN10,Canadian Demo Retail Chain 10,Montreal,QC,CA,H2Y 1C5,ST060,Montreal,2660,Salesperson 160,Retail,2026-01-01,2026-09-20T12:00:00
S02661,Demo Garden Centre 02661,CHAIN11,Canadian Demo Retail Chain 11,Quebec City,QC,CA,G1R 4P6,ST061,Quebec City,2661,Salesperson 161,Retail,2026-01-01,2026-09-20T12:00:00
S02662,Demo Garden Centre 02662,CHAIN12,Canadian Demo Retail Chain 12,Saskatoon,SK,CA,S7K 1J7,ST062,Saskatoon,2662,Salesperson 162,Retail,2026-01-01,2026-09-20T12:00:00
S02663,Demo Garden Centre 02663,CHAIN13,Canadian Demo Retail Chain 13,Regina,SK,CA,S4P 3Y8,ST063,Regina,2663,Salesperson 163,Retail,2026-01-01,2026-09-20T12:00:00
S02664,Demo Garden Centre 02664,CHAIN14,Canadian Demo Retail Chain 14,Whitehorse,YT,CA,Y1A 2C9,ST064,Whitehorse,2664,Salesperson 164,Retail,2026-01-01,2026-09-20T12:00:00
S02665,Demo Garden Centre 02665,CHAIN15,Canadian Demo Retail Chain 15,Calgary,AB,CA,T2P 1J1,ST065,Calgary,2665,Salesperson 165,Retail,2026-01-01,2026-09-20T12:00:00
S02666,Demo Garden Centre 02666,CHAIN16,Canadian Demo Retail Chain 16,Edmonton,AB,CA,T5J 0N2,ST066,Edmonton,2666,Salesperson 166,Retail,2026-01-01,2026-09-20T12:00:00
S02667,Demo Garden Centre 02667,CHAIN17,Canadian Demo Retail Chain 17,Vancouver,BC,CA,V6B 2W3,ST067,Vancouver,2667,Salesperson 167,Retail,2026-01-01,2026-09-20T12:00:00
S02668,Demo Garden Centre 02668,CHAIN18,Canadian Demo Retail Chain 18,Victoria,BC,CA,V8W 1P4,ST068,Victoria,2668,Salesperson 168,Retail,2026-01-01,2026-09-20T12:00:00
S02669,Demo Garden Centre 02669,CHAIN19,Canadian Demo Retail Chain 19,Winnipeg,MB,CA,R3B 1C5,ST069,Winnipeg,2669,Salesperson 169,Retail,2026-01-01,2026-09-20T12:00:00
S02670,Demo Garden Centre 02670,CHAIN20,Canadian Demo Retail Chain 20,Fredericton,NB,CA,E3B 1B6,ST070,Fredericton,2670,Salesperson 170,Retail,2026-01-01,2026-09-20T12:00:00
S02671,Demo Garden Centre 02671,CHAIN21,Canadian Demo Retail Chain 21,St. John's,NL,CA,A1C 1B7,ST071,St. John's,2671,Salesperson 171,Retail,2026-01-01,2026-09-20T12:00:00
S02672,Demo Garden Centre 02672,CHAIN22,Canadian Demo Retail Chain 22,Halifax,NS,CA,B3J 1M8,ST072,Halifax,2672,Salesperson 172,Retail,2026-01-01,2026-09-20T12:00:00
S02673,Demo Garden Centre 02673,CHAIN23,Canadian Demo Retail Chain 23,Toronto,ON,CA,M5H 2N9,ST073,Toronto,2673,Salesperson 173,Retail,2026-01-01,2026-09-20T12:00:00
S02674,Demo Garden Centre 02674,CHAIN24,Canadian Demo Retail Chain 24,Ottawa,ON,CA,K1P 1J1,ST074,Ottawa,2674,Salesperson 174,Retail,2026-01-01,2026-09-20T12:00:00
S02675,Demo Garden Centre 02675,CHAIN25,Canadian Demo Retail Chain 25,London,ON,CA,N6A 3K2,ST075,London,2675,Salesperson 175,Retail,2026-01-01,2026-09-20T12:00:00
S02676,Demo Garden Centre 02676,CHAIN01,Canadian Demo Retail Chain 01,Thunder Bay,ON,CA,P7B 5E3,ST076,Thunder Bay,2676,Salesperson 176,Retail,2026-01-01,2026-09-20T12:00:00
S02677,Demo Garden Centre 02677,CHAIN02,Canadian Demo Retail Chain 02,Charlottetown,PE,CA,C1A 1A4,ST077,Charlottetown,2677,Salesperson 177,Retail,2026-01-01,2026-09-20T12:00:00
S02678,Demo Garden Centre 02678,CHAIN03,Canadian Demo Retail Chain 03,Montreal,QC,CA,H2Y 1C5,ST078,Montreal,2678,Salesperson 178,Retail,2026-01-01,2026-09-20T12:00:00
S02679,Demo Garden Centre 02679,CHAIN04,Canadian Demo Retail Chain 04,Quebec City,QC,CA,G1R 4P6,ST079,Quebec City,2679,Salesperson 179,Retail,2026-01-01,2026-09-20T12:00:00
S02680,Demo Garden Centre 02680,CHAIN05,Canadian Demo Retail Chain 05,Saskatoon,SK,CA,S7K 1J7,ST080,Saskatoon,2680,Salesperson 180,Retail,2026-01-01,2026-09-20T12:00:00
S02681,Demo Garden Centre 02681,CHAIN06,Canadian Demo Retail Chain 06,Regina,SK,CA,S4P 3Y8,ST081,Regina,2681,Salesperson 181,Retail,2026-01-01,2026-09-20T12:00:00
S02682,Demo Garden Centre 02682,CHAIN07,Canadian Demo Retail Chain 07,Whitehorse,YT,CA,Y1A 2C9,ST082,Whitehorse,2682,Salesperson 182,Retail,2026-01-01,2026-09-20T12:00:00
S02683,Demo Garden Centre 02683,CHAIN08,Canadian Demo Retail Chain 08,Calgary,AB,CA,T2P 1J1,ST083,Calgary,2683,Salesperson 183,Retail,2026-01-01,2026-09-20T12:00:00
S02684,Demo Garden Centre 02684,CHAIN09,Canadian Demo Retail Chain 09,Edmonton,AB,CA,T5J 0N2,ST084,Edmonton,2684,Salesperson 184,Retail,2026-01-01,2026-09-20T12:00:00
S02685,Demo Garden Centre 02685,CHAIN10,Canadian Demo Retail Chain 10,Vancouver,BC,CA,V6B 2W3,ST085,Vancouver,2685,Salesperson 185,Retail,2026-01-01,2026-09-20T12:00:00
S02686,Demo Garden Centre 02686,CHAIN11,Canadian Demo Retail Chain 11,Victoria,BC,CA,V8W 1P4,ST086,Victoria,2686,Salesperson 186,Retail,2026-01-01,2026-09-20T12:00:00
S02687,Demo Garden Centre 02687,CHAIN12,Canadian Demo Retail Chain 12,Winnipeg,MB,CA,R3B 1C5,ST087,Winnipeg,2687,Salesperson 187,Retail,2026-01-01,2026-09-20T12:00:00
S02688,Demo Garden Centre 02688,CHAIN13,Canadian Demo Retail Chain 13,Fredericton,NB,CA,E3B 1B6,ST088,Fredericton,2688,Salesperson 188,Retail,2026-01-01,2026-09-20T12:00:00
S02689,Demo Garden Centre 02689,CHAIN14,Canadian Demo Retail Chain 14,St. John's,NL,CA,A1C 1B7,ST089,St. John's,2689,Salesperson 189,Retail,2026-01-01,2026-09-20T12:00:00
S02690,Demo Garden Centre 02690,CHAIN15,Canadian Demo Retail Chain 15,Halifax,NS,CA,B3J 1M8,ST090,Halifax,2690,Salesperson 190,Retail,2026-01-01,2026-09-20T12:00:00
S02691,Demo Garden Centre 02691,CHAIN16,Canadian Demo Retail Chain 16,Toronto,ON,CA,M5H 2N9,ST091,Toronto,2691,Salesperson 191,Retail,2026-01-01,2026-09-20T12:00:00
S02692,Demo Garden Centre 02692,CHAIN17,Canadian Demo Retail Chain 17,Ottawa,ON,CA,K1P 1J1,ST092,Ottawa,2692,Salesperson 192,Retail,2026-01-01,2026-09-20T12:00:00
S02693,Demo Garden Centre 02693,CHAIN18,Canadian Demo Retail Chain 18,London,ON,CA,N6A 3K2,ST093,London,2693,Salesperson 193,Retail,2026-01-01,2026-09-20T12:00:00
S02694,Demo Garden Centre 02694,CHAIN19,Canadian Demo Retail Chain 19,Thunder Bay,ON,CA,P7B 5E3,ST094,Thunder Bay,2694,Salesperson 194,Retail,2026-01-01,2026-09-20T12:00:00
S02695,Demo Garden Centre 02695,CHAIN20,Canadian Demo Retail Chain 20,Charlottetown,PE,CA,C1A 1A4,ST095,Charlottetown,2695,Salesperson 195,Retail,2026-01-01,2026-09-20T12:00:00
S02696,Demo Garden Centre 02696,CHAIN21,Canadian Demo Retail Chain 21,Montreal,QC,CA,H2Y 1C5,ST096,Montreal,2696,Salesperson 196,Retail,2026-01-01,2026-09-20T12:00:00
S02697,Demo Garden Centre 02697,CHAIN22,Canadian Demo Retail Chain 22,Quebec City,QC,CA,G1R 4P6,ST097,Quebec City,2697,Salesperson 197,Retail,2026-01-01,2026-09-20T12:00:00
S02698,Demo Garden Centre 02698,CHAIN23,Canadian Demo Retail Chain 23,Saskatoon,SK,CA,S7K 1J7,ST098,Saskatoon,2698,Salesperson 198,Retail,2026-01-01,2026-09-20T12:00:00
S02699,Demo Garden Centre 02699,CHAIN24,Canadian Demo Retail Chain 24,Regina,SK,CA,S4P 3Y8,ST099,Regina,2699,Salesperson 199,Retail,2026-01-01,2026-09-20T12:00:00
S02700,Demo Garden Centre 02700,CHAIN25,Canadian Demo Retail Chain 25,Whitehorse,YT,CA,Y1A 2C9,ST100,Whitehorse,2700,Salesperson 200,Retail,2026-01-01,2026-09-20T12:00:00
S02701,Demo Garden Centre 02701,CHAIN01,Canadian Demo Retail Chain 01,Calgary,AB,CA,T2P 1J1,ST001,Calgary,2701,Salesperson 201,Retail,2026-01-01,2026-09-20T12:00:00
S02702,Demo Garden Centre 02702,CHAIN02,Canadian Demo Retail Chain 02,Edmonton,AB,CA,T5J 0N2,ST002,Edmonton,2702,Salesperson 202,Retail,2026-01-01,2026-09-20T12:00:00
S02703,Demo Garden Centre 02703,CHAIN03,Canadian Demo Retail Chain 03,Vancouver,BC,CA,V6B 2W3,ST003,Vancouver,2703,Salesperson 203,Retail,2026-01-01,2026-09-20T12:00:00
S02704,Demo Garden Centre 02704,CHAIN04,Canadian Demo Retail Chain 04,Victoria,BC,CA,V8W 1P4,ST004,Victoria,2704,Salesperson 204,Retail,2026-01-01,2026-09-20T12:00:00
S02705,Demo Garden Centre 02705,CHAIN05,Canadian Demo Retail Chain 05,Winnipeg,MB,CA,R3B 1C5,ST005,Winnipeg,2705,Salesperson 205,Retail,2026-01-01,2026-09-20T12:00:00
S02706,Demo Garden Centre 02706,CHAIN06,Canadian Demo Retail Chain 06,Fredericton,NB,CA,E3B 1B6,ST006,Fredericton,2706,Salesperson 206,Retail,2026-01-01,2026-09-20T12:00:00
S02707,Demo Garden Centre 02707,CHAIN07,Canadian Demo Retail Chain 07,St. John's,NL,CA,A1C 1B7,ST007,St. John's,2707,Salesperson 207,Retail,2026-01-01,2026-09-20T12:00:00
S02708,Demo Garden Centre 02708,CHAIN08,Canadian Demo Retail Chain 08,Halifax,NS,CA,B3J 1M8,ST008,Halifax,2708,Salesperson 208,Retail,2026-01-01,2026-09-20T12:00:00
S02709,Demo Garden Centre 02709,CHAIN09,Canadian Demo Retail Chain 09,Toronto,ON,CA,M5H 2N9,ST009,Toronto,2709,Salesperson 209,Retail,2026-01-01,2026-09-20T12:00:00
S02710,Demo Garden Centre 02710,CHAIN10,Canadian Demo Retail Chain 10,Ottawa,ON,CA,K1P 1J1,ST010,Ottawa,2710,Salesperson 210,Retail,2026-01-01,2026-09-20T12:00:00
S02711,Demo Garden Centre 02711,CHAIN11,Canadian Demo Retail Chain 11,London,ON,CA,N6A 3K2,ST011,London,2711,Salesperson 211,Retail,2026-01-01,2026-09-20T12:00:00
S02712,Demo Garden Centre 02712,CHAIN12,Canadian Demo Retail Chain 12,Thunder Bay,ON,CA,P7B 5E3,ST012,Thunder Bay,2712,Salesperson 212,Retail,2026-01-01,2026-09-20T12:00:00
S02713,Demo Garden Centre 02713,CHAIN13,Canadian Demo Retail Chain 13,Charlottetown,PE,CA,C1A 1A4,ST013,Charlottetown,2713,Salesperson 213,Retail,2026-01-01,2026-09-20T12:00:00
S02714,Demo Garden Centre 02714,CHAIN14,Canadian Demo Retail Chain 14,Montreal,QC,CA,H2Y 1C5,ST014,Montreal,2714,Salesperson 214,Retail,2026-01-01,2026-09-20T12:00:00
S02715,Demo Garden Centre 02715,CHAIN15,Canadian Demo Retail Chain 15,Quebec City,QC,CA,G1R 4P6,ST015,Quebec City,2715,Salesperson 215,Retail,2026-01-01,2026-09-20T12:00:00
S02716,Demo Garden Centre 02716,CHAIN16,Canadian Demo Retail Chain 16,Saskatoon,SK,CA,S7K 1J7,ST016,Saskatoon,2716,Salesperson 216,Retail,2026-01-01,2026-09-20T12:00:00
S02717,Demo Garden Centre 02717,CHAIN17,Canadian Demo Retail Chain 17,Regina,SK,CA,S4P 3Y8,ST017,Regina,2717,Salesperson 217,Retail,2026-01-01,2026-09-20T12:00:00
S02718,Demo Garden Centre 02718,CHAIN18,Canadian Demo Retail Chain 18,Whitehorse,YT,CA,Y1A 2C9,ST018,Whitehorse,2718,Salesperson 218,Retail,2026-01-01,2026-09-20T12:00:00
S02719,Demo Garden Centre 02719,CHAIN19,Canadian Demo Retail Chain 19,Calgary,AB,CA,T2P 1J1,ST019,Calgary,2719,Salesperson 219,Retail,2026-01-01,2026-09-20T12:00:00
S02720,Demo Garden Centre 02720,CHAIN20,Canadian Demo Retail Chain 20,Edmonton,AB,CA,T5J 0N2,ST020,Edmonton,2720,Salesperson 220,Retail,2026-01-01,2026-09-20T12:00:00
S02721,Demo Garden Centre 02721,CHAIN21,Canadian Demo Retail Chain 21,Vancouver,BC,CA,V6B 2W3,ST021,Vancouver,2721,Salesperson 221,Retail,2026-01-01,2026-09-20T12:00:00
S02722,Demo Garden Centre 02722,CHAIN22,Canadian Demo Retail Chain 22,Victoria,BC,CA,V8W 1P4,ST022,Victoria,2722,Salesperson 222,Retail,2026-01-01,2026-09-20T12:00:00
S02723,Demo Garden Centre 02723,CHAIN23,Canadian Demo Retail Chain 23,Winnipeg,MB,CA,R3B 1C5,ST023,Winnipeg,2723,Salesperson 223,Retail,2026-01-01,2026-09-20T12:00:00
S02724,Demo Garden Centre 02724,CHAIN24,Canadian Demo Retail Chain 24,Fredericton,NB,CA,E3B 1B6,ST024,Fredericton,2724,Salesperson 224,Retail,2026-01-01,2026-09-20T12:00:00
S02725,Demo Garden Centre 02725,CHAIN25,Canadian Demo Retail Chain 25,St. John's,NL,CA,A1C 1B7,ST025,St. John's,2725,Salesperson 225,Retail,2026-01-01,2026-09-20T12:00:00
S02726,Demo Garden Centre 02726,CHAIN01,Canadian Demo Retail Chain 01,Halifax,NS,CA,B3J 1M8,ST026,Halifax,2726,Salesperson 226,Retail,2026-01-01,2026-09-20T12:00:00
S02727,Demo Garden Centre 02727,CHAIN02,Canadian Demo Retail Chain 02,Toronto,ON,CA,M5H 2N9,ST027,Toronto,2727,Salesperson 227,Retail,2026-01-01,2026-09-20T12:00:00
S02728,Demo Garden Centre 02728,CHAIN03,Canadian Demo Retail Chain 03,Ottawa,ON,CA,K1P 1J1,ST028,Ottawa,2728,Salesperson 228,Retail,2026-01-01,2026-09-20T12:00:00
S02729,Demo Garden Centre 02729,CHAIN04,Canadian Demo Retail Chain 04,London,ON,CA,N6A 3K2,ST029,London,2729,Salesperson 229,Retail,2026-01-01,2026-09-20T12:00:00
S02730,Demo Garden Centre 02730,CHAIN05,Canadian Demo Retail Chain 05,Thunder Bay,ON,CA,P7B 5E3,ST030,Thunder Bay,2730,Salesperson 230,Retail,2026-01-01,2026-09-20T12:00:00
S02731,Demo Garden Centre 02731,CHAIN06,Canadian Demo Retail Chain 06,Charlottetown,PE,CA,C1A 1A4,ST031,Charlottetown,2731,Salesperson 231,Retail,2026-01-01,2026-09-20T12:00:00
S02732,Demo Garden Centre 02732,CHAIN07,Canadian Demo Retail Chain 07,Montreal,QC,CA,H2Y 1C5,ST032,Montreal,2732,Salesperson 232,Retail,2026-01-01,2026-09-20T12:00:00
S02733,Demo Garden Centre 02733,CHAIN08,Canadian Demo Retail Chain 08,Quebec City,QC,CA,G1R 4P6,ST033,Quebec City,2733,Salesperson 233,Retail,2026-01-01,2026-09-20T12:00:00
S02734,Demo Garden Centre 02734,CHAIN09,Canadian Demo Retail Chain 09,Saskatoon,SK,CA,S7K 1J7,ST034,Saskatoon,2734,Salesperson 234,Retail,2026-01-01,2026-09-20T12:00:00
S02735,Demo Garden Centre 02735,CHAIN10,Canadian Demo Retail Chain 10,Regina,SK,CA,S4P 3Y8,ST035,Regina,2735,Salesperson 235,Retail,2026-01-01,2026-09-20T12:00:00
S02736,Demo Garden Centre 02736,CHAIN11,Canadian Demo Retail Chain 11,Whitehorse,YT,CA,Y1A 2C9,ST036,Whitehorse,2736,Salesperson 236,Retail,2026-01-01,2026-09-20T12:00:00
S02737,Demo Garden Centre 02737,CHAIN12,Canadian Demo Retail Chain 12,Calgary,AB,CA,T2P 1J1,ST037,Calgary,2737,Salesperson 237,Retail,2026-01-01,2026-09-20T12:00:00
S02738,Demo Garden Centre 02738,CHAIN13,Canadian Demo Retail Chain 13,Edmonton,AB,CA,T5J 0N2,ST038,Edmonton,2738,Salesperson 238,Retail,2026-01-01,2026-09-20T12:00:00
S02739,Demo Garden Centre 02739,CHAIN14,Canadian Demo Retail Chain 14,Vancouver,BC,CA,V6B 2W3,ST039,Vancouver,2739,Salesperson 239,Retail,2026-01-01,2026-09-20T12:00:00
S02740,Demo Garden Centre 02740,CHAIN15,Canadian Demo Retail Chain 15,Victoria,BC,CA,V8W 1P4,ST040,Victoria,2740,Salesperson 240,Retail,2026-01-01,2026-09-20T12:00:00
S02741,Demo Garden Centre 02741,CHAIN16,Canadian Demo Retail Chain 16,Winnipeg,MB,CA,R3B 1C5,ST041,Winnipeg,2741,Salesperson 241,Retail,2026-01-01,2026-09-20T12:00:00
S02742,Demo Garden Centre 02742,CHAIN17,Canadian Demo Retail Chain 17,Fredericton,NB,CA,E3B 1B6,ST042,Fredericton,2742,Salesperson 242,Retail,2026-01-01,2026-09-20T12:00:00
S02743,Demo Garden Centre 02743,CHAIN18,Canadian Demo Retail Chain 18,St. John's,NL,CA,A1C 1B7,ST043,St. John's,2743,Salesperson 243,Retail,2026-01-01,2026-09-20T12:00:00
S02744,Demo Garden Centre 02744,CHAIN19,Canadian Demo Retail Chain 19,Halifax,NS,CA,B3J 1M8,ST044,Halifax,2744,Salesperson 244,Retail,2026-01-01,2026-09-20T12:00:00
S02745,Demo Garden Centre 02745,CHAIN20,Canadian Demo Retail Chain 20,Toronto,ON,CA,M5H 2N9,ST045,Toronto,2745,Salesperson 245,Retail,2026-01-01,2026-09-20T12:00:00
S02746,Demo Garden Centre 02746,CHAIN21,Canadian Demo Retail Chain 21,Ottawa,ON,CA,K1P 1J1,ST046,Ottawa,2746,Salesperson 246,Retail,2026-01-01,2026-09-20T12:00:00
S02747,Demo Garden Centre 02747,CHAIN22,Canadian Demo Retail Chain 22,London,ON,CA,N6A 3K2,ST047,London,2747,Salesperson 247,Retail,2026-01-01,2026-09-20T12:00:00
S02748,Demo Garden Centre 02748,CHAIN23,Canadian Demo Retail Chain 23,Thunder Bay,ON,CA,P7B 5E3,ST048,Thunder Bay,2748,Salesperson 248,Retail,2026-01-01,2026-09-20T12:00:00
S02749,Demo Garden Centre 02749,CHAIN24,Canadian Demo Retail Chain 24,Charlottetown,PE,CA,C1A 1A4,ST049,Charlottetown,2749,Salesperson 249,Retail,2026-01-01,2026-09-20T12:00:00
S02750,Demo Garden Centre 02750,CHAIN25,Canadian Demo Retail Chain 25,Montreal,QC,CA,H2Y 1C5,ST050,Montreal,2750,Salesperson 250,Retail,2026-01-01,2026-09-20T12:00:00
S02751,Demo Garden Centre 02751,CHAIN01,Canadian Demo Retail Chain 01,Quebec City,QC,CA,G1R 4P6,ST051,Quebec City,2751,Salesperson 001,Retail,2026-01-01,2026-09-20T12:00:00
S02752,Demo Garden Centre 02752,CHAIN02,Canadian Demo Retail Chain 02,Saskatoon,SK,CA,S7K 1J7,ST052,Saskatoon,2752,Salesperson 002,Retail,2026-01-01,2026-09-20T12:00:00
S02753,Demo Garden Centre 02753,CHAIN03,Canadian Demo Retail Chain 03,Regina,SK,CA,S4P 3Y8,ST053,Regina,2753,Salesperson 003,Retail,2026-01-01,2026-09-20T12:00:00
S02754,Demo Garden Centre 02754,CHAIN04,Canadian Demo Retail Chain 04,Whitehorse,YT,CA,Y1A 2C9,ST054,Whitehorse,2754,Salesperson 004,Retail,2026-01-01,2026-09-20T12:00:00
S02755,Demo Garden Centre 02755,CHAIN05,Canadian Demo Retail Chain 05,Calgary,AB,CA,T2P 1J1,ST055,Calgary,2755,Salesperson 005,Retail,2026-01-01,2026-09-20T12:00:00
S02756,Demo Garden Centre 02756,CHAIN06,Canadian Demo Retail Chain 06,Edmonton,AB,CA,T5J 0N2,ST056,Edmonton,2756,Salesperson 006,Retail,2026-01-01,2026-09-20T12:00:00
S02757,Demo Garden Centre 02757,CHAIN07,Canadian Demo Retail Chain 07,Vancouver,BC,CA,V6B 2W3,ST057,Vancouver,2757,Salesperson 007,Retail,2026-01-01,2026-09-20T12:00:00
S02758,Demo Garden Centre 02758,CHAIN08,Canadian Demo Retail Chain 08,Victoria,BC,CA,V8W 1P4,ST058,Victoria,2758,Salesperson 008,Retail,2026-01-01,2026-09-20T12:00:00
S02759,Demo Garden Centre 02759,CHAIN09,Canadian Demo Retail Chain 09,Winnipeg,MB,CA,R3B 1C5,ST059,Winnipeg,2759,Salesperson 009,Retail,2026-01-01,2026-09-20T12:00:00
S02760,Demo Garden Centre 02760,CHAIN10,Canadian Demo Retail Chain 10,Fredericton,NB,CA,E3B 1B6,ST060,Fredericton,2760,Salesperson 010,Retail,2026-01-01,2026-09-20T12:00:00
S02761,Demo Garden Centre 02761,CHAIN11,Canadian Demo Retail Chain 11,St. John's,NL,CA,A1C 1B7,ST061,St. John's,2761,Salesperson 011,Retail,2026-01-01,2026-09-20T12:00:00
S02762,Demo Garden Centre 02762,CHAIN12,Canadian Demo Retail Chain 12,Halifax,NS,CA,B3J 1M8,ST062,Halifax,2762,Salesperson 012,Retail,2026-01-01,2026-09-20T12:00:00
S02763,Demo Garden Centre 02763,CHAIN13,Canadian Demo Retail Chain 13,Toronto,ON,CA,M5H 2N9,ST063,Toronto,2763,Salesperson 013,Retail,2026-01-01,2026-09-20T12:00:00
S02764,Demo Garden Centre 02764,CHAIN14,Canadian Demo Retail Chain 14,Ottawa,ON,CA,K1P 1J1,ST064,Ottawa,2764,Salesperson 014,Retail,2026-01-01,2026-09-20T12:00:00
S02765,Demo Garden Centre 02765,CHAIN15,Canadian Demo Retail Chain 15,London,ON,CA,N6A 3K2,ST065,London,2765,Salesperson 015,Retail,2026-01-01,2026-09-20T12:00:00
S02766,Demo Garden Centre 02766,CHAIN16,Canadian Demo Retail Chain 16,Thunder Bay,ON,CA,P7B 5E3,ST066,Thunder Bay,2766,Salesperson 016,Retail,2026-01-01,2026-09-20T12:00:00
S02767,Demo Garden Centre 02767,CHAIN17,Canadian Demo Retail Chain 17,Charlottetown,PE,CA,C1A 1A4,ST067,Charlottetown,2767,Salesperson 017,Retail,2026-01-01,2026-09-20T12:00:00
S02768,Demo Garden Centre 02768,CHAIN18,Canadian Demo Retail Chain 18,Montreal,QC,CA,H2Y 1C5,ST068,Montreal,2768,Salesperson 018,Retail,2026-01-01,2026-09-20T12:00:00
S02769,Demo Garden Centre 02769,CHAIN19,Canadian Demo Retail Chain 19,Quebec City,QC,CA,G1R 4P6,ST069,Quebec City,2769,Salesperson 019,Retail,2026-01-01,2026-09-20T12:00:00
S02770,Demo Garden Centre 02770,CHAIN20,Canadian Demo Retail Chain 20,Saskatoon,SK,CA,S7K 1J7,ST070,Saskatoon,2770,Salesperson 020,Retail,2026-01-01,2026-09-20T12:00:00
S02771,Demo Garden Centre 02771,CHAIN21,Canadian Demo Retail Chain 21,Regina,SK,CA,S4P 3Y8,ST071,Regina,2771,Salesperson 021,Retail,2026-01-01,2026-09-20T12:00:00
S02772,Demo Garden Centre 02772,CHAIN22,Canadian Demo Retail Chain 22,Whitehorse,YT,CA,Y1A 2C9,ST072,Whitehorse,2772,Salesperson 022,Retail,2026-01-01,2026-09-20T12:00:00
S02773,Demo Garden Centre 02773,CHAIN23,Canadian Demo Retail Chain 23,Calgary,AB,CA,T2P 1J1,ST073,Calgary,2773,Salesperson 023,Retail,2026-01-01,2026-09-20T12:00:00
S02774,Demo Garden Centre 02774,CHAIN24,Canadian Demo Retail Chain 24,Edmonton,AB,CA,T5J 0N2,ST074,Edmonton,2774,Salesperson 024,Retail,2026-01-01,2026-09-20T12:00:00
S02775,Demo Garden Centre 02775,CHAIN25,Canadian Demo Retail Chain 25,Vancouver,BC,CA,V6B 2W3,ST075,Vancouver,2775,Salesperson 025,Retail,2026-01-01,2026-09-20T12:00:00
S02776,Demo Garden Centre 02776,CHAIN01,Canadian Demo Retail Chain 01,Victoria,BC,CA,V8W 1P4,ST076,Victoria,2776,Salesperson 026,Retail,2026-01-01,2026-09-20T12:00:00
S02777,Demo Garden Centre 02777,CHAIN02,Canadian Demo Retail Chain 02,Winnipeg,MB,CA,R3B 1C5,ST077,Winnipeg,2777,Salesperson 027,Retail,2026-01-01,2026-09-20T12:00:00
S02778,Demo Garden Centre 02778,CHAIN03,Canadian Demo Retail Chain 03,Fredericton,NB,CA,E3B 1B6,ST078,Fredericton,2778,Salesperson 028,Retail,2026-01-01,2026-09-20T12:00:00
S02779,Demo Garden Centre 02779,CHAIN04,Canadian Demo Retail Chain 04,St. John's,NL,CA,A1C 1B7,ST079,St. John's,2779,Salesperson 029,Retail,2026-01-01,2026-09-20T12:00:00
S02780,Demo Garden Centre 02780,CHAIN05,Canadian Demo Retail Chain 05,Halifax,NS,CA,B3J 1M8,ST080,Halifax,2780,Salesperson 030,Retail,2026-01-01,2026-09-20T12:00:00
S02781,Demo Garden Centre 02781,CHAIN06,Canadian Demo Retail Chain 06,Toronto,ON,CA,M5H 2N9,ST081,Toronto,2781,Salesperson 031,Retail,2026-01-01,2026-09-20T12:00:00
S02782,Demo Garden Centre 02782,CHAIN07,Canadian Demo Retail Chain 07,Ottawa,ON,CA,K1P 1J1,ST082,Ottawa,2782,Salesperson 032,Retail,2026-01-01,2026-09-20T12:00:00
S02783,Demo Garden Centre 02783,CHAIN08,Canadian Demo Retail Chain 08,London,ON,CA,N6A 3K2,ST083,London,2783,Salesperson 033,Retail,2026-01-01,2026-09-20T12:00:00
S02784,Demo Garden Centre 02784,CHAIN09,Canadian Demo Retail Chain 09,Thunder Bay,ON,CA,P7B 5E3,ST084,Thunder Bay,2784,Salesperson 034,Retail,2026-01-01,2026-09-20T12:00:00
S02785,Demo Garden Centre 02785,CHAIN10,Canadian Demo Retail Chain 10,Charlottetown,PE,CA,C1A 1A4,ST085,Charlottetown,2785,Salesperson 035,Retail,2026-01-01,2026-09-20T12:00:00
S02786,Demo Garden Centre 02786,CHAIN11,Canadian Demo Retail Chain 11,Montreal,QC,CA,H2Y 1C5,ST086,Montreal,2786,Salesperson 036,Retail,2026-01-01,2026-09-20T12:00:00
S02787,Demo Garden Centre 02787,CHAIN12,Canadian Demo Retail Chain 12,Quebec City,QC,CA,G1R 4P6,ST087,Quebec City,2787,Salesperson 037,Retail,2026-01-01,2026-09-20T12:00:00
S02788,Demo Garden Centre 02788,CHAIN13,Canadian Demo Retail Chain 13,Saskatoon,SK,CA,S7K 1J7,ST088,Saskatoon,2788,Salesperson 038,Retail,2026-01-01,2026-09-20T12:00:00
S02789,Demo Garden Centre 02789,CHAIN14,Canadian Demo Retail Chain 14,Regina,SK,CA,S4P 3Y8,ST089,Regina,2789,Salesperson 039,Retail,2026-01-01,2026-09-20T12:00:00
S02790,Demo Garden Centre 02790,CHAIN15,Canadian Demo Retail Chain 15,Whitehorse,YT,CA,Y1A 2C9,ST090,Whitehorse,2790,Salesperson 040,Retail,2026-01-01,2026-09-20T12:00:00
S02791,Demo Garden Centre 02791,CHAIN16,Canadian Demo Retail Chain 16,Calgary,AB,CA,T2P 1J1,ST091,Calgary,2791,Salesperson 041,Retail,2026-01-01,2026-09-20T12:00:00
S02792,Demo Garden Centre 02792,CHAIN17,Canadian Demo Retail Chain 17,Edmonton,AB,CA,T5J 0N2,ST092,Edmonton,2792,Salesperson 042,Retail,2026-01-01,2026-09-20T12:00:00
S02793,Demo Garden Centre 02793,CHAIN18,Canadian Demo Retail Chain 18,Vancouver,BC,CA,V6B 2W3,ST093,Vancouver,2793,Salesperson 043,Retail,2026-01-01,2026-09-20T12:00:00
S02794,Demo Garden Centre 02794,CHAIN19,Canadian Demo Retail Chain 19,Victoria,BC,CA,V8W 1P4,ST094,Victoria,2794,Salesperson 044,Retail,2026-01-01,2026-09-20T12:00:00
S02795,Demo Garden Centre 02795,CHAIN20,Canadian Demo Retail Chain 20,Winnipeg,MB,CA,R3B 1C5,ST095,Winnipeg,2795,Salesperson 045,Retail,2026-01-01,2026-09-20T12:00:00
S02796,Demo Garden Centre 02796,CHAIN21,Canadian Demo Retail Chain 21,Fredericton,NB,CA,E3B 1B6,ST096,Fredericton,2796,Salesperson 046,Retail,2026-01-01,2026-09-20T12:00:00
S02797,Demo Garden Centre 02797,CHAIN22,Canadian Demo Retail Chain 22,St. John's,NL,CA,A1C 1B7,ST097,St. John's,2797,Salesperson 047,Retail,2026-01-01,2026-09-20T12:00:00
S02798,Demo Garden Centre 02798,CHAIN23,Canadian Demo Retail Chain 23,Halifax,NS,CA,B3J 1M8,ST098,Halifax,2798,Salesperson 048,Retail,2026-01-01,2026-09-20T12:00:00
S02799,Demo Garden Centre 02799,CHAIN24,Canadian Demo Retail Chain 24,Toronto,ON,CA,M5H 2N9,ST099,Toronto,2799,Salesperson 049,Retail,2026-01-01,2026-09-20T12:00:00
S02800,Demo Garden Centre 02800,CHAIN25,Canadian Demo Retail Chain 25,Ottawa,ON,CA,K1P 1J1,ST100,Ottawa,2800,Salesperson 050,Retail,2026-01-01,2026-09-20T12:00:00
S02801,Demo Garden Centre 02801,CHAIN01,Canadian Demo Retail Chain 01,London,ON,CA,N6A 3K2,ST001,London,2801,Salesperson 051,Retail,2026-01-01,2026-09-20T12:00:00
S02802,Demo Garden Centre 02802,CHAIN02,Canadian Demo Retail Chain 02,Thunder Bay,ON,CA,P7B 5E3,ST002,Thunder Bay,2802,Salesperson 052,Retail,2026-01-01,2026-09-20T12:00:00
S02803,Demo Garden Centre 02803,CHAIN03,Canadian Demo Retail Chain 03,Charlottetown,PE,CA,C1A 1A4,ST003,Charlottetown,2803,Salesperson 053,Retail,2026-01-01,2026-09-20T12:00:00
S02804,Demo Garden Centre 02804,CHAIN04,Canadian Demo Retail Chain 04,Montreal,QC,CA,H2Y 1C5,ST004,Montreal,2804,Salesperson 054,Retail,2026-01-01,2026-09-20T12:00:00
S02805,Demo Garden Centre 02805,CHAIN05,Canadian Demo Retail Chain 05,Quebec City,QC,CA,G1R 4P6,ST005,Quebec City,2805,Salesperson 055,Retail,2026-01-01,2026-09-20T12:00:00
S02806,Demo Garden Centre 02806,CHAIN06,Canadian Demo Retail Chain 06,Saskatoon,SK,CA,S7K 1J7,ST006,Saskatoon,2806,Salesperson 056,Retail,2026-01-01,2026-09-20T12:00:00
S02807,Demo Garden Centre 02807,CHAIN07,Canadian Demo Retail Chain 07,Regina,SK,CA,S4P 3Y8,ST007,Regina,2807,Salesperson 057,Retail,2026-01-01,2026-09-20T12:00:00
S02808,Demo Garden Centre 02808,CHAIN08,Canadian Demo Retail Chain 08,Whitehorse,YT,CA,Y1A 2C9,ST008,Whitehorse,2808,Salesperson 058,Retail,2026-01-01,2026-09-20T12:00:00
S02809,Demo Garden Centre 02809,CHAIN09,Canadian Demo Retail Chain 09,Calgary,AB,CA,T2P 1J1,ST009,Calgary,2809,Salesperson 059,Retail,2026-01-01,2026-09-20T12:00:00
S02810,Demo Garden Centre 02810,CHAIN10,Canadian Demo Retail Chain 10,Edmonton,AB,CA,T5J 0N2,ST010,Edmonton,2810,Salesperson 060,Retail,2026-01-01,2026-09-20T12:00:00
S02811,Demo Garden Centre 02811,CHAIN11,Canadian Demo Retail Chain 11,Vancouver,BC,CA,V6B 2W3,ST011,Vancouver,2811,Salesperson 061,Retail,2026-01-01,2026-09-20T12:00:00
S02812,Demo Garden Centre 02812,CHAIN12,Canadian Demo Retail Chain 12,Victoria,BC,CA,V8W 1P4,ST012,Victoria,2812,Salesperson 062,Retail,2026-01-01,2026-09-20T12:00:00
S02813,Demo Garden Centre 02813,CHAIN13,Canadian Demo Retail Chain 13,Winnipeg,MB,CA,R3B 1C5,ST013,Winnipeg,2813,Salesperson 063,Retail,2026-01-01,2026-09-20T12:00:00
S02814,Demo Garden Centre 02814,CHAIN14,Canadian Demo Retail Chain 14,Fredericton,NB,CA,E3B 1B6,ST014,Fredericton,2814,Salesperson 064,Retail,2026-01-01,2026-09-20T12:00:00
S02815,Demo Garden Centre 02815,CHAIN15,Canadian Demo Retail Chain 15,St. John's,NL,CA,A1C 1B7,ST015,St. John's,2815,Salesperson 065,Retail,2026-01-01,2026-09-20T12:00:00
S02816,Demo Garden Centre 02816,CHAIN16,Canadian Demo Retail Chain 16,Halifax,NS,CA,B3J 1M8,ST016,Halifax,2816,Salesperson 066,Retail,2026-01-01,2026-09-20T12:00:00
S02817,Demo Garden Centre 02817,CHAIN17,Canadian Demo Retail Chain 17,Toronto,ON,CA,M5H 2N9,ST017,Toronto,2817,Salesperson 067,Retail,2026-01-01,2026-09-20T12:00:00
S02818,Demo Garden Centre 02818,CHAIN18,Canadian Demo Retail Chain 18,Ottawa,ON,CA,K1P 1J1,ST018,Ottawa,2818,Salesperson 068,Retail,2026-01-01,2026-09-20T12:00:00
S02819,Demo Garden Centre 02819,CHAIN19,Canadian Demo Retail Chain 19,London,ON,CA,N6A 3K2,ST019,London,2819,Salesperson 069,Retail,2026-01-01,2026-09-20T12:00:00
S02820,Demo Garden Centre 02820,CHAIN20,Canadian Demo Retail Chain 20,Thunder Bay,ON,CA,P7B 5E3,ST020,Thunder Bay,2820,Salesperson 070,Retail,2026-01-01,2026-09-20T12:00:00
S02821,Demo Garden Centre 02821,CHAIN21,Canadian Demo Retail Chain 21,Charlottetown,PE,CA,C1A 1A4,ST021,Charlottetown,2821,Salesperson 071,Retail,2026-01-01,2026-09-20T12:00:00
S02822,Demo Garden Centre 02822,CHAIN22,Canadian Demo Retail Chain 22,Montreal,QC,CA,H2Y 1C5,ST022,Montreal,2822,Salesperson 072,Retail,2026-01-01,2026-09-20T12:00:00
S02823,Demo Garden Centre 02823,CHAIN23,Canadian Demo Retail Chain 23,Quebec City,QC,CA,G1R 4P6,ST023,Quebec City,2823,Salesperson 073,Retail,2026-01-01,2026-09-20T12:00:00
S02824,Demo Garden Centre 02824,CHAIN24,Canadian Demo Retail Chain 24,Saskatoon,SK,CA,S7K 1J7,ST024,Saskatoon,2824,Salesperson 074,Retail,2026-01-01,2026-09-20T12:00:00
S02825,Demo Garden Centre 02825,CHAIN25,Canadian Demo Retail Chain 25,Regina,SK,CA,S4P 3Y8,ST025,Regina,2825,Salesperson 075,Retail,2026-01-01,2026-09-20T12:00:00
S02826,Demo Garden Centre 02826,CHAIN01,Canadian Demo Retail Chain 01,Whitehorse,YT,CA,Y1A 2C9,ST026,Whitehorse,2826,Salesperson 076,Retail,2026-01-01,2026-09-20T12:00:00
S02827,Demo Garden Centre 02827,CHAIN02,Canadian Demo Retail Chain 02,Calgary,AB,CA,T2P 1J1,ST027,Calgary,2827,Salesperson 077,Retail,2026-01-01,2026-09-20T12:00:00
S02828,Demo Garden Centre 02828,CHAIN03,Canadian Demo Retail Chain 03,Edmonton,AB,CA,T5J 0N2,ST028,Edmonton,2828,Salesperson 078,Retail,2026-01-01,2026-09-20T12:00:00
S02829,Demo Garden Centre 02829,CHAIN04,Canadian Demo Retail Chain 04,Vancouver,BC,CA,V6B 2W3,ST029,Vancouver,2829,Salesperson 079,Retail,2026-01-01,2026-09-20T12:00:00
S02830,Demo Garden Centre 02830,CHAIN05,Canadian Demo Retail Chain 05,Victoria,BC,CA,V8W 1P4,ST030,Victoria,2830,Salesperson 080,Retail,2026-01-01,2026-09-20T12:00:00
S02831,Demo Garden Centre 02831,CHAIN06,Canadian Demo Retail Chain 06,Winnipeg,MB,CA,R3B 1C5,ST031,Winnipeg,2831,Salesperson 081,Retail,2026-01-01,2026-09-20T12:00:00
S02832,Demo Garden Centre 02832,CHAIN07,Canadian Demo Retail Chain 07,Fredericton,NB,CA,E3B 1B6,ST032,Fredericton,2832,Salesperson 082,Retail,2026-01-01,2026-09-20T12:00:00
S02833,Demo Garden Centre 02833,CHAIN08,Canadian Demo Retail Chain 08,St. John's,NL,CA,A1C 1B7,ST033,St. John's,2833,Salesperson 083,Retail,2026-01-01,2026-09-20T12:00:00
S02834,Demo Garden Centre 02834,CHAIN09,Canadian Demo Retail Chain 09,Halifax,NS,CA,B3J 1M8,ST034,Halifax,2834,Salesperson 084,Retail,2026-01-01,2026-09-20T12:00:00
S02835,Demo Garden Centre 02835,CHAIN10,Canadian Demo Retail Chain 10,Toronto,ON,CA,M5H 2N9,ST035,Toronto,2835,Salesperson 085,Retail,2026-01-01,2026-09-20T12:00:00
S02836,Demo Garden Centre 02836,CHAIN11,Canadian Demo Retail Chain 11,Ottawa,ON,CA,K1P 1J1,ST036,Ottawa,2836,Salesperson 086,Retail,2026-01-01,2026-09-20T12:00:00
S02837,Demo Garden Centre 02837,CHAIN12,Canadian Demo Retail Chain 12,London,ON,CA,N6A 3K2,ST037,London,2837,Salesperson 087,Retail,2026-01-01,2026-09-20T12:00:00
S02838,Demo Garden Centre 02838,CHAIN13,Canadian Demo Retail Chain 13,Thunder Bay,ON,CA,P7B 5E3,ST038,Thunder Bay,2838,Salesperson 088,Retail,2026-01-01,2026-09-20T12:00:00
S02839,Demo Garden Centre 02839,CHAIN14,Canadian Demo Retail Chain 14,Charlottetown,PE,CA,C1A 1A4,ST039,Charlottetown,2839,Salesperson 089,Retail,2026-01-01,2026-09-20T12:00:00
S02840,Demo Garden Centre 02840,CHAIN15,Canadian Demo Retail Chain 15,Montreal,QC,CA,H2Y 1C5,ST040,Montreal,2840,Salesperson 090,Retail,2026-01-01,2026-09-20T12:00:00
S02841,Demo Garden Centre 02841,CHAIN16,Canadian Demo Retail Chain 16,Quebec City,QC,CA,G1R 4P6,ST041,Quebec City,2841,Salesperson 091,Retail,2026-01-01,2026-09-20T12:00:00
S02842,Demo Garden Centre 02842,CHAIN17,Canadian Demo Retail Chain 17,Saskatoon,SK,CA,S7K 1J7,ST042,Saskatoon,2842,Salesperson 092,Retail,2026-01-01,2026-09-20T12:00:00
S02843,Demo Garden Centre 02843,CHAIN18,Canadian Demo Retail Chain 18,Regina,SK,CA,S4P 3Y8,ST043,Regina,2843,Salesperson 093,Retail,2026-01-01,2026-09-20T12:00:00
S02844,Demo Garden Centre 02844,CHAIN19,Canadian Demo Retail Chain 19,Whitehorse,YT,CA,Y1A 2C9,ST044,Whitehorse,2844,Salesperson 094,Retail,2026-01-01,2026-09-20T12:00:00
S02845,Demo Garden Centre 02845,CHAIN20,Canadian Demo Retail Chain 20,Calgary,AB,CA,T2P 1J1,ST045,Calgary,2845,Salesperson 095,Retail,2026-01-01,2026-09-20T12:00:00
S02846,Demo Garden Centre 02846,CHAIN21,Canadian Demo Retail Chain 21,Edmonton,AB,CA,T5J 0N2,ST046,Edmonton,2846,Salesperson 096,Retail,2026-01-01,2026-09-20T12:00:00
S02847,Demo Garden Centre 02847,CHAIN22,Canadian Demo Retail Chain 22,Vancouver,BC,CA,V6B 2W3,ST047,Vancouver,2847,Salesperson 097,Retail,2026-01-01,2026-09-20T12:00:00
S02848,Demo Garden Centre 02848,CHAIN23,Canadian Demo Retail Chain 23,Victoria,BC,CA,V8W 1P4,ST048,Victoria,2848,Salesperson 098,Retail,2026-01-01,2026-09-20T12:00:00
S02849,Demo Garden Centre 02849,CHAIN24,Canadian Demo Retail Chain 24,Winnipeg,MB,CA,R3B 1C5,ST049,Winnipeg,2849,Salesperson 099,Retail,2026-01-01,2026-09-20T12:00:00
S02850,Demo Garden Centre 02850,CHAIN25,Canadian Demo Retail Chain 25,Fredericton,NB,CA,E3B 1B6,ST050,Fredericton,2850,Salesperson 100,Retail,2026-01-01,2026-09-20T12:00:00
S02851,Demo Garden Centre 02851,CHAIN01,Canadian Demo Retail Chain 01,St. John's,NL,CA,A1C 1B7,ST051,St. John's,2851,Salesperson 101,Retail,2026-01-01,2026-09-20T12:00:00
S02852,Demo Garden Centre 02852,CHAIN02,Canadian Demo Retail Chain 02,Halifax,NS,CA,B3J 1M8,ST052,Halifax,2852,Salesperson 102,Retail,2026-01-01,2026-09-20T12:00:00
S02853,Demo Garden Centre 02853,CHAIN03,Canadian Demo Retail Chain 03,Toronto,ON,CA,M5H 2N9,ST053,Toronto,2853,Salesperson 103,Retail,2026-01-01,2026-09-20T12:00:00
S02854,Demo Garden Centre 02854,CHAIN04,Canadian Demo Retail Chain 04,Ottawa,ON,CA,K1P 1J1,ST054,Ottawa,2854,Salesperson 104,Retail,2026-01-01,2026-09-20T12:00:00
S02855,Demo Garden Centre 02855,CHAIN05,Canadian Demo Retail Chain 05,London,ON,CA,N6A 3K2,ST055,London,2855,Salesperson 105,Retail,2026-01-01,2026-09-20T12:00:00
S02856,Demo Garden Centre 02856,CHAIN06,Canadian Demo Retail Chain 06,Thunder Bay,ON,CA,P7B 5E3,ST056,Thunder Bay,2856,Salesperson 106,Retail,2026-01-01,2026-09-20T12:00:00
S02857,Demo Garden Centre 02857,CHAIN07,Canadian Demo Retail Chain 07,Charlottetown,PE,CA,C1A 1A4,ST057,Charlottetown,2857,Salesperson 107,Retail,2026-01-01,2026-09-20T12:00:00
S02858,Demo Garden Centre 02858,CHAIN08,Canadian Demo Retail Chain 08,Montreal,QC,CA,H2Y 1C5,ST058,Montreal,2858,Salesperson 108,Retail,2026-01-01,2026-09-20T12:00:00
S02859,Demo Garden Centre 02859,CHAIN09,Canadian Demo Retail Chain 09,Quebec City,QC,CA,G1R 4P6,ST059,Quebec City,2859,Salesperson 109,Retail,2026-01-01,2026-09-20T12:00:00
S02860,Demo Garden Centre 02860,CHAIN10,Canadian Demo Retail Chain 10,Saskatoon,SK,CA,S7K 1J7,ST060,Saskatoon,2860,Salesperson 110,Retail,2026-01-01,2026-09-20T12:00:00
S02861,Demo Garden Centre 02861,CHAIN11,Canadian Demo Retail Chain 11,Regina,SK,CA,S4P 3Y8,ST061,Regina,2861,Salesperson 111,Retail,2026-01-01,2026-09-20T12:00:00
S02862,Demo Garden Centre 02862,CHAIN12,Canadian Demo Retail Chain 12,Whitehorse,YT,CA,Y1A 2C9,ST062,Whitehorse,2862,Salesperson 112,Retail,2026-01-01,2026-09-20T12:00:00
S02863,Demo Garden Centre 02863,CHAIN13,Canadian Demo Retail Chain 13,Calgary,AB,CA,T2P 1J1,ST063,Calgary,2863,Salesperson 113,Retail,2026-01-01,2026-09-20T12:00:00
S02864,Demo Garden Centre 02864,CHAIN14,Canadian Demo Retail Chain 14,Edmonton,AB,CA,T5J 0N2,ST064,Edmonton,2864,Salesperson 114,Retail,2026-01-01,2026-09-20T12:00:00
S02865,Demo Garden Centre 02865,CHAIN15,Canadian Demo Retail Chain 15,Vancouver,BC,CA,V6B 2W3,ST065,Vancouver,2865,Salesperson 115,Retail,2026-01-01,2026-09-20T12:00:00
S02866,Demo Garden Centre 02866,CHAIN16,Canadian Demo Retail Chain 16,Victoria,BC,CA,V8W 1P4,ST066,Victoria,2866,Salesperson 116,Retail,2026-01-01,2026-09-20T12:00:00
S02867,Demo Garden Centre 02867,CHAIN17,Canadian Demo Retail Chain 17,Winnipeg,MB,CA,R3B 1C5,ST067,Winnipeg,2867,Salesperson 117,Retail,2026-01-01,2026-09-20T12:00:00
S02868,Demo Garden Centre 02868,CHAIN18,Canadian Demo Retail Chain 18,Fredericton,NB,CA,E3B 1B6,ST068,Fredericton,2868,Salesperson 118,Retail,2026-01-01,2026-09-20T12:00:00
S02869,Demo Garden Centre 02869,CHAIN19,Canadian Demo Retail Chain 19,St. John's,NL,CA,A1C 1B7,ST069,St. John's,2869,Salesperson 119,Retail,2026-01-01,2026-09-20T12:00:00
S02870,Demo Garden Centre 02870,CHAIN20,Canadian Demo Retail Chain 20,Halifax,NS,CA,B3J 1M8,ST070,Halifax,2870,Salesperson 120,Retail,2026-01-01,2026-09-20T12:00:00
S02871,Demo Garden Centre 02871,CHAIN21,Canadian Demo Retail Chain 21,Toronto,ON,CA,M5H 2N9,ST071,Toronto,2871,Salesperson 121,Retail,2026-01-01,2026-09-20T12:00:00
S02872,Demo Garden Centre 02872,CHAIN22,Canadian Demo Retail Chain 22,Ottawa,ON,CA,K1P 1J1,ST072,Ottawa,2872,Salesperson 122,Retail,2026-01-01,2026-09-20T12:00:00
S02873,Demo Garden Centre 02873,CHAIN23,Canadian Demo Retail Chain 23,London,ON,CA,N6A 3K2,ST073,London,2873,Salesperson 123,Retail,2026-01-01,2026-09-20T12:00:00
S02874,Demo Garden Centre 02874,CHAIN24,Canadian Demo Retail Chain 24,Thunder Bay,ON,CA,P7B 5E3,ST074,Thunder Bay,2874,Salesperson 124,Retail,2026-01-01,2026-09-20T12:00:00
S02875,Demo Garden Centre 02875,CHAIN25,Canadian Demo Retail Chain 25,Charlottetown,PE,CA,C1A 1A4,ST075,Charlottetown,2875,Salesperson 125,Retail,2026-01-01,2026-09-20T12:00:00
S02876,Demo Garden Centre 02876,CHAIN01,Canadian Demo Retail Chain 01,Montreal,QC,CA,H2Y 1C5,ST076,Montreal,2876,Salesperson 126,Retail,2026-01-01,2026-09-20T12:00:00
S02877,Demo Garden Centre 02877,CHAIN02,Canadian Demo Retail Chain 02,Quebec City,QC,CA,G1R 4P6,ST077,Quebec City,2877,Salesperson 127,Retail,2026-01-01,2026-09-20T12:00:00
S02878,Demo Garden Centre 02878,CHAIN03,Canadian Demo Retail Chain 03,Saskatoon,SK,CA,S7K 1J7,ST078,Saskatoon,2878,Salesperson 128,Retail,2026-01-01,2026-09-20T12:00:00
S02879,Demo Garden Centre 02879,CHAIN04,Canadian Demo Retail Chain 04,Regina,SK,CA,S4P 3Y8,ST079,Regina,2879,Salesperson 129,Retail,2026-01-01,2026-09-20T12:00:00
S02880,Demo Garden Centre 02880,CHAIN05,Canadian Demo Retail Chain 05,Whitehorse,YT,CA,Y1A 2C9,ST080,Whitehorse,2880,Salesperson 130,Retail,2026-01-01,2026-09-20T12:00:00
S02881,Demo Garden Centre 02881,CHAIN06,Canadian Demo Retail Chain 06,Calgary,AB,CA,T2P 1J1,ST081,Calgary,2881,Salesperson 131,Retail,2026-01-01,2026-09-20T12:00:00
S02882,Demo Garden Centre 02882,CHAIN07,Canadian Demo Retail Chain 07,Edmonton,AB,CA,T5J 0N2,ST082,Edmonton,2882,Salesperson 132,Retail,2026-01-01,2026-09-20T12:00:00
S02883,Demo Garden Centre 02883,CHAIN08,Canadian Demo Retail Chain 08,Vancouver,BC,CA,V6B 2W3,ST083,Vancouver,2883,Salesperson 133,Retail,2026-01-01,2026-09-20T12:00:00
S02884,Demo Garden Centre 02884,CHAIN09,Canadian Demo Retail Chain 09,Victoria,BC,CA,V8W 1P4,ST084,Victoria,2884,Salesperson 134,Retail,2026-01-01,2026-09-20T12:00:00
S02885,Demo Garden Centre 02885,CHAIN10,Canadian Demo Retail Chain 10,Winnipeg,MB,CA,R3B 1C5,ST085,Winnipeg,2885,Salesperson 135,Retail,2026-01-01,2026-09-20T12:00:00
S02886,Demo Garden Centre 02886,CHAIN11,Canadian Demo Retail Chain 11,Fredericton,NB,CA,E3B 1B6,ST086,Fredericton,2886,Salesperson 136,Retail,2026-01-01,2026-09-20T12:00:00
S02887,Demo Garden Centre 02887,CHAIN12,Canadian Demo Retail Chain 12,St. John's,NL,CA,A1C 1B7,ST087,St. John's,2887,Salesperson 137,Retail,2026-01-01,2026-09-20T12:00:00
S02888,Demo Garden Centre 02888,CHAIN13,Canadian Demo Retail Chain 13,Halifax,NS,CA,B3J 1M8,ST088,Halifax,2888,Salesperson 138,Retail,2026-01-01,2026-09-20T12:00:00
S02889,Demo Garden Centre 02889,CHAIN14,Canadian Demo Retail Chain 14,Toronto,ON,CA,M5H 2N9,ST089,Toronto,2889,Salesperson 139,Retail,2026-01-01,2026-09-20T12:00:00
S02890,Demo Garden Centre 02890,CHAIN15,Canadian Demo Retail Chain 15,Ottawa,ON,CA,K1P 1J1,ST090,Ottawa,2890,Salesperson 140,Retail,2026-01-01,2026-09-20T12:00:00
S02891,Demo Garden Centre 02891,CHAIN16,Canadian Demo Retail Chain 16,London,ON,CA,N6A 3K2,ST091,London,2891,Salesperson 141,Retail,2026-01-01,2026-09-20T12:00:00
S02892,Demo Garden Centre 02892,CHAIN17,Canadian Demo Retail Chain 17,Thunder Bay,ON,CA,P7B 5E3,ST092,Thunder Bay,2892,Salesperson 142,Retail,2026-01-01,2026-09-20T12:00:00
S02893,Demo Garden Centre 02893,CHAIN18,Canadian Demo Retail Chain 18,Charlottetown,PE,CA,C1A 1A4,ST093,Charlottetown,2893,Salesperson 143,Retail,2026-01-01,2026-09-20T12:00:00
S02894,Demo Garden Centre 02894,CHAIN19,Canadian Demo Retail Chain 19,Montreal,QC,CA,H2Y 1C5,ST094,Montreal,2894,Salesperson 144,Retail,2026-01-01,2026-09-20T12:00:00
S02895,Demo Garden Centre 02895,CHAIN20,Canadian Demo Retail Chain 20,Quebec City,QC,CA,G1R 4P6,ST095,Quebec City,2895,Salesperson 145,Retail,2026-01-01,2026-09-20T12:00:00
S02896,Demo Garden Centre 02896,CHAIN21,Canadian Demo Retail Chain 21,Saskatoon,SK,CA,S7K 1J7,ST096,Saskatoon,2896,Salesperson 146,Retail,2026-01-01,2026-09-20T12:00:00
S02897,Demo Garden Centre 02897,CHAIN22,Canadian Demo Retail Chain 22,Regina,SK,CA,S4P 3Y8,ST097,Regina,2897,Salesperson 147,Retail,2026-01-01,2026-09-20T12:00:00
S02898,Demo Garden Centre 02898,CHAIN23,Canadian Demo Retail Chain 23,Whitehorse,YT,CA,Y1A 2C9,ST098,Whitehorse,2898,Salesperson 148,Retail,2026-01-01,2026-09-20T12:00:00
S02899,Demo Garden Centre 02899,CHAIN24,Canadian Demo Retail Chain 24,Calgary,AB,CA,T2P 1J1,ST099,Calgary,2899,Salesperson 149,Retail,2026-01-01,2026-09-20T12:00:00
S02900,Demo Garden Centre 02900,CHAIN25,Canadian Demo Retail Chain 25,Edmonton,AB,CA,T5J 0N2,ST100,Edmonton,2900,Salesperson 150,Retail,2026-01-01,2026-09-20T12:00:00
S02901,Demo Garden Centre 02901,CHAIN01,Canadian Demo Retail Chain 01,Vancouver,BC,CA,V6B 2W3,ST001,Vancouver,2901,Salesperson 151,Retail,2026-01-01,2026-09-20T12:00:00
S02902,Demo Garden Centre 02902,CHAIN02,Canadian Demo Retail Chain 02,Victoria,BC,CA,V8W 1P4,ST002,Victoria,2902,Salesperson 152,Retail,2026-01-01,2026-09-20T12:00:00
S02903,Demo Garden Centre 02903,CHAIN03,Canadian Demo Retail Chain 03,Winnipeg,MB,CA,R3B 1C5,ST003,Winnipeg,2903,Salesperson 153,Retail,2026-01-01,2026-09-20T12:00:00
S02904,Demo Garden Centre 02904,CHAIN04,Canadian Demo Retail Chain 04,Fredericton,NB,CA,E3B 1B6,ST004,Fredericton,2904,Salesperson 154,Retail,2026-01-01,2026-09-20T12:00:00
S02905,Demo Garden Centre 02905,CHAIN05,Canadian Demo Retail Chain 05,St. John's,NL,CA,A1C 1B7,ST005,St. John's,2905,Salesperson 155,Retail,2026-01-01,2026-09-20T12:00:00
S02906,Demo Garden Centre 02906,CHAIN06,Canadian Demo Retail Chain 06,Halifax,NS,CA,B3J 1M8,ST006,Halifax,2906,Salesperson 156,Retail,2026-01-01,2026-09-20T12:00:00
S02907,Demo Garden Centre 02907,CHAIN07,Canadian Demo Retail Chain 07,Toronto,ON,CA,M5H 2N9,ST007,Toronto,2907,Salesperson 157,Retail,2026-01-01,2026-09-20T12:00:00
S02908,Demo Garden Centre 02908,CHAIN08,Canadian Demo Retail Chain 08,Ottawa,ON,CA,K1P 1J1,ST008,Ottawa,2908,Salesperson 158,Retail,2026-01-01,2026-09-20T12:00:00
S02909,Demo Garden Centre 02909,CHAIN09,Canadian Demo Retail Chain 09,London,ON,CA,N6A 3K2,ST009,London,2909,Salesperson 159,Retail,2026-01-01,2026-09-20T12:00:00
S02910,Demo Garden Centre 02910,CHAIN10,Canadian Demo Retail Chain 10,Thunder Bay,ON,CA,P7B 5E3,ST010,Thunder Bay,2910,Salesperson 160,Retail,2026-01-01,2026-09-20T12:00:00
S02911,Demo Garden Centre 02911,CHAIN11,Canadian Demo Retail Chain 11,Charlottetown,PE,CA,C1A 1A4,ST011,Charlottetown,2911,Salesperson 161,Retail,2026-01-01,2026-09-20T12:00:00
S02912,Demo Garden Centre 02912,CHAIN12,Canadian Demo Retail Chain 12,Montreal,QC,CA,H2Y 1C5,ST012,Montreal,2912,Salesperson 162,Retail,2026-01-01,2026-09-20T12:00:00
S02913,Demo Garden Centre 02913,CHAIN13,Canadian Demo Retail Chain 13,Quebec City,QC,CA,G1R 4P6,ST013,Quebec City,2913,Salesperson 163,Retail,2026-01-01,2026-09-20T12:00:00
S02914,Demo Garden Centre 02914,CHAIN14,Canadian Demo Retail Chain 14,Saskatoon,SK,CA,S7K 1J7,ST014,Saskatoon,2914,Salesperson 164,Retail,2026-01-01,2026-09-20T12:00:00
S02915,Demo Garden Centre 02915,CHAIN15,Canadian Demo Retail Chain 15,Regina,SK,CA,S4P 3Y8,ST015,Regina,2915,Salesperson 165,Retail,2026-01-01,2026-09-20T12:00:00
S02916,Demo Garden Centre 02916,CHAIN16,Canadian Demo Retail Chain 16,Whitehorse,YT,CA,Y1A 2C9,ST016,Whitehorse,2916,Salesperson 166,Retail,2026-01-01,2026-09-20T12:00:00
S02917,Demo Garden Centre 02917,CHAIN17,Canadian Demo Retail Chain 17,Calgary,AB,CA,T2P 1J1,ST017,Calgary,2917,Salesperson 167,Retail,2026-01-01,2026-09-20T12:00:00
S02918,Demo Garden Centre 02918,CHAIN18,Canadian Demo Retail Chain 18,Edmonton,AB,CA,T5J 0N2,ST018,Edmonton,2918,Salesperson 168,Retail,2026-01-01,2026-09-20T12:00:00
S02919,Demo Garden Centre 02919,CHAIN19,Canadian Demo Retail Chain 19,Vancouver,BC,CA,V6B 2W3,ST019,Vancouver,2919,Salesperson 169,Retail,2026-01-01,2026-09-20T12:00:00
S02920,Demo Garden Centre 02920,CHAIN20,Canadian Demo Retail Chain 20,Victoria,BC,CA,V8W 1P4,ST020,Victoria,2920,Salesperson 170,Retail,2026-01-01,2026-09-20T12:00:00
S02921,Demo Garden Centre 02921,CHAIN21,Canadian Demo Retail Chain 21,Winnipeg,MB,CA,R3B 1C5,ST021,Winnipeg,2921,Salesperson 171,Retail,2026-01-01,2026-09-20T12:00:00
S02922,Demo Garden Centre 02922,CHAIN22,Canadian Demo Retail Chain 22,Fredericton,NB,CA,E3B 1B6,ST022,Fredericton,2922,Salesperson 172,Retail,2026-01-01,2026-09-20T12:00:00
S02923,Demo Garden Centre 02923,CHAIN23,Canadian Demo Retail Chain 23,St. John's,NL,CA,A1C 1B7,ST023,St. John's,2923,Salesperson 173,Retail,2026-01-01,2026-09-20T12:00:00
S02924,Demo Garden Centre 02924,CHAIN24,Canadian Demo Retail Chain 24,Halifax,NS,CA,B3J 1M8,ST024,Halifax,2924,Salesperson 174,Retail,2026-01-01,2026-09-20T12:00:00
S02925,Demo Garden Centre 02925,CHAIN25,Canadian Demo Retail Chain 25,Toronto,ON,CA,M5H 2N9,ST025,Toronto,2925,Salesperson 175,Retail,2026-01-01,2026-09-20T12:00:00
S02926,Demo Garden Centre 02926,CHAIN01,Canadian Demo Retail Chain 01,Ottawa,ON,CA,K1P 1J1,ST026,Ottawa,2926,Salesperson 176,Retail,2026-01-01,2026-09-20T12:00:00
S02927,Demo Garden Centre 02927,CHAIN02,Canadian Demo Retail Chain 02,London,ON,CA,N6A 3K2,ST027,London,2927,Salesperson 177,Retail,2026-01-01,2026-09-20T12:00:00
S02928,Demo Garden Centre 02928,CHAIN03,Canadian Demo Retail Chain 03,Thunder Bay,ON,CA,P7B 5E3,ST028,Thunder Bay,2928,Salesperson 178,Retail,2026-01-01,2026-09-20T12:00:00
S02929,Demo Garden Centre 02929,CHAIN04,Canadian Demo Retail Chain 04,Charlottetown,PE,CA,C1A 1A4,ST029,Charlottetown,2929,Salesperson 179,Retail,2026-01-01,2026-09-20T12:00:00
S02930,Demo Garden Centre 02930,CHAIN05,Canadian Demo Retail Chain 05,Montreal,QC,CA,H2Y 1C5,ST030,Montreal,2930,Salesperson 180,Retail,2026-01-01,2026-09-20T12:00:00
S02931,Demo Garden Centre 02931,CHAIN06,Canadian Demo Retail Chain 06,Quebec City,QC,CA,G1R 4P6,ST031,Quebec City,2931,Salesperson 181,Retail,2026-01-01,2026-09-20T12:00:00
S02932,Demo Garden Centre 02932,CHAIN07,Canadian Demo Retail Chain 07,Saskatoon,SK,CA,S7K 1J7,ST032,Saskatoon,2932,Salesperson 182,Retail,2026-01-01,2026-09-20T12:00:00
S02933,Demo Garden Centre 02933,CHAIN08,Canadian Demo Retail Chain 08,Regina,SK,CA,S4P 3Y8,ST033,Regina,2933,Salesperson 183,Retail,2026-01-01,2026-09-20T12:00:00
S02934,Demo Garden Centre 02934,CHAIN09,Canadian Demo Retail Chain 09,Whitehorse,YT,CA,Y1A 2C9,ST034,Whitehorse,2934,Salesperson 184,Retail,2026-01-01,2026-09-20T12:00:00
S02935,Demo Garden Centre 02935,CHAIN10,Canadian Demo Retail Chain 10,Calgary,AB,CA,T2P 1J1,ST035,Calgary,2935,Salesperson 185,Retail,2026-01-01,2026-09-20T12:00:00
S02936,Demo Garden Centre 02936,CHAIN11,Canadian Demo Retail Chain 11,Edmonton,AB,CA,T5J 0N2,ST036,Edmonton,2936,Salesperson 186,Retail,2026-01-01,2026-09-20T12:00:00
S02937,Demo Garden Centre 02937,CHAIN12,Canadian Demo Retail Chain 12,Vancouver,BC,CA,V6B 2W3,ST037,Vancouver,2937,Salesperson 187,Retail,2026-01-01,2026-09-20T12:00:00
S02938,Demo Garden Centre 02938,CHAIN13,Canadian Demo Retail Chain 13,Victoria,BC,CA,V8W 1P4,ST038,Victoria,2938,Salesperson 188,Retail,2026-01-01,2026-09-20T12:00:00
S02939,Demo Garden Centre 02939,CHAIN14,Canadian Demo Retail Chain 14,Winnipeg,MB,CA,R3B 1C5,ST039,Winnipeg,2939,Salesperson 189,Retail,2026-01-01,2026-09-20T12:00:00
S02940,Demo Garden Centre 02940,CHAIN15,Canadian Demo Retail Chain 15,Fredericton,NB,CA,E3B 1B6,ST040,Fredericton,2940,Salesperson 190,Retail,2026-01-01,2026-09-20T12:00:00
S02941,Demo Garden Centre 02941,CHAIN16,Canadian Demo Retail Chain 16,St. John's,NL,CA,A1C 1B7,ST041,St. John's,2941,Salesperson 191,Retail,2026-01-01,2026-09-20T12:00:00
S02942,Demo Garden Centre 02942,CHAIN17,Canadian Demo Retail Chain 17,Halifax,NS,CA,B3J 1M8,ST042,Halifax,2942,Salesperson 192,Retail,2026-01-01,2026-09-20T12:00:00
S02943,Demo Garden Centre 02943,CHAIN18,Canadian Demo Retail Chain 18,Toronto,ON,CA,M5H 2N9,ST043,Toronto,2943,Salesperson 193,Retail,2026-01-01,2026-09-20T12:00:00
S02944,Demo Garden Centre 02944,CHAIN19,Canadian Demo Retail Chain 19,Ottawa,ON,CA,K1P 1J1,ST044,Ottawa,2944,Salesperson 194,Retail,2026-01-01,2026-09-20T12:00:00
S02945,Demo Garden Centre 02945,CHAIN20,Canadian Demo Retail Chain 20,London,ON,CA,N6A 3K2,ST045,London,2945,Salesperson 195,Retail,2026-01-01,2026-09-20T12:00:00
S02946,Demo Garden Centre 02946,CHAIN21,Canadian Demo Retail Chain 21,Thunder Bay,ON,CA,P7B 5E3,ST046,Thunder Bay,2946,Salesperson 196,Retail,2026-01-01,2026-09-20T12:00:00
S02947,Demo Garden Centre 02947,CHAIN22,Canadian Demo Retail Chain 22,Charlottetown,PE,CA,C1A 1A4,ST047,Charlottetown,2947,Salesperson 197,Retail,2026-01-01,2026-09-20T12:00:00
S02948,Demo Garden Centre 02948,CHAIN23,Canadian Demo Retail Chain 23,Montreal,QC,CA,H2Y 1C5,ST048,Montreal,2948,Salesperson 198,Retail,2026-01-01,2026-09-20T12:00:00
S02949,Demo Garden Centre 02949,CHAIN24,Canadian Demo Retail Chain 24,Quebec City,QC,CA,G1R 4P6,ST049,Quebec City,2949,Salesperson 199,Retail,2026-01-01,2026-09-20T12:00:00
S02950,Demo Garden Centre 02950,CHAIN25,Canadian Demo Retail Chain 25,Saskatoon,SK,CA,S7K 1J7,ST050,Saskatoon,2950,Salesperson 200,Retail,2026-01-01,2026-09-20T12:00:00
S02951,Demo Garden Centre 02951,CHAIN01,Canadian Demo Retail Chain 01,Regina,SK,CA,S4P 3Y8,ST051,Regina,2951,Salesperson 201,Retail,2026-01-01,2026-09-20T12:00:00
S02952,Demo Garden Centre 02952,CHAIN02,Canadian Demo Retail Chain 02,Whitehorse,YT,CA,Y1A 2C9,ST052,Whitehorse,2952,Salesperson 202,Retail,2026-01-01,2026-09-20T12:00:00
S02953,Demo Garden Centre 02953,CHAIN03,Canadian Demo Retail Chain 03,Calgary,AB,CA,T2P 1J1,ST053,Calgary,2953,Salesperson 203,Retail,2026-01-01,2026-09-20T12:00:00
S02954,Demo Garden Centre 02954,CHAIN04,Canadian Demo Retail Chain 04,Edmonton,AB,CA,T5J 0N2,ST054,Edmonton,2954,Salesperson 204,Retail,2026-01-01,2026-09-20T12:00:00
S02955,Demo Garden Centre 02955,CHAIN05,Canadian Demo Retail Chain 05,Vancouver,BC,CA,V6B 2W3,ST055,Vancouver,2955,Salesperson 205,Retail,2026-01-01,2026-09-20T12:00:00
S02956,Demo Garden Centre 02956,CHAIN06,Canadian Demo Retail Chain 06,Victoria,BC,CA,V8W 1P4,ST056,Victoria,2956,Salesperson 206,Retail,2026-01-01,2026-09-20T12:00:00
S02957,Demo Garden Centre 02957,CHAIN07,Canadian Demo Retail Chain 07,Winnipeg,MB,CA,R3B 1C5,ST057,Winnipeg,2957,Salesperson 207,Retail,2026-01-01,2026-09-20T12:00:00
S02958,Demo Garden Centre 02958,CHAIN08,Canadian Demo Retail Chain 08,Fredericton,NB,CA,E3B 1B6,ST058,Fredericton,2958,Salesperson 208,Retail,2026-01-01,2026-09-20T12:00:00
S02959,Demo Garden Centre 02959,CHAIN09,Canadian Demo Retail Chain 09,St. John's,NL,CA,A1C 1B7,ST059,St. John's,2959,Salesperson 209,Retail,2026-01-01,2026-09-20T12:00:00
S02960,Demo Garden Centre 02960,CHAIN10,Canadian Demo Retail Chain 10,Halifax,NS,CA,B3J 1M8,ST060,Halifax,2960,Salesperson 210,Retail,2026-01-01,2026-09-20T12:00:00
S02961,Demo Garden Centre 02961,CHAIN11,Canadian Demo Retail Chain 11,Toronto,ON,CA,M5H 2N9,ST061,Toronto,2961,Salesperson 211,Retail,2026-01-01,2026-09-20T12:00:00
S02962,Demo Garden Centre 02962,CHAIN12,Canadian Demo Retail Chain 12,Ottawa,ON,CA,K1P 1J1,ST062,Ottawa,2962,Salesperson 212,Retail,2026-01-01,2026-09-20T12:00:00
S02963,Demo Garden Centre 02963,CHAIN13,Canadian Demo Retail Chain 13,London,ON,CA,N6A 3K2,ST063,London,2963,Salesperson 213,Retail,2026-01-01,2026-09-20T12:00:00
S02964,Demo Garden Centre 02964,CHAIN14,Canadian Demo Retail Chain 14,Thunder Bay,ON,CA,P7B 5E3,ST064,Thunder Bay,2964,Salesperson 214,Retail,2026-01-01,2026-09-20T12:00:00
S02965,Demo Garden Centre 02965,CHAIN15,Canadian Demo Retail Chain 15,Charlottetown,PE,CA,C1A 1A4,ST065,Charlottetown,2965,Salesperson 215,Retail,2026-01-01,2026-09-20T12:00:00
S02966,Demo Garden Centre 02966,CHAIN16,Canadian Demo Retail Chain 16,Montreal,QC,CA,H2Y 1C5,ST066,Montreal,2966,Salesperson 216,Retail,2026-01-01,2026-09-20T12:00:00
S02967,Demo Garden Centre 02967,CHAIN17,Canadian Demo Retail Chain 17,Quebec City,QC,CA,G1R 4P6,ST067,Quebec City,2967,Salesperson 217,Retail,2026-01-01,2026-09-20T12:00:00
S02968,Demo Garden Centre 02968,CHAIN18,Canadian Demo Retail Chain 18,Saskatoon,SK,CA,S7K 1J7,ST068,Saskatoon,2968,Salesperson 218,Retail,2026-01-01,2026-09-20T12:00:00
S02969,Demo Garden Centre 02969,CHAIN19,Canadian Demo Retail Chain 19,Regina,SK,CA,S4P 3Y8,ST069,Regina,2969,Salesperson 219,Retail,2026-01-01,2026-09-20T12:00:00
S02970,Demo Garden Centre 02970,CHAIN20,Canadian Demo Retail Chain 20,Whitehorse,YT,CA,Y1A 2C9,ST070,Whitehorse,2970,Salesperson 220,Retail,2026-01-01,2026-09-20T12:00:00
S02971,Demo Garden Centre 02971,CHAIN21,Canadian Demo Retail Chain 21,Calgary,AB,CA,T2P 1J1,ST071,Calgary,2971,Salesperson 221,Retail,2026-01-01,2026-09-20T12:00:00
S02972,Demo Garden Centre 02972,CHAIN22,Canadian Demo Retail Chain 22,Edmonton,AB,CA,T5J 0N2,ST072,Edmonton,2972,Salesperson 222,Retail,2026-01-01,2026-09-20T12:00:00
S02973,Demo Garden Centre 02973,CHAIN23,Canadian Demo Retail Chain 23,Vancouver,BC,CA,V6B 2W3,ST073,Vancouver,2973,Salesperson 223,Retail,2026-01-01,2026-09-20T12:00:00
S02974,Demo Garden Centre 02974,CHAIN24,Canadian Demo Retail Chain 24,Victoria,BC,CA,V8W 1P4,ST074,Victoria,2974,Salesperson 224,Retail,2026-01-01,2026-09-20T12:00:00
S02975,Demo Garden Centre 02975,CHAIN25,Canadian Demo Retail Chain 25,Winnipeg,MB,CA,R3B 1C5,ST075,Winnipeg,2975,Salesperson 225,Retail,2026-01-01,2026-09-20T12:00:00
S02976,Demo Garden Centre 02976,CHAIN01,Canadian Demo Retail Chain 01,Fredericton,NB,CA,E3B 1B6,ST076,Fredericton,2976,Salesperson 226,Retail,2026-01-01,2026-09-20T12:00:00
S02977,Demo Garden Centre 02977,CHAIN02,Canadian Demo Retail Chain 02,St. John's,NL,CA,A1C 1B7,ST077,St. John's,2977,Salesperson 227,Retail,2026-01-01,2026-09-20T12:00:00
S02978,Demo Garden Centre 02978,CHAIN03,Canadian Demo Retail Chain 03,Halifax,NS,CA,B3J 1M8,ST078,Halifax,2978,Salesperson 228,Retail,2026-01-01,2026-09-20T12:00:00
S02979,Demo Garden Centre 02979,CHAIN04,Canadian Demo Retail Chain 04,Toronto,ON,CA,M5H 2N9,ST079,Toronto,2979,Salesperson 229,Retail,2026-01-01,2026-09-20T12:00:00
S02980,Demo Garden Centre 02980,CHAIN05,Canadian Demo Retail Chain 05,Ottawa,ON,CA,K1P 1J1,ST080,Ottawa,2980,Salesperson 230,Retail,2026-01-01,2026-09-20T12:00:00
S02981,Demo Garden Centre 02981,CHAIN06,Canadian Demo Retail Chain 06,London,ON,CA,N6A 3K2,ST081,London,2981,Salesperson 231,Retail,2026-01-01,2026-09-20T12:00:00
S02982,Demo Garden Centre 02982,CHAIN07,Canadian Demo Retail Chain 07,Thunder Bay,ON,CA,P7B 5E3,ST082,Thunder Bay,2982,Salesperson 232,Retail,2026-01-01,2026-09-20T12:00:00
S02983,Demo Garden Centre 02983,CHAIN08,Canadian Demo Retail Chain 08,Charlottetown,PE,CA,C1A 1A4,ST083,Charlottetown,2983,Salesperson 233,Retail,2026-01-01,2026-09-20T12:00:00
S02984,Demo Garden Centre 02984,CHAIN09,Canadian Demo Retail Chain 09,Montreal,QC,CA,H2Y 1C5,ST084,Montreal,2984,Salesperson 234,Retail,2026-01-01,2026-09-20T12:00:00
S02985,Demo Garden Centre 02985,CHAIN10,Canadian Demo Retail Chain 10,Quebec City,QC,CA,G1R 4P6,ST085,Quebec City,2985,Salesperson 235,Retail,2026-01-01,2026-09-20T12:00:00
S02986,Demo Garden Centre 02986,CHAIN11,Canadian Demo Retail Chain 11,Saskatoon,SK,CA,S7K 1J7,ST086,Saskatoon,2986,Salesperson 236,Retail,2026-01-01,2026-09-20T12:00:00
S02987,Demo Garden Centre 02987,CHAIN12,Canadian Demo Retail Chain 12,Regina,SK,CA,S4P 3Y8,ST087,Regina,2987,Salesperson 237,Retail,2026-01-01,2026-09-20T12:00:00
S02988,Demo Garden Centre 02988,CHAIN13,Canadian Demo Retail Chain 13,Whitehorse,YT,CA,Y1A 2C9,ST088,Whitehorse,2988,Salesperson 238,Retail,2026-01-01,2026-09-20T12:00:00
S02989,Demo Garden Centre 02989,CHAIN14,Canadian Demo Retail Chain 14,Calgary,AB,CA,T2P 1J1,ST089,Calgary,2989,Salesperson 239,Retail,2026-01-01,2026-09-20T12:00:00
S02990,Demo Garden Centre 02990,CHAIN15,Canadian Demo Retail Chain 15,Edmonton,AB,CA,T5J 0N2,ST090,Edmonton,2990,Salesperson 240,Retail,2026-01-01,2026-09-20T12:00:00
S02991,Demo Garden Centre 02991,CHAIN16,Canadian Demo Retail Chain 16,Vancouver,BC,CA,V6B 2W3,ST091,Vancouver,2991,Salesperson 241,Retail,2026-01-01,2026-09-20T12:00:00
S02992,Demo Garden Centre 02992,CHAIN17,Canadian Demo Retail Chain 17,Victoria,BC,CA,V8W 1P4,ST092,Victoria,2992,Salesperson 242,Retail,2026-01-01,2026-09-20T12:00:00
S02993,Demo Garden Centre 02993,CHAIN18,Canadian Demo Retail Chain 18,Winnipeg,MB,CA,R3B 1C5,ST093,Winnipeg,2993,Salesperson 243,Retail,2026-01-01,2026-09-20T12:00:00
S02994,Demo Garden Centre 02994,CHAIN19,Canadian Demo Retail Chain 19,Fredericton,NB,CA,E3B 1B6,ST094,Fredericton,2994,Salesperson 244,Retail,2026-01-01,2026-09-20T12:00:00
S02995,Demo Garden Centre 02995,CHAIN20,Canadian Demo Retail Chain 20,St. John's,NL,CA,A1C 1B7,ST095,St. John's,2995,Salesperson 245,Retail,2026-01-01,2026-09-20T12:00:00
S02996,Demo Garden Centre 02996,CHAIN21,Canadian Demo Retail Chain 21,Halifax,NS,CA,B3J 1M8,ST096,Halifax,2996,Salesperson 246,Retail,2026-01-01,2026-09-20T12:00:00
S02997,Demo Garden Centre 02997,CHAIN22,Canadian Demo Retail Chain 22,Toronto,ON,CA,M5H 2N9,ST097,Toronto,2997,Salesperson 247,Retail,2026-01-01,2026-09-20T12:00:00
S02998,Demo Garden Centre 02998,CHAIN23,Canadian Demo Retail Chain 23,Ottawa,ON,CA,K1P 1J1,ST098,Ottawa,2998,Salesperson 248,Retail,2026-01-01,2026-09-20T12:00:00
S02999,Demo Garden Centre 02999,CHAIN24,Canadian Demo Retail Chain 24,London,ON,CA,N6A 3K2,ST099,London,2999,Salesperson 249,Retail,2026-01-01,2026-09-20T12:00:00
S03000,Demo Garden Centre 03000,CHAIN25,Canadian Demo Retail Chain 25,Thunder Bay,ON,CA,P7B 5E3,ST100,Thunder Bay,3000,Salesperson 250,Retail,2026-01-01,2026-09-20T12:00:00
S03001,Demo Garden Centre 03001,CHAIN01,Canadian Demo Retail Chain 01,Charlottetown,PE,CA,C1A 1A4,ST001,Charlottetown,3001,Salesperson 001,Retail,2026-01-01,2026-09-20T12:00:00
S03002,Demo Garden Centre 03002,CHAIN02,Canadian Demo Retail Chain 02,Montreal,QC,CA,H2Y 1C5,ST002,Montreal,3002,Salesperson 002,Retail,2026-01-01,2026-09-20T12:00:00
S03003,Demo Garden Centre 03003,CHAIN03,Canadian Demo Retail Chain 03,Quebec City,QC,CA,G1R 4P6,ST003,Quebec City,3003,Salesperson 003,Retail,2026-01-01,2026-09-20T12:00:00
S03004,Demo Garden Centre 03004,CHAIN04,Canadian Demo Retail Chain 04,Saskatoon,SK,CA,S7K 1J7,ST004,Saskatoon,3004,Salesperson 004,Retail,2026-01-01,2026-09-20T12:00:00
S03005,Demo Garden Centre 03005,CHAIN05,Canadian Demo Retail Chain 05,Regina,SK,CA,S4P 3Y8,ST005,Regina,3005,Salesperson 005,Retail,2026-01-01,2026-09-20T12:00:00
S03006,Demo Garden Centre 03006,CHAIN06,Canadian Demo Retail Chain 06,Whitehorse,YT,CA,Y1A 2C9,ST006,Whitehorse,3006,Salesperson 006,Retail,2026-01-01,2026-09-20T12:00:00
S03007,Demo Garden Centre 03007,CHAIN07,Canadian Demo Retail Chain 07,Calgary,AB,CA,T2P 1J1,ST007,Calgary,3007,Salesperson 007,Retail,2026-01-01,2026-09-20T12:00:00
S03008,Demo Garden Centre 03008,CHAIN08,Canadian Demo Retail Chain 08,Edmonton,AB,CA,T5J 0N2,ST008,Edmonton,3008,Salesperson 008,Retail,2026-01-01,2026-09-20T12:00:00
S03009,Demo Garden Centre 03009,CHAIN09,Canadian Demo Retail Chain 09,Vancouver,BC,CA,V6B 2W3,ST009,Vancouver,3009,Salesperson 009,Retail,2026-01-01,2026-09-20T12:00:00
S03010,Demo Garden Centre 03010,CHAIN10,Canadian Demo Retail Chain 10,Victoria,BC,CA,V8W 1P4,ST010,Victoria,3010,Salesperson 010,Retail,2026-01-01,2026-09-20T12:00:00
S03011,Demo Garden Centre 03011,CHAIN11,Canadian Demo Retail Chain 11,Winnipeg,MB,CA,R3B 1C5,ST011,Winnipeg,3011,Salesperson 011,Retail,2026-01-01,2026-09-20T12:00:00
S03012,Demo Garden Centre 03012,CHAIN12,Canadian Demo Retail Chain 12,Fredericton,NB,CA,E3B 1B6,ST012,Fredericton,3012,Salesperson 012,Retail,2026-01-01,2026-09-20T12:00:00
S03013,Demo Garden Centre 03013,CHAIN13,Canadian Demo Retail Chain 13,St. John's,NL,CA,A1C 1B7,ST013,St. John's,3013,Salesperson 013,Retail,2026-01-01,2026-09-20T12:00:00
S03014,Demo Garden Centre 03014,CHAIN14,Canadian Demo Retail Chain 14,Halifax,NS,CA,B3J 1M8,ST014,Halifax,3014,Salesperson 014,Retail,2026-01-01,2026-09-20T12:00:00
S03015,Demo Garden Centre 03015,CHAIN15,Canadian Demo Retail Chain 15,Toronto,ON,CA,M5H 2N9,ST015,Toronto,3015,Salesperson 015,Retail,2026-01-01,2026-09-20T12:00:00
S03016,Demo Garden Centre 03016,CHAIN16,Canadian Demo Retail Chain 16,Ottawa,ON,CA,K1P 1J1,ST016,Ottawa,3016,Salesperson 016,Retail,2026-01-01,2026-09-20T12:00:00
S03017,Demo Garden Centre 03017,CHAIN17,Canadian Demo Retail Chain 17,London,ON,CA,N6A 3K2,ST017,London,3017,Salesperson 017,Retail,2026-01-01,2026-09-20T12:00:00
S03018,Demo Garden Centre 03018,CHAIN18,Canadian Demo Retail Chain 18,Thunder Bay,ON,CA,P7B 5E3,ST018,Thunder Bay,3018,Salesperson 018,Retail,2026-01-01,2026-09-20T12:00:00
S03019,Demo Garden Centre 03019,CHAIN19,Canadian Demo Retail Chain 19,Charlottetown,PE,CA,C1A 1A4,ST019,Charlottetown,3019,Salesperson 019,Retail,2026-01-01,2026-09-20T12:00:00
S03020,Demo Garden Centre 03020,CHAIN20,Canadian Demo Retail Chain 20,Montreal,QC,CA,H2Y 1C5,ST020,Montreal,3020,Salesperson 020,Retail,2026-01-01,2026-09-20T12:00:00
S03021,Demo Garden Centre 03021,CHAIN21,Canadian Demo Retail Chain 21,Quebec City,QC,CA,G1R 4P6,ST021,Quebec City,3021,Salesperson 021,Retail,2026-01-01,2026-09-20T12:00:00
S03022,Demo Garden Centre 03022,CHAIN22,Canadian Demo Retail Chain 22,Saskatoon,SK,CA,S7K 1J7,ST022,Saskatoon,3022,Salesperson 022,Retail,2026-01-01,2026-09-20T12:00:00
S03023,Demo Garden Centre 03023,CHAIN23,Canadian Demo Retail Chain 23,Regina,SK,CA,S4P 3Y8,ST023,Regina,3023,Salesperson 023,Retail,2026-01-01,2026-09-20T12:00:00
S03024,Demo Garden Centre 03024,CHAIN24,Canadian Demo Retail Chain 24,Whitehorse,YT,CA,Y1A 2C9,ST024,Whitehorse,3024,Salesperson 024,Retail,2026-01-01,2026-09-20T12:00:00
S03025,Demo Garden Centre 03025,CHAIN25,Canadian Demo Retail Chain 25,Calgary,AB,CA,T2P 1J1,ST025,Calgary,3025,Salesperson 025,Retail,2026-01-01,2026-09-20T12:00:00
S03026,Demo Garden Centre 03026,CHAIN01,Canadian Demo Retail Chain 01,Edmonton,AB,CA,T5J 0N2,ST026,Edmonton,3026,Salesperson 026,Retail,2026-01-01,2026-09-20T12:00:00
S03027,Demo Garden Centre 03027,CHAIN02,Canadian Demo Retail Chain 02,Vancouver,BC,CA,V6B 2W3,ST027,Vancouver,3027,Salesperson 027,Retail,2026-01-01,2026-09-20T12:00:00
S03028,Demo Garden Centre 03028,CHAIN03,Canadian Demo Retail Chain 03,Victoria,BC,CA,V8W 1P4,ST028,Victoria,3028,Salesperson 028,Retail,2026-01-01,2026-09-20T12:00:00
S03029,Demo Garden Centre 03029,CHAIN04,Canadian Demo Retail Chain 04,Winnipeg,MB,CA,R3B 1C5,ST029,Winnipeg,3029,Salesperson 029,Retail,2026-01-01,2026-09-20T12:00:00
S03030,Demo Garden Centre 03030,CHAIN05,Canadian Demo Retail Chain 05,Fredericton,NB,CA,E3B 1B6,ST030,Fredericton,3030,Salesperson 030,Retail,2026-01-01,2026-09-20T12:00:00
S03031,Demo Garden Centre 03031,CHAIN06,Canadian Demo Retail Chain 06,St. John's,NL,CA,A1C 1B7,ST031,St. John's,3031,Salesperson 031,Retail,2026-01-01,2026-09-20T12:00:00
S03032,Demo Garden Centre 03032,CHAIN07,Canadian Demo Retail Chain 07,Halifax,NS,CA,B3J 1M8,ST032,Halifax,3032,Salesperson 032,Retail,2026-01-01,2026-09-20T12:00:00
S03033,Demo Garden Centre 03033,CHAIN08,Canadian Demo Retail Chain 08,Toronto,ON,CA,M5H 2N9,ST033,Toronto,3033,Salesperson 033,Retail,2026-01-01,2026-09-20T12:00:00
S03034,Demo Garden Centre 03034,CHAIN09,Canadian Demo Retail Chain 09,Ottawa,ON,CA,K1P 1J1,ST034,Ottawa,3034,Salesperson 034,Retail,2026-01-01,2026-09-20T12:00:00
S03035,Demo Garden Centre 03035,CHAIN10,Canadian Demo Retail Chain 10,London,ON,CA,N6A 3K2,ST035,London,3035,Salesperson 035,Retail,2026-01-01,2026-09-20T12:00:00
S03036,Demo Garden Centre 03036,CHAIN11,Canadian Demo Retail Chain 11,Thunder Bay,ON,CA,P7B 5E3,ST036,Thunder Bay,3036,Salesperson 036,Retail,2026-01-01,2026-09-20T12:00:00
S03037,Demo Garden Centre 03037,CHAIN12,Canadian Demo Retail Chain 12,Charlottetown,PE,CA,C1A 1A4,ST037,Charlottetown,3037,Salesperson 037,Retail,2026-01-01,2026-09-20T12:00:00
S03038,Demo Garden Centre 03038,CHAIN13,Canadian Demo Retail Chain 13,Montreal,QC,CA,H2Y 1C5,ST038,Montreal,3038,Salesperson 038,Retail,2026-01-01,2026-09-20T12:00:00
S03039,Demo Garden Centre 03039,CHAIN14,Canadian Demo Retail Chain 14,Quebec City,QC,CA,G1R 4P6,ST039,Quebec City,3039,Salesperson 039,Retail,2026-01-01,2026-09-20T12:00:00
S03040,Demo Garden Centre 03040,CHAIN15,Canadian Demo Retail Chain 15,Saskatoon,SK,CA,S7K 1J7,ST040,Saskatoon,3040,Salesperson 040,Retail,2026-01-01,2026-09-20T12:00:00
S03041,Demo Garden Centre 03041,CHAIN16,Canadian Demo Retail Chain 16,Regina,SK,CA,S4P 3Y8,ST041,Regina,3041,Salesperson 041,Retail,2026-01-01,2026-09-20T12:00:00
S03042,Demo Garden Centre 03042,CHAIN17,Canadian Demo Retail Chain 17,Whitehorse,YT,CA,Y1A 2C9,ST042,Whitehorse,3042,Salesperson 042,Retail,2026-01-01,2026-09-20T12:00:00
S03043,Demo Garden Centre 03043,CHAIN18,Canadian Demo Retail Chain 18,Calgary,AB,CA,T2P 1J1,ST043,Calgary,3043,Salesperson 043,Retail,2026-01-01,2026-09-20T12:00:00
S03044,Demo Garden Centre 03044,CHAIN19,Canadian Demo Retail Chain 19,Edmonton,AB,CA,T5J 0N2,ST044,Edmonton,3044,Salesperson 044,Retail,2026-01-01,2026-09-20T12:00:00
S03045,Demo Garden Centre 03045,CHAIN20,Canadian Demo Retail Chain 20,Vancouver,BC,CA,V6B 2W3,ST045,Vancouver,3045,Salesperson 045,Retail,2026-01-01,2026-09-20T12:00:00
S03046,Demo Garden Centre 03046,CHAIN21,Canadian Demo Retail Chain 21,Victoria,BC,CA,V8W 1P4,ST046,Victoria,3046,Salesperson 046,Retail,2026-01-01,2026-09-20T12:00:00
S03047,Demo Garden Centre 03047,CHAIN22,Canadian Demo Retail Chain 22,Winnipeg,MB,CA,R3B 1C5,ST047,Winnipeg,3047,Salesperson 047,Retail,2026-01-01,2026-09-20T12:00:00
S03048,Demo Garden Centre 03048,CHAIN23,Canadian Demo Retail Chain 23,Fredericton,NB,CA,E3B 1B6,ST048,Fredericton,3048,Salesperson 048,Retail,2026-01-01,2026-09-20T12:00:00
S03049,Demo Garden Centre 03049,CHAIN24,Canadian Demo Retail Chain 24,St. John's,NL,CA,A1C 1B7,ST049,St. John's,3049,Salesperson 049,Retail,2026-01-01,2026-09-20T12:00:00
S03050,Demo Garden Centre 03050,CHAIN25,Canadian Demo Retail Chain 25,Halifax,NS,CA,B3J 1M8,ST050,Halifax,3050,Salesperson 050,Retail,2026-01-01,2026-09-20T12:00:00
S03051,Demo Garden Centre 03051,CHAIN01,Canadian Demo Retail Chain 01,Toronto,ON,CA,M5H 2N9,ST051,Toronto,3051,Salesperson 051,Retail,2026-01-01,2026-09-20T12:00:00
S03052,Demo Garden Centre 03052,CHAIN02,Canadian Demo Retail Chain 02,Ottawa,ON,CA,K1P 1J1,ST052,Ottawa,3052,Salesperson 052,Retail,2026-01-01,2026-09-20T12:00:00
S03053,Demo Garden Centre 03053,CHAIN03,Canadian Demo Retail Chain 03,London,ON,CA,N6A 3K2,ST053,London,3053,Salesperson 053,Retail,2026-01-01,2026-09-20T12:00:00
S03054,Demo Garden Centre 03054,CHAIN04,Canadian Demo Retail Chain 04,Thunder Bay,ON,CA,P7B 5E3,ST054,Thunder Bay,3054,Salesperson 054,Retail,2026-01-01,2026-09-20T12:00:00
S03055,Demo Garden Centre 03055,CHAIN05,Canadian Demo Retail Chain 05,Charlottetown,PE,CA,C1A 1A4,ST055,Charlottetown,3055,Salesperson 055,Retail,2026-01-01,2026-09-20T12:00:00
S03056,Demo Garden Centre 03056,CHAIN06,Canadian Demo Retail Chain 06,Montreal,QC,CA,H2Y 1C5,ST056,Montreal,3056,Salesperson 056,Retail,2026-01-01,2026-09-20T12:00:00
S03057,Demo Garden Centre 03057,CHAIN07,Canadian Demo Retail Chain 07,Quebec City,QC,CA,G1R 4P6,ST057,Quebec City,3057,Salesperson 057,Retail,2026-01-01,2026-09-20T12:00:00
S03058,Demo Garden Centre 03058,CHAIN08,Canadian Demo Retail Chain 08,Saskatoon,SK,CA,S7K 1J7,ST058,Saskatoon,3058,Salesperson 058,Retail,2026-01-01,2026-09-20T12:00:00
S03059,Demo Garden Centre 03059,CHAIN09,Canadian Demo Retail Chain 09,Regina,SK,CA,S4P 3Y8,ST059,Regina,3059,Salesperson 059,Retail,2026-01-01,2026-09-20T12:00:00
S03060,Demo Garden Centre 03060,CHAIN10,Canadian Demo Retail Chain 10,Whitehorse,YT,CA,Y1A 2C9,ST060,Whitehorse,3060,Salesperson 060,Retail,2026-01-01,2026-09-20T12:00:00
S03061,Demo Garden Centre 03061,CHAIN11,Canadian Demo Retail Chain 11,Calgary,AB,CA,T2P 1J1,ST061,Calgary,3061,Salesperson 061,Retail,2026-01-01,2026-09-20T12:00:00
S03062,Demo Garden Centre 03062,CHAIN12,Canadian Demo Retail Chain 12,Edmonton,AB,CA,T5J 0N2,ST062,Edmonton,3062,Salesperson 062,Retail,2026-01-01,2026-09-20T12:00:00
S03063,Demo Garden Centre 03063,CHAIN13,Canadian Demo Retail Chain 13,Vancouver,BC,CA,V6B 2W3,ST063,Vancouver,3063,Salesperson 063,Retail,2026-01-01,2026-09-20T12:00:00
S03064,Demo Garden Centre 03064,CHAIN14,Canadian Demo Retail Chain 14,Victoria,BC,CA,V8W 1P4,ST064,Victoria,3064,Salesperson 064,Retail,2026-01-01,2026-09-20T12:00:00
S03065,Demo Garden Centre 03065,CHAIN15,Canadian Demo Retail Chain 15,Winnipeg,MB,CA,R3B 1C5,ST065,Winnipeg,3065,Salesperson 065,Retail,2026-01-01,2026-09-20T12:00:00
S03066,Demo Garden Centre 03066,CHAIN16,Canadian Demo Retail Chain 16,Fredericton,NB,CA,E3B 1B6,ST066,Fredericton,3066,Salesperson 066,Retail,2026-01-01,2026-09-20T12:00:00
S03067,Demo Garden Centre 03067,CHAIN17,Canadian Demo Retail Chain 17,St. John's,NL,CA,A1C 1B7,ST067,St. John's,3067,Salesperson 067,Retail,2026-01-01,2026-09-20T12:00:00
S03068,Demo Garden Centre 03068,CHAIN18,Canadian Demo Retail Chain 18,Halifax,NS,CA,B3J 1M8,ST068,Halifax,3068,Salesperson 068,Retail,2026-01-01,2026-09-20T12:00:00
S03069,Demo Garden Centre 03069,CHAIN19,Canadian Demo Retail Chain 19,Toronto,ON,CA,M5H 2N9,ST069,Toronto,3069,Salesperson 069,Retail,2026-01-01,2026-09-20T12:00:00
S03070,Demo Garden Centre 03070,CHAIN20,Canadian Demo Retail Chain 20,Ottawa,ON,CA,K1P 1J1,ST070,Ottawa,3070,Salesperson 070,Retail,2026-01-01,2026-09-20T12:00:00
S03071,Demo Garden Centre 03071,CHAIN21,Canadian Demo Retail Chain 21,London,ON,CA,N6A 3K2,ST071,London,3071,Salesperson 071,Retail,2026-01-01,2026-09-20T12:00:00
S03072,Demo Garden Centre 03072,CHAIN22,Canadian Demo Retail Chain 22,Thunder Bay,ON,CA,P7B 5E3,ST072,Thunder Bay,3072,Salesperson 072,Retail,2026-01-01,2026-09-20T12:00:00
S03073,Demo Garden Centre 03073,CHAIN23,Canadian Demo Retail Chain 23,Charlottetown,PE,CA,C1A 1A4,ST073,Charlottetown,3073,Salesperson 073,Retail,2026-01-01,2026-09-20T12:00:00
S03074,Demo Garden Centre 03074,CHAIN24,Canadian Demo Retail Chain 24,Montreal,QC,CA,H2Y 1C5,ST074,Montreal,3074,Salesperson 074,Retail,2026-01-01,2026-09-20T12:00:00
S03075,Demo Garden Centre 03075,CHAIN25,Canadian Demo Retail Chain 25,Quebec City,QC,CA,G1R 4P6,ST075,Quebec City,3075,Salesperson 075,Retail,2026-01-01,2026-09-20T12:00:00
S03076,Demo Garden Centre 03076,CHAIN01,Canadian Demo Retail Chain 01,Saskatoon,SK,CA,S7K 1J7,ST076,Saskatoon,3076,Salesperson 076,Retail,2026-01-01,2026-09-20T12:00:00
S03077,Demo Garden Centre 03077,CHAIN02,Canadian Demo Retail Chain 02,Regina,SK,CA,S4P 3Y8,ST077,Regina,3077,Salesperson 077,Retail,2026-01-01,2026-09-20T12:00:00
S03078,Demo Garden Centre 03078,CHAIN03,Canadian Demo Retail Chain 03,Whitehorse,YT,CA,Y1A 2C9,ST078,Whitehorse,3078,Salesperson 078,Retail,2026-01-01,2026-09-20T12:00:00
S03079,Demo Garden Centre 03079,CHAIN04,Canadian Demo Retail Chain 04,Calgary,AB,CA,T2P 1J1,ST079,Calgary,3079,Salesperson 079,Retail,2026-01-01,2026-09-20T12:00:00
S03080,Demo Garden Centre 03080,CHAIN05,Canadian Demo Retail Chain 05,Edmonton,AB,CA,T5J 0N2,ST080,Edmonton,3080,Salesperson 080,Retail,2026-01-01,2026-09-20T12:00:00
S03081,Demo Garden Centre 03081,CHAIN06,Canadian Demo Retail Chain 06,Vancouver,BC,CA,V6B 2W3,ST081,Vancouver,3081,Salesperson 081,Retail,2026-01-01,2026-09-20T12:00:00
S03082,Demo Garden Centre 03082,CHAIN07,Canadian Demo Retail Chain 07,Victoria,BC,CA,V8W 1P4,ST082,Victoria,3082,Salesperson 082,Retail,2026-01-01,2026-09-20T12:00:00
S03083,Demo Garden Centre 03083,CHAIN08,Canadian Demo Retail Chain 08,Winnipeg,MB,CA,R3B 1C5,ST083,Winnipeg,3083,Salesperson 083,Retail,2026-01-01,2026-09-20T12:00:00
S03084,Demo Garden Centre 03084,CHAIN09,Canadian Demo Retail Chain 09,Fredericton,NB,CA,E3B 1B6,ST084,Fredericton,3084,Salesperson 084,Retail,2026-01-01,2026-09-20T12:00:00
S03085,Demo Garden Centre 03085,CHAIN10,Canadian Demo Retail Chain 10,St. John's,NL,CA,A1C 1B7,ST085,St. John's,3085,Salesperson 085,Retail,2026-01-01,2026-09-20T12:00:00
S03086,Demo Garden Centre 03086,CHAIN11,Canadian Demo Retail Chain 11,Halifax,NS,CA,B3J 1M8,ST086,Halifax,3086,Salesperson 086,Retail,2026-01-01,2026-09-20T12:00:00
S03087,Demo Garden Centre 03087,CHAIN12,Canadian Demo Retail Chain 12,Toronto,ON,CA,M5H 2N9,ST087,Toronto,3087,Salesperson 087,Retail,2026-01-01,2026-09-20T12:00:00
S03088,Demo Garden Centre 03088,CHAIN13,Canadian Demo Retail Chain 13,Ottawa,ON,CA,K1P 1J1,ST088,Ottawa,3088,Salesperson 088,Retail,2026-01-01,2026-09-20T12:00:00
S03089,Demo Garden Centre 03089,CHAIN14,Canadian Demo Retail Chain 14,London,ON,CA,N6A 3K2,ST089,London,3089,Salesperson 089,Retail,2026-01-01,2026-09-20T12:00:00
S03090,Demo Garden Centre 03090,CHAIN15,Canadian Demo Retail Chain 15,Thunder Bay,ON,CA,P7B 5E3,ST090,Thunder Bay,3090,Salesperson 090,Retail,2026-01-01,2026-09-20T12:00:00
S03091,Demo Garden Centre 03091,CHAIN16,Canadian Demo Retail Chain 16,Charlottetown,PE,CA,C1A 1A4,ST091,Charlottetown,3091,Salesperson 091,Retail,2026-01-01,2026-09-20T12:00:00
S03092,Demo Garden Centre 03092,CHAIN17,Canadian Demo Retail Chain 17,Montreal,QC,CA,H2Y 1C5,ST092,Montreal,3092,Salesperson 092,Retail,2026-01-01,2026-09-20T12:00:00
S03093,Demo Garden Centre 03093,CHAIN18,Canadian Demo Retail Chain 18,Quebec City,QC,CA,G1R 4P6,ST093,Quebec City,3093,Salesperson 093,Retail,2026-01-01,2026-09-20T12:00:00
S03094,Demo Garden Centre 03094,CHAIN19,Canadian Demo Retail Chain 19,Saskatoon,SK,CA,S7K 1J7,ST094,Saskatoon,3094,Salesperson 094,Retail,2026-01-01,2026-09-20T12:00:00
S03095,Demo Garden Centre 03095,CHAIN20,Canadian Demo Retail Chain 20,Regina,SK,CA,S4P 3Y8,ST095,Regina,3095,Salesperson 095,Retail,2026-01-01,2026-09-20T12:00:00
S03096,Demo Garden Centre 03096,CHAIN21,Canadian Demo Retail Chain 21,Whitehorse,YT,CA,Y1A 2C9,ST096,Whitehorse,3096,Salesperson 096,Retail,2026-01-01,2026-09-20T12:00:00
S03097,Demo Garden Centre 03097,CHAIN22,Canadian Demo Retail Chain 22,Calgary,AB,CA,T2P 1J1,ST097,Calgary,3097,Salesperson 097,Retail,2026-01-01,2026-09-20T12:00:00
S03098,Demo Garden Centre 03098,CHAIN23,Canadian Demo Retail Chain 23,Edmonton,AB,CA,T5J 0N2,ST098,Edmonton,3098,Salesperson 098,Retail,2026-01-01,2026-09-20T12:00:00
S03099,Demo Garden Centre 03099,CHAIN24,Canadian Demo Retail Chain 24,Vancouver,BC,CA,V6B 2W3,ST099,Vancouver,3099,Salesperson 099,Retail,2026-01-01,2026-09-20T12:00:00
S03100,Demo Garden Centre 03100,CHAIN25,Canadian Demo Retail Chain 25,Victoria,BC,CA,V8W 1P4,ST100,Victoria,3100,Salesperson 100,Retail,2026-01-01,2026-09-20T12:00:00
S03101,Demo Garden Centre 03101,CHAIN01,Canadian Demo Retail Chain 01,Winnipeg,MB,CA,R3B 1C5,ST001,Winnipeg,3101,Salesperson 101,Retail,2026-01-01,2026-09-20T12:00:00
S03102,Demo Garden Centre 03102,CHAIN02,Canadian Demo Retail Chain 02,Fredericton,NB,CA,E3B 1B6,ST002,Fredericton,3102,Salesperson 102,Retail,2026-01-01,2026-09-20T12:00:00
S03103,Demo Garden Centre 03103,CHAIN03,Canadian Demo Retail Chain 03,St. John's,NL,CA,A1C 1B7,ST003,St. John's,3103,Salesperson 103,Retail,2026-01-01,2026-09-20T12:00:00
S03104,Demo Garden Centre 03104,CHAIN04,Canadian Demo Retail Chain 04,Halifax,NS,CA,B3J 1M8,ST004,Halifax,3104,Salesperson 104,Retail,2026-01-01,2026-09-20T12:00:00
S03105,Demo Garden Centre 03105,CHAIN05,Canadian Demo Retail Chain 05,Toronto,ON,CA,M5H 2N9,ST005,Toronto,3105,Salesperson 105,Retail,2026-01-01,2026-09-20T12:00:00
S03106,Demo Garden Centre 03106,CHAIN06,Canadian Demo Retail Chain 06,Ottawa,ON,CA,K1P 1J1,ST006,Ottawa,3106,Salesperson 106,Retail,2026-01-01,2026-09-20T12:00:00
S03107,Demo Garden Centre 03107,CHAIN07,Canadian Demo Retail Chain 07,London,ON,CA,N6A 3K2,ST007,London,3107,Salesperson 107,Retail,2026-01-01,2026-09-20T12:00:00
S03108,Demo Garden Centre 03108,CHAIN08,Canadian Demo Retail Chain 08,Thunder Bay,ON,CA,P7B 5E3,ST008,Thunder Bay,3108,Salesperson 108,Retail,2026-01-01,2026-09-20T12:00:00
S03109,Demo Garden Centre 03109,CHAIN09,Canadian Demo Retail Chain 09,Charlottetown,PE,CA,C1A 1A4,ST009,Charlottetown,3109,Salesperson 109,Retail,2026-01-01,2026-09-20T12:00:00
S03110,Demo Garden Centre 03110,CHAIN10,Canadian Demo Retail Chain 10,Montreal,QC,CA,H2Y 1C5,ST010,Montreal,3110,Salesperson 110,Retail,2026-01-01,2026-09-20T12:00:00
S03111,Demo Garden Centre 03111,CHAIN11,Canadian Demo Retail Chain 11,Quebec City,QC,CA,G1R 4P6,ST011,Quebec City,3111,Salesperson 111,Retail,2026-01-01,2026-09-20T12:00:00
S03112,Demo Garden Centre 03112,CHAIN12,Canadian Demo Retail Chain 12,Saskatoon,SK,CA,S7K 1J7,ST012,Saskatoon,3112,Salesperson 112,Retail,2026-01-01,2026-09-20T12:00:00
S03113,Demo Garden Centre 03113,CHAIN13,Canadian Demo Retail Chain 13,Regina,SK,CA,S4P 3Y8,ST013,Regina,3113,Salesperson 113,Retail,2026-01-01,2026-09-20T12:00:00
S03114,Demo Garden Centre 03114,CHAIN14,Canadian Demo Retail Chain 14,Whitehorse,YT,CA,Y1A 2C9,ST014,Whitehorse,3114,Salesperson 114,Retail,2026-01-01,2026-09-20T12:00:00
S03115,Demo Garden Centre 03115,CHAIN15,Canadian Demo Retail Chain 15,Calgary,AB,CA,T2P 1J1,ST015,Calgary,3115,Salesperson 115,Retail,2026-01-01,2026-09-20T12:00:00
S03116,Demo Garden Centre 03116,CHAIN16,Canadian Demo Retail Chain 16,Edmonton,AB,CA,T5J 0N2,ST016,Edmonton,3116,Salesperson 116,Retail,2026-01-01,2026-09-20T12:00:00
S03117,Demo Garden Centre 03117,CHAIN17,Canadian Demo Retail Chain 17,Vancouver,BC,CA,V6B 2W3,ST017,Vancouver,3117,Salesperson 117,Retail,2026-01-01,2026-09-20T12:00:00
S03118,Demo Garden Centre 03118,CHAIN18,Canadian Demo Retail Chain 18,Victoria,BC,CA,V8W 1P4,ST018,Victoria,3118,Salesperson 118,Retail,2026-01-01,2026-09-20T12:00:00
S03119,Demo Garden Centre 03119,CHAIN19,Canadian Demo Retail Chain 19,Winnipeg,MB,CA,R3B 1C5,ST019,Winnipeg,3119,Salesperson 119,Retail,2026-01-01,2026-09-20T12:00:00
S03120,Demo Garden Centre 03120,CHAIN20,Canadian Demo Retail Chain 20,Fredericton,NB,CA,E3B 1B6,ST020,Fredericton,3120,Salesperson 120,Retail,2026-01-01,2026-09-20T12:00:00
S03121,Demo Garden Centre 03121,CHAIN21,Canadian Demo Retail Chain 21,St. John's,NL,CA,A1C 1B7,ST021,St. John's,3121,Salesperson 121,Retail,2026-01-01,2026-09-20T12:00:00
S03122,Demo Garden Centre 03122,CHAIN22,Canadian Demo Retail Chain 22,Halifax,NS,CA,B3J 1M8,ST022,Halifax,3122,Salesperson 122,Retail,2026-01-01,2026-09-20T12:00:00
S03123,Demo Garden Centre 03123,CHAIN23,Canadian Demo Retail Chain 23,Toronto,ON,CA,M5H 2N9,ST023,Toronto,3123,Salesperson 123,Retail,2026-01-01,2026-09-20T12:00:00
S03124,Demo Garden Centre 03124,CHAIN24,Canadian Demo Retail Chain 24,Ottawa,ON,CA,K1P 1J1,ST024,Ottawa,3124,Salesperson 124,Retail,2026-01-01,2026-09-20T12:00:00
S03125,Demo Garden Centre 03125,CHAIN25,Canadian Demo Retail Chain 25,London,ON,CA,N6A 3K2,ST025,London,3125,Salesperson 125,Retail,2026-01-01,2026-09-20T12:00:00
S03126,Demo Garden Centre 03126,CHAIN01,Canadian Demo Retail Chain 01,Thunder Bay,ON,CA,P7B 5E3,ST026,Thunder Bay,3126,Salesperson 126,Retail,2026-01-01,2026-09-20T12:00:00
S03127,Demo Garden Centre 03127,CHAIN02,Canadian Demo Retail Chain 02,Charlottetown,PE,CA,C1A 1A4,ST027,Charlottetown,3127,Salesperson 127,Retail,2026-01-01,2026-09-20T12:00:00
S03128,Demo Garden Centre 03128,CHAIN03,Canadian Demo Retail Chain 03,Montreal,QC,CA,H2Y 1C5,ST028,Montreal,3128,Salesperson 128,Retail,2026-01-01,2026-09-20T12:00:00
S03129,Demo Garden Centre 03129,CHAIN04,Canadian Demo Retail Chain 04,Quebec City,QC,CA,G1R 4P6,ST029,Quebec City,3129,Salesperson 129,Retail,2026-01-01,2026-09-20T12:00:00
S03130,Demo Garden Centre 03130,CHAIN05,Canadian Demo Retail Chain 05,Saskatoon,SK,CA,S7K 1J7,ST030,Saskatoon,3130,Salesperson 130,Retail,2026-01-01,2026-09-20T12:00:00
S03131,Demo Garden Centre 03131,CHAIN06,Canadian Demo Retail Chain 06,Regina,SK,CA,S4P 3Y8,ST031,Regina,3131,Salesperson 131,Retail,2026-01-01,2026-09-20T12:00:00
S03132,Demo Garden Centre 03132,CHAIN07,Canadian Demo Retail Chain 07,Whitehorse,YT,CA,Y1A 2C9,ST032,Whitehorse,3132,Salesperson 132,Retail,2026-01-01,2026-09-20T12:00:00
S03133,Demo Garden Centre 03133,CHAIN08,Canadian Demo Retail Chain 08,Calgary,AB,CA,T2P 1J1,ST033,Calgary,3133,Salesperson 133,Retail,2026-01-01,2026-09-20T12:00:00
S03134,Demo Garden Centre 03134,CHAIN09,Canadian Demo Retail Chain 09,Edmonton,AB,CA,T5J 0N2,ST034,Edmonton,3134,Salesperson 134,Retail,2026-01-01,2026-09-20T12:00:00
S03135,Demo Garden Centre 03135,CHAIN10,Canadian Demo Retail Chain 10,Vancouver,BC,CA,V6B 2W3,ST035,Vancouver,3135,Salesperson 135,Retail,2026-01-01,2026-09-20T12:00:00
S03136,Demo Garden Centre 03136,CHAIN11,Canadian Demo Retail Chain 11,Victoria,BC,CA,V8W 1P4,ST036,Victoria,3136,Salesperson 136,Retail,2026-01-01,2026-09-20T12:00:00
S03137,Demo Garden Centre 03137,CHAIN12,Canadian Demo Retail Chain 12,Winnipeg,MB,CA,R3B 1C5,ST037,Winnipeg,3137,Salesperson 137,Retail,2026-01-01,2026-09-20T12:00:00
S03138,Demo Garden Centre 03138,CHAIN13,Canadian Demo Retail Chain 13,Fredericton,NB,CA,E3B 1B6,ST038,Fredericton,3138,Salesperson 138,Retail,2026-01-01,2026-09-20T12:00:00
S03139,Demo Garden Centre 03139,CHAIN14,Canadian Demo Retail Chain 14,St. John's,NL,CA,A1C 1B7,ST039,St. John's,3139,Salesperson 139,Retail,2026-01-01,2026-09-20T12:00:00
S03140,Demo Garden Centre 03140,CHAIN15,Canadian Demo Retail Chain 15,Halifax,NS,CA,B3J 1M8,ST040,Halifax,3140,Salesperson 140,Retail,2026-01-01,2026-09-20T12:00:00
S03141,Demo Garden Centre 03141,CHAIN16,Canadian Demo Retail Chain 16,Toronto,ON,CA,M5H 2N9,ST041,Toronto,3141,Salesperson 141,Retail,2026-01-01,2026-09-20T12:00:00
S03142,Demo Garden Centre 03142,CHAIN17,Canadian Demo Retail Chain 17,Ottawa,ON,CA,K1P 1J1,ST042,Ottawa,3142,Salesperson 142,Retail,2026-01-01,2026-09-20T12:00:00
S03143,Demo Garden Centre 03143,CHAIN18,Canadian Demo Retail Chain 18,London,ON,CA,N6A 3K2,ST043,London,3143,Salesperson 143,Retail,2026-01-01,2026-09-20T12:00:00
S03144,Demo Garden Centre 03144,CHAIN19,Canadian Demo Retail Chain 19,Thunder Bay,ON,CA,P7B 5E3,ST044,Thunder Bay,3144,Salesperson 144,Retail,2026-01-01,2026-09-20T12:00:00
S03145,Demo Garden Centre 03145,CHAIN20,Canadian Demo Retail Chain 20,Charlottetown,PE,CA,C1A 1A4,ST045,Charlottetown,3145,Salesperson 145,Retail,2026-01-01,2026-09-20T12:00:00
S03146,Demo Garden Centre 03146,CHAIN21,Canadian Demo Retail Chain 21,Montreal,QC,CA,H2Y 1C5,ST046,Montreal,3146,Salesperson 146,Retail,2026-01-01,2026-09-20T12:00:00
S03147,Demo Garden Centre 03147,CHAIN22,Canadian Demo Retail Chain 22,Quebec City,QC,CA,G1R 4P6,ST047,Quebec City,3147,Salesperson 147,Retail,2026-01-01,2026-09-20T12:00:00
S03148,Demo Garden Centre 03148,CHAIN23,Canadian Demo Retail Chain 23,Saskatoon,SK,CA,S7K 1J7,ST048,Saskatoon,3148,Salesperson 148,Retail,2026-01-01,2026-09-20T12:00:00
S03149,Demo Garden Centre 03149,CHAIN24,Canadian Demo Retail Chain 24,Regina,SK,CA,S4P 3Y8,ST049,Regina,3149,Salesperson 149,Retail,2026-01-01,2026-09-20T12:00:00
S03150,Demo Garden Centre 03150,CHAIN25,Canadian Demo Retail Chain 25,Whitehorse,YT,CA,Y1A 2C9,ST050,Whitehorse,3150,Salesperson 150,Retail,2026-01-01,2026-09-20T12:00:00
S03151,Demo Garden Centre 03151,CHAIN01,Canadian Demo Retail Chain 01,Calgary,AB,CA,T2P 1J1,ST051,Calgary,3151,Salesperson 151,Retail,2026-01-01,2026-09-20T12:00:00
S03152,Demo Garden Centre 03152,CHAIN02,Canadian Demo Retail Chain 02,Edmonton,AB,CA,T5J 0N2,ST052,Edmonton,3152,Salesperson 152,Retail,2026-01-01,2026-09-20T12:00:00
S03153,Demo Garden Centre 03153,CHAIN03,Canadian Demo Retail Chain 03,Vancouver,BC,CA,V6B 2W3,ST053,Vancouver,3153,Salesperson 153,Retail,2026-01-01,2026-09-20T12:00:00
S03154,Demo Garden Centre 03154,CHAIN04,Canadian Demo Retail Chain 04,Victoria,BC,CA,V8W 1P4,ST054,Victoria,3154,Salesperson 154,Retail,2026-01-01,2026-09-20T12:00:00
S03155,Demo Garden Centre 03155,CHAIN05,Canadian Demo Retail Chain 05,Winnipeg,MB,CA,R3B 1C5,ST055,Winnipeg,3155,Salesperson 155,Retail,2026-01-01,2026-09-20T12:00:00
S03156,Demo Garden Centre 03156,CHAIN06,Canadian Demo Retail Chain 06,Fredericton,NB,CA,E3B 1B6,ST056,Fredericton,3156,Salesperson 156,Retail,2026-01-01,2026-09-20T12:00:00
S03157,Demo Garden Centre 03157,CHAIN07,Canadian Demo Retail Chain 07,St. John's,NL,CA,A1C 1B7,ST057,St. John's,3157,Salesperson 157,Retail,2026-01-01,2026-09-20T12:00:00
S03158,Demo Garden Centre 03158,CHAIN08,Canadian Demo Retail Chain 08,Halifax,NS,CA,B3J 1M8,ST058,Halifax,3158,Salesperson 158,Retail,2026-01-01,2026-09-20T12:00:00
S03159,Demo Garden Centre 03159,CHAIN09,Canadian Demo Retail Chain 09,Toronto,ON,CA,M5H 2N9,ST059,Toronto,3159,Salesperson 159,Retail,2026-01-01,2026-09-20T12:00:00
S03160,Demo Garden Centre 03160,CHAIN10,Canadian Demo Retail Chain 10,Ottawa,ON,CA,K1P 1J1,ST060,Ottawa,3160,Salesperson 160,Retail,2026-01-01,2026-09-20T12:00:00
S03161,Demo Garden Centre 03161,CHAIN11,Canadian Demo Retail Chain 11,London,ON,CA,N6A 3K2,ST061,London,3161,Salesperson 161,Retail,2026-01-01,2026-09-20T12:00:00
S03162,Demo Garden Centre 03162,CHAIN12,Canadian Demo Retail Chain 12,Thunder Bay,ON,CA,P7B 5E3,ST062,Thunder Bay,3162,Salesperson 162,Retail,2026-01-01,2026-09-20T12:00:00
S03163,Demo Garden Centre 03163,CHAIN13,Canadian Demo Retail Chain 13,Charlottetown,PE,CA,C1A 1A4,ST063,Charlottetown,3163,Salesperson 163,Retail,2026-01-01,2026-09-20T12:00:00
S03164,Demo Garden Centre 03164,CHAIN14,Canadian Demo Retail Chain 14,Montreal,QC,CA,H2Y 1C5,ST064,Montreal,3164,Salesperson 164,Retail,2026-01-01,2026-09-20T12:00:00
S03165,Demo Garden Centre 03165,CHAIN15,Canadian Demo Retail Chain 15,Quebec City,QC,CA,G1R 4P6,ST065,Quebec City,3165,Salesperson 165,Retail,2026-01-01,2026-09-20T12:00:00
S03166,Demo Garden Centre 03166,CHAIN16,Canadian Demo Retail Chain 16,Saskatoon,SK,CA,S7K 1J7,ST066,Saskatoon,3166,Salesperson 166,Retail,2026-01-01,2026-09-20T12:00:00
S03167,Demo Garden Centre 03167,CHAIN17,Canadian Demo Retail Chain 17,Regina,SK,CA,S4P 3Y8,ST067,Regina,3167,Salesperson 167,Retail,2026-01-01,2026-09-20T12:00:00
S03168,Demo Garden Centre 03168,CHAIN18,Canadian Demo Retail Chain 18,Whitehorse,YT,CA,Y1A 2C9,ST068,Whitehorse,3168,Salesperson 168,Retail,2026-01-01,2026-09-20T12:00:00
S03169,Demo Garden Centre 03169,CHAIN19,Canadian Demo Retail Chain 19,Calgary,AB,CA,T2P 1J1,ST069,Calgary,3169,Salesperson 169,Retail,2026-01-01,2026-09-20T12:00:00
S03170,Demo Garden Centre 03170,CHAIN20,Canadian Demo Retail Chain 20,Edmonton,AB,CA,T5J 0N2,ST070,Edmonton,3170,Salesperson 170,Retail,2026-01-01,2026-09-20T12:00:00
S03171,Demo Garden Centre 03171,CHAIN21,Canadian Demo Retail Chain 21,Vancouver,BC,CA,V6B 2W3,ST071,Vancouver,3171,Salesperson 171,Retail,2026-01-01,2026-09-20T12:00:00
S03172,Demo Garden Centre 03172,CHAIN22,Canadian Demo Retail Chain 22,Victoria,BC,CA,V8W 1P4,ST072,Victoria,3172,Salesperson 172,Retail,2026-01-01,2026-09-20T12:00:00
S03173,Demo Garden Centre 03173,CHAIN23,Canadian Demo Retail Chain 23,Winnipeg,MB,CA,R3B 1C5,ST073,Winnipeg,3173,Salesperson 173,Retail,2026-01-01,2026-09-20T12:00:00
S03174,Demo Garden Centre 03174,CHAIN24,Canadian Demo Retail Chain 24,Fredericton,NB,CA,E3B 1B6,ST074,Fredericton,3174,Salesperson 174,Retail,2026-01-01,2026-09-20T12:00:00
S03175,Demo Garden Centre 03175,CHAIN25,Canadian Demo Retail Chain 25,St. John's,NL,CA,A1C 1B7,ST075,St. John's,3175,Salesperson 175,Retail,2026-01-01,2026-09-20T12:00:00
S03176,Demo Garden Centre 03176,CHAIN01,Canadian Demo Retail Chain 01,Halifax,NS,CA,B3J 1M8,ST076,Halifax,3176,Salesperson 176,Retail,2026-01-01,2026-09-20T12:00:00
S03177,Demo Garden Centre 03177,CHAIN02,Canadian Demo Retail Chain 02,Toronto,ON,CA,M5H 2N9,ST077,Toronto,3177,Salesperson 177,Retail,2026-01-01,2026-09-20T12:00:00
S03178,Demo Garden Centre 03178,CHAIN03,Canadian Demo Retail Chain 03,Ottawa,ON,CA,K1P 1J1,ST078,Ottawa,3178,Salesperson 178,Retail,2026-01-01,2026-09-20T12:00:00
S03179,Demo Garden Centre 03179,CHAIN04,Canadian Demo Retail Chain 04,London,ON,CA,N6A 3K2,ST079,London,3179,Salesperson 179,Retail,2026-01-01,2026-09-20T12:00:00
S03180,Demo Garden Centre 03180,CHAIN05,Canadian Demo Retail Chain 05,Thunder Bay,ON,CA,P7B 5E3,ST080,Thunder Bay,3180,Salesperson 180,Retail,2026-01-01,2026-09-20T12:00:00
S03181,Demo Garden Centre 03181,CHAIN06,Canadian Demo Retail Chain 06,Charlottetown,PE,CA,C1A 1A4,ST081,Charlottetown,3181,Salesperson 181,Retail,2026-01-01,2026-09-20T12:00:00
S03182,Demo Garden Centre 03182,CHAIN07,Canadian Demo Retail Chain 07,Montreal,QC,CA,H2Y 1C5,ST082,Montreal,3182,Salesperson 182,Retail,2026-01-01,2026-09-20T12:00:00
S03183,Demo Garden Centre 03183,CHAIN08,Canadian Demo Retail Chain 08,Quebec City,QC,CA,G1R 4P6,ST083,Quebec City,3183,Salesperson 183,Retail,2026-01-01,2026-09-20T12:00:00
S03184,Demo Garden Centre 03184,CHAIN09,Canadian Demo Retail Chain 09,Saskatoon,SK,CA,S7K 1J7,ST084,Saskatoon,3184,Salesperson 184,Retail,2026-01-01,2026-09-20T12:00:00
S03185,Demo Garden Centre 03185,CHAIN10,Canadian Demo Retail Chain 10,Regina,SK,CA,S4P 3Y8,ST085,Regina,3185,Salesperson 185,Retail,2026-01-01,2026-09-20T12:00:00
S03186,Demo Garden Centre 03186,CHAIN11,Canadian Demo Retail Chain 11,Whitehorse,YT,CA,Y1A 2C9,ST086,Whitehorse,3186,Salesperson 186,Retail,2026-01-01,2026-09-20T12:00:00
S03187,Demo Garden Centre 03187,CHAIN12,Canadian Demo Retail Chain 12,Calgary,AB,CA,T2P 1J1,ST087,Calgary,3187,Salesperson 187,Retail,2026-01-01,2026-09-20T12:00:00
S03188,Demo Garden Centre 03188,CHAIN13,Canadian Demo Retail Chain 13,Edmonton,AB,CA,T5J 0N2,ST088,Edmonton,3188,Salesperson 188,Retail,2026-01-01,2026-09-20T12:00:00
S03189,Demo Garden Centre 03189,CHAIN14,Canadian Demo Retail Chain 14,Vancouver,BC,CA,V6B 2W3,ST089,Vancouver,3189,Salesperson 189,Retail,2026-01-01,2026-09-20T12:00:00
S03190,Demo Garden Centre 03190,CHAIN15,Canadian Demo Retail Chain 15,Victoria,BC,CA,V8W 1P4,ST090,Victoria,3190,Salesperson 190,Retail,2026-01-01,2026-09-20T12:00:00
S03191,Demo Garden Centre 03191,CHAIN16,Canadian Demo Retail Chain 16,Winnipeg,MB,CA,R3B 1C5,ST091,Winnipeg,3191,Salesperson 191,Retail,2026-01-01,2026-09-20T12:00:00
S03192,Demo Garden Centre 03192,CHAIN17,Canadian Demo Retail Chain 17,Fredericton,NB,CA,E3B 1B6,ST092,Fredericton,3192,Salesperson 192,Retail,2026-01-01,2026-09-20T12:00:00
S03193,Demo Garden Centre 03193,CHAIN18,Canadian Demo Retail Chain 18,St. John's,NL,CA,A1C 1B7,ST093,St. John's,3193,Salesperson 193,Retail,2026-01-01,2026-09-20T12:00:00
S03194,Demo Garden Centre 03194,CHAIN19,Canadian Demo Retail Chain 19,Halifax,NS,CA,B3J 1M8,ST094,Halifax,3194,Salesperson 194,Retail,2026-01-01,2026-09-20T12:00:00
S03195,Demo Garden Centre 03195,CHAIN20,Canadian Demo Retail Chain 20,Toronto,ON,CA,M5H 2N9,ST095,Toronto,3195,Salesperson 195,Retail,2026-01-01,2026-09-20T12:00:00
S03196,Demo Garden Centre 03196,CHAIN21,Canadian Demo Retail Chain 21,Ottawa,ON,CA,K1P 1J1,ST096,Ottawa,3196,Salesperson 196,Retail,2026-01-01,2026-09-20T12:00:00
S03197,Demo Garden Centre 03197,CHAIN22,Canadian Demo Retail Chain 22,London,ON,CA,N6A 3K2,ST097,London,3197,Salesperson 197,Retail,2026-01-01,2026-09-20T12:00:00
S03198,Demo Garden Centre 03198,CHAIN23,Canadian Demo Retail Chain 23,Thunder Bay,ON,CA,P7B 5E3,ST098,Thunder Bay,3198,Salesperson 198,Retail,2026-01-01,2026-09-20T12:00:00
S03199,Demo Garden Centre 03199,CHAIN24,Canadian Demo Retail Chain 24,Charlottetown,PE,CA,C1A 1A4,ST099,Charlottetown,3199,Salesperson 199,Retail,2026-01-01,2026-09-20T12:00:00
S03200,Demo Garden Centre 03200,CHAIN25,Canadian Demo Retail Chain 25,Montreal,QC,CA,H2Y 1C5,ST100,Montreal,3200,Salesperson 200,Retail,2026-01-01,2026-09-20T12:00:00
S03201,Demo Garden Centre 03201,CHAIN01,Canadian Demo Retail Chain 01,Quebec City,QC,CA,G1R 4P6,ST001,Quebec City,3201,Salesperson 201,Retail,2026-01-01,2026-09-20T12:00:00
S03202,Demo Garden Centre 03202,CHAIN02,Canadian Demo Retail Chain 02,Saskatoon,SK,CA,S7K 1J7,ST002,Saskatoon,3202,Salesperson 202,Retail,2026-01-01,2026-09-20T12:00:00
S03203,Demo Garden Centre 03203,CHAIN03,Canadian Demo Retail Chain 03,Regina,SK,CA,S4P 3Y8,ST003,Regina,3203,Salesperson 203,Retail,2026-01-01,2026-09-20T12:00:00
S03204,Demo Garden Centre 03204,CHAIN04,Canadian Demo Retail Chain 04,Whitehorse,YT,CA,Y1A 2C9,ST004,Whitehorse,3204,Salesperson 204,Retail,2026-01-01,2026-09-20T12:00:00
S03205,Demo Garden Centre 03205,CHAIN05,Canadian Demo Retail Chain 05,Calgary,AB,CA,T2P 1J1,ST005,Calgary,3205,Salesperson 205,Retail,2026-01-01,2026-09-20T12:00:00
S03206,Demo Garden Centre 03206,CHAIN06,Canadian Demo Retail Chain 06,Edmonton,AB,CA,T5J 0N2,ST006,Edmonton,3206,Salesperson 206,Retail,2026-01-01,2026-09-20T12:00:00
S03207,Demo Garden Centre 03207,CHAIN07,Canadian Demo Retail Chain 07,Vancouver,BC,CA,V6B 2W3,ST007,Vancouver,3207,Salesperson 207,Retail,2026-01-01,2026-09-20T12:00:00
S03208,Demo Garden Centre 03208,CHAIN08,Canadian Demo Retail Chain 08,Victoria,BC,CA,V8W 1P4,ST008,Victoria,3208,Salesperson 208,Retail,2026-01-01,2026-09-20T12:00:00
S03209,Demo Garden Centre 03209,CHAIN09,Canadian Demo Retail Chain 09,Winnipeg,MB,CA,R3B 1C5,ST009,Winnipeg,3209,Salesperson 209,Retail,2026-01-01,2026-09-20T12:00:00
S03210,Demo Garden Centre 03210,CHAIN10,Canadian Demo Retail Chain 10,Fredericton,NB,CA,E3B 1B6,ST010,Fredericton,3210,Salesperson 210,Retail,2026-01-01,2026-09-20T12:00:00
S03211,Demo Garden Centre 03211,CHAIN11,Canadian Demo Retail Chain 11,St. John's,NL,CA,A1C 1B7,ST011,St. John's,3211,Salesperson 211,Retail,2026-01-01,2026-09-20T12:00:00
S03212,Demo Garden Centre 03212,CHAIN12,Canadian Demo Retail Chain 12,Halifax,NS,CA,B3J 1M8,ST012,Halifax,3212,Salesperson 212,Retail,2026-01-01,2026-09-20T12:00:00
S03213,Demo Garden Centre 03213,CHAIN13,Canadian Demo Retail Chain 13,Toronto,ON,CA,M5H 2N9,ST013,Toronto,3213,Salesperson 213,Retail,2026-01-01,2026-09-20T12:00:00
S03214,Demo Garden Centre 03214,CHAIN14,Canadian Demo Retail Chain 14,Ottawa,ON,CA,K1P 1J1,ST014,Ottawa,3214,Salesperson 214,Retail,2026-01-01,2026-09-20T12:00:00
S03215,Demo Garden Centre 03215,CHAIN15,Canadian Demo Retail Chain 15,London,ON,CA,N6A 3K2,ST015,London,3215,Salesperson 215,Retail,2026-01-01,2026-09-20T12:00:00
S03216,Demo Garden Centre 03216,CHAIN16,Canadian Demo Retail Chain 16,Thunder Bay,ON,CA,P7B 5E3,ST016,Thunder Bay,3216,Salesperson 216,Retail,2026-01-01,2026-09-20T12:00:00
S03217,Demo Garden Centre 03217,CHAIN17,Canadian Demo Retail Chain 17,Charlottetown,PE,CA,C1A 1A4,ST017,Charlottetown,3217,Salesperson 217,Retail,2026-01-01,2026-09-20T12:00:00
S03218,Demo Garden Centre 03218,CHAIN18,Canadian Demo Retail Chain 18,Montreal,QC,CA,H2Y 1C5,ST018,Montreal,3218,Salesperson 218,Retail,2026-01-01,2026-09-20T12:00:00
S03219,Demo Garden Centre 03219,CHAIN19,Canadian Demo Retail Chain 19,Quebec City,QC,CA,G1R 4P6,ST019,Quebec City,3219,Salesperson 219,Retail,2026-01-01,2026-09-20T12:00:00
S03220,Demo Garden Centre 03220,CHAIN20,Canadian Demo Retail Chain 20,Saskatoon,SK,CA,S7K 1J7,ST020,Saskatoon,3220,Salesperson 220,Retail,2026-01-01,2026-09-20T12:00:00
S03221,Demo Garden Centre 03221,CHAIN21,Canadian Demo Retail Chain 21,Regina,SK,CA,S4P 3Y8,ST021,Regina,3221,Salesperson 221,Retail,2026-01-01,2026-09-20T12:00:00
S03222,Demo Garden Centre 03222,CHAIN22,Canadian Demo Retail Chain 22,Whitehorse,YT,CA,Y1A 2C9,ST022,Whitehorse,3222,Salesperson 222,Retail,2026-01-01,2026-09-20T12:00:00
S03223,Demo Garden Centre 03223,CHAIN23,Canadian Demo Retail Chain 23,Calgary,AB,CA,T2P 1J1,ST023,Calgary,3223,Salesperson 223,Retail,2026-01-01,2026-09-20T12:00:00
S03224,Demo Garden Centre 03224,CHAIN24,Canadian Demo Retail Chain 24,Edmonton,AB,CA,T5J 0N2,ST024,Edmonton,3224,Salesperson 224,Retail,2026-01-01,2026-09-20T12:00:00
S03225,Demo Garden Centre 03225,CHAIN25,Canadian Demo Retail Chain 25,Vancouver,BC,CA,V6B 2W3,ST025,Vancouver,3225,Salesperson 225,Retail,2026-01-01,2026-09-20T12:00:00
S03226,Demo Garden Centre 03226,CHAIN01,Canadian Demo Retail Chain 01,Victoria,BC,CA,V8W 1P4,ST026,Victoria,3226,Salesperson 226,Retail,2026-01-01,2026-09-20T12:00:00
S03227,Demo Garden Centre 03227,CHAIN02,Canadian Demo Retail Chain 02,Winnipeg,MB,CA,R3B 1C5,ST027,Winnipeg,3227,Salesperson 227,Retail,2026-01-01,2026-09-20T12:00:00
S03228,Demo Garden Centre 03228,CHAIN03,Canadian Demo Retail Chain 03,Fredericton,NB,CA,E3B 1B6,ST028,Fredericton,3228,Salesperson 228,Retail,2026-01-01,2026-09-20T12:00:00
S03229,Demo Garden Centre 03229,CHAIN04,Canadian Demo Retail Chain 04,St. John's,NL,CA,A1C 1B7,ST029,St. John's,3229,Salesperson 229,Retail,2026-01-01,2026-09-20T12:00:00
S03230,Demo Garden Centre 03230,CHAIN05,Canadian Demo Retail Chain 05,Halifax,NS,CA,B3J 1M8,ST030,Halifax,3230,Salesperson 230,Retail,2026-01-01,2026-09-20T12:00:00
S03231,Demo Garden Centre 03231,CHAIN06,Canadian Demo Retail Chain 06,Toronto,ON,CA,M5H 2N9,ST031,Toronto,3231,Salesperson 231,Retail,2026-01-01,2026-09-20T12:00:00
S03232,Demo Garden Centre 03232,CHAIN07,Canadian Demo Retail Chain 07,Ottawa,ON,CA,K1P 1J1,ST032,Ottawa,3232,Salesperson 232,Retail,2026-01-01,2026-09-20T12:00:00
S03233,Demo Garden Centre 03233,CHAIN08,Canadian Demo Retail Chain 08,London,ON,CA,N6A 3K2,ST033,London,3233,Salesperson 233,Retail,2026-01-01,2026-09-20T12:00:00
S03234,Demo Garden Centre 03234,CHAIN09,Canadian Demo Retail Chain 09,Thunder Bay,ON,CA,P7B 5E3,ST034,Thunder Bay,3234,Salesperson 234,Retail,2026-01-01,2026-09-20T12:00:00
S03235,Demo Garden Centre 03235,CHAIN10,Canadian Demo Retail Chain 10,Charlottetown,PE,CA,C1A 1A4,ST035,Charlottetown,3235,Salesperson 235,Retail,2026-01-01,2026-09-20T12:00:00
S03236,Demo Garden Centre 03236,CHAIN11,Canadian Demo Retail Chain 11,Montreal,QC,CA,H2Y 1C5,ST036,Montreal,3236,Salesperson 236,Retail,2026-01-01,2026-09-20T12:00:00
S03237,Demo Garden Centre 03237,CHAIN12,Canadian Demo Retail Chain 12,Quebec City,QC,CA,G1R 4P6,ST037,Quebec City,3237,Salesperson 237,Retail,2026-01-01,2026-09-20T12:00:00
S03238,Demo Garden Centre 03238,CHAIN13,Canadian Demo Retail Chain 13,Saskatoon,SK,CA,S7K 1J7,ST038,Saskatoon,3238,Salesperson 238,Retail,2026-01-01,2026-09-20T12:00:00
S03239,Demo Garden Centre 03239,CHAIN14,Canadian Demo Retail Chain 14,Regina,SK,CA,S4P 3Y8,ST039,Regina,3239,Salesperson 239,Retail,2026-01-01,2026-09-20T12:00:00
S03240,Demo Garden Centre 03240,CHAIN15,Canadian Demo Retail Chain 15,Whitehorse,YT,CA,Y1A 2C9,ST040,Whitehorse,3240,Salesperson 240,Retail,2026-01-01,2026-09-20T12:00:00
S03241,Demo Garden Centre 03241,CHAIN16,Canadian Demo Retail Chain 16,Calgary,AB,CA,T2P 1J1,ST041,Calgary,3241,Salesperson 241,Retail,2026-01-01,2026-09-20T12:00:00
S03242,Demo Garden Centre 03242,CHAIN17,Canadian Demo Retail Chain 17,Edmonton,AB,CA,T5J 0N2,ST042,Edmonton,3242,Salesperson 242,Retail,2026-01-01,2026-09-20T12:00:00
S03243,Demo Garden Centre 03243,CHAIN18,Canadian Demo Retail Chain 18,Vancouver,BC,CA,V6B 2W3,ST043,Vancouver,3243,Salesperson 243,Retail,2026-01-01,2026-09-20T12:00:00
S03244,Demo Garden Centre 03244,CHAIN19,Canadian Demo Retail Chain 19,Victoria,BC,CA,V8W 1P4,ST044,Victoria,3244,Salesperson 244,Retail,2026-01-01,2026-09-20T12:00:00
S03245,Demo Garden Centre 03245,CHAIN20,Canadian Demo Retail Chain 20,Winnipeg,MB,CA,R3B 1C5,ST045,Winnipeg,3245,Salesperson 245,Retail,2026-01-01,2026-09-20T12:00:00
S03246,Demo Garden Centre 03246,CHAIN21,Canadian Demo Retail Chain 21,Fredericton,NB,CA,E3B 1B6,ST046,Fredericton,3246,Salesperson 246,Retail,2026-01-01,2026-09-20T12:00:00
S03247,Demo Garden Centre 03247,CHAIN22,Canadian Demo Retail Chain 22,St. John's,NL,CA,A1C 1B7,ST047,St. John's,3247,Salesperson 247,Retail,2026-01-01,2026-09-20T12:00:00
S03248,Demo Garden Centre 03248,CHAIN23,Canadian Demo Retail Chain 23,Halifax,NS,CA,B3J 1M8,ST048,Halifax,3248,Salesperson 248,Retail,2026-01-01,2026-09-20T12:00:00
S03249,Demo Garden Centre 03249,CHAIN24,Canadian Demo Retail Chain 24,Toronto,ON,CA,M5H 2N9,ST049,Toronto,3249,Salesperson 249,Retail,2026-01-01,2026-09-20T12:00:00
S03250,Demo Garden Centre 03250,CHAIN25,Canadian Demo Retail Chain 25,Ottawa,ON,CA,K1P 1J1,ST050,Ottawa,3250,Salesperson 250,Retail,2026-01-01,2026-09-20T12:00:00
S03251,Demo Garden Centre 03251,CHAIN01,Canadian Demo Retail Chain 01,London,ON,CA,N6A 3K2,ST051,London,3251,Salesperson 001,Retail,2026-01-01,2026-09-20T12:00:00
S03252,Demo Garden Centre 03252,CHAIN02,Canadian Demo Retail Chain 02,Thunder Bay,ON,CA,P7B 5E3,ST052,Thunder Bay,3252,Salesperson 002,Retail,2026-01-01,2026-09-20T12:00:00
S03253,Demo Garden Centre 03253,CHAIN03,Canadian Demo Retail Chain 03,Charlottetown,PE,CA,C1A 1A4,ST053,Charlottetown,3253,Salesperson 003,Retail,2026-01-01,2026-09-20T12:00:00
S03254,Demo Garden Centre 03254,CHAIN04,Canadian Demo Retail Chain 04,Montreal,QC,CA,H2Y 1C5,ST054,Montreal,3254,Salesperson 004,Retail,2026-01-01,2026-09-20T12:00:00
S03255,Demo Garden Centre 03255,CHAIN05,Canadian Demo Retail Chain 05,Quebec City,QC,CA,G1R 4P6,ST055,Quebec City,3255,Salesperson 005,Retail,2026-01-01,2026-09-20T12:00:00
S03256,Demo Garden Centre 03256,CHAIN06,Canadian Demo Retail Chain 06,Saskatoon,SK,CA,S7K 1J7,ST056,Saskatoon,3256,Salesperson 006,Retail,2026-01-01,2026-09-20T12:00:00
S03257,Demo Garden Centre 03257,CHAIN07,Canadian Demo Retail Chain 07,Regina,SK,CA,S4P 3Y8,ST057,Regina,3257,Salesperson 007,Retail,2026-01-01,2026-09-20T12:00:00
S03258,Demo Garden Centre 03258,CHAIN08,Canadian Demo Retail Chain 08,Whitehorse,YT,CA,Y1A 2C9,ST058,Whitehorse,3258,Salesperson 008,Retail,2026-01-01,2026-09-20T12:00:00
S03259,Demo Garden Centre 03259,CHAIN09,Canadian Demo Retail Chain 09,Calgary,AB,CA,T2P 1J1,ST059,Calgary,3259,Salesperson 009,Retail,2026-01-01,2026-09-20T12:00:00
S03260,Demo Garden Centre 03260,CHAIN10,Canadian Demo Retail Chain 10,Edmonton,AB,CA,T5J 0N2,ST060,Edmonton,3260,Salesperson 010,Retail,2026-01-01,2026-09-20T12:00:00
S03261,Demo Garden Centre 03261,CHAIN11,Canadian Demo Retail Chain 11,Vancouver,BC,CA,V6B 2W3,ST061,Vancouver,3261,Salesperson 011,Retail,2026-01-01,2026-09-20T12:00:00
S03262,Demo Garden Centre 03262,CHAIN12,Canadian Demo Retail Chain 12,Victoria,BC,CA,V8W 1P4,ST062,Victoria,3262,Salesperson 012,Retail,2026-01-01,2026-09-20T12:00:00
S03263,Demo Garden Centre 03263,CHAIN13,Canadian Demo Retail Chain 13,Winnipeg,MB,CA,R3B 1C5,ST063,Winnipeg,3263,Salesperson 013,Retail,2026-01-01,2026-09-20T12:00:00
S03264,Demo Garden Centre 03264,CHAIN14,Canadian Demo Retail Chain 14,Fredericton,NB,CA,E3B 1B6,ST064,Fredericton,3264,Salesperson 014,Retail,2026-01-01,2026-09-20T12:00:00
S03265,Demo Garden Centre 03265,CHAIN15,Canadian Demo Retail Chain 15,St. John's,NL,CA,A1C 1B7,ST065,St. John's,3265,Salesperson 015,Retail,2026-01-01,2026-09-20T12:00:00
S03266,Demo Garden Centre 03266,CHAIN16,Canadian Demo Retail Chain 16,Halifax,NS,CA,B3J 1M8,ST066,Halifax,3266,Salesperson 016,Retail,2026-01-01,2026-09-20T12:00:00
S03267,Demo Garden Centre 03267,CHAIN17,Canadian Demo Retail Chain 17,Toronto,ON,CA,M5H 2N9,ST067,Toronto,3267,Salesperson 017,Retail,2026-01-01,2026-09-20T12:00:00
S03268,Demo Garden Centre 03268,CHAIN18,Canadian Demo Retail Chain 18,Ottawa,ON,CA,K1P 1J1,ST068,Ottawa,3268,Salesperson 018,Retail,2026-01-01,2026-09-20T12:00:00
S03269,Demo Garden Centre 03269,CHAIN19,Canadian Demo Retail Chain 19,London,ON,CA,N6A 3K2,ST069,London,3269,Salesperson 019,Retail,2026-01-01,2026-09-20T12:00:00
S03270,Demo Garden Centre 03270,CHAIN20,Canadian Demo Retail Chain 20,Thunder Bay,ON,CA,P7B 5E3,ST070,Thunder Bay,3270,Salesperson 020,Retail,2026-01-01,2026-09-20T12:00:00
S03271,Demo Garden Centre 03271,CHAIN21,Canadian Demo Retail Chain 21,Charlottetown,PE,CA,C1A 1A4,ST071,Charlottetown,3271,Salesperson 021,Retail,2026-01-01,2026-09-20T12:00:00
S03272,Demo Garden Centre 03272,CHAIN22,Canadian Demo Retail Chain 22,Montreal,QC,CA,H2Y 1C5,ST072,Montreal,3272,Salesperson 022,Retail,2026-01-01,2026-09-20T12:00:00
S03273,Demo Garden Centre 03273,CHAIN23,Canadian Demo Retail Chain 23,Quebec City,QC,CA,G1R 4P6,ST073,Quebec City,3273,Salesperson 023,Retail,2026-01-01,2026-09-20T12:00:00
S03274,Demo Garden Centre 03274,CHAIN24,Canadian Demo Retail Chain 24,Saskatoon,SK,CA,S7K 1J7,ST074,Saskatoon,3274,Salesperson 024,Retail,2026-01-01,2026-09-20T12:00:00
S03275,Demo Garden Centre 03275,CHAIN25,Canadian Demo Retail Chain 25,Regina,SK,CA,S4P 3Y8,ST075,Regina,3275,Salesperson 025,Retail,2026-01-01,2026-09-20T12:00:00
S03276,Demo Garden Centre 03276,CHAIN01,Canadian Demo Retail Chain 01,Whitehorse,YT,CA,Y1A 2C9,ST076,Whitehorse,3276,Salesperson 026,Retail,2026-01-01,2026-09-20T12:00:00
S03277,Demo Garden Centre 03277,CHAIN02,Canadian Demo Retail Chain 02,Calgary,AB,CA,T2P 1J1,ST077,Calgary,3277,Salesperson 027,Retail,2026-01-01,2026-09-20T12:00:00
S03278,Demo Garden Centre 03278,CHAIN03,Canadian Demo Retail Chain 03,Edmonton,AB,CA,T5J 0N2,ST078,Edmonton,3278,Salesperson 028,Retail,2026-01-01,2026-09-20T12:00:00
S03279,Demo Garden Centre 03279,CHAIN04,Canadian Demo Retail Chain 04,Vancouver,BC,CA,V6B 2W3,ST079,Vancouver,3279,Salesperson 029,Retail,2026-01-01,2026-09-20T12:00:00
S03280,Demo Garden Centre 03280,CHAIN05,Canadian Demo Retail Chain 05,Victoria,BC,CA,V8W 1P4,ST080,Victoria,3280,Salesperson 030,Retail,2026-01-01,2026-09-20T12:00:00
S03281,Demo Garden Centre 03281,CHAIN06,Canadian Demo Retail Chain 06,Winnipeg,MB,CA,R3B 1C5,ST081,Winnipeg,3281,Salesperson 031,Retail,2026-01-01,2026-09-20T12:00:00
S03282,Demo Garden Centre 03282,CHAIN07,Canadian Demo Retail Chain 07,Fredericton,NB,CA,E3B 1B6,ST082,Fredericton,3282,Salesperson 032,Retail,2026-01-01,2026-09-20T12:00:00
S03283,Demo Garden Centre 03283,CHAIN08,Canadian Demo Retail Chain 08,St. John's,NL,CA,A1C 1B7,ST083,St. John's,3283,Salesperson 033,Retail,2026-01-01,2026-09-20T12:00:00
S03284,Demo Garden Centre 03284,CHAIN09,Canadian Demo Retail Chain 09,Halifax,NS,CA,B3J 1M8,ST084,Halifax,3284,Salesperson 034,Retail,2026-01-01,2026-09-20T12:00:00
S03285,Demo Garden Centre 03285,CHAIN10,Canadian Demo Retail Chain 10,Toronto,ON,CA,M5H 2N9,ST085,Toronto,3285,Salesperson 035,Retail,2026-01-01,2026-09-20T12:00:00
S03286,Demo Garden Centre 03286,CHAIN11,Canadian Demo Retail Chain 11,Ottawa,ON,CA,K1P 1J1,ST086,Ottawa,3286,Salesperson 036,Retail,2026-01-01,2026-09-20T12:00:00
S03287,Demo Garden Centre 03287,CHAIN12,Canadian Demo Retail Chain 12,London,ON,CA,N6A 3K2,ST087,London,3287,Salesperson 037,Retail,2026-01-01,2026-09-20T12:00:00
S03288,Demo Garden Centre 03288,CHAIN13,Canadian Demo Retail Chain 13,Thunder Bay,ON,CA,P7B 5E3,ST088,Thunder Bay,3288,Salesperson 038,Retail,2026-01-01,2026-09-20T12:00:00
S03289,Demo Garden Centre 03289,CHAIN14,Canadian Demo Retail Chain 14,Charlottetown,PE,CA,C1A 1A4,ST089,Charlottetown,3289,Salesperson 039,Retail,2026-01-01,2026-09-20T12:00:00
S03290,Demo Garden Centre 03290,CHAIN15,Canadian Demo Retail Chain 15,Montreal,QC,CA,H2Y 1C5,ST090,Montreal,3290,Salesperson 040,Retail,2026-01-01,2026-09-20T12:00:00
S03291,Demo Garden Centre 03291,CHAIN16,Canadian Demo Retail Chain 16,Quebec City,QC,CA,G1R 4P6,ST091,Quebec City,3291,Salesperson 041,Retail,2026-01-01,2026-09-20T12:00:00
S03292,Demo Garden Centre 03292,CHAIN17,Canadian Demo Retail Chain 17,Saskatoon,SK,CA,S7K 1J7,ST092,Saskatoon,3292,Salesperson 042,Retail,2026-01-01,2026-09-20T12:00:00
S03293,Demo Garden Centre 03293,CHAIN18,Canadian Demo Retail Chain 18,Regina,SK,CA,S4P 3Y8,ST093,Regina,3293,Salesperson 043,Retail,2026-01-01,2026-09-20T12:00:00
S03294,Demo Garden Centre 03294,CHAIN19,Canadian Demo Retail Chain 19,Whitehorse,YT,CA,Y1A 2C9,ST094,Whitehorse,3294,Salesperson 044,Retail,2026-01-01,2026-09-20T12:00:00
S03295,Demo Garden Centre 03295,CHAIN20,Canadian Demo Retail Chain 20,Calgary,AB,CA,T2P 1J1,ST095,Calgary,3295,Salesperson 045,Retail,2026-01-01,2026-09-20T12:00:00
S03296,Demo Garden Centre 03296,CHAIN21,Canadian Demo Retail Chain 21,Edmonton,AB,CA,T5J 0N2,ST096,Edmonton,3296,Salesperson 046,Retail,2026-01-01,2026-09-20T12:00:00
S03297,Demo Garden Centre 03297,CHAIN22,Canadian Demo Retail Chain 22,Vancouver,BC,CA,V6B 2W3,ST097,Vancouver,3297,Salesperson 047,Retail,2026-01-01,2026-09-20T12:00:00
S03298,Demo Garden Centre 03298,CHAIN23,Canadian Demo Retail Chain 23,Victoria,BC,CA,V8W 1P4,ST098,Victoria,3298,Salesperson 048,Retail,2026-01-01,2026-09-20T12:00:00
S03299,Demo Garden Centre 03299,CHAIN24,Canadian Demo Retail Chain 24,Winnipeg,MB,CA,R3B 1C5,ST099,Winnipeg,3299,Salesperson 049,Retail,2026-01-01,2026-09-20T12:00:00
S03300,Demo Garden Centre 03300,CHAIN25,Canadian Demo Retail Chain 25,Fredericton,NB,CA,E3B 1B6,ST100,Fredericton,3300,Salesperson 050,Retail,2026-01-01,2026-09-20T12:00:00
S03301,Demo Garden Centre 03301,CHAIN01,Canadian Demo Retail Chain 01,St. John's,NL,CA,A1C 1B7,ST001,St. John's,3301,Salesperson 051,Retail,2026-01-01,2026-09-20T12:00:00
S03302,Demo Garden Centre 03302,CHAIN02,Canadian Demo Retail Chain 02,Halifax,NS,CA,B3J 1M8,ST002,Halifax,3302,Salesperson 052,Retail,2026-01-01,2026-09-20T12:00:00
S03303,Demo Garden Centre 03303,CHAIN03,Canadian Demo Retail Chain 03,Toronto,ON,CA,M5H 2N9,ST003,Toronto,3303,Salesperson 053,Retail,2026-01-01,2026-09-20T12:00:00
S03304,Demo Garden Centre 03304,CHAIN04,Canadian Demo Retail Chain 04,Ottawa,ON,CA,K1P 1J1,ST004,Ottawa,3304,Salesperson 054,Retail,2026-01-01,2026-09-20T12:00:00
S03305,Demo Garden Centre 03305,CHAIN05,Canadian Demo Retail Chain 05,London,ON,CA,N6A 3K2,ST005,London,3305,Salesperson 055,Retail,2026-01-01,2026-09-20T12:00:00
S03306,Demo Garden Centre 03306,CHAIN06,Canadian Demo Retail Chain 06,Thunder Bay,ON,CA,P7B 5E3,ST006,Thunder Bay,3306,Salesperson 056,Retail,2026-01-01,2026-09-20T12:00:00
S03307,Demo Garden Centre 03307,CHAIN07,Canadian Demo Retail Chain 07,Charlottetown,PE,CA,C1A 1A4,ST007,Charlottetown,3307,Salesperson 057,Retail,2026-01-01,2026-09-20T12:00:00
S03308,Demo Garden Centre 03308,CHAIN08,Canadian Demo Retail Chain 08,Montreal,QC,CA,H2Y 1C5,ST008,Montreal,3308,Salesperson 058,Retail,2026-01-01,2026-09-20T12:00:00
S03309,Demo Garden Centre 03309,CHAIN09,Canadian Demo Retail Chain 09,Quebec City,QC,CA,G1R 4P6,ST009,Quebec City,3309,Salesperson 059,Retail,2026-01-01,2026-09-20T12:00:00
S03310,Demo Garden Centre 03310,CHAIN10,Canadian Demo Retail Chain 10,Saskatoon,SK,CA,S7K 1J7,ST010,Saskatoon,3310,Salesperson 060,Retail,2026-01-01,2026-09-20T12:00:00
S03311,Demo Garden Centre 03311,CHAIN11,Canadian Demo Retail Chain 11,Regina,SK,CA,S4P 3Y8,ST011,Regina,3311,Salesperson 061,Retail,2026-01-01,2026-09-20T12:00:00
S03312,Demo Garden Centre 03312,CHAIN12,Canadian Demo Retail Chain 12,Whitehorse,YT,CA,Y1A 2C9,ST012,Whitehorse,3312,Salesperson 062,Retail,2026-01-01,2026-09-20T12:00:00
S03313,Demo Garden Centre 03313,CHAIN13,Canadian Demo Retail Chain 13,Calgary,AB,CA,T2P 1J1,ST013,Calgary,3313,Salesperson 063,Retail,2026-01-01,2026-09-20T12:00:00
S03314,Demo Garden Centre 03314,CHAIN14,Canadian Demo Retail Chain 14,Edmonton,AB,CA,T5J 0N2,ST014,Edmonton,3314,Salesperson 064,Retail,2026-01-01,2026-09-20T12:00:00
S03315,Demo Garden Centre 03315,CHAIN15,Canadian Demo Retail Chain 15,Vancouver,BC,CA,V6B 2W3,ST015,Vancouver,3315,Salesperson 065,Retail,2026-01-01,2026-09-20T12:00:00
S03316,Demo Garden Centre 03316,CHAIN16,Canadian Demo Retail Chain 16,Victoria,BC,CA,V8W 1P4,ST016,Victoria,3316,Salesperson 066,Retail,2026-01-01,2026-09-20T12:00:00
S03317,Demo Garden Centre 03317,CHAIN17,Canadian Demo Retail Chain 17,Winnipeg,MB,CA,R3B 1C5,ST017,Winnipeg,3317,Salesperson 067,Retail,2026-01-01,2026-09-20T12:00:00
S03318,Demo Garden Centre 03318,CHAIN18,Canadian Demo Retail Chain 18,Fredericton,NB,CA,E3B 1B6,ST018,Fredericton,3318,Salesperson 068,Retail,2026-01-01,2026-09-20T12:00:00
S03319,Demo Garden Centre 03319,CHAIN19,Canadian Demo Retail Chain 19,St. John's,NL,CA,A1C 1B7,ST019,St. John's,3319,Salesperson 069,Retail,2026-01-01,2026-09-20T12:00:00
S03320,Demo Garden Centre 03320,CHAIN20,Canadian Demo Retail Chain 20,Halifax,NS,CA,B3J 1M8,ST020,Halifax,3320,Salesperson 070,Retail,2026-01-01,2026-09-20T12:00:00
S03321,Demo Garden Centre 03321,CHAIN21,Canadian Demo Retail Chain 21,Toronto,ON,CA,M5H 2N9,ST021,Toronto,3321,Salesperson 071,Retail,2026-01-01,2026-09-20T12:00:00
S03322,Demo Garden Centre 03322,CHAIN22,Canadian Demo Retail Chain 22,Ottawa,ON,CA,K1P 1J1,ST022,Ottawa,3322,Salesperson 072,Retail,2026-01-01,2026-09-20T12:00:00
S03323,Demo Garden Centre 03323,CHAIN23,Canadian Demo Retail Chain 23,London,ON,CA,N6A 3K2,ST023,London,3323,Salesperson 073,Retail,2026-01-01,2026-09-20T12:00:00
S03324,Demo Garden Centre 03324,CHAIN24,Canadian Demo Retail Chain 24,Thunder Bay,ON,CA,P7B 5E3,ST024,Thunder Bay,3324,Salesperson 074,Retail,2026-01-01,2026-09-20T12:00:00
S03325,Demo Garden Centre 03325,CHAIN25,Canadian Demo Retail Chain 25,Charlottetown,PE,CA,C1A 1A4,ST025,Charlottetown,3325,Salesperson 075,Retail,2026-01-01,2026-09-20T12:00:00
S03326,Demo Garden Centre 03326,CHAIN01,Canadian Demo Retail Chain 01,Montreal,QC,CA,H2Y 1C5,ST026,Montreal,3326,Salesperson 076,Retail,2026-01-01,2026-09-20T12:00:00
S03327,Demo Garden Centre 03327,CHAIN02,Canadian Demo Retail Chain 02,Quebec City,QC,CA,G1R 4P6,ST027,Quebec City,3327,Salesperson 077,Retail,2026-01-01,2026-09-20T12:00:00
S03328,Demo Garden Centre 03328,CHAIN03,Canadian Demo Retail Chain 03,Saskatoon,SK,CA,S7K 1J7,ST028,Saskatoon,3328,Salesperson 078,Retail,2026-01-01,2026-09-20T12:00:00
S03329,Demo Garden Centre 03329,CHAIN04,Canadian Demo Retail Chain 04,Regina,SK,CA,S4P 3Y8,ST029,Regina,3329,Salesperson 079,Retail,2026-01-01,2026-09-20T12:00:00
S03330,Demo Garden Centre 03330,CHAIN05,Canadian Demo Retail Chain 05,Whitehorse,YT,CA,Y1A 2C9,ST030,Whitehorse,3330,Salesperson 080,Retail,2026-01-01,2026-09-20T12:00:00
S03331,Demo Garden Centre 03331,CHAIN06,Canadian Demo Retail Chain 06,Calgary,AB,CA,T2P 1J1,ST031,Calgary,3331,Salesperson 081,Retail,2026-01-01,2026-09-20T12:00:00
S03332,Demo Garden Centre 03332,CHAIN07,Canadian Demo Retail Chain 07,Edmonton,AB,CA,T5J 0N2,ST032,Edmonton,3332,Salesperson 082,Retail,2026-01-01,2026-09-20T12:00:00
S03333,Demo Garden Centre 03333,CHAIN08,Canadian Demo Retail Chain 08,Vancouver,BC,CA,V6B 2W3,ST033,Vancouver,3333,Salesperson 083,Retail,2026-01-01,2026-09-20T12:00:00
S03334,Demo Garden Centre 03334,CHAIN09,Canadian Demo Retail Chain 09,Victoria,BC,CA,V8W 1P4,ST034,Victoria,3334,Salesperson 084,Retail,2026-01-01,2026-09-20T12:00:00
S03335,Demo Garden Centre 03335,CHAIN10,Canadian Demo Retail Chain 10,Winnipeg,MB,CA,R3B 1C5,ST035,Winnipeg,3335,Salesperson 085,Retail,2026-01-01,2026-09-20T12:00:00
S03336,Demo Garden Centre 03336,CHAIN11,Canadian Demo Retail Chain 11,Fredericton,NB,CA,E3B 1B6,ST036,Fredericton,3336,Salesperson 086,Retail,2026-01-01,2026-09-20T12:00:00
S03337,Demo Garden Centre 03337,CHAIN12,Canadian Demo Retail Chain 12,St. John's,NL,CA,A1C 1B7,ST037,St. John's,3337,Salesperson 087,Retail,2026-01-01,2026-09-20T12:00:00
S03338,Demo Garden Centre 03338,CHAIN13,Canadian Demo Retail Chain 13,Halifax,NS,CA,B3J 1M8,ST038,Halifax,3338,Salesperson 088,Retail,2026-01-01,2026-09-20T12:00:00
S03339,Demo Garden Centre 03339,CHAIN14,Canadian Demo Retail Chain 14,Toronto,ON,CA,M5H 2N9,ST039,Toronto,3339,Salesperson 089,Retail,2026-01-01,2026-09-20T12:00:00
S03340,Demo Garden Centre 03340,CHAIN15,Canadian Demo Retail Chain 15,Ottawa,ON,CA,K1P 1J1,ST040,Ottawa,3340,Salesperson 090,Retail,2026-01-01,2026-09-20T12:00:00
S03341,Demo Garden Centre 03341,CHAIN16,Canadian Demo Retail Chain 16,London,ON,CA,N6A 3K2,ST041,London,3341,Salesperson 091,Retail,2026-01-01,2026-09-20T12:00:00
S03342,Demo Garden Centre 03342,CHAIN17,Canadian Demo Retail Chain 17,Thunder Bay,ON,CA,P7B 5E3,ST042,Thunder Bay,3342,Salesperson 092,Retail,2026-01-01,2026-09-20T12:00:00
S03343,Demo Garden Centre 03343,CHAIN18,Canadian Demo Retail Chain 18,Charlottetown,PE,CA,C1A 1A4,ST043,Charlottetown,3343,Salesperson 093,Retail,2026-01-01,2026-09-20T12:00:00
S03344,Demo Garden Centre 03344,CHAIN19,Canadian Demo Retail Chain 19,Montreal,QC,CA,H2Y 1C5,ST044,Montreal,3344,Salesperson 094,Retail,2026-01-01,2026-09-20T12:00:00
S03345,Demo Garden Centre 03345,CHAIN20,Canadian Demo Retail Chain 20,Quebec City,QC,CA,G1R 4P6,ST045,Quebec City,3345,Salesperson 095,Retail,2026-01-01,2026-09-20T12:00:00
S03346,Demo Garden Centre 03346,CHAIN21,Canadian Demo Retail Chain 21,Saskatoon,SK,CA,S7K 1J7,ST046,Saskatoon,3346,Salesperson 096,Retail,2026-01-01,2026-09-20T12:00:00
S03347,Demo Garden Centre 03347,CHAIN22,Canadian Demo Retail Chain 22,Regina,SK,CA,S4P 3Y8,ST047,Regina,3347,Salesperson 097,Retail,2026-01-01,2026-09-20T12:00:00
S03348,Demo Garden Centre 03348,CHAIN23,Canadian Demo Retail Chain 23,Whitehorse,YT,CA,Y1A 2C9,ST048,Whitehorse,3348,Salesperson 098,Retail,2026-01-01,2026-09-20T12:00:00
S03349,Demo Garden Centre 03349,CHAIN24,Canadian Demo Retail Chain 24,Calgary,AB,CA,T2P 1J1,ST049,Calgary,3349,Salesperson 099,Retail,2026-01-01,2026-09-20T12:00:00
S03350,Demo Garden Centre 03350,CHAIN25,Canadian Demo Retail Chain 25,Edmonton,AB,CA,T5J 0N2,ST050,Edmonton,3350,Salesperson 100,Retail,2026-01-01,2026-09-20T12:00:00
S03351,Demo Garden Centre 03351,CHAIN01,Canadian Demo Retail Chain 01,Vancouver,BC,CA,V6B 2W3,ST051,Vancouver,3351,Salesperson 101,Retail,2026-01-01,2026-09-20T12:00:00
S03352,Demo Garden Centre 03352,CHAIN02,Canadian Demo Retail Chain 02,Victoria,BC,CA,V8W 1P4,ST052,Victoria,3352,Salesperson 102,Retail,2026-01-01,2026-09-20T12:00:00
S03353,Demo Garden Centre 03353,CHAIN03,Canadian Demo Retail Chain 03,Winnipeg,MB,CA,R3B 1C5,ST053,Winnipeg,3353,Salesperson 103,Retail,2026-01-01,2026-09-20T12:00:00
S03354,Demo Garden Centre 03354,CHAIN04,Canadian Demo Retail Chain 04,Fredericton,NB,CA,E3B 1B6,ST054,Fredericton,3354,Salesperson 104,Retail,2026-01-01,2026-09-20T12:00:00
S03355,Demo Garden Centre 03355,CHAIN05,Canadian Demo Retail Chain 05,St. John's,NL,CA,A1C 1B7,ST055,St. John's,3355,Salesperson 105,Retail,2026-01-01,2026-09-20T12:00:00
S03356,Demo Garden Centre 03356,CHAIN06,Canadian Demo Retail Chain 06,Halifax,NS,CA,B3J 1M8,ST056,Halifax,3356,Salesperson 106,Retail,2026-01-01,2026-09-20T12:00:00
S03357,Demo Garden Centre 03357,CHAIN07,Canadian Demo Retail Chain 07,Toronto,ON,CA,M5H 2N9,ST057,Toronto,3357,Salesperson 107,Retail,2026-01-01,2026-09-20T12:00:00
S03358,Demo Garden Centre 03358,CHAIN08,Canadian Demo Retail Chain 08,Ottawa,ON,CA,K1P 1J1,ST058,Ottawa,3358,Salesperson 108,Retail,2026-01-01,2026-09-20T12:00:00
S03359,Demo Garden Centre 03359,CHAIN09,Canadian Demo Retail Chain 09,London,ON,CA,N6A 3K2,ST059,London,3359,Salesperson 109,Retail,2026-01-01,2026-09-20T12:00:00
S03360,Demo Garden Centre 03360,CHAIN10,Canadian Demo Retail Chain 10,Thunder Bay,ON,CA,P7B 5E3,ST060,Thunder Bay,3360,Salesperson 110,Retail,2026-01-01,2026-09-20T12:00:00
S03361,Demo Garden Centre 03361,CHAIN11,Canadian Demo Retail Chain 11,Charlottetown,PE,CA,C1A 1A4,ST061,Charlottetown,3361,Salesperson 111,Retail,2026-01-01,2026-09-20T12:00:00
S03362,Demo Garden Centre 03362,CHAIN12,Canadian Demo Retail Chain 12,Montreal,QC,CA,H2Y 1C5,ST062,Montreal,3362,Salesperson 112,Retail,2026-01-01,2026-09-20T12:00:00
S03363,Demo Garden Centre 03363,CHAIN13,Canadian Demo Retail Chain 13,Quebec City,QC,CA,G1R 4P6,ST063,Quebec City,3363,Salesperson 113,Retail,2026-01-01,2026-09-20T12:00:00
S03364,Demo Garden Centre 03364,CHAIN14,Canadian Demo Retail Chain 14,Saskatoon,SK,CA,S7K 1J7,ST064,Saskatoon,3364,Salesperson 114,Retail,2026-01-01,2026-09-20T12:00:00
S03365,Demo Garden Centre 03365,CHAIN15,Canadian Demo Retail Chain 15,Regina,SK,CA,S4P 3Y8,ST065,Regina,3365,Salesperson 115,Retail,2026-01-01,2026-09-20T12:00:00
S03366,Demo Garden Centre 03366,CHAIN16,Canadian Demo Retail Chain 16,Whitehorse,YT,CA,Y1A 2C9,ST066,Whitehorse,3366,Salesperson 116,Retail,2026-01-01,2026-09-20T12:00:00
S03367,Demo Garden Centre 03367,CHAIN17,Canadian Demo Retail Chain 17,Calgary,AB,CA,T2P 1J1,ST067,Calgary,3367,Salesperson 117,Retail,2026-01-01,2026-09-20T12:00:00
S03368,Demo Garden Centre 03368,CHAIN18,Canadian Demo Retail Chain 18,Edmonton,AB,CA,T5J 0N2,ST068,Edmonton,3368,Salesperson 118,Retail,2026-01-01,2026-09-20T12:00:00
S03369,Demo Garden Centre 03369,CHAIN19,Canadian Demo Retail Chain 19,Vancouver,BC,CA,V6B 2W3,ST069,Vancouver,3369,Salesperson 119,Retail,2026-01-01,2026-09-20T12:00:00
S03370,Demo Garden Centre 03370,CHAIN20,Canadian Demo Retail Chain 20,Victoria,BC,CA,V8W 1P4,ST070,Victoria,3370,Salesperson 120,Retail,2026-01-01,2026-09-20T12:00:00
S03371,Demo Garden Centre 03371,CHAIN21,Canadian Demo Retail Chain 21,Winnipeg,MB,CA,R3B 1C5,ST071,Winnipeg,3371,Salesperson 121,Retail,2026-01-01,2026-09-20T12:00:00
S03372,Demo Garden Centre 03372,CHAIN22,Canadian Demo Retail Chain 22,Fredericton,NB,CA,E3B 1B6,ST072,Fredericton,3372,Salesperson 122,Retail,2026-01-01,2026-09-20T12:00:00
S03373,Demo Garden Centre 03373,CHAIN23,Canadian Demo Retail Chain 23,St. John's,NL,CA,A1C 1B7,ST073,St. John's,3373,Salesperson 123,Retail,2026-01-01,2026-09-20T12:00:00
S03374,Demo Garden Centre 03374,CHAIN24,Canadian Demo Retail Chain 24,Halifax,NS,CA,B3J 1M8,ST074,Halifax,3374,Salesperson 124,Retail,2026-01-01,2026-09-20T12:00:00
S03375,Demo Garden Centre 03375,CHAIN25,Canadian Demo Retail Chain 25,Toronto,ON,CA,M5H 2N9,ST075,Toronto,3375,Salesperson 125,Retail,2026-01-01,2026-09-20T12:00:00
S03376,Demo Garden Centre 03376,CHAIN01,Canadian Demo Retail Chain 01,Ottawa,ON,CA,K1P 1J1,ST076,Ottawa,3376,Salesperson 126,Retail,2026-01-01,2026-09-20T12:00:00
S03377,Demo Garden Centre 03377,CHAIN02,Canadian Demo Retail Chain 02,London,ON,CA,N6A 3K2,ST077,London,3377,Salesperson 127,Retail,2026-01-01,2026-09-20T12:00:00
S03378,Demo Garden Centre 03378,CHAIN03,Canadian Demo Retail Chain 03,Thunder Bay,ON,CA,P7B 5E3,ST078,Thunder Bay,3378,Salesperson 128,Retail,2026-01-01,2026-09-20T12:00:00
S03379,Demo Garden Centre 03379,CHAIN04,Canadian Demo Retail Chain 04,Charlottetown,PE,CA,C1A 1A4,ST079,Charlottetown,3379,Salesperson 129,Retail,2026-01-01,2026-09-20T12:00:00
S03380,Demo Garden Centre 03380,CHAIN05,Canadian Demo Retail Chain 05,Montreal,QC,CA,H2Y 1C5,ST080,Montreal,3380,Salesperson 130,Retail,2026-01-01,2026-09-20T12:00:00
S03381,Demo Garden Centre 03381,CHAIN06,Canadian Demo Retail Chain 06,Quebec City,QC,CA,G1R 4P6,ST081,Quebec City,3381,Salesperson 131,Retail,2026-01-01,2026-09-20T12:00:00
S03382,Demo Garden Centre 03382,CHAIN07,Canadian Demo Retail Chain 07,Saskatoon,SK,CA,S7K 1J7,ST082,Saskatoon,3382,Salesperson 132,Retail,2026-01-01,2026-09-20T12:00:00
S03383,Demo Garden Centre 03383,CHAIN08,Canadian Demo Retail Chain 08,Regina,SK,CA,S4P 3Y8,ST083,Regina,3383,Salesperson 133,Retail,2026-01-01,2026-09-20T12:00:00
S03384,Demo Garden Centre 03384,CHAIN09,Canadian Demo Retail Chain 09,Whitehorse,YT,CA,Y1A 2C9,ST084,Whitehorse,3384,Salesperson 134,Retail,2026-01-01,2026-09-20T12:00:00
S03385,Demo Garden Centre 03385,CHAIN10,Canadian Demo Retail Chain 10,Calgary,AB,CA,T2P 1J1,ST085,Calgary,3385,Salesperson 135,Retail,2026-01-01,2026-09-20T12:00:00
S03386,Demo Garden Centre 03386,CHAIN11,Canadian Demo Retail Chain 11,Edmonton,AB,CA,T5J 0N2,ST086,Edmonton,3386,Salesperson 136,Retail,2026-01-01,2026-09-20T12:00:00
S03387,Demo Garden Centre 03387,CHAIN12,Canadian Demo Retail Chain 12,Vancouver,BC,CA,V6B 2W3,ST087,Vancouver,3387,Salesperson 137,Retail,2026-01-01,2026-09-20T12:00:00
S03388,Demo Garden Centre 03388,CHAIN13,Canadian Demo Retail Chain 13,Victoria,BC,CA,V8W 1P4,ST088,Victoria,3388,Salesperson 138,Retail,2026-01-01,2026-09-20T12:00:00
S03389,Demo Garden Centre 03389,CHAIN14,Canadian Demo Retail Chain 14,Winnipeg,MB,CA,R3B 1C5,ST089,Winnipeg,3389,Salesperson 139,Retail,2026-01-01,2026-09-20T12:00:00
S03390,Demo Garden Centre 03390,CHAIN15,Canadian Demo Retail Chain 15,Fredericton,NB,CA,E3B 1B6,ST090,Fredericton,3390,Salesperson 140,Retail,2026-01-01,2026-09-20T12:00:00
S03391,Demo Garden Centre 03391,CHAIN16,Canadian Demo Retail Chain 16,St. John's,NL,CA,A1C 1B7,ST091,St. John's,3391,Salesperson 141,Retail,2026-01-01,2026-09-20T12:00:00
S03392,Demo Garden Centre 03392,CHAIN17,Canadian Demo Retail Chain 17,Halifax,NS,CA,B3J 1M8,ST092,Halifax,3392,Salesperson 142,Retail,2026-01-01,2026-09-20T12:00:00
S03393,Demo Garden Centre 03393,CHAIN18,Canadian Demo Retail Chain 18,Toronto,ON,CA,M5H 2N9,ST093,Toronto,3393,Salesperson 143,Retail,2026-01-01,2026-09-20T12:00:00
S03394,Demo Garden Centre 03394,CHAIN19,Canadian Demo Retail Chain 19,Ottawa,ON,CA,K1P 1J1,ST094,Ottawa,3394,Salesperson 144,Retail,2026-01-01,2026-09-20T12:00:00
S03395,Demo Garden Centre 03395,CHAIN20,Canadian Demo Retail Chain 20,London,ON,CA,N6A 3K2,ST095,London,3395,Salesperson 145,Retail,2026-01-01,2026-09-20T12:00:00
S03396,Demo Garden Centre 03396,CHAIN21,Canadian Demo Retail Chain 21,Thunder Bay,ON,CA,P7B 5E3,ST096,Thunder Bay,3396,Salesperson 146,Retail,2026-01-01,2026-09-20T12:00:00
S03397,Demo Garden Centre 03397,CHAIN22,Canadian Demo Retail Chain 22,Charlottetown,PE,CA,C1A 1A4,ST097,Charlottetown,3397,Salesperson 147,Retail,2026-01-01,2026-09-20T12:00:00
S03398,Demo Garden Centre 03398,CHAIN23,Canadian Demo Retail Chain 23,Montreal,QC,CA,H2Y 1C5,ST098,Montreal,3398,Salesperson 148,Retail,2026-01-01,2026-09-20T12:00:00
S03399,Demo Garden Centre 03399,CHAIN24,Canadian Demo Retail Chain 24,Quebec City,QC,CA,G1R 4P6,ST099,Quebec City,3399,Salesperson 149,Retail,2026-01-01,2026-09-20T12:00:00
S03400,Demo Garden Centre 03400,CHAIN25,Canadian Demo Retail Chain 25,Saskatoon,SK,CA,S7K 1J7,ST100,Saskatoon,3400,Salesperson 150,Retail,2026-01-01,2026-09-20T12:00:00
S03401,Demo Garden Centre 03401,CHAIN01,Canadian Demo Retail Chain 01,Regina,SK,CA,S4P 3Y8,ST001,Regina,3401,Salesperson 151,Retail,2026-01-01,2026-09-20T12:00:00
S03402,Demo Garden Centre 03402,CHAIN02,Canadian Demo Retail Chain 02,Whitehorse,YT,CA,Y1A 2C9,ST002,Whitehorse,3402,Salesperson 152,Retail,2026-01-01,2026-09-20T12:00:00
S03403,Demo Garden Centre 03403,CHAIN03,Canadian Demo Retail Chain 03,Calgary,AB,CA,T2P 1J1,ST003,Calgary,3403,Salesperson 153,Retail,2026-01-01,2026-09-20T12:00:00
S03404,Demo Garden Centre 03404,CHAIN04,Canadian Demo Retail Chain 04,Edmonton,AB,CA,T5J 0N2,ST004,Edmonton,3404,Salesperson 154,Retail,2026-01-01,2026-09-20T12:00:00
S03405,Demo Garden Centre 03405,CHAIN05,Canadian Demo Retail Chain 05,Vancouver,BC,CA,V6B 2W3,ST005,Vancouver,3405,Salesperson 155,Retail,2026-01-01,2026-09-20T12:00:00
S03406,Demo Garden Centre 03406,CHAIN06,Canadian Demo Retail Chain 06,Victoria,BC,CA,V8W 1P4,ST006,Victoria,3406,Salesperson 156,Retail,2026-01-01,2026-09-20T12:00:00
S03407,Demo Garden Centre 03407,CHAIN07,Canadian Demo Retail Chain 07,Winnipeg,MB,CA,R3B 1C5,ST007,Winnipeg,3407,Salesperson 157,Retail,2026-01-01,2026-09-20T12:00:00
S03408,Demo Garden Centre 03408,CHAIN08,Canadian Demo Retail Chain 08,Fredericton,NB,CA,E3B 1B6,ST008,Fredericton,3408,Salesperson 158,Retail,2026-01-01,2026-09-20T12:00:00
S03409,Demo Garden Centre 03409,CHAIN09,Canadian Demo Retail Chain 09,St. John's,NL,CA,A1C 1B7,ST009,St. John's,3409,Salesperson 159,Retail,2026-01-01,2026-09-20T12:00:00
S03410,Demo Garden Centre 03410,CHAIN10,Canadian Demo Retail Chain 10,Halifax,NS,CA,B3J 1M8,ST010,Halifax,3410,Salesperson 160,Retail,2026-01-01,2026-09-20T12:00:00
S03411,Demo Garden Centre 03411,CHAIN11,Canadian Demo Retail Chain 11,Toronto,ON,CA,M5H 2N9,ST011,Toronto,3411,Salesperson 161,Retail,2026-01-01,2026-09-20T12:00:00
S03412,Demo Garden Centre 03412,CHAIN12,Canadian Demo Retail Chain 12,Ottawa,ON,CA,K1P 1J1,ST012,Ottawa,3412,Salesperson 162,Retail,2026-01-01,2026-09-20T12:00:00
S03413,Demo Garden Centre 03413,CHAIN13,Canadian Demo Retail Chain 13,London,ON,CA,N6A 3K2,ST013,London,3413,Salesperson 163,Retail,2026-01-01,2026-09-20T12:00:00
S03414,Demo Garden Centre 03414,CHAIN14,Canadian Demo Retail Chain 14,Thunder Bay,ON,CA,P7B 5E3,ST014,Thunder Bay,3414,Salesperson 164,Retail,2026-01-01,2026-09-20T12:00:00
S03415,Demo Garden Centre 03415,CHAIN15,Canadian Demo Retail Chain 15,Charlottetown,PE,CA,C1A 1A4,ST015,Charlottetown,3415,Salesperson 165,Retail,2026-01-01,2026-09-20T12:00:00
S03416,Demo Garden Centre 03416,CHAIN16,Canadian Demo Retail Chain 16,Montreal,QC,CA,H2Y 1C5,ST016,Montreal,3416,Salesperson 166,Retail,2026-01-01,2026-09-20T12:00:00
S03417,Demo Garden Centre 03417,CHAIN17,Canadian Demo Retail Chain 17,Quebec City,QC,CA,G1R 4P6,ST017,Quebec City,3417,Salesperson 167,Retail,2026-01-01,2026-09-20T12:00:00
S03418,Demo Garden Centre 03418,CHAIN18,Canadian Demo Retail Chain 18,Saskatoon,SK,CA,S7K 1J7,ST018,Saskatoon,3418,Salesperson 168,Retail,2026-01-01,2026-09-20T12:00:00
S03419,Demo Garden Centre 03419,CHAIN19,Canadian Demo Retail Chain 19,Regina,SK,CA,S4P 3Y8,ST019,Regina,3419,Salesperson 169,Retail,2026-01-01,2026-09-20T12:00:00
S03420,Demo Garden Centre 03420,CHAIN20,Canadian Demo Retail Chain 20,Whitehorse,YT,CA,Y1A 2C9,ST020,Whitehorse,3420,Salesperson 170,Retail,2026-01-01,2026-09-20T12:00:00
S03421,Demo Garden Centre 03421,CHAIN21,Canadian Demo Retail Chain 21,Calgary,AB,CA,T2P 1J1,ST021,Calgary,3421,Salesperson 171,Retail,2026-01-01,2026-09-20T12:00:00
S03422,Demo Garden Centre 03422,CHAIN22,Canadian Demo Retail Chain 22,Edmonton,AB,CA,T5J 0N2,ST022,Edmonton,3422,Salesperson 172,Retail,2026-01-01,2026-09-20T12:00:00
S03423,Demo Garden Centre 03423,CHAIN23,Canadian Demo Retail Chain 23,Vancouver,BC,CA,V6B 2W3,ST023,Vancouver,3423,Salesperson 173,Retail,2026-01-01,2026-09-20T12:00:00
S03424,Demo Garden Centre 03424,CHAIN24,Canadian Demo Retail Chain 24,Victoria,BC,CA,V8W 1P4,ST024,Victoria,3424,Salesperson 174,Retail,2026-01-01,2026-09-20T12:00:00
S03425,Demo Garden Centre 03425,CHAIN25,Canadian Demo Retail Chain 25,Winnipeg,MB,CA,R3B 1C5,ST025,Winnipeg,3425,Salesperson 175,Retail,2026-01-01,2026-09-20T12:00:00
S03426,Demo Garden Centre 03426,CHAIN01,Canadian Demo Retail Chain 01,Fredericton,NB,CA,E3B 1B6,ST026,Fredericton,3426,Salesperson 176,Retail,2026-01-01,2026-09-20T12:00:00
S03427,Demo Garden Centre 03427,CHAIN02,Canadian Demo Retail Chain 02,St. John's,NL,CA,A1C 1B7,ST027,St. John's,3427,Salesperson 177,Retail,2026-01-01,2026-09-20T12:00:00
S03428,Demo Garden Centre 03428,CHAIN03,Canadian Demo Retail Chain 03,Halifax,NS,CA,B3J 1M8,ST028,Halifax,3428,Salesperson 178,Retail,2026-01-01,2026-09-20T12:00:00
S03429,Demo Garden Centre 03429,CHAIN04,Canadian Demo Retail Chain 04,Toronto,ON,CA,M5H 2N9,ST029,Toronto,3429,Salesperson 179,Retail,2026-01-01,2026-09-20T12:00:00
S03430,Demo Garden Centre 03430,CHAIN05,Canadian Demo Retail Chain 05,Ottawa,ON,CA,K1P 1J1,ST030,Ottawa,3430,Salesperson 180,Retail,2026-01-01,2026-09-20T12:00:00
S03431,Demo Garden Centre 03431,CHAIN06,Canadian Demo Retail Chain 06,London,ON,CA,N6A 3K2,ST031,London,3431,Salesperson 181,Retail,2026-01-01,2026-09-20T12:00:00
S03432,Demo Garden Centre 03432,CHAIN07,Canadian Demo Retail Chain 07,Thunder Bay,ON,CA,P7B 5E3,ST032,Thunder Bay,3432,Salesperson 182,Retail,2026-01-01,2026-09-20T12:00:00
S03433,Demo Garden Centre 03433,CHAIN08,Canadian Demo Retail Chain 08,Charlottetown,PE,CA,C1A 1A4,ST033,Charlottetown,3433,Salesperson 183,Retail,2026-01-01,2026-09-20T12:00:00
S03434,Demo Garden Centre 03434,CHAIN09,Canadian Demo Retail Chain 09,Montreal,QC,CA,H2Y 1C5,ST034,Montreal,3434,Salesperson 184,Retail,2026-01-01,2026-09-20T12:00:00
S03435,Demo Garden Centre 03435,CHAIN10,Canadian Demo Retail Chain 10,Quebec City,QC,CA,G1R 4P6,ST035,Quebec City,3435,Salesperson 185,Retail,2026-01-01,2026-09-20T12:00:00
S03436,Demo Garden Centre 03436,CHAIN11,Canadian Demo Retail Chain 11,Saskatoon,SK,CA,S7K 1J7,ST036,Saskatoon,3436,Salesperson 186,Retail,2026-01-01,2026-09-20T12:00:00
S03437,Demo Garden Centre 03437,CHAIN12,Canadian Demo Retail Chain 12,Regina,SK,CA,S4P 3Y8,ST037,Regina,3437,Salesperson 187,Retail,2026-01-01,2026-09-20T12:00:00
S03438,Demo Garden Centre 03438,CHAIN13,Canadian Demo Retail Chain 13,Whitehorse,YT,CA,Y1A 2C9,ST038,Whitehorse,3438,Salesperson 188,Retail,2026-01-01,2026-09-20T12:00:00
S03439,Demo Garden Centre 03439,CHAIN14,Canadian Demo Retail Chain 14,Calgary,AB,CA,T2P 1J1,ST039,Calgary,3439,Salesperson 189,Retail,2026-01-01,2026-09-20T12:00:00
S03440,Demo Garden Centre 03440,CHAIN15,Canadian Demo Retail Chain 15,Edmonton,AB,CA,T5J 0N2,ST040,Edmonton,3440,Salesperson 190,Retail,2026-01-01,2026-09-20T12:00:00
S03441,Demo Garden Centre 03441,CHAIN16,Canadian Demo Retail Chain 16,Vancouver,BC,CA,V6B 2W3,ST041,Vancouver,3441,Salesperson 191,Retail,2026-01-01,2026-09-20T12:00:00
S03442,Demo Garden Centre 03442,CHAIN17,Canadian Demo Retail Chain 17,Victoria,BC,CA,V8W 1P4,ST042,Victoria,3442,Salesperson 192,Retail,2026-01-01,2026-09-20T12:00:00
S03443,Demo Garden Centre 03443,CHAIN18,Canadian Demo Retail Chain 18,Winnipeg,MB,CA,R3B 1C5,ST043,Winnipeg,3443,Salesperson 193,Retail,2026-01-01,2026-09-20T12:00:00
S03444,Demo Garden Centre 03444,CHAIN19,Canadian Demo Retail Chain 19,Fredericton,NB,CA,E3B 1B6,ST044,Fredericton,3444,Salesperson 194,Retail,2026-01-01,2026-09-20T12:00:00
S03445,Demo Garden Centre 03445,CHAIN20,Canadian Demo Retail Chain 20,St. John's,NL,CA,A1C 1B7,ST045,St. John's,3445,Salesperson 195,Retail,2026-01-01,2026-09-20T12:00:00
S03446,Demo Garden Centre 03446,CHAIN21,Canadian Demo Retail Chain 21,Halifax,NS,CA,B3J 1M8,ST046,Halifax,3446,Salesperson 196,Retail,2026-01-01,2026-09-20T12:00:00
S03447,Demo Garden Centre 03447,CHAIN22,Canadian Demo Retail Chain 22,Toronto,ON,CA,M5H 2N9,ST047,Toronto,3447,Salesperson 197,Retail,2026-01-01,2026-09-20T12:00:00
S03448,Demo Garden Centre 03448,CHAIN23,Canadian Demo Retail Chain 23,Ottawa,ON,CA,K1P 1J1,ST048,Ottawa,3448,Salesperson 198,Retail,2026-01-01,2026-09-20T12:00:00
S03449,Demo Garden Centre 03449,CHAIN24,Canadian Demo Retail Chain 24,London,ON,CA,N6A 3K2,ST049,London,3449,Salesperson 199,Retail,2026-01-01,2026-09-20T12:00:00
S03450,Demo Garden Centre 03450,CHAIN25,Canadian Demo Retail Chain 25,Thunder Bay,ON,CA,P7B 5E3,ST050,Thunder Bay,3450,Salesperson 200,Retail,2026-01-01,2026-09-20T12:00:00
S03451,Demo Garden Centre 03451,CHAIN01,Canadian Demo Retail Chain 01,Charlottetown,PE,CA,C1A 1A4,ST051,Charlottetown,3451,Salesperson 201,Retail,2026-01-01,2026-09-20T12:00:00
S03452,Demo Garden Centre 03452,CHAIN02,Canadian Demo Retail Chain 02,Montreal,QC,CA,H2Y 1C5,ST052,Montreal,3452,Salesperson 202,Retail,2026-01-01,2026-09-20T12:00:00
S03453,Demo Garden Centre 03453,CHAIN03,Canadian Demo Retail Chain 03,Quebec City,QC,CA,G1R 4P6,ST053,Quebec City,3453,Salesperson 203,Retail,2026-01-01,2026-09-20T12:00:00
S03454,Demo Garden Centre 03454,CHAIN04,Canadian Demo Retail Chain 04,Saskatoon,SK,CA,S7K 1J7,ST054,Saskatoon,3454,Salesperson 204,Retail,2026-01-01,2026-09-20T12:00:00
S03455,Demo Garden Centre 03455,CHAIN05,Canadian Demo Retail Chain 05,Regina,SK,CA,S4P 3Y8,ST055,Regina,3455,Salesperson 205,Retail,2026-01-01,2026-09-20T12:00:00
S03456,Demo Garden Centre 03456,CHAIN06,Canadian Demo Retail Chain 06,Whitehorse,YT,CA,Y1A 2C9,ST056,Whitehorse,3456,Salesperson 206,Retail,2026-01-01,2026-09-20T12:00:00
S03457,Demo Garden Centre 03457,CHAIN07,Canadian Demo Retail Chain 07,Calgary,AB,CA,T2P 1J1,ST057,Calgary,3457,Salesperson 207,Retail,2026-01-01,2026-09-20T12:00:00
S03458,Demo Garden Centre 03458,CHAIN08,Canadian Demo Retail Chain 08,Edmonton,AB,CA,T5J 0N2,ST058,Edmonton,3458,Salesperson 208,Retail,2026-01-01,2026-09-20T12:00:00
S03459,Demo Garden Centre 03459,CHAIN09,Canadian Demo Retail Chain 09,Vancouver,BC,CA,V6B 2W3,ST059,Vancouver,3459,Salesperson 209,Retail,2026-01-01,2026-09-20T12:00:00
S03460,Demo Garden Centre 03460,CHAIN10,Canadian Demo Retail Chain 10,Victoria,BC,CA,V8W 1P4,ST060,Victoria,3460,Salesperson 210,Retail,2026-01-01,2026-09-20T12:00:00
S03461,Demo Garden Centre 03461,CHAIN11,Canadian Demo Retail Chain 11,Winnipeg,MB,CA,R3B 1C5,ST061,Winnipeg,3461,Salesperson 211,Retail,2026-01-01,2026-09-20T12:00:00
S03462,Demo Garden Centre 03462,CHAIN12,Canadian Demo Retail Chain 12,Fredericton,NB,CA,E3B 1B6,ST062,Fredericton,3462,Salesperson 212,Retail,2026-01-01,2026-09-20T12:00:00
S03463,Demo Garden Centre 03463,CHAIN13,Canadian Demo Retail Chain 13,St. John's,NL,CA,A1C 1B7,ST063,St. John's,3463,Salesperson 213,Retail,2026-01-01,2026-09-20T12:00:00
S03464,Demo Garden Centre 03464,CHAIN14,Canadian Demo Retail Chain 14,Halifax,NS,CA,B3J 1M8,ST064,Halifax,3464,Salesperson 214,Retail,2026-01-01,2026-09-20T12:00:00
S03465,Demo Garden Centre 03465,CHAIN15,Canadian Demo Retail Chain 15,Toronto,ON,CA,M5H 2N9,ST065,Toronto,3465,Salesperson 215,Retail,2026-01-01,2026-09-20T12:00:00
S03466,Demo Garden Centre 03466,CHAIN16,Canadian Demo Retail Chain 16,Ottawa,ON,CA,K1P 1J1,ST066,Ottawa,3466,Salesperson 216,Retail,2026-01-01,2026-09-20T12:00:00
S03467,Demo Garden Centre 03467,CHAIN17,Canadian Demo Retail Chain 17,London,ON,CA,N6A 3K2,ST067,London,3467,Salesperson 217,Retail,2026-01-01,2026-09-20T12:00:00
S03468,Demo Garden Centre 03468,CHAIN18,Canadian Demo Retail Chain 18,Thunder Bay,ON,CA,P7B 5E3,ST068,Thunder Bay,3468,Salesperson 218,Retail,2026-01-01,2026-09-20T12:00:00
S03469,Demo Garden Centre 03469,CHAIN19,Canadian Demo Retail Chain 19,Charlottetown,PE,CA,C1A 1A4,ST069,Charlottetown,3469,Salesperson 219,Retail,2026-01-01,2026-09-20T12:00:00
S03470,Demo Garden Centre 03470,CHAIN20,Canadian Demo Retail Chain 20,Montreal,QC,CA,H2Y 1C5,ST070,Montreal,3470,Salesperson 220,Retail,2026-01-01,2026-09-20T12:00:00
S03471,Demo Garden Centre 03471,CHAIN21,Canadian Demo Retail Chain 21,Quebec City,QC,CA,G1R 4P6,ST071,Quebec City,3471,Salesperson 221,Retail,2026-01-01,2026-09-20T12:00:00
S03472,Demo Garden Centre 03472,CHAIN22,Canadian Demo Retail Chain 22,Saskatoon,SK,CA,S7K 1J7,ST072,Saskatoon,3472,Salesperson 222,Retail,2026-01-01,2026-09-20T12:00:00
S03473,Demo Garden Centre 03473,CHAIN23,Canadian Demo Retail Chain 23,Regina,SK,CA,S4P 3Y8,ST073,Regina,3473,Salesperson 223,Retail,2026-01-01,2026-09-20T12:00:00
S03474,Demo Garden Centre 03474,CHAIN24,Canadian Demo Retail Chain 24,Whitehorse,YT,CA,Y1A 2C9,ST074,Whitehorse,3474,Salesperson 224,Retail,2026-01-01,2026-09-20T12:00:00
S03475,Demo Garden Centre 03475,CHAIN25,Canadian Demo Retail Chain 25,Calgary,AB,CA,T2P 1J1,ST075,Calgary,3475,Salesperson 225,Retail,2026-01-01,2026-09-20T12:00:00
S03476,Demo Garden Centre 03476,CHAIN01,Canadian Demo Retail Chain 01,Edmonton,AB,CA,T5J 0N2,ST076,Edmonton,3476,Salesperson 226,Retail,2026-01-01,2026-09-20T12:00:00
S03477,Demo Garden Centre 03477,CHAIN02,Canadian Demo Retail Chain 02,Vancouver,BC,CA,V6B 2W3,ST077,Vancouver,3477,Salesperson 227,Retail,2026-01-01,2026-09-20T12:00:00
S03478,Demo Garden Centre 03478,CHAIN03,Canadian Demo Retail Chain 03,Victoria,BC,CA,V8W 1P4,ST078,Victoria,3478,Salesperson 228,Retail,2026-01-01,2026-09-20T12:00:00
S03479,Demo Garden Centre 03479,CHAIN04,Canadian Demo Retail Chain 04,Winnipeg,MB,CA,R3B 1C5,ST079,Winnipeg,3479,Salesperson 229,Retail,2026-01-01,2026-09-20T12:00:00
S03480,Demo Garden Centre 03480,CHAIN05,Canadian Demo Retail Chain 05,Fredericton,NB,CA,E3B 1B6,ST080,Fredericton,3480,Salesperson 230,Retail,2026-01-01,2026-09-20T12:00:00
S03481,Demo Garden Centre 03481,CHAIN06,Canadian Demo Retail Chain 06,St. John's,NL,CA,A1C 1B7,ST081,St. John's,3481,Salesperson 231,Retail,2026-01-01,2026-09-20T12:00:00
S03482,Demo Garden Centre 03482,CHAIN07,Canadian Demo Retail Chain 07,Halifax,NS,CA,B3J 1M8,ST082,Halifax,3482,Salesperson 232,Retail,2026-01-01,2026-09-20T12:00:00
S03483,Demo Garden Centre 03483,CHAIN08,Canadian Demo Retail Chain 08,Toronto,ON,CA,M5H 2N9,ST083,Toronto,3483,Salesperson 233,Retail,2026-01-01,2026-09-20T12:00:00
S03484,Demo Garden Centre 03484,CHAIN09,Canadian Demo Retail Chain 09,Ottawa,ON,CA,K1P 1J1,ST084,Ottawa,3484,Salesperson 234,Retail,2026-01-01,2026-09-20T12:00:00
S03485,Demo Garden Centre 03485,CHAIN10,Canadian Demo Retail Chain 10,London,ON,CA,N6A 3K2,ST085,London,3485,Salesperson 235,Retail,2026-01-01,2026-09-20T12:00:00
S03486,Demo Garden Centre 03486,CHAIN11,Canadian Demo Retail Chain 11,Thunder Bay,ON,CA,P7B 5E3,ST086,Thunder Bay,3486,Salesperson 236,Retail,2026-01-01,2026-09-20T12:00:00
S03487,Demo Garden Centre 03487,CHAIN12,Canadian Demo Retail Chain 12,Charlottetown,PE,CA,C1A 1A4,ST087,Charlottetown,3487,Salesperson 237,Retail,2026-01-01,2026-09-20T12:00:00
S03488,Demo Garden Centre 03488,CHAIN13,Canadian Demo Retail Chain 13,Montreal,QC,CA,H2Y 1C5,ST088,Montreal,3488,Salesperson 238,Retail,2026-01-01,2026-09-20T12:00:00
S03489,Demo Garden Centre 03489,CHAIN14,Canadian Demo Retail Chain 14,Quebec City,QC,CA,G1R 4P6,ST089,Quebec City,3489,Salesperson 239,Retail,2026-01-01,2026-09-20T12:00:00
S03490,Demo Garden Centre 03490,CHAIN15,Canadian Demo Retail Chain 15,Saskatoon,SK,CA,S7K 1J7,ST090,Saskatoon,3490,Salesperson 240,Retail,2026-01-01,2026-09-20T12:00:00
S03491,Demo Garden Centre 03491,CHAIN16,Canadian Demo Retail Chain 16,Regina,SK,CA,S4P 3Y8,ST091,Regina,3491,Salesperson 241,Retail,2026-01-01,2026-09-20T12:00:00
S03492,Demo Garden Centre 03492,CHAIN17,Canadian Demo Retail Chain 17,Whitehorse,YT,CA,Y1A 2C9,ST092,Whitehorse,3492,Salesperson 242,Retail,2026-01-01,2026-09-20T12:00:00
S03493,Demo Garden Centre 03493,CHAIN18,Canadian Demo Retail Chain 18,Calgary,AB,CA,T2P 1J1,ST093,Calgary,3493,Salesperson 243,Retail,2026-01-01,2026-09-20T12:00:00
S03494,Demo Garden Centre 03494,CHAIN19,Canadian Demo Retail Chain 19,Edmonton,AB,CA,T5J 0N2,ST094,Edmonton,3494,Salesperson 244,Retail,2026-01-01,2026-09-20T12:00:00
S03495,Demo Garden Centre 03495,CHAIN20,Canadian Demo Retail Chain 20,Vancouver,BC,CA,V6B 2W3,ST095,Vancouver,3495,Salesperson 245,Retail,2026-01-01,2026-09-20T12:00:00
S03496,Demo Garden Centre 03496,CHAIN21,Canadian Demo Retail Chain 21,Victoria,BC,CA,V8W 1P4,ST096,Victoria,3496,Salesperson 246,Retail,2026-01-01,2026-09-20T12:00:00
S03497,Demo Garden Centre 03497,CHAIN22,Canadian Demo Retail Chain 22,Winnipeg,MB,CA,R3B 1C5,ST097,Winnipeg,3497,Salesperson 247,Retail,2026-01-01,2026-09-20T12:00:00
S03498,Demo Garden Centre 03498,CHAIN23,Canadian Demo Retail Chain 23,Fredericton,NB,CA,E3B 1B6,ST098,Fredericton,3498,Salesperson 248,Retail,2026-01-01,2026-09-20T12:00:00
S03499,Demo Garden Centre 03499,CHAIN24,Canadian Demo Retail Chain 24,St. John's,NL,CA,A1C 1B7,ST099,St. John's,3499,Salesperson 249,Retail,2026-01-01,2026-09-20T12:00:00
S03500,Demo Garden Centre 03500,CHAIN25,Canadian Demo Retail Chain 25,Halifax,NS,CA,B3J 1M8,ST100,Halifax,3500,Salesperson 250,Retail,2026-01-01,2026-09-20T12:00:00
S03501,Demo Garden Centre 03501,CHAIN01,Canadian Demo Retail Chain 01,Toronto,ON,CA,M5H 2N9,ST001,Toronto,3501,Salesperson 001,Retail,2026-01-01,2026-09-20T12:00:00
S03502,Demo Garden Centre 03502,CHAIN02,Canadian Demo Retail Chain 02,Ottawa,ON,CA,K1P 1J1,ST002,Ottawa,3502,Salesperson 002,Retail,2026-01-01,2026-09-20T12:00:00
S03503,Demo Garden Centre 03503,CHAIN03,Canadian Demo Retail Chain 03,London,ON,CA,N6A 3K2,ST003,London,3503,Salesperson 003,Retail,2026-01-01,2026-09-20T12:00:00
S03504,Demo Garden Centre 03504,CHAIN04,Canadian Demo Retail Chain 04,Thunder Bay,ON,CA,P7B 5E3,ST004,Thunder Bay,3504,Salesperson 004,Retail,2026-01-01,2026-09-20T12:00:00
S03505,Demo Garden Centre 03505,CHAIN05,Canadian Demo Retail Chain 05,Charlottetown,PE,CA,C1A 1A4,ST005,Charlottetown,3505,Salesperson 005,Retail,2026-01-01,2026-09-20T12:00:00
S03506,Demo Garden Centre 03506,CHAIN06,Canadian Demo Retail Chain 06,Montreal,QC,CA,H2Y 1C5,ST006,Montreal,3506,Salesperson 006,Retail,2026-01-01,2026-09-20T12:00:00
S03507,Demo Garden Centre 03507,CHAIN07,Canadian Demo Retail Chain 07,Quebec City,QC,CA,G1R 4P6,ST007,Quebec City,3507,Salesperson 007,Retail,2026-01-01,2026-09-20T12:00:00
S03508,Demo Garden Centre 03508,CHAIN08,Canadian Demo Retail Chain 08,Saskatoon,SK,CA,S7K 1J7,ST008,Saskatoon,3508,Salesperson 008,Retail,2026-01-01,2026-09-20T12:00:00
S03509,Demo Garden Centre 03509,CHAIN09,Canadian Demo Retail Chain 09,Regina,SK,CA,S4P 3Y8,ST009,Regina,3509,Salesperson 009,Retail,2026-01-01,2026-09-20T12:00:00
S03510,Demo Garden Centre 03510,CHAIN10,Canadian Demo Retail Chain 10,Whitehorse,YT,CA,Y1A 2C9,ST010,Whitehorse,3510,Salesperson 010,Retail,2026-01-01,2026-09-20T12:00:00
S03511,Demo Garden Centre 03511,CHAIN11,Canadian Demo Retail Chain 11,Calgary,AB,CA,T2P 1J1,ST011,Calgary,3511,Salesperson 011,Retail,2026-01-01,2026-09-20T12:00:00
S03512,Demo Garden Centre 03512,CHAIN12,Canadian Demo Retail Chain 12,Edmonton,AB,CA,T5J 0N2,ST012,Edmonton,3512,Salesperson 012,Retail,2026-01-01,2026-09-20T12:00:00
S03513,Demo Garden Centre 03513,CHAIN13,Canadian Demo Retail Chain 13,Vancouver,BC,CA,V6B 2W3,ST013,Vancouver,3513,Salesperson 013,Retail,2026-01-01,2026-09-20T12:00:00
S03514,Demo Garden Centre 03514,CHAIN14,Canadian Demo Retail Chain 14,Victoria,BC,CA,V8W 1P4,ST014,Victoria,3514,Salesperson 014,Retail,2026-01-01,2026-09-20T12:00:00
S03515,Demo Garden Centre 03515,CHAIN15,Canadian Demo Retail Chain 15,Winnipeg,MB,CA,R3B 1C5,ST015,Winnipeg,3515,Salesperson 015,Retail,2026-01-01,2026-09-20T12:00:00
S03516,Demo Garden Centre 03516,CHAIN16,Canadian Demo Retail Chain 16,Fredericton,NB,CA,E3B 1B6,ST016,Fredericton,3516,Salesperson 016,Retail,2026-01-01,2026-09-20T12:00:00
S03517,Demo Garden Centre 03517,CHAIN17,Canadian Demo Retail Chain 17,St. John's,NL,CA,A1C 1B7,ST017,St. John's,3517,Salesperson 017,Retail,2026-01-01,2026-09-20T12:00:00
S03518,Demo Garden Centre 03518,CHAIN18,Canadian Demo Retail Chain 18,Halifax,NS,CA,B3J 1M8,ST018,Halifax,3518,Salesperson 018,Retail,2026-01-01,2026-09-20T12:00:00
S03519,Demo Garden Centre 03519,CHAIN19,Canadian Demo Retail Chain 19,Toronto,ON,CA,M5H 2N9,ST019,Toronto,3519,Salesperson 019,Retail,2026-01-01,2026-09-20T12:00:00
S03520,Demo Garden Centre 03520,CHAIN20,Canadian Demo Retail Chain 20,Ottawa,ON,CA,K1P 1J1,ST020,Ottawa,3520,Salesperson 020,Retail,2026-01-01,2026-09-20T12:00:00
S03521,Demo Garden Centre 03521,CHAIN21,Canadian Demo Retail Chain 21,London,ON,CA,N6A 3K2,ST021,London,3521,Salesperson 021,Retail,2026-01-01,2026-09-20T12:00:00
S03522,Demo Garden Centre 03522,CHAIN22,Canadian Demo Retail Chain 22,Thunder Bay,ON,CA,P7B 5E3,ST022,Thunder Bay,3522,Salesperson 022,Retail,2026-01-01,2026-09-20T12:00:00
S03523,Demo Garden Centre 03523,CHAIN23,Canadian Demo Retail Chain 23,Charlottetown,PE,CA,C1A 1A4,ST023,Charlottetown,3523,Salesperson 023,Retail,2026-01-01,2026-09-20T12:00:00
S03524,Demo Garden Centre 03524,CHAIN24,Canadian Demo Retail Chain 24,Montreal,QC,CA,H2Y 1C5,ST024,Montreal,3524,Salesperson 024,Retail,2026-01-01,2026-09-20T12:00:00
S03525,Demo Garden Centre 03525,CHAIN25,Canadian Demo Retail Chain 25,Quebec City,QC,CA,G1R 4P6,ST025,Quebec City,3525,Salesperson 025,Retail,2026-01-01,2026-09-20T12:00:00
S03526,Demo Garden Centre 03526,CHAIN01,Canadian Demo Retail Chain 01,Saskatoon,SK,CA,S7K 1J7,ST026,Saskatoon,3526,Salesperson 026,Retail,2026-01-01,2026-09-20T12:00:00
S03527,Demo Garden Centre 03527,CHAIN02,Canadian Demo Retail Chain 02,Regina,SK,CA,S4P 3Y8,ST027,Regina,3527,Salesperson 027,Retail,2026-01-01,2026-09-20T12:00:00
S03528,Demo Garden Centre 03528,CHAIN03,Canadian Demo Retail Chain 03,Whitehorse,YT,CA,Y1A 2C9,ST028,Whitehorse,3528,Salesperson 028,Retail,2026-01-01,2026-09-20T12:00:00
S03529,Demo Garden Centre 03529,CHAIN04,Canadian Demo Retail Chain 04,Calgary,AB,CA,T2P 1J1,ST029,Calgary,3529,Salesperson 029,Retail,2026-01-01,2026-09-20T12:00:00
S03530,Demo Garden Centre 03530,CHAIN05,Canadian Demo Retail Chain 05,Edmonton,AB,CA,T5J 0N2,ST030,Edmonton,3530,Salesperson 030,Retail,2026-01-01,2026-09-20T12:00:00
S03531,Demo Garden Centre 03531,CHAIN06,Canadian Demo Retail Chain 06,Vancouver,BC,CA,V6B 2W3,ST031,Vancouver,3531,Salesperson 031,Retail,2026-01-01,2026-09-20T12:00:00
S03532,Demo Garden Centre 03532,CHAIN07,Canadian Demo Retail Chain 07,Victoria,BC,CA,V8W 1P4,ST032,Victoria,3532,Salesperson 032,Retail,2026-01-01,2026-09-20T12:00:00
S03533,Demo Garden Centre 03533,CHAIN08,Canadian Demo Retail Chain 08,Winnipeg,MB,CA,R3B 1C5,ST033,Winnipeg,3533,Salesperson 033,Retail,2026-01-01,2026-09-20T12:00:00
S03534,Demo Garden Centre 03534,CHAIN09,Canadian Demo Retail Chain 09,Fredericton,NB,CA,E3B 1B6,ST034,Fredericton,3534,Salesperson 034,Retail,2026-01-01,2026-09-20T12:00:00
S03535,Demo Garden Centre 03535,CHAIN10,Canadian Demo Retail Chain 10,St. John's,NL,CA,A1C 1B7,ST035,St. John's,3535,Salesperson 035,Retail,2026-01-01,2026-09-20T12:00:00
S03536,Demo Garden Centre 03536,CHAIN11,Canadian Demo Retail Chain 11,Halifax,NS,CA,B3J 1M8,ST036,Halifax,3536,Salesperson 036,Retail,2026-01-01,2026-09-20T12:00:00
S03537,Demo Garden Centre 03537,CHAIN12,Canadian Demo Retail Chain 12,Toronto,ON,CA,M5H 2N9,ST037,Toronto,3537,Salesperson 037,Retail,2026-01-01,2026-09-20T12:00:00
S03538,Demo Garden Centre 03538,CHAIN13,Canadian Demo Retail Chain 13,Ottawa,ON,CA,K1P 1J1,ST038,Ottawa,3538,Salesperson 038,Retail,2026-01-01,2026-09-20T12:00:00
S03539,Demo Garden Centre 03539,CHAIN14,Canadian Demo Retail Chain 14,London,ON,CA,N6A 3K2,ST039,London,3539,Salesperson 039,Retail,2026-01-01,2026-09-20T12:00:00
S03540,Demo Garden Centre 03540,CHAIN15,Canadian Demo Retail Chain 15,Thunder Bay,ON,CA,P7B 5E3,ST040,Thunder Bay,3540,Salesperson 040,Retail,2026-01-01,2026-09-20T12:00:00
S03541,Demo Garden Centre 03541,CHAIN16,Canadian Demo Retail Chain 16,Charlottetown,PE,CA,C1A 1A4,ST041,Charlottetown,3541,Salesperson 041,Retail,2026-01-01,2026-09-20T12:00:00
S03542,Demo Garden Centre 03542,CHAIN17,Canadian Demo Retail Chain 17,Montreal,QC,CA,H2Y 1C5,ST042,Montreal,3542,Salesperson 042,Retail,2026-01-01,2026-09-20T12:00:00
S03543,Demo Garden Centre 03543,CHAIN18,Canadian Demo Retail Chain 18,Quebec City,QC,CA,G1R 4P6,ST043,Quebec City,3543,Salesperson 043,Retail,2026-01-01,2026-09-20T12:00:00
S03544,Demo Garden Centre 03544,CHAIN19,Canadian Demo Retail Chain 19,Saskatoon,SK,CA,S7K 1J7,ST044,Saskatoon,3544,Salesperson 044,Retail,2026-01-01,2026-09-20T12:00:00
S03545,Demo Garden Centre 03545,CHAIN20,Canadian Demo Retail Chain 20,Regina,SK,CA,S4P 3Y8,ST045,Regina,3545,Salesperson 045,Retail,2026-01-01,2026-09-20T12:00:00
S03546,Demo Garden Centre 03546,CHAIN21,Canadian Demo Retail Chain 21,Whitehorse,YT,CA,Y1A 2C9,ST046,Whitehorse,3546,Salesperson 046,Retail,2026-01-01,2026-09-20T12:00:00
S03547,Demo Garden Centre 03547,CHAIN22,Canadian Demo Retail Chain 22,Calgary,AB,CA,T2P 1J1,ST047,Calgary,3547,Salesperson 047,Retail,2026-01-01,2026-09-20T12:00:00
S03548,Demo Garden Centre 03548,CHAIN23,Canadian Demo Retail Chain 23,Edmonton,AB,CA,T5J 0N2,ST048,Edmonton,3548,Salesperson 048,Retail,2026-01-01,2026-09-20T12:00:00
S03549,Demo Garden Centre 03549,CHAIN24,Canadian Demo Retail Chain 24,Vancouver,BC,CA,V6B 2W3,ST049,Vancouver,3549,Salesperson 049,Retail,2026-01-01,2026-09-20T12:00:00
S03550,Demo Garden Centre 03550,CHAIN25,Canadian Demo Retail Chain 25,Victoria,BC,CA,V8W 1P4,ST050,Victoria,3550,Salesperson 050,Retail,2026-01-01,2026-09-20T12:00:00
S03551,Demo Garden Centre 03551,CHAIN01,Canadian Demo Retail Chain 01,Winnipeg,MB,CA,R3B 1C5,ST051,Winnipeg,3551,Salesperson 051,Retail,2026-01-01,2026-09-20T12:00:00
S03552,Demo Garden Centre 03552,CHAIN02,Canadian Demo Retail Chain 02,Fredericton,NB,CA,E3B 1B6,ST052,Fredericton,3552,Salesperson 052,Retail,2026-01-01,2026-09-20T12:00:00
S03553,Demo Garden Centre 03553,CHAIN03,Canadian Demo Retail Chain 03,St. John's,NL,CA,A1C 1B7,ST053,St. John's,3553,Salesperson 053,Retail,2026-01-01,2026-09-20T12:00:00
S03554,Demo Garden Centre 03554,CHAIN04,Canadian Demo Retail Chain 04,Halifax,NS,CA,B3J 1M8,ST054,Halifax,3554,Salesperson 054,Retail,2026-01-01,2026-09-20T12:00:00
S03555,Demo Garden Centre 03555,CHAIN05,Canadian Demo Retail Chain 05,Toronto,ON,CA,M5H 2N9,ST055,Toronto,3555,Salesperson 055,Retail,2026-01-01,2026-09-20T12:00:00
S03556,Demo Garden Centre 03556,CHAIN06,Canadian Demo Retail Chain 06,Ottawa,ON,CA,K1P 1J1,ST056,Ottawa,3556,Salesperson 056,Retail,2026-01-01,2026-09-20T12:00:00
S03557,Demo Garden Centre 03557,CHAIN07,Canadian Demo Retail Chain 07,London,ON,CA,N6A 3K2,ST057,London,3557,Salesperson 057,Retail,2026-01-01,2026-09-20T12:00:00
S03558,Demo Garden Centre 03558,CHAIN08,Canadian Demo Retail Chain 08,Thunder Bay,ON,CA,P7B 5E3,ST058,Thunder Bay,3558,Salesperson 058,Retail,2026-01-01,2026-09-20T12:00:00
S03559,Demo Garden Centre 03559,CHAIN09,Canadian Demo Retail Chain 09,Charlottetown,PE,CA,C1A 1A4,ST059,Charlottetown,3559,Salesperson 059,Retail,2026-01-01,2026-09-20T12:00:00
S03560,Demo Garden Centre 03560,CHAIN10,Canadian Demo Retail Chain 10,Montreal,QC,CA,H2Y 1C5,ST060,Montreal,3560,Salesperson 060,Retail,2026-01-01,2026-09-20T12:00:00
S03561,Demo Garden Centre 03561,CHAIN11,Canadian Demo Retail Chain 11,Quebec City,QC,CA,G1R 4P6,ST061,Quebec City,3561,Salesperson 061,Retail,2026-01-01,2026-09-20T12:00:00
S03562,Demo Garden Centre 03562,CHAIN12,Canadian Demo Retail Chain 12,Saskatoon,SK,CA,S7K 1J7,ST062,Saskatoon,3562,Salesperson 062,Retail,2026-01-01,2026-09-20T12:00:00
S03563,Demo Garden Centre 03563,CHAIN13,Canadian Demo Retail Chain 13,Regina,SK,CA,S4P 3Y8,ST063,Regina,3563,Salesperson 063,Retail,2026-01-01,2026-09-20T12:00:00
S03564,Demo Garden Centre 03564,CHAIN14,Canadian Demo Retail Chain 14,Whitehorse,YT,CA,Y1A 2C9,ST064,Whitehorse,3564,Salesperson 064,Retail,2026-01-01,2026-09-20T12:00:00
S03565,Demo Garden Centre 03565,CHAIN15,Canadian Demo Retail Chain 15,Calgary,AB,CA,T2P 1J1,ST065,Calgary,3565,Salesperson 065,Retail,2026-01-01,2026-09-20T12:00:00
S03566,Demo Garden Centre 03566,CHAIN16,Canadian Demo Retail Chain 16,Edmonton,AB,CA,T5J 0N2,ST066,Edmonton,3566,Salesperson 066,Retail,2026-01-01,2026-09-20T12:00:00
S03567,Demo Garden Centre 03567,CHAIN17,Canadian Demo Retail Chain 17,Vancouver,BC,CA,V6B 2W3,ST067,Vancouver,3567,Salesperson 067,Retail,2026-01-01,2026-09-20T12:00:00
S03568,Demo Garden Centre 03568,CHAIN18,Canadian Demo Retail Chain 18,Victoria,BC,CA,V8W 1P4,ST068,Victoria,3568,Salesperson 068,Retail,2026-01-01,2026-09-20T12:00:00
S03569,Demo Garden Centre 03569,CHAIN19,Canadian Demo Retail Chain 19,Winnipeg,MB,CA,R3B 1C5,ST069,Winnipeg,3569,Salesperson 069,Retail,2026-01-01,2026-09-20T12:00:00
S03570,Demo Garden Centre 03570,CHAIN20,Canadian Demo Retail Chain 20,Fredericton,NB,CA,E3B 1B6,ST070,Fredericton,3570,Salesperson 070,Retail,2026-01-01,2026-09-20T12:00:00
S03571,Demo Garden Centre 03571,CHAIN21,Canadian Demo Retail Chain 21,St. John's,NL,CA,A1C 1B7,ST071,St. John's,3571,Salesperson 071,Retail,2026-01-01,2026-09-20T12:00:00
S03572,Demo Garden Centre 03572,CHAIN22,Canadian Demo Retail Chain 22,Halifax,NS,CA,B3J 1M8,ST072,Halifax,3572,Salesperson 072,Retail,2026-01-01,2026-09-20T12:00:00
S03573,Demo Garden Centre 03573,CHAIN23,Canadian Demo Retail Chain 23,Toronto,ON,CA,M5H 2N9,ST073,Toronto,3573,Salesperson 073,Retail,2026-01-01,2026-09-20T12:00:00
S03574,Demo Garden Centre 03574,CHAIN24,Canadian Demo Retail Chain 24,Ottawa,ON,CA,K1P 1J1,ST074,Ottawa,3574,Salesperson 074,Retail,2026-01-01,2026-09-20T12:00:00
S03575,Demo Garden Centre 03575,CHAIN25,Canadian Demo Retail Chain 25,London,ON,CA,N6A 3K2,ST075,London,3575,Salesperson 075,Retail,2026-01-01,2026-09-20T12:00:00
S03576,Demo Garden Centre 03576,CHAIN01,Canadian Demo Retail Chain 01,Thunder Bay,ON,CA,P7B 5E3,ST076,Thunder Bay,3576,Salesperson 076,Retail,2026-01-01,2026-09-20T12:00:00
S03577,Demo Garden Centre 03577,CHAIN02,Canadian Demo Retail Chain 02,Charlottetown,PE,CA,C1A 1A4,ST077,Charlottetown,3577,Salesperson 077,Retail,2026-01-01,2026-09-20T12:00:00
S03578,Demo Garden Centre 03578,CHAIN03,Canadian Demo Retail Chain 03,Montreal,QC,CA,H2Y 1C5,ST078,Montreal,3578,Salesperson 078,Retail,2026-01-01,2026-09-20T12:00:00
S03579,Demo Garden Centre 03579,CHAIN04,Canadian Demo Retail Chain 04,Quebec City,QC,CA,G1R 4P6,ST079,Quebec City,3579,Salesperson 079,Retail,2026-01-01,2026-09-20T12:00:00
S03580,Demo Garden Centre 03580,CHAIN05,Canadian Demo Retail Chain 05,Saskatoon,SK,CA,S7K 1J7,ST080,Saskatoon,3580,Salesperson 080,Retail,2026-01-01,2026-09-20T12:00:00
S03581,Demo Garden Centre 03581,CHAIN06,Canadian Demo Retail Chain 06,Regina,SK,CA,S4P 3Y8,ST081,Regina,3581,Salesperson 081,Retail,2026-01-01,2026-09-20T12:00:00
S03582,Demo Garden Centre 03582,CHAIN07,Canadian Demo Retail Chain 07,Whitehorse,YT,CA,Y1A 2C9,ST082,Whitehorse,3582,Salesperson 082,Retail,2026-01-01,2026-09-20T12:00:00
S03583,Demo Garden Centre 03583,CHAIN08,Canadian Demo Retail Chain 08,Calgary,AB,CA,T2P 1J1,ST083,Calgary,3583,Salesperson 083,Retail,2026-01-01,2026-09-20T12:00:00
S03584,Demo Garden Centre 03584,CHAIN09,Canadian Demo Retail Chain 09,Edmonton,AB,CA,T5J 0N2,ST084,Edmonton,3584,Salesperson 084,Retail,2026-01-01,2026-09-20T12:00:00
S03585,Demo Garden Centre 03585,CHAIN10,Canadian Demo Retail Chain 10,Vancouver,BC,CA,V6B 2W3,ST085,Vancouver,3585,Salesperson 085,Retail,2026-01-01,2026-09-20T12:00:00
S03586,Demo Garden Centre 03586,CHAIN11,Canadian Demo Retail Chain 11,Victoria,BC,CA,V8W 1P4,ST086,Victoria,3586,Salesperson 086,Retail,2026-01-01,2026-09-20T12:00:00
S03587,Demo Garden Centre 03587,CHAIN12,Canadian Demo Retail Chain 12,Winnipeg,MB,CA,R3B 1C5,ST087,Winnipeg,3587,Salesperson 087,Retail,2026-01-01,2026-09-20T12:00:00
S03588,Demo Garden Centre 03588,CHAIN13,Canadian Demo Retail Chain 13,Fredericton,NB,CA,E3B 1B6,ST088,Fredericton,3588,Salesperson 088,Retail,2026-01-01,2026-09-20T12:00:00
S03589,Demo Garden Centre 03589,CHAIN14,Canadian Demo Retail Chain 14,St. John's,NL,CA,A1C 1B7,ST089,St. John's,3589,Salesperson 089,Retail,2026-01-01,2026-09-20T12:00:00
S03590,Demo Garden Centre 03590,CHAIN15,Canadian Demo Retail Chain 15,Halifax,NS,CA,B3J 1M8,ST090,Halifax,3590,Salesperson 090,Retail,2026-01-01,2026-09-20T12:00:00
S03591,Demo Garden Centre 03591,CHAIN16,Canadian Demo Retail Chain 16,Toronto,ON,CA,M5H 2N9,ST091,Toronto,3591,Salesperson 091,Retail,2026-01-01,2026-09-20T12:00:00
S03592,Demo Garden Centre 03592,CHAIN17,Canadian Demo Retail Chain 17,Ottawa,ON,CA,K1P 1J1,ST092,Ottawa,3592,Salesperson 092,Retail,2026-01-01,2026-09-20T12:00:00
S03593,Demo Garden Centre 03593,CHAIN18,Canadian Demo Retail Chain 18,London,ON,CA,N6A 3K2,ST093,London,3593,Salesperson 093,Retail,2026-01-01,2026-09-20T12:00:00
S03594,Demo Garden Centre 03594,CHAIN19,Canadian Demo Retail Chain 19,Thunder Bay,ON,CA,P7B 5E3,ST094,Thunder Bay,3594,Salesperson 094,Retail,2026-01-01,2026-09-20T12:00:00
S03595,Demo Garden Centre 03595,CHAIN20,Canadian Demo Retail Chain 20,Charlottetown,PE,CA,C1A 1A4,ST095,Charlottetown,3595,Salesperson 095,Retail,2026-01-01,2026-09-20T12:00:00
S03596,Demo Garden Centre 03596,CHAIN21,Canadian Demo Retail Chain 21,Montreal,QC,CA,H2Y 1C5,ST096,Montreal,3596,Salesperson 096,Retail,2026-01-01,2026-09-20T12:00:00
S03597,Demo Garden Centre 03597,CHAIN22,Canadian Demo Retail Chain 22,Quebec City,QC,CA,G1R 4P6,ST097,Quebec City,3597,Salesperson 097,Retail,2026-01-01,2026-09-20T12:00:00
S03598,Demo Garden Centre 03598,CHAIN23,Canadian Demo Retail Chain 23,Saskatoon,SK,CA,S7K 1J7,ST098,Saskatoon,3598,Salesperson 098,Retail,2026-01-01,2026-09-20T12:00:00
S03599,Demo Garden Centre 03599,CHAIN24,Canadian Demo Retail Chain 24,Regina,SK,CA,S4P 3Y8,ST099,Regina,3599,Salesperson 099,Retail,2026-01-01,2026-09-20T12:00:00
S03600,Demo Garden Centre 03600,CHAIN25,Canadian Demo Retail Chain 25,Whitehorse,YT,CA,Y1A 2C9,ST100,Whitehorse,3600,Salesperson 100,Retail,2026-01-01,2026-09-20T12:00:00
S03601,Demo Garden Centre 03601,CHAIN01,Canadian Demo Retail Chain 01,Calgary,AB,CA,T2P 1J1,ST001,Calgary,3601,Salesperson 101,Retail,2026-01-01,2026-09-20T12:00:00
S03602,Demo Garden Centre 03602,CHAIN02,Canadian Demo Retail Chain 02,Edmonton,AB,CA,T5J 0N2,ST002,Edmonton,3602,Salesperson 102,Retail,2026-01-01,2026-09-20T12:00:00
S03603,Demo Garden Centre 03603,CHAIN03,Canadian Demo Retail Chain 03,Vancouver,BC,CA,V6B 2W3,ST003,Vancouver,3603,Salesperson 103,Retail,2026-01-01,2026-09-20T12:00:00
S03604,Demo Garden Centre 03604,CHAIN04,Canadian Demo Retail Chain 04,Victoria,BC,CA,V8W 1P4,ST004,Victoria,3604,Salesperson 104,Retail,2026-01-01,2026-09-20T12:00:00
S03605,Demo Garden Centre 03605,CHAIN05,Canadian Demo Retail Chain 05,Winnipeg,MB,CA,R3B 1C5,ST005,Winnipeg,3605,Salesperson 105,Retail,2026-01-01,2026-09-20T12:00:00
S03606,Demo Garden Centre 03606,CHAIN06,Canadian Demo Retail Chain 06,Fredericton,NB,CA,E3B 1B6,ST006,Fredericton,3606,Salesperson 106,Retail,2026-01-01,2026-09-20T12:00:00
S03607,Demo Garden Centre 03607,CHAIN07,Canadian Demo Retail Chain 07,St. John's,NL,CA,A1C 1B7,ST007,St. John's,3607,Salesperson 107,Retail,2026-01-01,2026-09-20T12:00:00
S03608,Demo Garden Centre 03608,CHAIN08,Canadian Demo Retail Chain 08,Halifax,NS,CA,B3J 1M8,ST008,Halifax,3608,Salesperson 108,Retail,2026-01-01,2026-09-20T12:00:00
S03609,Demo Garden Centre 03609,CHAIN09,Canadian Demo Retail Chain 09,Toronto,ON,CA,M5H 2N9,ST009,Toronto,3609,Salesperson 109,Retail,2026-01-01,2026-09-20T12:00:00
S03610,Demo Garden Centre 03610,CHAIN10,Canadian Demo Retail Chain 10,Ottawa,ON,CA,K1P 1J1,ST010,Ottawa,3610,Salesperson 110,Retail,2026-01-01,2026-09-20T12:00:00
S03611,Demo Garden Centre 03611,CHAIN11,Canadian Demo Retail Chain 11,London,ON,CA,N6A 3K2,ST011,London,3611,Salesperson 111,Retail,2026-01-01,2026-09-20T12:00:00
S03612,Demo Garden Centre 03612,CHAIN12,Canadian Demo Retail Chain 12,Thunder Bay,ON,CA,P7B 5E3,ST012,Thunder Bay,3612,Salesperson 112,Retail,2026-01-01,2026-09-20T12:00:00
S03613,Demo Garden Centre 03613,CHAIN13,Canadian Demo Retail Chain 13,Charlottetown,PE,CA,C1A 1A4,ST013,Charlottetown,3613,Salesperson 113,Retail,2026-01-01,2026-09-20T12:00:00
S03614,Demo Garden Centre 03614,CHAIN14,Canadian Demo Retail Chain 14,Montreal,QC,CA,H2Y 1C5,ST014,Montreal,3614,Salesperson 114,Retail,2026-01-01,2026-09-20T12:00:00
S03615,Demo Garden Centre 03615,CHAIN15,Canadian Demo Retail Chain 15,Quebec City,QC,CA,G1R 4P6,ST015,Quebec City,3615,Salesperson 115,Retail,2026-01-01,2026-09-20T12:00:00
S03616,Demo Garden Centre 03616,CHAIN16,Canadian Demo Retail Chain 16,Saskatoon,SK,CA,S7K 1J7,ST016,Saskatoon,3616,Salesperson 116,Retail,2026-01-01,2026-09-20T12:00:00
S03617,Demo Garden Centre 03617,CHAIN17,Canadian Demo Retail Chain 17,Regina,SK,CA,S4P 3Y8,ST017,Regina,3617,Salesperson 117,Retail,2026-01-01,2026-09-20T12:00:00
S03618,Demo Garden Centre 03618,CHAIN18,Canadian Demo Retail Chain 18,Whitehorse,YT,CA,Y1A 2C9,ST018,Whitehorse,3618,Salesperson 118,Retail,2026-01-01,2026-09-20T12:00:00
S03619,Demo Garden Centre 03619,CHAIN19,Canadian Demo Retail Chain 19,Calgary,AB,CA,T2P 1J1,ST019,Calgary,3619,Salesperson 119,Retail,2026-01-01,2026-09-20T12:00:00
S03620,Demo Garden Centre 03620,CHAIN20,Canadian Demo Retail Chain 20,Edmonton,AB,CA,T5J 0N2,ST020,Edmonton,3620,Salesperson 120,Retail,2026-01-01,2026-09-20T12:00:00
S03621,Demo Garden Centre 03621,CHAIN21,Canadian Demo Retail Chain 21,Vancouver,BC,CA,V6B 2W3,ST021,Vancouver,3621,Salesperson 121,Retail,2026-01-01,2026-09-20T12:00:00
S03622,Demo Garden Centre 03622,CHAIN22,Canadian Demo Retail Chain 22,Victoria,BC,CA,V8W 1P4,ST022,Victoria,3622,Salesperson 122,Retail,2026-01-01,2026-09-20T12:00:00
S03623,Demo Garden Centre 03623,CHAIN23,Canadian Demo Retail Chain 23,Winnipeg,MB,CA,R3B 1C5,ST023,Winnipeg,3623,Salesperson 123,Retail,2026-01-01,2026-09-20T12:00:00
S03624,Demo Garden Centre 03624,CHAIN24,Canadian Demo Retail Chain 24,Fredericton,NB,CA,E3B 1B6,ST024,Fredericton,3624,Salesperson 124,Retail,2026-01-01,2026-09-20T12:00:00
S03625,Demo Garden Centre 03625,CHAIN25,Canadian Demo Retail Chain 25,St. John's,NL,CA,A1C 1B7,ST025,St. John's,3625,Salesperson 125,Retail,2026-01-01,2026-09-20T12:00:00
S03626,Demo Garden Centre 03626,CHAIN01,Canadian Demo Retail Chain 01,Halifax,NS,CA,B3J 1M8,ST026,Halifax,3626,Salesperson 126,Retail,2026-01-01,2026-09-20T12:00:00
S03627,Demo Garden Centre 03627,CHAIN02,Canadian Demo Retail Chain 02,Toronto,ON,CA,M5H 2N9,ST027,Toronto,3627,Salesperson 127,Retail,2026-01-01,2026-09-20T12:00:00
S03628,Demo Garden Centre 03628,CHAIN03,Canadian Demo Retail Chain 03,Ottawa,ON,CA,K1P 1J1,ST028,Ottawa,3628,Salesperson 128,Retail,2026-01-01,2026-09-20T12:00:00
S03629,Demo Garden Centre 03629,CHAIN04,Canadian Demo Retail Chain 04,London,ON,CA,N6A 3K2,ST029,London,3629,Salesperson 129,Retail,2026-01-01,2026-09-20T12:00:00
S03630,Demo Garden Centre 03630,CHAIN05,Canadian Demo Retail Chain 05,Thunder Bay,ON,CA,P7B 5E3,ST030,Thunder Bay,3630,Salesperson 130,Retail,2026-01-01,2026-09-20T12:00:00
S03631,Demo Garden Centre 03631,CHAIN06,Canadian Demo Retail Chain 06,Charlottetown,PE,CA,C1A 1A4,ST031,Charlottetown,3631,Salesperson 131,Retail,2026-01-01,2026-09-20T12:00:00
S03632,Demo Garden Centre 03632,CHAIN07,Canadian Demo Retail Chain 07,Montreal,QC,CA,H2Y 1C5,ST032,Montreal,3632,Salesperson 132,Retail,2026-01-01,2026-09-20T12:00:00
S03633,Demo Garden Centre 03633,CHAIN08,Canadian Demo Retail Chain 08,Quebec City,QC,CA,G1R 4P6,ST033,Quebec City,3633,Salesperson 133,Retail,2026-01-01,2026-09-20T12:00:00
S03634,Demo Garden Centre 03634,CHAIN09,Canadian Demo Retail Chain 09,Saskatoon,SK,CA,S7K 1J7,ST034,Saskatoon,3634,Salesperson 134,Retail,2026-01-01,2026-09-20T12:00:00
S03635,Demo Garden Centre 03635,CHAIN10,Canadian Demo Retail Chain 10,Regina,SK,CA,S4P 3Y8,ST035,Regina,3635,Salesperson 135,Retail,2026-01-01,2026-09-20T12:00:00
S03636,Demo Garden Centre 03636,CHAIN11,Canadian Demo Retail Chain 11,Whitehorse,YT,CA,Y1A 2C9,ST036,Whitehorse,3636,Salesperson 136,Retail,2026-01-01,2026-09-20T12:00:00
S03637,Demo Garden Centre 03637,CHAIN12,Canadian Demo Retail Chain 12,Calgary,AB,CA,T2P 1J1,ST037,Calgary,3637,Salesperson 137,Retail,2026-01-01,2026-09-20T12:00:00
S03638,Demo Garden Centre 03638,CHAIN13,Canadian Demo Retail Chain 13,Edmonton,AB,CA,T5J 0N2,ST038,Edmonton,3638,Salesperson 138,Retail,2026-01-01,2026-09-20T12:00:00
S03639,Demo Garden Centre 03639,CHAIN14,Canadian Demo Retail Chain 14,Vancouver,BC,CA,V6B 2W3,ST039,Vancouver,3639,Salesperson 139,Retail,2026-01-01,2026-09-20T12:00:00
S03640,Demo Garden Centre 03640,CHAIN15,Canadian Demo Retail Chain 15,Victoria,BC,CA,V8W 1P4,ST040,Victoria,3640,Salesperson 140,Retail,2026-01-01,2026-09-20T12:00:00
S03641,Demo Garden Centre 03641,CHAIN16,Canadian Demo Retail Chain 16,Winnipeg,MB,CA,R3B 1C5,ST041,Winnipeg,3641,Salesperson 141,Retail,2026-01-01,2026-09-20T12:00:00
S03642,Demo Garden Centre 03642,CHAIN17,Canadian Demo Retail Chain 17,Fredericton,NB,CA,E3B 1B6,ST042,Fredericton,3642,Salesperson 142,Retail,2026-01-01,2026-09-20T12:00:00
S03643,Demo Garden Centre 03643,CHAIN18,Canadian Demo Retail Chain 18,St. John's,NL,CA,A1C 1B7,ST043,St. John's,3643,Salesperson 143,Retail,2026-01-01,2026-09-20T12:00:00
S03644,Demo Garden Centre 03644,CHAIN19,Canadian Demo Retail Chain 19,Halifax,NS,CA,B3J 1M8,ST044,Halifax,3644,Salesperson 144,Retail,2026-01-01,2026-09-20T12:00:00
S03645,Demo Garden Centre 03645,CHAIN20,Canadian Demo Retail Chain 20,Toronto,ON,CA,M5H 2N9,ST045,Toronto,3645,Salesperson 145,Retail,2026-01-01,2026-09-20T12:00:00
S03646,Demo Garden Centre 03646,CHAIN21,Canadian Demo Retail Chain 21,Ottawa,ON,CA,K1P 1J1,ST046,Ottawa,3646,Salesperson 146,Retail,2026-01-01,2026-09-20T12:00:00
S03647,Demo Garden Centre 03647,CHAIN22,Canadian Demo Retail Chain 22,London,ON,CA,N6A 3K2,ST047,London,3647,Salesperson 147,Retail,2026-01-01,2026-09-20T12:00:00
S03648,Demo Garden Centre 03648,CHAIN23,Canadian Demo Retail Chain 23,Thunder Bay,ON,CA,P7B 5E3,ST048,Thunder Bay,3648,Salesperson 148,Retail,2026-01-01,2026-09-20T12:00:00
S03649,Demo Garden Centre 03649,CHAIN24,Canadian Demo Retail Chain 24,Charlottetown,PE,CA,C1A 1A4,ST049,Charlottetown,3649,Salesperson 149,Retail,2026-01-01,2026-09-20T12:00:00
S03650,Demo Garden Centre 03650,CHAIN25,Canadian Demo Retail Chain 25,Montreal,QC,CA,H2Y 1C5,ST050,Montreal,3650,Salesperson 150,Retail,2026-01-01,2026-09-20T12:00:00
S03651,Demo Garden Centre 03651,CHAIN01,Canadian Demo Retail Chain 01,Quebec City,QC,CA,G1R 4P6,ST051,Quebec City,3651,Salesperson 151,Retail,2026-01-01,2026-09-20T12:00:00
S03652,Demo Garden Centre 03652,CHAIN02,Canadian Demo Retail Chain 02,Saskatoon,SK,CA,S7K 1J7,ST052,Saskatoon,3652,Salesperson 152,Retail,2026-01-01,2026-09-20T12:00:00
S03653,Demo Garden Centre 03653,CHAIN03,Canadian Demo Retail Chain 03,Regina,SK,CA,S4P 3Y8,ST053,Regina,3653,Salesperson 153,Retail,2026-01-01,2026-09-20T12:00:00
S03654,Demo Garden Centre 03654,CHAIN04,Canadian Demo Retail Chain 04,Whitehorse,YT,CA,Y1A 2C9,ST054,Whitehorse,3654,Salesperson 154,Retail,2026-01-01,2026-09-20T12:00:00
S03655,Demo Garden Centre 03655,CHAIN05,Canadian Demo Retail Chain 05,Calgary,AB,CA,T2P 1J1,ST055,Calgary,3655,Salesperson 155,Retail,2026-01-01,2026-09-20T12:00:00
S03656,Demo Garden Centre 03656,CHAIN06,Canadian Demo Retail Chain 06,Edmonton,AB,CA,T5J 0N2,ST056,Edmonton,3656,Salesperson 156,Retail,2026-01-01,2026-09-20T12:00:00
S03657,Demo Garden Centre 03657,CHAIN07,Canadian Demo Retail Chain 07,Vancouver,BC,CA,V6B 2W3,ST057,Vancouver,3657,Salesperson 157,Retail,2026-01-01,2026-09-20T12:00:00
S03658,Demo Garden Centre 03658,CHAIN08,Canadian Demo Retail Chain 08,Victoria,BC,CA,V8W 1P4,ST058,Victoria,3658,Salesperson 158,Retail,2026-01-01,2026-09-20T12:00:00
S03659,Demo Garden Centre 03659,CHAIN09,Canadian Demo Retail Chain 09,Winnipeg,MB,CA,R3B 1C5,ST059,Winnipeg,3659,Salesperson 159,Retail,2026-01-01,2026-09-20T12:00:00
S03660,Demo Garden Centre 03660,CHAIN10,Canadian Demo Retail Chain 10,Fredericton,NB,CA,E3B 1B6,ST060,Fredericton,3660,Salesperson 160,Retail,2026-01-01,2026-09-20T12:00:00
S03661,Demo Garden Centre 03661,CHAIN11,Canadian Demo Retail Chain 11,St. John's,NL,CA,A1C 1B7,ST061,St. John's,3661,Salesperson 161,Retail,2026-01-01,2026-09-20T12:00:00
S03662,Demo Garden Centre 03662,CHAIN12,Canadian Demo Retail Chain 12,Halifax,NS,CA,B3J 1M8,ST062,Halifax,3662,Salesperson 162,Retail,2026-01-01,2026-09-20T12:00:00
S03663,Demo Garden Centre 03663,CHAIN13,Canadian Demo Retail Chain 13,Toronto,ON,CA,M5H 2N9,ST063,Toronto,3663,Salesperson 163,Retail,2026-01-01,2026-09-20T12:00:00
S03664,Demo Garden Centre 03664,CHAIN14,Canadian Demo Retail Chain 14,Ottawa,ON,CA,K1P 1J1,ST064,Ottawa,3664,Salesperson 164,Retail,2026-01-01,2026-09-20T12:00:00
S03665,Demo Garden Centre 03665,CHAIN15,Canadian Demo Retail Chain 15,London,ON,CA,N6A 3K2,ST065,London,3665,Salesperson 165,Retail,2026-01-01,2026-09-20T12:00:00
S03666,Demo Garden Centre 03666,CHAIN16,Canadian Demo Retail Chain 16,Thunder Bay,ON,CA,P7B 5E3,ST066,Thunder Bay,3666,Salesperson 166,Retail,2026-01-01,2026-09-20T12:00:00
S03667,Demo Garden Centre 03667,CHAIN17,Canadian Demo Retail Chain 17,Charlottetown,PE,CA,C1A 1A4,ST067,Charlottetown,3667,Salesperson 167,Retail,2026-01-01,2026-09-20T12:00:00
S03668,Demo Garden Centre 03668,CHAIN18,Canadian Demo Retail Chain 18,Montreal,QC,CA,H2Y 1C5,ST068,Montreal,3668,Salesperson 168,Retail,2026-01-01,2026-09-20T12:00:00
S03669,Demo Garden Centre 03669,CHAIN19,Canadian Demo Retail Chain 19,Quebec City,QC,CA,G1R 4P6,ST069,Quebec City,3669,Salesperson 169,Retail,2026-01-01,2026-09-20T12:00:00
S03670,Demo Garden Centre 03670,CHAIN20,Canadian Demo Retail Chain 20,Saskatoon,SK,CA,S7K 1J7,ST070,Saskatoon,3670,Salesperson 170,Retail,2026-01-01,2026-09-20T12:00:00
S03671,Demo Garden Centre 03671,CHAIN21,Canadian Demo Retail Chain 21,Regina,SK,CA,S4P 3Y8,ST071,Regina,3671,Salesperson 171,Retail,2026-01-01,2026-09-20T12:00:00
S03672,Demo Garden Centre 03672,CHAIN22,Canadian Demo Retail Chain 22,Whitehorse,YT,CA,Y1A 2C9,ST072,Whitehorse,3672,Salesperson 172,Retail,2026-01-01,2026-09-20T12:00:00
S03673,Demo Garden Centre 03673,CHAIN23,Canadian Demo Retail Chain 23,Calgary,AB,CA,T2P 1J1,ST073,Calgary,3673,Salesperson 173,Retail,2026-01-01,2026-09-20T12:00:00
S03674,Demo Garden Centre 03674,CHAIN24,Canadian Demo Retail Chain 24,Edmonton,AB,CA,T5J 0N2,ST074,Edmonton,3674,Salesperson 174,Retail,2026-01-01,2026-09-20T12:00:00
S03675,Demo Garden Centre 03675,CHAIN25,Canadian Demo Retail Chain 25,Vancouver,BC,CA,V6B 2W3,ST075,Vancouver,3675,Salesperson 175,Retail,2026-01-01,2026-09-20T12:00:00
S03676,Demo Garden Centre 03676,CHAIN01,Canadian Demo Retail Chain 01,Victoria,BC,CA,V8W 1P4,ST076,Victoria,3676,Salesperson 176,Retail,2026-01-01,2026-09-20T12:00:00
S03677,Demo Garden Centre 03677,CHAIN02,Canadian Demo Retail Chain 02,Winnipeg,MB,CA,R3B 1C5,ST077,Winnipeg,3677,Salesperson 177,Retail,2026-01-01,2026-09-20T12:00:00
S03678,Demo Garden Centre 03678,CHAIN03,Canadian Demo Retail Chain 03,Fredericton,NB,CA,E3B 1B6,ST078,Fredericton,3678,Salesperson 178,Retail,2026-01-01,2026-09-20T12:00:00
S03679,Demo Garden Centre 03679,CHAIN04,Canadian Demo Retail Chain 04,St. John's,NL,CA,A1C 1B7,ST079,St. John's,3679,Salesperson 179,Retail,2026-01-01,2026-09-20T12:00:00
S03680,Demo Garden Centre 03680,CHAIN05,Canadian Demo Retail Chain 05,Halifax,NS,CA,B3J 1M8,ST080,Halifax,3680,Salesperson 180,Retail,2026-01-01,2026-09-20T12:00:00
S03681,Demo Garden Centre 03681,CHAIN06,Canadian Demo Retail Chain 06,Toronto,ON,CA,M5H 2N9,ST081,Toronto,3681,Salesperson 181,Retail,2026-01-01,2026-09-20T12:00:00
S03682,Demo Garden Centre 03682,CHAIN07,Canadian Demo Retail Chain 07,Ottawa,ON,CA,K1P 1J1,ST082,Ottawa,3682,Salesperson 182,Retail,2026-01-01,2026-09-20T12:00:00
S03683,Demo Garden Centre 03683,CHAIN08,Canadian Demo Retail Chain 08,London,ON,CA,N6A 3K2,ST083,London,3683,Salesperson 183,Retail,2026-01-01,2026-09-20T12:00:00
S03684,Demo Garden Centre 03684,CHAIN09,Canadian Demo Retail Chain 09,Thunder Bay,ON,CA,P7B 5E3,ST084,Thunder Bay,3684,Salesperson 184,Retail,2026-01-01,2026-09-20T12:00:00
S03685,Demo Garden Centre 03685,CHAIN10,Canadian Demo Retail Chain 10,Charlottetown,PE,CA,C1A 1A4,ST085,Charlottetown,3685,Salesperson 185,Retail,2026-01-01,2026-09-20T12:00:00
S03686,Demo Garden Centre 03686,CHAIN11,Canadian Demo Retail Chain 11,Montreal,QC,CA,H2Y 1C5,ST086,Montreal,3686,Salesperson 186,Retail,2026-01-01,2026-09-20T12:00:00
S03687,Demo Garden Centre 03687,CHAIN12,Canadian Demo Retail Chain 12,Quebec City,QC,CA,G1R 4P6,ST087,Quebec City,3687,Salesperson 187,Retail,2026-01-01,2026-09-20T12:00:00
S03688,Demo Garden Centre 03688,CHAIN13,Canadian Demo Retail Chain 13,Saskatoon,SK,CA,S7K 1J7,ST088,Saskatoon,3688,Salesperson 188,Retail,2026-01-01,2026-09-20T12:00:00
S03689,Demo Garden Centre 03689,CHAIN14,Canadian Demo Retail Chain 14,Regina,SK,CA,S4P 3Y8,ST089,Regina,3689,Salesperson 189,Retail,2026-01-01,2026-09-20T12:00:00
S03690,Demo Garden Centre 03690,CHAIN15,Canadian Demo Retail Chain 15,Whitehorse,YT,CA,Y1A 2C9,ST090,Whitehorse,3690,Salesperson 190,Retail,2026-01-01,2026-09-20T12:00:00
S03691,Demo Garden Centre 03691,CHAIN16,Canadian Demo Retail Chain 16,Calgary,AB,CA,T2P 1J1,ST091,Calgary,3691,Salesperson 191,Retail,2026-01-01,2026-09-20T12:00:00
S03692,Demo Garden Centre 03692,CHAIN17,Canadian Demo Retail Chain 17,Edmonton,AB,CA,T5J 0N2,ST092,Edmonton,3692,Salesperson 192,Retail,2026-01-01,2026-09-20T12:00:00
S03693,Demo Garden Centre 03693,CHAIN18,Canadian Demo Retail Chain 18,Vancouver,BC,CA,V6B 2W3,ST093,Vancouver,3693,Salesperson 193,Retail,2026-01-01,2026-09-20T12:00:00
S03694,Demo Garden Centre 03694,CHAIN19,Canadian Demo Retail Chain 19,Victoria,BC,CA,V8W 1P4,ST094,Victoria,3694,Salesperson 194,Retail,2026-01-01,2026-09-20T12:00:00
S03695,Demo Garden Centre 03695,CHAIN20,Canadian Demo Retail Chain 20,Winnipeg,MB,CA,R3B 1C5,ST095,Winnipeg,3695,Salesperson 195,Retail,2026-01-01,2026-09-20T12:00:00
S03696,Demo Garden Centre 03696,CHAIN21,Canadian Demo Retail Chain 21,Fredericton,NB,CA,E3B 1B6,ST096,Fredericton,3696,Salesperson 196,Retail,2026-01-01,2026-09-20T12:00:00
S03697,Demo Garden Centre 03697,CHAIN22,Canadian Demo Retail Chain 22,St. John's,NL,CA,A1C 1B7,ST097,St. John's,3697,Salesperson 197,Retail,2026-01-01,2026-09-20T12:00:00
S03698,Demo Garden Centre 03698,CHAIN23,Canadian Demo Retail Chain 23,Halifax,NS,CA,B3J 1M8,ST098,Halifax,3698,Salesperson 198,Retail,2026-01-01,2026-09-20T12:00:00
S03699,Demo Garden Centre 03699,CHAIN24,Canadian Demo Retail Chain 24,Toronto,ON,CA,M5H 2N9,ST099,Toronto,3699,Salesperson 199,Retail,2026-01-01,2026-09-20T12:00:00
S03700,Demo Garden Centre 03700,CHAIN25,Canadian Demo Retail Chain 25,Ottawa,ON,CA,K1P 1J1,ST100,Ottawa,3700,Salesperson 200,Retail,2026-01-01,2026-09-20T12:00:00
S03701,Demo Garden Centre 03701,CHAIN01,Canadian Demo Retail Chain 01,London,ON,CA,N6A 3K2,ST001,London,3701,Salesperson 201,Retail,2026-01-01,2026-09-20T12:00:00
S03702,Demo Garden Centre 03702,CHAIN02,Canadian Demo Retail Chain 02,Thunder Bay,ON,CA,P7B 5E3,ST002,Thunder Bay,3702,Salesperson 202,Retail,2026-01-01,2026-09-20T12:00:00
S03703,Demo Garden Centre 03703,CHAIN03,Canadian Demo Retail Chain 03,Charlottetown,PE,CA,C1A 1A4,ST003,Charlottetown,3703,Salesperson 203,Retail,2026-01-01,2026-09-20T12:00:00
S03704,Demo Garden Centre 03704,CHAIN04,Canadian Demo Retail Chain 04,Montreal,QC,CA,H2Y 1C5,ST004,Montreal,3704,Salesperson 204,Retail,2026-01-01,2026-09-20T12:00:00
S03705,Demo Garden Centre 03705,CHAIN05,Canadian Demo Retail Chain 05,Quebec City,QC,CA,G1R 4P6,ST005,Quebec City,3705,Salesperson 205,Retail,2026-01-01,2026-09-20T12:00:00
S03706,Demo Garden Centre 03706,CHAIN06,Canadian Demo Retail Chain 06,Saskatoon,SK,CA,S7K 1J7,ST006,Saskatoon,3706,Salesperson 206,Retail,2026-01-01,2026-09-20T12:00:00
S03707,Demo Garden Centre 03707,CHAIN07,Canadian Demo Retail Chain 07,Regina,SK,CA,S4P 3Y8,ST007,Regina,3707,Salesperson 207,Retail,2026-01-01,2026-09-20T12:00:00
S03708,Demo Garden Centre 03708,CHAIN08,Canadian Demo Retail Chain 08,Whitehorse,YT,CA,Y1A 2C9,ST008,Whitehorse,3708,Salesperson 208,Retail,2026-01-01,2026-09-20T12:00:00
S03709,Demo Garden Centre 03709,CHAIN09,Canadian Demo Retail Chain 09,Calgary,AB,CA,T2P 1J1,ST009,Calgary,3709,Salesperson 209,Retail,2026-01-01,2026-09-20T12:00:00
S03710,Demo Garden Centre 03710,CHAIN10,Canadian Demo Retail Chain 10,Edmonton,AB,CA,T5J 0N2,ST010,Edmonton,3710,Salesperson 210,Retail,2026-01-01,2026-09-20T12:00:00
S03711,Demo Garden Centre 03711,CHAIN11,Canadian Demo Retail Chain 11,Vancouver,BC,CA,V6B 2W3,ST011,Vancouver,3711,Salesperson 211,Retail,2026-01-01,2026-09-20T12:00:00
S03712,Demo Garden Centre 03712,CHAIN12,Canadian Demo Retail Chain 12,Victoria,BC,CA,V8W 1P4,ST012,Victoria,3712,Salesperson 212,Retail,2026-01-01,2026-09-20T12:00:00
S03713,Demo Garden Centre 03713,CHAIN13,Canadian Demo Retail Chain 13,Winnipeg,MB,CA,R3B 1C5,ST013,Winnipeg,3713,Salesperson 213,Retail,2026-01-01,2026-09-20T12:00:00
S03714,Demo Garden Centre 03714,CHAIN14,Canadian Demo Retail Chain 14,Fredericton,NB,CA,E3B 1B6,ST014,Fredericton,3714,Salesperson 214,Retail,2026-01-01,2026-09-20T12:00:00
S03715,Demo Garden Centre 03715,CHAIN15,Canadian Demo Retail Chain 15,St. John's,NL,CA,A1C 1B7,ST015,St. John's,3715,Salesperson 215,Retail,2026-01-01,2026-09-20T12:00:00
S03716,Demo Garden Centre 03716,CHAIN16,Canadian Demo Retail Chain 16,Halifax,NS,CA,B3J 1M8,ST016,Halifax,3716,Salesperson 216,Retail,2026-01-01,2026-09-20T12:00:00
S03717,Demo Garden Centre 03717,CHAIN17,Canadian Demo Retail Chain 17,Toronto,ON,CA,M5H 2N9,ST017,Toronto,3717,Salesperson 217,Retail,2026-01-01,2026-09-20T12:00:00
S03718,Demo Garden Centre 03718,CHAIN18,Canadian Demo Retail Chain 18,Ottawa,ON,CA,K1P 1J1,ST018,Ottawa,3718,Salesperson 218,Retail,2026-01-01,2026-09-20T12:00:00
S03719,Demo Garden Centre 03719,CHAIN19,Canadian Demo Retail Chain 19,London,ON,CA,N6A 3K2,ST019,London,3719,Salesperson 219,Retail,2026-01-01,2026-09-20T12:00:00
S03720,Demo Garden Centre 03720,CHAIN20,Canadian Demo Retail Chain 20,Thunder Bay,ON,CA,P7B 5E3,ST020,Thunder Bay,3720,Salesperson 220,Retail,2026-01-01,2026-09-20T12:00:00
S03721,Demo Garden Centre 03721,CHAIN21,Canadian Demo Retail Chain 21,Charlottetown,PE,CA,C1A 1A4,ST021,Charlottetown,3721,Salesperson 221,Retail,2026-01-01,2026-09-20T12:00:00
S03722,Demo Garden Centre 03722,CHAIN22,Canadian Demo Retail Chain 22,Montreal,QC,CA,H2Y 1C5,ST022,Montreal,3722,Salesperson 222,Retail,2026-01-01,2026-09-20T12:00:00
S03723,Demo Garden Centre 03723,CHAIN23,Canadian Demo Retail Chain 23,Quebec City,QC,CA,G1R 4P6,ST023,Quebec City,3723,Salesperson 223,Retail,2026-01-01,2026-09-20T12:00:00
S03724,Demo Garden Centre 03724,CHAIN24,Canadian Demo Retail Chain 24,Saskatoon,SK,CA,S7K 1J7,ST024,Saskatoon,3724,Salesperson 224,Retail,2026-01-01,2026-09-20T12:00:00
S03725,Demo Garden Centre 03725,CHAIN25,Canadian Demo Retail Chain 25,Regina,SK,CA,S4P 3Y8,ST025,Regina,3725,Salesperson 225,Retail,2026-01-01,2026-09-20T12:00:00
S03726,Demo Garden Centre 03726,CHAIN01,Canadian Demo Retail Chain 01,Whitehorse,YT,CA,Y1A 2C9,ST026,Whitehorse,3726,Salesperson 226,Retail,2026-01-01,2026-09-20T12:00:00
S03727,Demo Garden Centre 03727,CHAIN02,Canadian Demo Retail Chain 02,Calgary,AB,CA,T2P 1J1,ST027,Calgary,3727,Salesperson 227,Retail,2026-01-01,2026-09-20T12:00:00
S03728,Demo Garden Centre 03728,CHAIN03,Canadian Demo Retail Chain 03,Edmonton,AB,CA,T5J 0N2,ST028,Edmonton,3728,Salesperson 228,Retail,2026-01-01,2026-09-20T12:00:00
S03729,Demo Garden Centre 03729,CHAIN04,Canadian Demo Retail Chain 04,Vancouver,BC,CA,V6B 2W3,ST029,Vancouver,3729,Salesperson 229,Retail,2026-01-01,2026-09-20T12:00:00
S03730,Demo Garden Centre 03730,CHAIN05,Canadian Demo Retail Chain 05,Victoria,BC,CA,V8W 1P4,ST030,Victoria,3730,Salesperson 230,Retail,2026-01-01,2026-09-20T12:00:00
S03731,Demo Garden Centre 03731,CHAIN06,Canadian Demo Retail Chain 06,Winnipeg,MB,CA,R3B 1C5,ST031,Winnipeg,3731,Salesperson 231,Retail,2026-01-01,2026-09-20T12:00:00
S03732,Demo Garden Centre 03732,CHAIN07,Canadian Demo Retail Chain 07,Fredericton,NB,CA,E3B 1B6,ST032,Fredericton,3732,Salesperson 232,Retail,2026-01-01,2026-09-20T12:00:00
S03733,Demo Garden Centre 03733,CHAIN08,Canadian Demo Retail Chain 08,St. John's,NL,CA,A1C 1B7,ST033,St. John's,3733,Salesperson 233,Retail,2026-01-01,2026-09-20T12:00:00
S03734,Demo Garden Centre 03734,CHAIN09,Canadian Demo Retail Chain 09,Halifax,NS,CA,B3J 1M8,ST034,Halifax,3734,Salesperson 234,Retail,2026-01-01,2026-09-20T12:00:00
S03735,Demo Garden Centre 03735,CHAIN10,Canadian Demo Retail Chain 10,Toronto,ON,CA,M5H 2N9,ST035,Toronto,3735,Salesperson 235,Retail,2026-01-01,2026-09-20T12:00:00
S03736,Demo Garden Centre 03736,CHAIN11,Canadian Demo Retail Chain 11,Ottawa,ON,CA,K1P 1J1,ST036,Ottawa,3736,Salesperson 236,Retail,2026-01-01,2026-09-20T12:00:00
S03737,Demo Garden Centre 03737,CHAIN12,Canadian Demo Retail Chain 12,London,ON,CA,N6A 3K2,ST037,London,3737,Salesperson 237,Retail,2026-01-01,2026-09-20T12:00:00
S03738,Demo Garden Centre 03738,CHAIN13,Canadian Demo Retail Chain 13,Thunder Bay,ON,CA,P7B 5E3,ST038,Thunder Bay,3738,Salesperson 238,Retail,2026-01-01,2026-09-20T12:00:00
S03739,Demo Garden Centre 03739,CHAIN14,Canadian Demo Retail Chain 14,Charlottetown,PE,CA,C1A 1A4,ST039,Charlottetown,3739,Salesperson 239,Retail,2026-01-01,2026-09-20T12:00:00
S03740,Demo Garden Centre 03740,CHAIN15,Canadian Demo Retail Chain 15,Montreal,QC,CA,H2Y 1C5,ST040,Montreal,3740,Salesperson 240,Retail,2026-01-01,2026-09-20T12:00:00
S03741,Demo Garden Centre 03741,CHAIN16,Canadian Demo Retail Chain 16,Quebec City,QC,CA,G1R 4P6,ST041,Quebec City,3741,Salesperson 241,Retail,2026-01-01,2026-09-20T12:00:00
S03742,Demo Garden Centre 03742,CHAIN17,Canadian Demo Retail Chain 17,Saskatoon,SK,CA,S7K 1J7,ST042,Saskatoon,3742,Salesperson 242,Retail,2026-01-01,2026-09-20T12:00:00
S03743,Demo Garden Centre 03743,CHAIN18,Canadian Demo Retail Chain 18,Regina,SK,CA,S4P 3Y8,ST043,Regina,3743,Salesperson 243,Retail,2026-01-01,2026-09-20T12:00:00
S03744,Demo Garden Centre 03744,CHAIN19,Canadian Demo Retail Chain 19,Whitehorse,YT,CA,Y1A 2C9,ST044,Whitehorse,3744,Salesperson 244,Retail,2026-01-01,2026-09-20T12:00:00
S03745,Demo Garden Centre 03745,CHAIN20,Canadian Demo Retail Chain 20,Calgary,AB,CA,T2P 1J1,ST045,Calgary,3745,Salesperson 245,Retail,2026-01-01,2026-09-20T12:00:00
S03746,Demo Garden Centre 03746,CHAIN21,Canadian Demo Retail Chain 21,Edmonton,AB,CA,T5J 0N2,ST046,Edmonton,3746,Salesperson 246,Retail,2026-01-01,2026-09-20T12:00:00
S03747,Demo Garden Centre 03747,CHAIN22,Canadian Demo Retail Chain 22,Vancouver,BC,CA,V6B 2W3,ST047,Vancouver,3747,Salesperson 247,Retail,2026-01-01,2026-09-20T12:00:00
S03748,Demo Garden Centre 03748,CHAIN23,Canadian Demo Retail Chain 23,Victoria,BC,CA,V8W 1P4,ST048,Victoria,3748,Salesperson 248,Retail,2026-01-01,2026-09-20T12:00:00
S03749,Demo Garden Centre 03749,CHAIN24,Canadian Demo Retail Chain 24,Winnipeg,MB,CA,R3B 1C5,ST049,Winnipeg,3749,Salesperson 249,Retail,2026-01-01,2026-09-20T12:00:00
S03750,Demo Garden Centre 03750,CHAIN25,Canadian Demo Retail Chain 25,Fredericton,NB,CA,E3B 1B6,ST050,Fredericton,3750,Salesperson 250,Retail,2026-01-01,2026-09-20T12:00:00
S03751,Demo Garden Centre 03751,CHAIN01,Canadian Demo Retail Chain 01,St. John's,NL,CA,A1C 1B7,ST051,St. John's,3751,Salesperson 001,Retail,2026-01-01,2026-09-20T12:00:00
S03752,Demo Garden Centre 03752,CHAIN02,Canadian Demo Retail Chain 02,Halifax,NS,CA,B3J 1M8,ST052,Halifax,3752,Salesperson 002,Retail,2026-01-01,2026-09-20T12:00:00
S03753,Demo Garden Centre 03753,CHAIN03,Canadian Demo Retail Chain 03,Toronto,ON,CA,M5H 2N9,ST053,Toronto,3753,Salesperson 003,Retail,2026-01-01,2026-09-20T12:00:00
S03754,Demo Garden Centre 03754,CHAIN04,Canadian Demo Retail Chain 04,Ottawa,ON,CA,K1P 1J1,ST054,Ottawa,3754,Salesperson 004,Retail,2026-01-01,2026-09-20T12:00:00
S03755,Demo Garden Centre 03755,CHAIN05,Canadian Demo Retail Chain 05,London,ON,CA,N6A 3K2,ST055,London,3755,Salesperson 005,Retail,2026-01-01,2026-09-20T12:00:00
S03756,Demo Garden Centre 03756,CHAIN06,Canadian Demo Retail Chain 06,Thunder Bay,ON,CA,P7B 5E3,ST056,Thunder Bay,3756,Salesperson 006,Retail,2026-01-01,2026-09-20T12:00:00
S03757,Demo Garden Centre 03757,CHAIN07,Canadian Demo Retail Chain 07,Charlottetown,PE,CA,C1A 1A4,ST057,Charlottetown,3757,Salesperson 007,Retail,2026-01-01,2026-09-20T12:00:00
S03758,Demo Garden Centre 03758,CHAIN08,Canadian Demo Retail Chain 08,Montreal,QC,CA,H2Y 1C5,ST058,Montreal,3758,Salesperson 008,Retail,2026-01-01,2026-09-20T12:00:00
S03759,Demo Garden Centre 03759,CHAIN09,Canadian Demo Retail Chain 09,Quebec City,QC,CA,G1R 4P6,ST059,Quebec City,3759,Salesperson 009,Retail,2026-01-01,2026-09-20T12:00:00
S03760,Demo Garden Centre 03760,CHAIN10,Canadian Demo Retail Chain 10,Saskatoon,SK,CA,S7K 1J7,ST060,Saskatoon,3760,Salesperson 010,Retail,2026-01-01,2026-09-20T12:00:00
S03761,Demo Garden Centre 03761,CHAIN11,Canadian Demo Retail Chain 11,Regina,SK,CA,S4P 3Y8,ST061,Regina,3761,Salesperson 011,Retail,2026-01-01,2026-09-20T12:00:00
S03762,Demo Garden Centre 03762,CHAIN12,Canadian Demo Retail Chain 12,Whitehorse,YT,CA,Y1A 2C9,ST062,Whitehorse,3762,Salesperson 012,Retail,2026-01-01,2026-09-20T12:00:00
S03763,Demo Garden Centre 03763,CHAIN13,Canadian Demo Retail Chain 13,Calgary,AB,CA,T2P 1J1,ST063,Calgary,3763,Salesperson 013,Retail,2026-01-01,2026-09-20T12:00:00
S03764,Demo Garden Centre 03764,CHAIN14,Canadian Demo Retail Chain 14,Edmonton,AB,CA,T5J 0N2,ST064,Edmonton,3764,Salesperson 014,Retail,2026-01-01,2026-09-20T12:00:00
S03765,Demo Garden Centre 03765,CHAIN15,Canadian Demo Retail Chain 15,Vancouver,BC,CA,V6B 2W3,ST065,Vancouver,3765,Salesperson 015,Retail,2026-01-01,2026-09-20T12:00:00
S03766,Demo Garden Centre 03766,CHAIN16,Canadian Demo Retail Chain 16,Victoria,BC,CA,V8W 1P4,ST066,Victoria,3766,Salesperson 016,Retail,2026-01-01,2026-09-20T12:00:00
S03767,Demo Garden Centre 03767,CHAIN17,Canadian Demo Retail Chain 17,Winnipeg,MB,CA,R3B 1C5,ST067,Winnipeg,3767,Salesperson 017,Retail,2026-01-01,2026-09-20T12:00:00
S03768,Demo Garden Centre 03768,CHAIN18,Canadian Demo Retail Chain 18,Fredericton,NB,CA,E3B 1B6,ST068,Fredericton,3768,Salesperson 018,Retail,2026-01-01,2026-09-20T12:00:00
S03769,Demo Garden Centre 03769,CHAIN19,Canadian Demo Retail Chain 19,St. John's,NL,CA,A1C 1B7,ST069,St. John's,3769,Salesperson 019,Retail,2026-01-01,2026-09-20T12:00:00
S03770,Demo Garden Centre 03770,CHAIN20,Canadian Demo Retail Chain 20,Halifax,NS,CA,B3J 1M8,ST070,Halifax,3770,Salesperson 020,Retail,2026-01-01,2026-09-20T12:00:00
S03771,Demo Garden Centre 03771,CHAIN21,Canadian Demo Retail Chain 21,Toronto,ON,CA,M5H 2N9,ST071,Toronto,3771,Salesperson 021,Retail,2026-01-01,2026-09-20T12:00:00
S03772,Demo Garden Centre 03772,CHAIN22,Canadian Demo Retail Chain 22,Ottawa,ON,CA,K1P 1J1,ST072,Ottawa,3772,Salesperson 022,Retail,2026-01-01,2026-09-20T12:00:00
S03773,Demo Garden Centre 03773,CHAIN23,Canadian Demo Retail Chain 23,London,ON,CA,N6A 3K2,ST073,London,3773,Salesperson 023,Retail,2026-01-01,2026-09-20T12:00:00
S03774,Demo Garden Centre 03774,CHAIN24,Canadian Demo Retail Chain 24,Thunder Bay,ON,CA,P7B 5E3,ST074,Thunder Bay,3774,Salesperson 024,Retail,2026-01-01,2026-09-20T12:00:00
S03775,Demo Garden Centre 03775,CHAIN25,Canadian Demo Retail Chain 25,Charlottetown,PE,CA,C1A 1A4,ST075,Charlottetown,3775,Salesperson 025,Retail,2026-01-01,2026-09-20T12:00:00
S03776,Demo Garden Centre 03776,CHAIN01,Canadian Demo Retail Chain 01,Montreal,QC,CA,H2Y 1C5,ST076,Montreal,3776,Salesperson 026,Retail,2026-01-01,2026-09-20T12:00:00
S03777,Demo Garden Centre 03777,CHAIN02,Canadian Demo Retail Chain 02,Quebec City,QC,CA,G1R 4P6,ST077,Quebec City,3777,Salesperson 027,Retail,2026-01-01,2026-09-20T12:00:00
S03778,Demo Garden Centre 03778,CHAIN03,Canadian Demo Retail Chain 03,Saskatoon,SK,CA,S7K 1J7,ST078,Saskatoon,3778,Salesperson 028,Retail,2026-01-01,2026-09-20T12:00:00
S03779,Demo Garden Centre 03779,CHAIN04,Canadian Demo Retail Chain 04,Regina,SK,CA,S4P 3Y8,ST079,Regina,3779,Salesperson 029,Retail,2026-01-01,2026-09-20T12:00:00
S03780,Demo Garden Centre 03780,CHAIN05,Canadian Demo Retail Chain 05,Whitehorse,YT,CA,Y1A 2C9,ST080,Whitehorse,3780,Salesperson 030,Retail,2026-01-01,2026-09-20T12:00:00
S03781,Demo Garden Centre 03781,CHAIN06,Canadian Demo Retail Chain 06,Calgary,AB,CA,T2P 1J1,ST081,Calgary,3781,Salesperson 031,Retail,2026-01-01,2026-09-20T12:00:00
S03782,Demo Garden Centre 03782,CHAIN07,Canadian Demo Retail Chain 07,Edmonton,AB,CA,T5J 0N2,ST082,Edmonton,3782,Salesperson 032,Retail,2026-01-01,2026-09-20T12:00:00
S03783,Demo Garden Centre 03783,CHAIN08,Canadian Demo Retail Chain 08,Vancouver,BC,CA,V6B 2W3,ST083,Vancouver,3783,Salesperson 033,Retail,2026-01-01,2026-09-20T12:00:00
S03784,Demo Garden Centre 03784,CHAIN09,Canadian Demo Retail Chain 09,Victoria,BC,CA,V8W 1P4,ST084,Victoria,3784,Salesperson 034,Retail,2026-01-01,2026-09-20T12:00:00
S03785,Demo Garden Centre 03785,CHAIN10,Canadian Demo Retail Chain 10,Winnipeg,MB,CA,R3B 1C5,ST085,Winnipeg,3785,Salesperson 035,Retail,2026-01-01,2026-09-20T12:00:00
S03786,Demo Garden Centre 03786,CHAIN11,Canadian Demo Retail Chain 11,Fredericton,NB,CA,E3B 1B6,ST086,Fredericton,3786,Salesperson 036,Retail,2026-01-01,2026-09-20T12:00:00
S03787,Demo Garden Centre 03787,CHAIN12,Canadian Demo Retail Chain 12,St. John's,NL,CA,A1C 1B7,ST087,St. John's,3787,Salesperson 037,Retail,2026-01-01,2026-09-20T12:00:00
S03788,Demo Garden Centre 03788,CHAIN13,Canadian Demo Retail Chain 13,Halifax,NS,CA,B3J 1M8,ST088,Halifax,3788,Salesperson 038,Retail,2026-01-01,2026-09-20T12:00:00
S03789,Demo Garden Centre 03789,CHAIN14,Canadian Demo Retail Chain 14,Toronto,ON,CA,M5H 2N9,ST089,Toronto,3789,Salesperson 039,Retail,2026-01-01,2026-09-20T12:00:00
S03790,Demo Garden Centre 03790,CHAIN15,Canadian Demo Retail Chain 15,Ottawa,ON,CA,K1P 1J1,ST090,Ottawa,3790,Salesperson 040,Retail,2026-01-01,2026-09-20T12:00:00
S03791,Demo Garden Centre 03791,CHAIN16,Canadian Demo Retail Chain 16,London,ON,CA,N6A 3K2,ST091,London,3791,Salesperson 041,Retail,2026-01-01,2026-09-20T12:00:00
S03792,Demo Garden Centre 03792,CHAIN17,Canadian Demo Retail Chain 17,Thunder Bay,ON,CA,P7B 5E3,ST092,Thunder Bay,3792,Salesperson 042,Retail,2026-01-01,2026-09-20T12:00:00
S03793,Demo Garden Centre 03793,CHAIN18,Canadian Demo Retail Chain 18,Charlottetown,PE,CA,C1A 1A4,ST093,Charlottetown,3793,Salesperson 043,Retail,2026-01-01,2026-09-20T12:00:00
S03794,Demo Garden Centre 03794,CHAIN19,Canadian Demo Retail Chain 19,Montreal,QC,CA,H2Y 1C5,ST094,Montreal,3794,Salesperson 044,Retail,2026-01-01,2026-09-20T12:00:00
S03795,Demo Garden Centre 03795,CHAIN20,Canadian Demo Retail Chain 20,Quebec City,QC,CA,G1R 4P6,ST095,Quebec City,3795,Salesperson 045,Retail,2026-01-01,2026-09-20T12:00:00
S03796,Demo Garden Centre 03796,CHAIN21,Canadian Demo Retail Chain 21,Saskatoon,SK,CA,S7K 1J7,ST096,Saskatoon,3796,Salesperson 046,Retail,2026-01-01,2026-09-20T12:00:00
S03797,Demo Garden Centre 03797,CHAIN22,Canadian Demo Retail Chain 22,Regina,SK,CA,S4P 3Y8,ST097,Regina,3797,Salesperson 047,Retail,2026-01-01,2026-09-20T12:00:00
S03798,Demo Garden Centre 03798,CHAIN23,Canadian Demo Retail Chain 23,Whitehorse,YT,CA,Y1A 2C9,ST098,Whitehorse,3798,Salesperson 048,Retail,2026-01-01,2026-09-20T12:00:00
S03799,Demo Garden Centre 03799,CHAIN24,Canadian Demo Retail Chain 24,Calgary,AB,CA,T2P 1J1,ST099,Calgary,3799,Salesperson 049,Retail,2026-01-01,2026-09-20T12:00:00
S03800,Demo Garden Centre 03800,CHAIN25,Canadian Demo Retail Chain 25,Edmonton,AB,CA,T5J 0N2,ST100,Edmonton,3800,Salesperson 050,Retail,2026-01-01,2026-09-20T12:00:00
S03801,Demo Garden Centre 03801,CHAIN01,Canadian Demo Retail Chain 01,Vancouver,BC,CA,V6B 2W3,ST001,Vancouver,3801,Salesperson 051,Retail,2026-01-01,2026-09-20T12:00:00
S03802,Demo Garden Centre 03802,CHAIN02,Canadian Demo Retail Chain 02,Victoria,BC,CA,V8W 1P4,ST002,Victoria,3802,Salesperson 052,Retail,2026-01-01,2026-09-20T12:00:00
S03803,Demo Garden Centre 03803,CHAIN03,Canadian Demo Retail Chain 03,Winnipeg,MB,CA,R3B 1C5,ST003,Winnipeg,3803,Salesperson 053,Retail,2026-01-01,2026-09-20T12:00:00
S03804,Demo Garden Centre 03804,CHAIN04,Canadian Demo Retail Chain 04,Fredericton,NB,CA,E3B 1B6,ST004,Fredericton,3804,Salesperson 054,Retail,2026-01-01,2026-09-20T12:00:00
S03805,Demo Garden Centre 03805,CHAIN05,Canadian Demo Retail Chain 05,St. John's,NL,CA,A1C 1B7,ST005,St. John's,3805,Salesperson 055,Retail,2026-01-01,2026-09-20T12:00:00
S03806,Demo Garden Centre 03806,CHAIN06,Canadian Demo Retail Chain 06,Halifax,NS,CA,B3J 1M8,ST006,Halifax,3806,Salesperson 056,Retail,2026-01-01,2026-09-20T12:00:00
S03807,Demo Garden Centre 03807,CHAIN07,Canadian Demo Retail Chain 07,Toronto,ON,CA,M5H 2N9,ST007,Toronto,3807,Salesperson 057,Retail,2026-01-01,2026-09-20T12:00:00
S03808,Demo Garden Centre 03808,CHAIN08,Canadian Demo Retail Chain 08,Ottawa,ON,CA,K1P 1J1,ST008,Ottawa,3808,Salesperson 058,Retail,2026-01-01,2026-09-20T12:00:00
S03809,Demo Garden Centre 03809,CHAIN09,Canadian Demo Retail Chain 09,London,ON,CA,N6A 3K2,ST009,London,3809,Salesperson 059,Retail,2026-01-01,2026-09-20T12:00:00
S03810,Demo Garden Centre 03810,CHAIN10,Canadian Demo Retail Chain 10,Thunder Bay,ON,CA,P7B 5E3,ST010,Thunder Bay,3810,Salesperson 060,Retail,2026-01-01,2026-09-20T12:00:00
S03811,Demo Garden Centre 03811,CHAIN11,Canadian Demo Retail Chain 11,Charlottetown,PE,CA,C1A 1A4,ST011,Charlottetown,3811,Salesperson 061,Retail,2026-01-01,2026-09-20T12:00:00
S03812,Demo Garden Centre 03812,CHAIN12,Canadian Demo Retail Chain 12,Montreal,QC,CA,H2Y 1C5,ST012,Montreal,3812,Salesperson 062,Retail,2026-01-01,2026-09-20T12:00:00
S03813,Demo Garden Centre 03813,CHAIN13,Canadian Demo Retail Chain 13,Quebec City,QC,CA,G1R 4P6,ST013,Quebec City,3813,Salesperson 063,Retail,2026-01-01,2026-09-20T12:00:00
S03814,Demo Garden Centre 03814,CHAIN14,Canadian Demo Retail Chain 14,Saskatoon,SK,CA,S7K 1J7,ST014,Saskatoon,3814,Salesperson 064,Retail,2026-01-01,2026-09-20T12:00:00
S03815,Demo Garden Centre 03815,CHAIN15,Canadian Demo Retail Chain 15,Regina,SK,CA,S4P 3Y8,ST015,Regina,3815,Salesperson 065,Retail,2026-01-01,2026-09-20T12:00:00
S03816,Demo Garden Centre 03816,CHAIN16,Canadian Demo Retail Chain 16,Whitehorse,YT,CA,Y1A 2C9,ST016,Whitehorse,3816,Salesperson 066,Retail,2026-01-01,2026-09-20T12:00:00
S03817,Demo Garden Centre 03817,CHAIN17,Canadian Demo Retail Chain 17,Calgary,AB,CA,T2P 1J1,ST017,Calgary,3817,Salesperson 067,Retail,2026-01-01,2026-09-20T12:00:00
S03818,Demo Garden Centre 03818,CHAIN18,Canadian Demo Retail Chain 18,Edmonton,AB,CA,T5J 0N2,ST018,Edmonton,3818,Salesperson 068,Retail,2026-01-01,2026-09-20T12:00:00
S03819,Demo Garden Centre 03819,CHAIN19,Canadian Demo Retail Chain 19,Vancouver,BC,CA,V6B 2W3,ST019,Vancouver,3819,Salesperson 069,Retail,2026-01-01,2026-09-20T12:00:00
S03820,Demo Garden Centre 03820,CHAIN20,Canadian Demo Retail Chain 20,Victoria,BC,CA,V8W 1P4,ST020,Victoria,3820,Salesperson 070,Retail,2026-01-01,2026-09-20T12:00:00
S03821,Demo Garden Centre 03821,CHAIN21,Canadian Demo Retail Chain 21,Winnipeg,MB,CA,R3B 1C5,ST021,Winnipeg,3821,Salesperson 071,Retail,2026-01-01,2026-09-20T12:00:00
S03822,Demo Garden Centre 03822,CHAIN22,Canadian Demo Retail Chain 22,Fredericton,NB,CA,E3B 1B6,ST022,Fredericton,3822,Salesperson 072,Retail,2026-01-01,2026-09-20T12:00:00
S03823,Demo Garden Centre 03823,CHAIN23,Canadian Demo Retail Chain 23,St. John's,NL,CA,A1C 1B7,ST023,St. John's,3823,Salesperson 073,Retail,2026-01-01,2026-09-20T12:00:00
S03824,Demo Garden Centre 03824,CHAIN24,Canadian Demo Retail Chain 24,Halifax,NS,CA,B3J 1M8,ST024,Halifax,3824,Salesperson 074,Retail,2026-01-01,2026-09-20T12:00:00
S03825,Demo Garden Centre 03825,CHAIN25,Canadian Demo Retail Chain 25,Toronto,ON,CA,M5H 2N9,ST025,Toronto,3825,Salesperson 075,Retail,2026-01-01,2026-09-20T12:00:00
S03826,Demo Garden Centre 03826,CHAIN01,Canadian Demo Retail Chain 01,Ottawa,ON,CA,K1P 1J1,ST026,Ottawa,3826,Salesperson 076,Retail,2026-01-01,2026-09-20T12:00:00
S03827,Demo Garden Centre 03827,CHAIN02,Canadian Demo Retail Chain 02,London,ON,CA,N6A 3K2,ST027,London,3827,Salesperson 077,Retail,2026-01-01,2026-09-20T12:00:00
S03828,Demo Garden Centre 03828,CHAIN03,Canadian Demo Retail Chain 03,Thunder Bay,ON,CA,P7B 5E3,ST028,Thunder Bay,3828,Salesperson 078,Retail,2026-01-01,2026-09-20T12:00:00
S03829,Demo Garden Centre 03829,CHAIN04,Canadian Demo Retail Chain 04,Charlottetown,PE,CA,C1A 1A4,ST029,Charlottetown,3829,Salesperson 079,Retail,2026-01-01,2026-09-20T12:00:00
S03830,Demo Garden Centre 03830,CHAIN05,Canadian Demo Retail Chain 05,Montreal,QC,CA,H2Y 1C5,ST030,Montreal,3830,Salesperson 080,Retail,2026-01-01,2026-09-20T12:00:00
S03831,Demo Garden Centre 03831,CHAIN06,Canadian Demo Retail Chain 06,Quebec City,QC,CA,G1R 4P6,ST031,Quebec City,3831,Salesperson 081,Retail,2026-01-01,2026-09-20T12:00:00
S03832,Demo Garden Centre 03832,CHAIN07,Canadian Demo Retail Chain 07,Saskatoon,SK,CA,S7K 1J7,ST032,Saskatoon,3832,Salesperson 082,Retail,2026-01-01,2026-09-20T12:00:00
S03833,Demo Garden Centre 03833,CHAIN08,Canadian Demo Retail Chain 08,Regina,SK,CA,S4P 3Y8,ST033,Regina,3833,Salesperson 083,Retail,2026-01-01,2026-09-20T12:00:00
S03834,Demo Garden Centre 03834,CHAIN09,Canadian Demo Retail Chain 09,Whitehorse,YT,CA,Y1A 2C9,ST034,Whitehorse,3834,Salesperson 084,Retail,2026-01-01,2026-09-20T12:00:00
S03835,Demo Garden Centre 03835,CHAIN10,Canadian Demo Retail Chain 10,Calgary,AB,CA,T2P 1J1,ST035,Calgary,3835,Salesperson 085,Retail,2026-01-01,2026-09-20T12:00:00
S03836,Demo Garden Centre 03836,CHAIN11,Canadian Demo Retail Chain 11,Edmonton,AB,CA,T5J 0N2,ST036,Edmonton,3836,Salesperson 086,Retail,2026-01-01,2026-09-20T12:00:00
S03837,Demo Garden Centre 03837,CHAIN12,Canadian Demo Retail Chain 12,Vancouver,BC,CA,V6B 2W3,ST037,Vancouver,3837,Salesperson 087,Retail,2026-01-01,2026-09-20T12:00:00
S03838,Demo Garden Centre 03838,CHAIN13,Canadian Demo Retail Chain 13,Victoria,BC,CA,V8W 1P4,ST038,Victoria,3838,Salesperson 088,Retail,2026-01-01,2026-09-20T12:00:00
S03839,Demo Garden Centre 03839,CHAIN14,Canadian Demo Retail Chain 14,Winnipeg,MB,CA,R3B 1C5,ST039,Winnipeg,3839,Salesperson 089,Retail,2026-01-01,2026-09-20T12:00:00
S03840,Demo Garden Centre 03840,CHAIN15,Canadian Demo Retail Chain 15,Fredericton,NB,CA,E3B 1B6,ST040,Fredericton,3840,Salesperson 090,Retail,2026-01-01,2026-09-20T12:00:00
S03841,Demo Garden Centre 03841,CHAIN16,Canadian Demo Retail Chain 16,St. John's,NL,CA,A1C 1B7,ST041,St. John's,3841,Salesperson 091,Retail,2026-01-01,2026-09-20T12:00:00
S03842,Demo Garden Centre 03842,CHAIN17,Canadian Demo Retail Chain 17,Halifax,NS,CA,B3J 1M8,ST042,Halifax,3842,Salesperson 092,Retail,2026-01-01,2026-09-20T12:00:00
S03843,Demo Garden Centre 03843,CHAIN18,Canadian Demo Retail Chain 18,Toronto,ON,CA,M5H 2N9,ST043,Toronto,3843,Salesperson 093,Retail,2026-01-01,2026-09-20T12:00:00
S03844,Demo Garden Centre 03844,CHAIN19,Canadian Demo Retail Chain 19,Ottawa,ON,CA,K1P 1J1,ST044,Ottawa,3844,Salesperson 094,Retail,2026-01-01,2026-09-20T12:00:00
S03845,Demo Garden Centre 03845,CHAIN20,Canadian Demo Retail Chain 20,London,ON,CA,N6A 3K2,ST045,London,3845,Salesperson 095,Retail,2026-01-01,2026-09-20T12:00:00
S03846,Demo Garden Centre 03846,CHAIN21,Canadian Demo Retail Chain 21,Thunder Bay,ON,CA,P7B 5E3,ST046,Thunder Bay,3846,Salesperson 096,Retail,2026-01-01,2026-09-20T12:00:00
S03847,Demo Garden Centre 03847,CHAIN22,Canadian Demo Retail Chain 22,Charlottetown,PE,CA,C1A 1A4,ST047,Charlottetown,3847,Salesperson 097,Retail,2026-01-01,2026-09-20T12:00:00
S03848,Demo Garden Centre 03848,CHAIN23,Canadian Demo Retail Chain 23,Montreal,QC,CA,H2Y 1C5,ST048,Montreal,3848,Salesperson 098,Retail,2026-01-01,2026-09-20T12:00:00
S03849,Demo Garden Centre 03849,CHAIN24,Canadian Demo Retail Chain 24,Quebec City,QC,CA,G1R 4P6,ST049,Quebec City,3849,Salesperson 099,Retail,2026-01-01,2026-09-20T12:00:00
S03850,Demo Garden Centre 03850,CHAIN25,Canadian Demo Retail Chain 25,Saskatoon,SK,CA,S7K 1J7,ST050,Saskatoon,3850,Salesperson 100,Retail,2026-01-01,2026-09-20T12:00:00
S03851,Demo Garden Centre 03851,CHAIN01,Canadian Demo Retail Chain 01,Regina,SK,CA,S4P 3Y8,ST051,Regina,3851,Salesperson 101,Retail,2026-01-01,2026-09-20T12:00:00
S03852,Demo Garden Centre 03852,CHAIN02,Canadian Demo Retail Chain 02,Whitehorse,YT,CA,Y1A 2C9,ST052,Whitehorse,3852,Salesperson 102,Retail,2026-01-01,2026-09-20T12:00:00
S03853,Demo Garden Centre 03853,CHAIN03,Canadian Demo Retail Chain 03,Calgary,AB,CA,T2P 1J1,ST053,Calgary,3853,Salesperson 103,Retail,2026-01-01,2026-09-20T12:00:00
S03854,Demo Garden Centre 03854,CHAIN04,Canadian Demo Retail Chain 04,Edmonton,AB,CA,T5J 0N2,ST054,Edmonton,3854,Salesperson 104,Retail,2026-01-01,2026-09-20T12:00:00
S03855,Demo Garden Centre 03855,CHAIN05,Canadian Demo Retail Chain 05,Vancouver,BC,CA,V6B 2W3,ST055,Vancouver,3855,Salesperson 105,Retail,2026-01-01,2026-09-20T12:00:00
S03856,Demo Garden Centre 03856,CHAIN06,Canadian Demo Retail Chain 06,Victoria,BC,CA,V8W 1P4,ST056,Victoria,3856,Salesperson 106,Retail,2026-01-01,2026-09-20T12:00:00
S03857,Demo Garden Centre 03857,CHAIN07,Canadian Demo Retail Chain 07,Winnipeg,MB,CA,R3B 1C5,ST057,Winnipeg,3857,Salesperson 107,Retail,2026-01-01,2026-09-20T12:00:00
S03858,Demo Garden Centre 03858,CHAIN08,Canadian Demo Retail Chain 08,Fredericton,NB,CA,E3B 1B6,ST058,Fredericton,3858,Salesperson 108,Retail,2026-01-01,2026-09-20T12:00:00
S03859,Demo Garden Centre 03859,CHAIN09,Canadian Demo Retail Chain 09,St. John's,NL,CA,A1C 1B7,ST059,St. John's,3859,Salesperson 109,Retail,2026-01-01,2026-09-20T12:00:00
S03860,Demo Garden Centre 03860,CHAIN10,Canadian Demo Retail Chain 10,Halifax,NS,CA,B3J 1M8,ST060,Halifax,3860,Salesperson 110,Retail,2026-01-01,2026-09-20T12:00:00
S03861,Demo Garden Centre 03861,CHAIN11,Canadian Demo Retail Chain 11,Toronto,ON,CA,M5H 2N9,ST061,Toronto,3861,Salesperson 111,Retail,2026-01-01,2026-09-20T12:00:00
S03862,Demo Garden Centre 03862,CHAIN12,Canadian Demo Retail Chain 12,Ottawa,ON,CA,K1P 1J1,ST062,Ottawa,3862,Salesperson 112,Retail,2026-01-01,2026-09-20T12:00:00
S03863,Demo Garden Centre 03863,CHAIN13,Canadian Demo Retail Chain 13,London,ON,CA,N6A 3K2,ST063,London,3863,Salesperson 113,Retail,2026-01-01,2026-09-20T12:00:00
S03864,Demo Garden Centre 03864,CHAIN14,Canadian Demo Retail Chain 14,Thunder Bay,ON,CA,P7B 5E3,ST064,Thunder Bay,3864,Salesperson 114,Retail,2026-01-01,2026-09-20T12:00:00
S03865,Demo Garden Centre 03865,CHAIN15,Canadian Demo Retail Chain 15,Charlottetown,PE,CA,C1A 1A4,ST065,Charlottetown,3865,Salesperson 115,Retail,2026-01-01,2026-09-20T12:00:00
S03866,Demo Garden Centre 03866,CHAIN16,Canadian Demo Retail Chain 16,Montreal,QC,CA,H2Y 1C5,ST066,Montreal,3866,Salesperson 116,Retail,2026-01-01,2026-09-20T12:00:00
S03867,Demo Garden Centre 03867,CHAIN17,Canadian Demo Retail Chain 17,Quebec City,QC,CA,G1R 4P6,ST067,Quebec City,3867,Salesperson 117,Retail,2026-01-01,2026-09-20T12:00:00
S03868,Demo Garden Centre 03868,CHAIN18,Canadian Demo Retail Chain 18,Saskatoon,SK,CA,S7K 1J7,ST068,Saskatoon,3868,Salesperson 118,Retail,2026-01-01,2026-09-20T12:00:00
S03869,Demo Garden Centre 03869,CHAIN19,Canadian Demo Retail Chain 19,Regina,SK,CA,S4P 3Y8,ST069,Regina,3869,Salesperson 119,Retail,2026-01-01,2026-09-20T12:00:00
S03870,Demo Garden Centre 03870,CHAIN20,Canadian Demo Retail Chain 20,Whitehorse,YT,CA,Y1A 2C9,ST070,Whitehorse,3870,Salesperson 120,Retail,2026-01-01,2026-09-20T12:00:00
S03871,Demo Garden Centre 03871,CHAIN21,Canadian Demo Retail Chain 21,Calgary,AB,CA,T2P 1J1,ST071,Calgary,3871,Salesperson 121,Retail,2026-01-01,2026-09-20T12:00:00
S03872,Demo Garden Centre 03872,CHAIN22,Canadian Demo Retail Chain 22,Edmonton,AB,CA,T5J 0N2,ST072,Edmonton,3872,Salesperson 122,Retail,2026-01-01,2026-09-20T12:00:00
S03873,Demo Garden Centre 03873,CHAIN23,Canadian Demo Retail Chain 23,Vancouver,BC,CA,V6B 2W3,ST073,Vancouver,3873,Salesperson 123,Retail,2026-01-01,2026-09-20T12:00:00
S03874,Demo Garden Centre 03874,CHAIN24,Canadian Demo Retail Chain 24,Victoria,BC,CA,V8W 1P4,ST074,Victoria,3874,Salesperson 124,Retail,2026-01-01,2026-09-20T12:00:00
S03875,Demo Garden Centre 03875,CHAIN25,Canadian Demo Retail Chain 25,Winnipeg,MB,CA,R3B 1C5,ST075,Winnipeg,3875,Salesperson 125,Retail,2026-01-01,2026-09-20T12:00:00
S03876,Demo Garden Centre 03876,CHAIN01,Canadian Demo Retail Chain 01,Fredericton,NB,CA,E3B 1B6,ST076,Fredericton,3876,Salesperson 126,Retail,2026-01-01,2026-09-20T12:00:00
S03877,Demo Garden Centre 03877,CHAIN02,Canadian Demo Retail Chain 02,St. John's,NL,CA,A1C 1B7,ST077,St. John's,3877,Salesperson 127,Retail,2026-01-01,2026-09-20T12:00:00
S03878,Demo Garden Centre 03878,CHAIN03,Canadian Demo Retail Chain 03,Halifax,NS,CA,B3J 1M8,ST078,Halifax,3878,Salesperson 128,Retail,2026-01-01,2026-09-20T12:00:00
S03879,Demo Garden Centre 03879,CHAIN04,Canadian Demo Retail Chain 04,Toronto,ON,CA,M5H 2N9,ST079,Toronto,3879,Salesperson 129,Retail,2026-01-01,2026-09-20T12:00:00
S03880,Demo Garden Centre 03880,CHAIN05,Canadian Demo Retail Chain 05,Ottawa,ON,CA,K1P 1J1,ST080,Ottawa,3880,Salesperson 130,Retail,2026-01-01,2026-09-20T12:00:00
S03881,Demo Garden Centre 03881,CHAIN06,Canadian Demo Retail Chain 06,London,ON,CA,N6A 3K2,ST081,London,3881,Salesperson 131,Retail,2026-01-01,2026-09-20T12:00:00
S03882,Demo Garden Centre 03882,CHAIN07,Canadian Demo Retail Chain 07,Thunder Bay,ON,CA,P7B 5E3,ST082,Thunder Bay,3882,Salesperson 132,Retail,2026-01-01,2026-09-20T12:00:00
S03883,Demo Garden Centre 03883,CHAIN08,Canadian Demo Retail Chain 08,Charlottetown,PE,CA,C1A 1A4,ST083,Charlottetown,3883,Salesperson 133,Retail,2026-01-01,2026-09-20T12:00:00
S03884,Demo Garden Centre 03884,CHAIN09,Canadian Demo Retail Chain 09,Montreal,QC,CA,H2Y 1C5,ST084,Montreal,3884,Salesperson 134,Retail,2026-01-01,2026-09-20T12:00:00
S03885,Demo Garden Centre 03885,CHAIN10,Canadian Demo Retail Chain 10,Quebec City,QC,CA,G1R 4P6,ST085,Quebec City,3885,Salesperson 135,Retail,2026-01-01,2026-09-20T12:00:00
S03886,Demo Garden Centre 03886,CHAIN11,Canadian Demo Retail Chain 11,Saskatoon,SK,CA,S7K 1J7,ST086,Saskatoon,3886,Salesperson 136,Retail,2026-01-01,2026-09-20T12:00:00
S03887,Demo Garden Centre 03887,CHAIN12,Canadian Demo Retail Chain 12,Regina,SK,CA,S4P 3Y8,ST087,Regina,3887,Salesperson 137,Retail,2026-01-01,2026-09-20T12:00:00
S03888,Demo Garden Centre 03888,CHAIN13,Canadian Demo Retail Chain 13,Whitehorse,YT,CA,Y1A 2C9,ST088,Whitehorse,3888,Salesperson 138,Retail,2026-01-01,2026-09-20T12:00:00
S03889,Demo Garden Centre 03889,CHAIN14,Canadian Demo Retail Chain 14,Calgary,AB,CA,T2P 1J1,ST089,Calgary,3889,Salesperson 139,Retail,2026-01-01,2026-09-20T12:00:00
S03890,Demo Garden Centre 03890,CHAIN15,Canadian Demo Retail Chain 15,Edmonton,AB,CA,T5J 0N2,ST090,Edmonton,3890,Salesperson 140,Retail,2026-01-01,2026-09-20T12:00:00
S03891,Demo Garden Centre 03891,CHAIN16,Canadian Demo Retail Chain 16,Vancouver,BC,CA,V6B 2W3,ST091,Vancouver,3891,Salesperson 141,Retail,2026-01-01,2026-09-20T12:00:00
S03892,Demo Garden Centre 03892,CHAIN17,Canadian Demo Retail Chain 17,Victoria,BC,CA,V8W 1P4,ST092,Victoria,3892,Salesperson 142,Retail,2026-01-01,2026-09-20T12:00:00
S03893,Demo Garden Centre 03893,CHAIN18,Canadian Demo Retail Chain 18,Winnipeg,MB,CA,R3B 1C5,ST093,Winnipeg,3893,Salesperson 143,Retail,2026-01-01,2026-09-20T12:00:00
S03894,Demo Garden Centre 03894,CHAIN19,Canadian Demo Retail Chain 19,Fredericton,NB,CA,E3B 1B6,ST094,Fredericton,3894,Salesperson 144,Retail,2026-01-01,2026-09-20T12:00:00
S03895,Demo Garden Centre 03895,CHAIN20,Canadian Demo Retail Chain 20,St. John's,NL,CA,A1C 1B7,ST095,St. John's,3895,Salesperson 145,Retail,2026-01-01,2026-09-20T12:00:00
S03896,Demo Garden Centre 03896,CHAIN21,Canadian Demo Retail Chain 21,Halifax,NS,CA,B3J 1M8,ST096,Halifax,3896,Salesperson 146,Retail,2026-01-01,2026-09-20T12:00:00
S03897,Demo Garden Centre 03897,CHAIN22,Canadian Demo Retail Chain 22,Toronto,ON,CA,M5H 2N9,ST097,Toronto,3897,Salesperson 147,Retail,2026-01-01,2026-09-20T12:00:00
S03898,Demo Garden Centre 03898,CHAIN23,Canadian Demo Retail Chain 23,Ottawa,ON,CA,K1P 1J1,ST098,Ottawa,3898,Salesperson 148,Retail,2026-01-01,2026-09-20T12:00:00
S03899,Demo Garden Centre 03899,CHAIN24,Canadian Demo Retail Chain 24,London,ON,CA,N6A 3K2,ST099,London,3899,Salesperson 149,Retail,2026-01-01,2026-09-20T12:00:00
S03900,Demo Garden Centre 03900,CHAIN25,Canadian Demo Retail Chain 25,Thunder Bay,ON,CA,P7B 5E3,ST100,Thunder Bay,3900,Salesperson 150,Retail,2026-01-01,2026-09-20T12:00:00
S03901,Demo Garden Centre 03901,CHAIN01,Canadian Demo Retail Chain 01,Charlottetown,PE,CA,C1A 1A4,ST001,Charlottetown,3901,Salesperson 151,Retail,2026-01-01,2026-09-20T12:00:00
S03902,Demo Garden Centre 03902,CHAIN02,Canadian Demo Retail Chain 02,Montreal,QC,CA,H2Y 1C5,ST002,Montreal,3902,Salesperson 152,Retail,2026-01-01,2026-09-20T12:00:00
S03903,Demo Garden Centre 03903,CHAIN03,Canadian Demo Retail Chain 03,Quebec City,QC,CA,G1R 4P6,ST003,Quebec City,3903,Salesperson 153,Retail,2026-01-01,2026-09-20T12:00:00
S03904,Demo Garden Centre 03904,CHAIN04,Canadian Demo Retail Chain 04,Saskatoon,SK,CA,S7K 1J7,ST004,Saskatoon,3904,Salesperson 154,Retail,2026-01-01,2026-09-20T12:00:00
S03905,Demo Garden Centre 03905,CHAIN05,Canadian Demo Retail Chain 05,Regina,SK,CA,S4P 3Y8,ST005,Regina,3905,Salesperson 155,Retail,2026-01-01,2026-09-20T12:00:00
S03906,Demo Garden Centre 03906,CHAIN06,Canadian Demo Retail Chain 06,Whitehorse,YT,CA,Y1A 2C9,ST006,Whitehorse,3906,Salesperson 156,Retail,2026-01-01,2026-09-20T12:00:00
S03907,Demo Garden Centre 03907,CHAIN07,Canadian Demo Retail Chain 07,Calgary,AB,CA,T2P 1J1,ST007,Calgary,3907,Salesperson 157,Retail,2026-01-01,2026-09-20T12:00:00
S03908,Demo Garden Centre 03908,CHAIN08,Canadian Demo Retail Chain 08,Edmonton,AB,CA,T5J 0N2,ST008,Edmonton,3908,Salesperson 158,Retail,2026-01-01,2026-09-20T12:00:00
S03909,Demo Garden Centre 03909,CHAIN09,Canadian Demo Retail Chain 09,Vancouver,BC,CA,V6B 2W3,ST009,Vancouver,3909,Salesperson 159,Retail,2026-01-01,2026-09-20T12:00:00
S03910,Demo Garden Centre 03910,CHAIN10,Canadian Demo Retail Chain 10,Victoria,BC,CA,V8W 1P4,ST010,Victoria,3910,Salesperson 160,Retail,2026-01-01,2026-09-20T12:00:00
S03911,Demo Garden Centre 03911,CHAIN11,Canadian Demo Retail Chain 11,Winnipeg,MB,CA,R3B 1C5,ST011,Winnipeg,3911,Salesperson 161,Retail,2026-01-01,2026-09-20T12:00:00
S03912,Demo Garden Centre 03912,CHAIN12,Canadian Demo Retail Chain 12,Fredericton,NB,CA,E3B 1B6,ST012,Fredericton,3912,Salesperson 162,Retail,2026-01-01,2026-09-20T12:00:00
S03913,Demo Garden Centre 03913,CHAIN13,Canadian Demo Retail Chain 13,St. John's,NL,CA,A1C 1B7,ST013,St. John's,3913,Salesperson 163,Retail,2026-01-01,2026-09-20T12:00:00
S03914,Demo Garden Centre 03914,CHAIN14,Canadian Demo Retail Chain 14,Halifax,NS,CA,B3J 1M8,ST014,Halifax,3914,Salesperson 164,Retail,2026-01-01,2026-09-20T12:00:00
S03915,Demo Garden Centre 03915,CHAIN15,Canadian Demo Retail Chain 15,Toronto,ON,CA,M5H 2N9,ST015,Toronto,3915,Salesperson 165,Retail,2026-01-01,2026-09-20T12:00:00
S03916,Demo Garden Centre 03916,CHAIN16,Canadian Demo Retail Chain 16,Ottawa,ON,CA,K1P 1J1,ST016,Ottawa,3916,Salesperson 166,Retail,2026-01-01,2026-09-20T12:00:00
S03917,Demo Garden Centre 03917,CHAIN17,Canadian Demo Retail Chain 17,London,ON,CA,N6A 3K2,ST017,London,3917,Salesperson 167,Retail,2026-01-01,2026-09-20T12:00:00
S03918,Demo Garden Centre 03918,CHAIN18,Canadian Demo Retail Chain 18,Thunder Bay,ON,CA,P7B 5E3,ST018,Thunder Bay,3918,Salesperson 168,Retail,2026-01-01,2026-09-20T12:00:00
S03919,Demo Garden Centre 03919,CHAIN19,Canadian Demo Retail Chain 19,Charlottetown,PE,CA,C1A 1A4,ST019,Charlottetown,3919,Salesperson 169,Retail,2026-01-01,2026-09-20T12:00:00
S03920,Demo Garden Centre 03920,CHAIN20,Canadian Demo Retail Chain 20,Montreal,QC,CA,H2Y 1C5,ST020,Montreal,3920,Salesperson 170,Retail,2026-01-01,2026-09-20T12:00:00
S03921,Demo Garden Centre 03921,CHAIN21,Canadian Demo Retail Chain 21,Quebec City,QC,CA,G1R 4P6,ST021,Quebec City,3921,Salesperson 171,Retail,2026-01-01,2026-09-20T12:00:00
S03922,Demo Garden Centre 03922,CHAIN22,Canadian Demo Retail Chain 22,Saskatoon,SK,CA,S7K 1J7,ST022,Saskatoon,3922,Salesperson 172,Retail,2026-01-01,2026-09-20T12:00:00
S03923,Demo Garden Centre 03923,CHAIN23,Canadian Demo Retail Chain 23,Regina,SK,CA,S4P 3Y8,ST023,Regina,3923,Salesperson 173,Retail,2026-01-01,2026-09-20T12:00:00
S03924,Demo Garden Centre 03924,CHAIN24,Canadian Demo Retail Chain 24,Whitehorse,YT,CA,Y1A 2C9,ST024,Whitehorse,3924,Salesperson 174,Retail,2026-01-01,2026-09-20T12:00:00
S03925,Demo Garden Centre 03925,CHAIN25,Canadian Demo Retail Chain 25,Calgary,AB,CA,T2P 1J1,ST025,Calgary,3925,Salesperson 175,Retail,2026-01-01,2026-09-20T12:00:00
S03926,Demo Garden Centre 03926,CHAIN01,Canadian Demo Retail Chain 01,Edmonton,AB,CA,T5J 0N2,ST026,Edmonton,3926,Salesperson 176,Retail,2026-01-01,2026-09-20T12:00:00
S03927,Demo Garden Centre 03927,CHAIN02,Canadian Demo Retail Chain 02,Vancouver,BC,CA,V6B 2W3,ST027,Vancouver,3927,Salesperson 177,Retail,2026-01-01,2026-09-20T12:00:00
S03928,Demo Garden Centre 03928,CHAIN03,Canadian Demo Retail Chain 03,Victoria,BC,CA,V8W 1P4,ST028,Victoria,3928,Salesperson 178,Retail,2026-01-01,2026-09-20T12:00:00
S03929,Demo Garden Centre 03929,CHAIN04,Canadian Demo Retail Chain 04,Winnipeg,MB,CA,R3B 1C5,ST029,Winnipeg,3929,Salesperson 179,Retail,2026-01-01,2026-09-20T12:00:00
S03930,Demo Garden Centre 03930,CHAIN05,Canadian Demo Retail Chain 05,Fredericton,NB,CA,E3B 1B6,ST030,Fredericton,3930,Salesperson 180,Retail,2026-01-01,2026-09-20T12:00:00
S03931,Demo Garden Centre 03931,CHAIN06,Canadian Demo Retail Chain 06,St. John's,NL,CA,A1C 1B7,ST031,St. John's,3931,Salesperson 181,Retail,2026-01-01,2026-09-20T12:00:00
S03932,Demo Garden Centre 03932,CHAIN07,Canadian Demo Retail Chain 07,Halifax,NS,CA,B3J 1M8,ST032,Halifax,3932,Salesperson 182,Retail,2026-01-01,2026-09-20T12:00:00
S03933,Demo Garden Centre 03933,CHAIN08,Canadian Demo Retail Chain 08,Toronto,ON,CA,M5H 2N9,ST033,Toronto,3933,Salesperson 183,Retail,2026-01-01,2026-09-20T12:00:00
S03934,Demo Garden Centre 03934,CHAIN09,Canadian Demo Retail Chain 09,Ottawa,ON,CA,K1P 1J1,ST034,Ottawa,3934,Salesperson 184,Retail,2026-01-01,2026-09-20T12:00:00
S03935,Demo Garden Centre 03935,CHAIN10,Canadian Demo Retail Chain 10,London,ON,CA,N6A 3K2,ST035,London,3935,Salesperson 185,Retail,2026-01-01,2026-09-20T12:00:00
S03936,Demo Garden Centre 03936,CHAIN11,Canadian Demo Retail Chain 11,Thunder Bay,ON,CA,P7B 5E3,ST036,Thunder Bay,3936,Salesperson 186,Retail,2026-01-01,2026-09-20T12:00:00
S03937,Demo Garden Centre 03937,CHAIN12,Canadian Demo Retail Chain 12,Charlottetown,PE,CA,C1A 1A4,ST037,Charlottetown,3937,Salesperson 187,Retail,2026-01-01,2026-09-20T12:00:00
S03938,Demo Garden Centre 03938,CHAIN13,Canadian Demo Retail Chain 13,Montreal,QC,CA,H2Y 1C5,ST038,Montreal,3938,Salesperson 188,Retail,2026-01-01,2026-09-20T12:00:00
S03939,Demo Garden Centre 03939,CHAIN14,Canadian Demo Retail Chain 14,Quebec City,QC,CA,G1R 4P6,ST039,Quebec City,3939,Salesperson 189,Retail,2026-01-01,2026-09-20T12:00:00
S03940,Demo Garden Centre 03940,CHAIN15,Canadian Demo Retail Chain 15,Saskatoon,SK,CA,S7K 1J7,ST040,Saskatoon,3940,Salesperson 190,Retail,2026-01-01,2026-09-20T12:00:00
S03941,Demo Garden Centre 03941,CHAIN16,Canadian Demo Retail Chain 16,Regina,SK,CA,S4P 3Y8,ST041,Regina,3941,Salesperson 191,Retail,2026-01-01,2026-09-20T12:00:00
S03942,Demo Garden Centre 03942,CHAIN17,Canadian Demo Retail Chain 17,Whitehorse,YT,CA,Y1A 2C9,ST042,Whitehorse,3942,Salesperson 192,Retail,2026-01-01,2026-09-20T12:00:00
S03943,Demo Garden Centre 03943,CHAIN18,Canadian Demo Retail Chain 18,Calgary,AB,CA,T2P 1J1,ST043,Calgary,3943,Salesperson 193,Retail,2026-01-01,2026-09-20T12:00:00
S03944,Demo Garden Centre 03944,CHAIN19,Canadian Demo Retail Chain 19,Edmonton,AB,CA,T5J 0N2,ST044,Edmonton,3944,Salesperson 194,Retail,2026-01-01,2026-09-20T12:00:00
S03945,Demo Garden Centre 03945,CHAIN20,Canadian Demo Retail Chain 20,Vancouver,BC,CA,V6B 2W3,ST045,Vancouver,3945,Salesperson 195,Retail,2026-01-01,2026-09-20T12:00:00
S03946,Demo Garden Centre 03946,CHAIN21,Canadian Demo Retail Chain 21,Victoria,BC,CA,V8W 1P4,ST046,Victoria,3946,Salesperson 196,Retail,2026-01-01,2026-09-20T12:00:00
S03947,Demo Garden Centre 03947,CHAIN22,Canadian Demo Retail Chain 22,Winnipeg,MB,CA,R3B 1C5,ST047,Winnipeg,3947,Salesperson 197,Retail,2026-01-01,2026-09-20T12:00:00
S03948,Demo Garden Centre 03948,CHAIN23,Canadian Demo Retail Chain 23,Fredericton,NB,CA,E3B 1B6,ST048,Fredericton,3948,Salesperson 198,Retail,2026-01-01,2026-09-20T12:00:00
S03949,Demo Garden Centre 03949,CHAIN24,Canadian Demo Retail Chain 24,St. John's,NL,CA,A1C 1B7,ST049,St. John's,3949,Salesperson 199,Retail,2026-01-01,2026-09-20T12:00:00
S03950,Demo Garden Centre 03950,CHAIN25,Canadian Demo Retail Chain 25,Halifax,NS,CA,B3J 1M8,ST050,Halifax,3950,Salesperson 200,Retail,2026-01-01,2026-09-20T12:00:00
S03951,Demo Garden Centre 03951,CHAIN01,Canadian Demo Retail Chain 01,Toronto,ON,CA,M5H 2N9,ST051,Toronto,3951,Salesperson 201,Retail,2026-01-01,2026-09-20T12:00:00
S03952,Demo Garden Centre 03952,CHAIN02,Canadian Demo Retail Chain 02,Ottawa,ON,CA,K1P 1J1,ST052,Ottawa,3952,Salesperson 202,Retail,2026-01-01,2026-09-20T12:00:00
S03953,Demo Garden Centre 03953,CHAIN03,Canadian Demo Retail Chain 03,London,ON,CA,N6A 3K2,ST053,London,3953,Salesperson 203,Retail,2026-01-01,2026-09-20T12:00:00
S03954,Demo Garden Centre 03954,CHAIN04,Canadian Demo Retail Chain 04,Thunder Bay,ON,CA,P7B 5E3,ST054,Thunder Bay,3954,Salesperson 204,Retail,2026-01-01,2026-09-20T12:00:00
S03955,Demo Garden Centre 03955,CHAIN05,Canadian Demo Retail Chain 05,Charlottetown,PE,CA,C1A 1A4,ST055,Charlottetown,3955,Salesperson 205,Retail,2026-01-01,2026-09-20T12:00:00
S03956,Demo Garden Centre 03956,CHAIN06,Canadian Demo Retail Chain 06,Montreal,QC,CA,H2Y 1C5,ST056,Montreal,3956,Salesperson 206,Retail,2026-01-01,2026-09-20T12:00:00
S03957,Demo Garden Centre 03957,CHAIN07,Canadian Demo Retail Chain 07,Quebec City,QC,CA,G1R 4P6,ST057,Quebec City,3957,Salesperson 207,Retail,2026-01-01,2026-09-20T12:00:00
S03958,Demo Garden Centre 03958,CHAIN08,Canadian Demo Retail Chain 08,Saskatoon,SK,CA,S7K 1J7,ST058,Saskatoon,3958,Salesperson 208,Retail,2026-01-01,2026-09-20T12:00:00
S03959,Demo Garden Centre 03959,CHAIN09,Canadian Demo Retail Chain 09,Regina,SK,CA,S4P 3Y8,ST059,Regina,3959,Salesperson 209,Retail,2026-01-01,2026-09-20T12:00:00
S03960,Demo Garden Centre 03960,CHAIN10,Canadian Demo Retail Chain 10,Whitehorse,YT,CA,Y1A 2C9,ST060,Whitehorse,3960,Salesperson 210,Retail,2026-01-01,2026-09-20T12:00:00
S03961,Demo Garden Centre 03961,CHAIN11,Canadian Demo Retail Chain 11,Calgary,AB,CA,T2P 1J1,ST061,Calgary,3961,Salesperson 211,Retail,2026-01-01,2026-09-20T12:00:00
S03962,Demo Garden Centre 03962,CHAIN12,Canadian Demo Retail Chain 12,Edmonton,AB,CA,T5J 0N2,ST062,Edmonton,3962,Salesperson 212,Retail,2026-01-01,2026-09-20T12:00:00
S03963,Demo Garden Centre 03963,CHAIN13,Canadian Demo Retail Chain 13,Vancouver,BC,CA,V6B 2W3,ST063,Vancouver,3963,Salesperson 213,Retail,2026-01-01,2026-09-20T12:00:00
S03964,Demo Garden Centre 03964,CHAIN14,Canadian Demo Retail Chain 14,Victoria,BC,CA,V8W 1P4,ST064,Victoria,3964,Salesperson 214,Retail,2026-01-01,2026-09-20T12:00:00
S03965,Demo Garden Centre 03965,CHAIN15,Canadian Demo Retail Chain 15,Winnipeg,MB,CA,R3B 1C5,ST065,Winnipeg,3965,Salesperson 215,Retail,2026-01-01,2026-09-20T12:00:00
S03966,Demo Garden Centre 03966,CHAIN16,Canadian Demo Retail Chain 16,Fredericton,NB,CA,E3B 1B6,ST066,Fredericton,3966,Salesperson 216,Retail,2026-01-01,2026-09-20T12:00:00
S03967,Demo Garden Centre 03967,CHAIN17,Canadian Demo Retail Chain 17,St. John's,NL,CA,A1C 1B7,ST067,St. John's,3967,Salesperson 217,Retail,2026-01-01,2026-09-20T12:00:00
S03968,Demo Garden Centre 03968,CHAIN18,Canadian Demo Retail Chain 18,Halifax,NS,CA,B3J 1M8,ST068,Halifax,3968,Salesperson 218,Retail,2026-01-01,2026-09-20T12:00:00
S03969,Demo Garden Centre 03969,CHAIN19,Canadian Demo Retail Chain 19,Toronto,ON,CA,M5H 2N9,ST069,Toronto,3969,Salesperson 219,Retail,2026-01-01,2026-09-20T12:00:00
S03970,Demo Garden Centre 03970,CHAIN20,Canadian Demo Retail Chain 20,Ottawa,ON,CA,K1P 1J1,ST070,Ottawa,3970,Salesperson 220,Retail,2026-01-01,2026-09-20T12:00:00
S03971,Demo Garden Centre 03971,CHAIN21,Canadian Demo Retail Chain 21,London,ON,CA,N6A 3K2,ST071,London,3971,Salesperson 221,Retail,2026-01-01,2026-09-20T12:00:00
S03972,Demo Garden Centre 03972,CHAIN22,Canadian Demo Retail Chain 22,Thunder Bay,ON,CA,P7B 5E3,ST072,Thunder Bay,3972,Salesperson 222,Retail,2026-01-01,2026-09-20T12:00:00
S03973,Demo Garden Centre 03973,CHAIN23,Canadian Demo Retail Chain 23,Charlottetown,PE,CA,C1A 1A4,ST073,Charlottetown,3973,Salesperson 223,Retail,2026-01-01,2026-09-20T12:00:00
S03974,Demo Garden Centre 03974,CHAIN24,Canadian Demo Retail Chain 24,Montreal,QC,CA,H2Y 1C5,ST074,Montreal,3974,Salesperson 224,Retail,2026-01-01,2026-09-20T12:00:00
S03975,Demo Garden Centre 03975,CHAIN25,Canadian Demo Retail Chain 25,Quebec City,QC,CA,G1R 4P6,ST075,Quebec City,3975,Salesperson 225,Retail,2026-01-01,2026-09-20T12:00:00
S03976,Demo Garden Centre 03976,CHAIN01,Canadian Demo Retail Chain 01,Saskatoon,SK,CA,S7K 1J7,ST076,Saskatoon,3976,Salesperson 226,Retail,2026-01-01,2026-09-20T12:00:00
S03977,Demo Garden Centre 03977,CHAIN02,Canadian Demo Retail Chain 02,Regina,SK,CA,S4P 3Y8,ST077,Regina,3977,Salesperson 227,Retail,2026-01-01,2026-09-20T12:00:00
S03978,Demo Garden Centre 03978,CHAIN03,Canadian Demo Retail Chain 03,Whitehorse,YT,CA,Y1A 2C9,ST078,Whitehorse,3978,Salesperson 228,Retail,2026-01-01,2026-09-20T12:00:00
S03979,Demo Garden Centre 03979,CHAIN04,Canadian Demo Retail Chain 04,Calgary,AB,CA,T2P 1J1,ST079,Calgary,3979,Salesperson 229,Retail,2026-01-01,2026-09-20T12:00:00
S03980,Demo Garden Centre 03980,CHAIN05,Canadian Demo Retail Chain 05,Edmonton,AB,CA,T5J 0N2,ST080,Edmonton,3980,Salesperson 230,Retail,2026-01-01,2026-09-20T12:00:00
S03981,Demo Garden Centre 03981,CHAIN06,Canadian Demo Retail Chain 06,Vancouver,BC,CA,V6B 2W3,ST081,Vancouver,3981,Salesperson 231,Retail,2026-01-01,2026-09-20T12:00:00
S03982,Demo Garden Centre 03982,CHAIN07,Canadian Demo Retail Chain 07,Victoria,BC,CA,V8W 1P4,ST082,Victoria,3982,Salesperson 232,Retail,2026-01-01,2026-09-20T12:00:00
S03983,Demo Garden Centre 03983,CHAIN08,Canadian Demo Retail Chain 08,Winnipeg,MB,CA,R3B 1C5,ST083,Winnipeg,3983,Salesperson 233,Retail,2026-01-01,2026-09-20T12:00:00
S03984,Demo Garden Centre 03984,CHAIN09,Canadian Demo Retail Chain 09,Fredericton,NB,CA,E3B 1B6,ST084,Fredericton,3984,Salesperson 234,Retail,2026-01-01,2026-09-20T12:00:00
S03985,Demo Garden Centre 03985,CHAIN10,Canadian Demo Retail Chain 10,St. John's,NL,CA,A1C 1B7,ST085,St. John's,3985,Salesperson 235,Retail,2026-01-01,2026-09-20T12:00:00
S03986,Demo Garden Centre 03986,CHAIN11,Canadian Demo Retail Chain 11,Halifax,NS,CA,B3J 1M8,ST086,Halifax,3986,Salesperson 236,Retail,2026-01-01,2026-09-20T12:00:00
S03987,Demo Garden Centre 03987,CHAIN12,Canadian Demo Retail Chain 12,Toronto,ON,CA,M5H 2N9,ST087,Toronto,3987,Salesperson 237,Retail,2026-01-01,2026-09-20T12:00:00
S03988,Demo Garden Centre 03988,CHAIN13,Canadian Demo Retail Chain 13,Ottawa,ON,CA,K1P 1J1,ST088,Ottawa,3988,Salesperson 238,Retail,2026-01-01,2026-09-20T12:00:00
S03989,Demo Garden Centre 03989,CHAIN14,Canadian Demo Retail Chain 14,London,ON,CA,N6A 3K2,ST089,London,3989,Salesperson 239,Retail,2026-01-01,2026-09-20T12:00:00
S03990,Demo Garden Centre 03990,CHAIN15,Canadian Demo Retail Chain 15,Thunder Bay,ON,CA,P7B 5E3,ST090,Thunder Bay,3990,Salesperson 240,Retail,2026-01-01,2026-09-20T12:00:00
S03991,Demo Garden Centre 03991,CHAIN16,Canadian Demo Retail Chain 16,Charlottetown,PE,CA,C1A 1A4,ST091,Charlottetown,3991,Salesperson 241,Retail,2026-01-01,2026-09-20T12:00:00
S03992,Demo Garden Centre 03992,CHAIN17,Canadian Demo Retail Chain 17,Montreal,QC,CA,H2Y 1C5,ST092,Montreal,3992,Salesperson 242,Retail,2026-01-01,2026-09-20T12:00:00
S03993,Demo Garden Centre 03993,CHAIN18,Canadian Demo Retail Chain 18,Quebec City,QC,CA,G1R 4P6,ST093,Quebec City,3993,Salesperson 243,Retail,2026-01-01,2026-09-20T12:00:00
S03994,Demo Garden Centre 03994,CHAIN19,Canadian Demo Retail Chain 19,Saskatoon,SK,CA,S7K 1J7,ST094,Saskatoon,3994,Salesperson 244,Retail,2026-01-01,2026-09-20T12:00:00
S03995,Demo Garden Centre 03995,CHAIN20,Canadian Demo Retail Chain 20,Regina,SK,CA,S4P 3Y8,ST095,Regina,3995,Salesperson 245,Retail,2026-01-01,2026-09-20T12:00:00
S03996,Demo Garden Centre 03996,CHAIN21,Canadian Demo Retail Chain 21,Whitehorse,YT,CA,Y1A 2C9,ST096,Whitehorse,3996,Salesperson 246,Retail,2026-01-01,2026-09-20T12:00:00
S03997,Demo Garden Centre 03997,CHAIN22,Canadian Demo Retail Chain 22,Calgary,AB,CA,T2P 1J1,ST097,Calgary,3997,Salesperson 247,Retail,2026-01-01,2026-09-20T12:00:00
S03998,Demo Garden Centre 03998,CHAIN23,Canadian Demo Retail Chain 23,Edmonton,AB,CA,T5J 0N2,ST098,Edmonton,3998,Salesperson 248,Retail,2026-01-01,2026-09-20T12:00:00
S03999,Demo Garden Centre 03999,CHAIN24,Canadian Demo Retail Chain 24,Vancouver,BC,CA,V6B 2W3,ST099,Vancouver,3999,Salesperson 249,Retail,2026-01-01,2026-09-20T12:00:00
S04000,Demo Garden Centre 04000,CHAIN25,Canadian Demo Retail Chain 25,Victoria,BC,CA,V8W 1P4,ST100,Victoria,4000,Salesperson 250,Retail,2026-01-01,2026-09-20T12:00:00
S04001,Demo Garden Centre 04001,CHAIN01,Canadian Demo Retail Chain 01,Winnipeg,MB,CA,R3B 1C5,ST001,Winnipeg,4001,Salesperson 001,Retail,2026-01-01,2026-09-20T12:00:00
S04002,Demo Garden Centre 04002,CHAIN02,Canadian Demo Retail Chain 02,Fredericton,NB,CA,E3B 1B6,ST002,Fredericton,4002,Salesperson 002,Retail,2026-01-01,2026-09-20T12:00:00
S04003,Demo Garden Centre 04003,CHAIN03,Canadian Demo Retail Chain 03,St. John's,NL,CA,A1C 1B7,ST003,St. John's,4003,Salesperson 003,Retail,2026-01-01,2026-09-20T12:00:00
S04004,Demo Garden Centre 04004,CHAIN04,Canadian Demo Retail Chain 04,Halifax,NS,CA,B3J 1M8,ST004,Halifax,4004,Salesperson 004,Retail,2026-01-01,2026-09-20T12:00:00
S04005,Demo Garden Centre 04005,CHAIN05,Canadian Demo Retail Chain 05,Toronto,ON,CA,M5H 2N9,ST005,Toronto,4005,Salesperson 005,Retail,2026-01-01,2026-09-20T12:00:00
S04006,Demo Garden Centre 04006,CHAIN06,Canadian Demo Retail Chain 06,Ottawa,ON,CA,K1P 1J1,ST006,Ottawa,4006,Salesperson 006,Retail,2026-01-01,2026-09-20T12:00:00
S04007,Demo Garden Centre 04007,CHAIN07,Canadian Demo Retail Chain 07,London,ON,CA,N6A 3K2,ST007,London,4007,Salesperson 007,Retail,2026-01-01,2026-09-20T12:00:00
S04008,Demo Garden Centre 04008,CHAIN08,Canadian Demo Retail Chain 08,Thunder Bay,ON,CA,P7B 5E3,ST008,Thunder Bay,4008,Salesperson 008,Retail,2026-01-01,2026-09-20T12:00:00
S04009,Demo Garden Centre 04009,CHAIN09,Canadian Demo Retail Chain 09,Charlottetown,PE,CA,C1A 1A4,ST009,Charlottetown,4009,Salesperson 009,Retail,2026-01-01,2026-09-20T12:00:00
S04010,Demo Garden Centre 04010,CHAIN10,Canadian Demo Retail Chain 10,Montreal,QC,CA,H2Y 1C5,ST010,Montreal,4010,Salesperson 010,Retail,2026-01-01,2026-09-20T12:00:00
S04011,Demo Garden Centre 04011,CHAIN11,Canadian Demo Retail Chain 11,Quebec City,QC,CA,G1R 4P6,ST011,Quebec City,4011,Salesperson 011,Retail,2026-01-01,2026-09-20T12:00:00
S04012,Demo Garden Centre 04012,CHAIN12,Canadian Demo Retail Chain 12,Saskatoon,SK,CA,S7K 1J7,ST012,Saskatoon,4012,Salesperson 012,Retail,2026-01-01,2026-09-20T12:00:00
S04013,Demo Garden Centre 04013,CHAIN13,Canadian Demo Retail Chain 13,Regina,SK,CA,S4P 3Y8,ST013,Regina,4013,Salesperson 013,Retail,2026-01-01,2026-09-20T12:00:00
S04014,Demo Garden Centre 04014,CHAIN14,Canadian Demo Retail Chain 14,Whitehorse,YT,CA,Y1A 2C9,ST014,Whitehorse,4014,Salesperson 014,Retail,2026-01-01,2026-09-20T12:00:00
S04015,Demo Garden Centre 04015,CHAIN15,Canadian Demo Retail Chain 15,Calgary,AB,CA,T2P 1J1,ST015,Calgary,4015,Salesperson 015,Retail,2026-01-01,2026-09-20T12:00:00
S04016,Demo Garden Centre 04016,CHAIN16,Canadian Demo Retail Chain 16,Edmonton,AB,CA,T5J 0N2,ST016,Edmonton,4016,Salesperson 016,Retail,2026-01-01,2026-09-20T12:00:00
S04017,Demo Garden Centre 04017,CHAIN17,Canadian Demo Retail Chain 17,Vancouver,BC,CA,V6B 2W3,ST017,Vancouver,4017,Salesperson 017,Retail,2026-01-01,2026-09-20T12:00:00
S04018,Demo Garden Centre 04018,CHAIN18,Canadian Demo Retail Chain 18,Victoria,BC,CA,V8W 1P4,ST018,Victoria,4018,Salesperson 018,Retail,2026-01-01,2026-09-20T12:00:00
S04019,Demo Garden Centre 04019,CHAIN19,Canadian Demo Retail Chain 19,Winnipeg,MB,CA,R3B 1C5,ST019,Winnipeg,4019,Salesperson 019,Retail,2026-01-01,2026-09-20T12:00:00
S04020,Demo Garden Centre 04020,CHAIN20,Canadian Demo Retail Chain 20,Fredericton,NB,CA,E3B 1B6,ST020,Fredericton,4020,Salesperson 020,Retail,2026-01-01,2026-09-20T12:00:00
S04021,Demo Garden Centre 04021,CHAIN21,Canadian Demo Retail Chain 21,St. John's,NL,CA,A1C 1B7,ST021,St. John's,4021,Salesperson 021,Retail,2026-01-01,2026-09-20T12:00:00
S04022,Demo Garden Centre 04022,CHAIN22,Canadian Demo Retail Chain 22,Halifax,NS,CA,B3J 1M8,ST022,Halifax,4022,Salesperson 022,Retail,2026-01-01,2026-09-20T12:00:00
S04023,Demo Garden Centre 04023,CHAIN23,Canadian Demo Retail Chain 23,Toronto,ON,CA,M5H 2N9,ST023,Toronto,4023,Salesperson 023,Retail,2026-01-01,2026-09-20T12:00:00
S04024,Demo Garden Centre 04024,CHAIN24,Canadian Demo Retail Chain 24,Ottawa,ON,CA,K1P 1J1,ST024,Ottawa,4024,Salesperson 024,Retail,2026-01-01,2026-09-20T12:00:00
S04025,Demo Garden Centre 04025,CHAIN25,Canadian Demo Retail Chain 25,London,ON,CA,N6A 3K2,ST025,London,4025,Salesperson 025,Retail,2026-01-01,2026-09-20T12:00:00
S04026,Demo Garden Centre 04026,CHAIN01,Canadian Demo Retail Chain 01,Thunder Bay,ON,CA,P7B 5E3,ST026,Thunder Bay,4026,Salesperson 026,Retail,2026-01-01,2026-09-20T12:00:00
S04027,Demo Garden Centre 04027,CHAIN02,Canadian Demo Retail Chain 02,Charlottetown,PE,CA,C1A 1A4,ST027,Charlottetown,4027,Salesperson 027,Retail,2026-01-01,2026-09-20T12:00:00
S04028,Demo Garden Centre 04028,CHAIN03,Canadian Demo Retail Chain 03,Montreal,QC,CA,H2Y 1C5,ST028,Montreal,4028,Salesperson 028,Retail,2026-01-01,2026-09-20T12:00:00
S04029,Demo Garden Centre 04029,CHAIN04,Canadian Demo Retail Chain 04,Quebec City,QC,CA,G1R 4P6,ST029,Quebec City,4029,Salesperson 029,Retail,2026-01-01,2026-09-20T12:00:00
S04030,Demo Garden Centre 04030,CHAIN05,Canadian Demo Retail Chain 05,Saskatoon,SK,CA,S7K 1J7,ST030,Saskatoon,4030,Salesperson 030,Retail,2026-01-01,2026-09-20T12:00:00
S04031,Demo Garden Centre 04031,CHAIN06,Canadian Demo Retail Chain 06,Regina,SK,CA,S4P 3Y8,ST031,Regina,4031,Salesperson 031,Retail,2026-01-01,2026-09-20T12:00:00
S04032,Demo Garden Centre 04032,CHAIN07,Canadian Demo Retail Chain 07,Whitehorse,YT,CA,Y1A 2C9,ST032,Whitehorse,4032,Salesperson 032,Retail,2026-01-01,2026-09-20T12:00:00
S04033,Demo Garden Centre 04033,CHAIN08,Canadian Demo Retail Chain 08,Calgary,AB,CA,T2P 1J1,ST033,Calgary,4033,Salesperson 033,Retail,2026-01-01,2026-09-20T12:00:00
S04034,Demo Garden Centre 04034,CHAIN09,Canadian Demo Retail Chain 09,Edmonton,AB,CA,T5J 0N2,ST034,Edmonton,4034,Salesperson 034,Retail,2026-01-01,2026-09-20T12:00:00
S04035,Demo Garden Centre 04035,CHAIN10,Canadian Demo Retail Chain 10,Vancouver,BC,CA,V6B 2W3,ST035,Vancouver,4035,Salesperson 035,Retail,2026-01-01,2026-09-20T12:00:00
S04036,Demo Garden Centre 04036,CHAIN11,Canadian Demo Retail Chain 11,Victoria,BC,CA,V8W 1P4,ST036,Victoria,4036,Salesperson 036,Retail,2026-01-01,2026-09-20T12:00:00
S04037,Demo Garden Centre 04037,CHAIN12,Canadian Demo Retail Chain 12,Winnipeg,MB,CA,R3B 1C5,ST037,Winnipeg,4037,Salesperson 037,Retail,2026-01-01,2026-09-20T12:00:00
S04038,Demo Garden Centre 04038,CHAIN13,Canadian Demo Retail Chain 13,Fredericton,NB,CA,E3B 1B6,ST038,Fredericton,4038,Salesperson 038,Retail,2026-01-01,2026-09-20T12:00:00
S04039,Demo Garden Centre 04039,CHAIN14,Canadian Demo Retail Chain 14,St. John's,NL,CA,A1C 1B7,ST039,St. John's,4039,Salesperson 039,Retail,2026-01-01,2026-09-20T12:00:00
S04040,Demo Garden Centre 04040,CHAIN15,Canadian Demo Retail Chain 15,Halifax,NS,CA,B3J 1M8,ST040,Halifax,4040,Salesperson 040,Retail,2026-01-01,2026-09-20T12:00:00
S04041,Demo Garden Centre 04041,CHAIN16,Canadian Demo Retail Chain 16,Toronto,ON,CA,M5H 2N9,ST041,Toronto,4041,Salesperson 041,Retail,2026-01-01,2026-09-20T12:00:00
S04042,Demo Garden Centre 04042,CHAIN17,Canadian Demo Retail Chain 17,Ottawa,ON,CA,K1P 1J1,ST042,Ottawa,4042,Salesperson 042,Retail,2026-01-01,2026-09-20T12:00:00
S04043,Demo Garden Centre 04043,CHAIN18,Canadian Demo Retail Chain 18,London,ON,CA,N6A 3K2,ST043,London,4043,Salesperson 043,Retail,2026-01-01,2026-09-20T12:00:00
S04044,Demo Garden Centre 04044,CHAIN19,Canadian Demo Retail Chain 19,Thunder Bay,ON,CA,P7B 5E3,ST044,Thunder Bay,4044,Salesperson 044,Retail,2026-01-01,2026-09-20T12:00:00
S04045,Demo Garden Centre 04045,CHAIN20,Canadian Demo Retail Chain 20,Charlottetown,PE,CA,C1A 1A4,ST045,Charlottetown,4045,Salesperson 045,Retail,2026-01-01,2026-09-20T12:00:00
S04046,Demo Garden Centre 04046,CHAIN21,Canadian Demo Retail Chain 21,Montreal,QC,CA,H2Y 1C5,ST046,Montreal,4046,Salesperson 046,Retail,2026-01-01,2026-09-20T12:00:00
S04047,Demo Garden Centre 04047,CHAIN22,Canadian Demo Retail Chain 22,Quebec City,QC,CA,G1R 4P6,ST047,Quebec City,4047,Salesperson 047,Retail,2026-01-01,2026-09-20T12:00:00
S04048,Demo Garden Centre 04048,CHAIN23,Canadian Demo Retail Chain 23,Saskatoon,SK,CA,S7K 1J7,ST048,Saskatoon,4048,Salesperson 048,Retail,2026-01-01,2026-09-20T12:00:00
S04049,Demo Garden Centre 04049,CHAIN24,Canadian Demo Retail Chain 24,Regina,SK,CA,S4P 3Y8,ST049,Regina,4049,Salesperson 049,Retail,2026-01-01,2026-09-20T12:00:00
S04050,Demo Garden Centre 04050,CHAIN25,Canadian Demo Retail Chain 25,Whitehorse,YT,CA,Y1A 2C9,ST050,Whitehorse,4050,Salesperson 050,Retail,2026-01-01,2026-09-20T12:00:00
S04051,Demo Garden Centre 04051,CHAIN01,Canadian Demo Retail Chain 01,Calgary,AB,CA,T2P 1J1,ST051,Calgary,4051,Salesperson 051,Retail,2026-01-01,2026-09-20T12:00:00
S04052,Demo Garden Centre 04052,CHAIN02,Canadian Demo Retail Chain 02,Edmonton,AB,CA,T5J 0N2,ST052,Edmonton,4052,Salesperson 052,Retail,2026-01-01,2026-09-20T12:00:00
S04053,Demo Garden Centre 04053,CHAIN03,Canadian Demo Retail Chain 03,Vancouver,BC,CA,V6B 2W3,ST053,Vancouver,4053,Salesperson 053,Retail,2026-01-01,2026-09-20T12:00:00
S04054,Demo Garden Centre 04054,CHAIN04,Canadian Demo Retail Chain 04,Victoria,BC,CA,V8W 1P4,ST054,Victoria,4054,Salesperson 054,Retail,2026-01-01,2026-09-20T12:00:00
S04055,Demo Garden Centre 04055,CHAIN05,Canadian Demo Retail Chain 05,Winnipeg,MB,CA,R3B 1C5,ST055,Winnipeg,4055,Salesperson 055,Retail,2026-01-01,2026-09-20T12:00:00
S04056,Demo Garden Centre 04056,CHAIN06,Canadian Demo Retail Chain 06,Fredericton,NB,CA,E3B 1B6,ST056,Fredericton,4056,Salesperson 056,Retail,2026-01-01,2026-09-20T12:00:00
S04057,Demo Garden Centre 04057,CHAIN07,Canadian Demo Retail Chain 07,St. John's,NL,CA,A1C 1B7,ST057,St. John's,4057,Salesperson 057,Retail,2026-01-01,2026-09-20T12:00:00
S04058,Demo Garden Centre 04058,CHAIN08,Canadian Demo Retail Chain 08,Halifax,NS,CA,B3J 1M8,ST058,Halifax,4058,Salesperson 058,Retail,2026-01-01,2026-09-20T12:00:00
S04059,Demo Garden Centre 04059,CHAIN09,Canadian Demo Retail Chain 09,Toronto,ON,CA,M5H 2N9,ST059,Toronto,4059,Salesperson 059,Retail,2026-01-01,2026-09-20T12:00:00
S04060,Demo Garden Centre 04060,CHAIN10,Canadian Demo Retail Chain 10,Ottawa,ON,CA,K1P 1J1,ST060,Ottawa,4060,Salesperson 060,Retail,2026-01-01,2026-09-20T12:00:00
S04061,Demo Garden Centre 04061,CHAIN11,Canadian Demo Retail Chain 11,London,ON,CA,N6A 3K2,ST061,London,4061,Salesperson 061,Retail,2026-01-01,2026-09-20T12:00:00
S04062,Demo Garden Centre 04062,CHAIN12,Canadian Demo Retail Chain 12,Thunder Bay,ON,CA,P7B 5E3,ST062,Thunder Bay,4062,Salesperson 062,Retail,2026-01-01,2026-09-20T12:00:00
S04063,Demo Garden Centre 04063,CHAIN13,Canadian Demo Retail Chain 13,Charlottetown,PE,CA,C1A 1A4,ST063,Charlottetown,4063,Salesperson 063,Retail,2026-01-01,2026-09-20T12:00:00
S04064,Demo Garden Centre 04064,CHAIN14,Canadian Demo Retail Chain 14,Montreal,QC,CA,H2Y 1C5,ST064,Montreal,4064,Salesperson 064,Retail,2026-01-01,2026-09-20T12:00:00
S04065,Demo Garden Centre 04065,CHAIN15,Canadian Demo Retail Chain 15,Quebec City,QC,CA,G1R 4P6,ST065,Quebec City,4065,Salesperson 065,Retail,2026-01-01,2026-09-20T12:00:00
S04066,Demo Garden Centre 04066,CHAIN16,Canadian Demo Retail Chain 16,Saskatoon,SK,CA,S7K 1J7,ST066,Saskatoon,4066,Salesperson 066,Retail,2026-01-01,2026-09-20T12:00:00
S04067,Demo Garden Centre 04067,CHAIN17,Canadian Demo Retail Chain 17,Regina,SK,CA,S4P 3Y8,ST067,Regina,4067,Salesperson 067,Retail,2026-01-01,2026-09-20T12:00:00
S04068,Demo Garden Centre 04068,CHAIN18,Canadian Demo Retail Chain 18,Whitehorse,YT,CA,Y1A 2C9,ST068,Whitehorse,4068,Salesperson 068,Retail,2026-01-01,2026-09-20T12:00:00
S04069,Demo Garden Centre 04069,CHAIN19,Canadian Demo Retail Chain 19,Calgary,AB,CA,T2P 1J1,ST069,Calgary,4069,Salesperson 069,Retail,2026-01-01,2026-09-20T12:00:00
S04070,Demo Garden Centre 04070,CHAIN20,Canadian Demo Retail Chain 20,Edmonton,AB,CA,T5J 0N2,ST070,Edmonton,4070,Salesperson 070,Retail,2026-01-01,2026-09-20T12:00:00
S04071,Demo Garden Centre 04071,CHAIN21,Canadian Demo Retail Chain 21,Vancouver,BC,CA,V6B 2W3,ST071,Vancouver,4071,Salesperson 071,Retail,2026-01-01,2026-09-20T12:00:00
S04072,Demo Garden Centre 04072,CHAIN22,Canadian Demo Retail Chain 22,Victoria,BC,CA,V8W 1P4,ST072,Victoria,4072,Salesperson 072,Retail,2026-01-01,2026-09-20T12:00:00
S04073,Demo Garden Centre 04073,CHAIN23,Canadian Demo Retail Chain 23,Winnipeg,MB,CA,R3B 1C5,ST073,Winnipeg,4073,Salesperson 073,Retail,2026-01-01,2026-09-20T12:00:00
S04074,Demo Garden Centre 04074,CHAIN24,Canadian Demo Retail Chain 24,Fredericton,NB,CA,E3B 1B6,ST074,Fredericton,4074,Salesperson 074,Retail,2026-01-01,2026-09-20T12:00:00
S04075,Demo Garden Centre 04075,CHAIN25,Canadian Demo Retail Chain 25,St. John's,NL,CA,A1C 1B7,ST075,St. John's,4075,Salesperson 075,Retail,2026-01-01,2026-09-20T12:00:00
S04076,Demo Garden Centre 04076,CHAIN01,Canadian Demo Retail Chain 01,Halifax,NS,CA,B3J 1M8,ST076,Halifax,4076,Salesperson 076,Retail,2026-01-01,2026-09-20T12:00:00
S04077,Demo Garden Centre 04077,CHAIN02,Canadian Demo Retail Chain 02,Toronto,ON,CA,M5H 2N9,ST077,Toronto,4077,Salesperson 077,Retail,2026-01-01,2026-09-20T12:00:00
S04078,Demo Garden Centre 04078,CHAIN03,Canadian Demo Retail Chain 03,Ottawa,ON,CA,K1P 1J1,ST078,Ottawa,4078,Salesperson 078,Retail,2026-01-01,2026-09-20T12:00:00
S04079,Demo Garden Centre 04079,CHAIN04,Canadian Demo Retail Chain 04,London,ON,CA,N6A 3K2,ST079,London,4079,Salesperson 079,Retail,2026-01-01,2026-09-20T12:00:00
S04080,Demo Garden Centre 04080,CHAIN05,Canadian Demo Retail Chain 05,Thunder Bay,ON,CA,P7B 5E3,ST080,Thunder Bay,4080,Salesperson 080,Retail,2026-01-01,2026-09-20T12:00:00
S04081,Demo Garden Centre 04081,CHAIN06,Canadian Demo Retail Chain 06,Charlottetown,PE,CA,C1A 1A4,ST081,Charlottetown,4081,Salesperson 081,Retail,2026-01-01,2026-09-20T12:00:00
S04082,Demo Garden Centre 04082,CHAIN07,Canadian Demo Retail Chain 07,Montreal,QC,CA,H2Y 1C5,ST082,Montreal,4082,Salesperson 082,Retail,2026-01-01,2026-09-20T12:00:00
S04083,Demo Garden Centre 04083,CHAIN08,Canadian Demo Retail Chain 08,Quebec City,QC,CA,G1R 4P6,ST083,Quebec City,4083,Salesperson 083,Retail,2026-01-01,2026-09-20T12:00:00
S04084,Demo Garden Centre 04084,CHAIN09,Canadian Demo Retail Chain 09,Saskatoon,SK,CA,S7K 1J7,ST084,Saskatoon,4084,Salesperson 084,Retail,2026-01-01,2026-09-20T12:00:00
S04085,Demo Garden Centre 04085,CHAIN10,Canadian Demo Retail Chain 10,Regina,SK,CA,S4P 3Y8,ST085,Regina,4085,Salesperson 085,Retail,2026-01-01,2026-09-20T12:00:00
S04086,Demo Garden Centre 04086,CHAIN11,Canadian Demo Retail Chain 11,Whitehorse,YT,CA,Y1A 2C9,ST086,Whitehorse,4086,Salesperson 086,Retail,2026-01-01,2026-09-20T12:00:00
S04087,Demo Garden Centre 04087,CHAIN12,Canadian Demo Retail Chain 12,Calgary,AB,CA,T2P 1J1,ST087,Calgary,4087,Salesperson 087,Retail,2026-01-01,2026-09-20T12:00:00
S04088,Demo Garden Centre 04088,CHAIN13,Canadian Demo Retail Chain 13,Edmonton,AB,CA,T5J 0N2,ST088,Edmonton,4088,Salesperson 088,Retail,2026-01-01,2026-09-20T12:00:00
S04089,Demo Garden Centre 04089,CHAIN14,Canadian Demo Retail Chain 14,Vancouver,BC,CA,V6B 2W3,ST089,Vancouver,4089,Salesperson 089,Retail,2026-01-01,2026-09-20T12:00:00
S04090,Demo Garden Centre 04090,CHAIN15,Canadian Demo Retail Chain 15,Victoria,BC,CA,V8W 1P4,ST090,Victoria,4090,Salesperson 090,Retail,2026-01-01,2026-09-20T12:00:00
S04091,Demo Garden Centre 04091,CHAIN16,Canadian Demo Retail Chain 16,Winnipeg,MB,CA,R3B 1C5,ST091,Winnipeg,4091,Salesperson 091,Retail,2026-01-01,2026-09-20T12:00:00
S04092,Demo Garden Centre 04092,CHAIN17,Canadian Demo Retail Chain 17,Fredericton,NB,CA,E3B 1B6,ST092,Fredericton,4092,Salesperson 092,Retail,2026-01-01,2026-09-20T12:00:00
S04093,Demo Garden Centre 04093,CHAIN18,Canadian Demo Retail Chain 18,St. John's,NL,CA,A1C 1B7,ST093,St. John's,4093,Salesperson 093,Retail,2026-01-01,2026-09-20T12:00:00
S04094,Demo Garden Centre 04094,CHAIN19,Canadian Demo Retail Chain 19,Halifax,NS,CA,B3J 1M8,ST094,Halifax,4094,Salesperson 094,Retail,2026-01-01,2026-09-20T12:00:00
S04095,Demo Garden Centre 04095,CHAIN20,Canadian Demo Retail Chain 20,Toronto,ON,CA,M5H 2N9,ST095,Toronto,4095,Salesperson 095,Retail,2026-01-01,2026-09-20T12:00:00
S04096,Demo Garden Centre 04096,CHAIN21,Canadian Demo Retail Chain 21,Ottawa,ON,CA,K1P 1J1,ST096,Ottawa,4096,Salesperson 096,Retail,2026-01-01,2026-09-20T12:00:00
S04097,Demo Garden Centre 04097,CHAIN22,Canadian Demo Retail Chain 22,London,ON,CA,N6A 3K2,ST097,London,4097,Salesperson 097,Retail,2026-01-01,2026-09-20T12:00:00
S04098,Demo Garden Centre 04098,CHAIN23,Canadian Demo Retail Chain 23,Thunder Bay,ON,CA,P7B 5E3,ST098,Thunder Bay,4098,Salesperson 098,Retail,2026-01-01,2026-09-20T12:00:00
S04099,Demo Garden Centre 04099,CHAIN24,Canadian Demo Retail Chain 24,Charlottetown,PE,CA,C1A 1A4,ST099,Charlottetown,4099,Salesperson 099,Retail,2026-01-01,2026-09-20T12:00:00
S04100,Demo Garden Centre 04100,CHAIN25,Canadian Demo Retail Chain 25,Montreal,QC,CA,H2Y 1C5,ST100,Montreal,4100,Salesperson 100,Retail,2026-01-01,2026-09-20T12:00:00
S04101,Demo Garden Centre 04101,CHAIN01,Canadian Demo Retail Chain 01,Quebec City,QC,CA,G1R 4P6,ST001,Quebec City,4101,Salesperson 101,Retail,2026-01-01,2026-09-20T12:00:00
S04102,Demo Garden Centre 04102,CHAIN02,Canadian Demo Retail Chain 02,Saskatoon,SK,CA,S7K 1J7,ST002,Saskatoon,4102,Salesperson 102,Retail,2026-01-01,2026-09-20T12:00:00
S04103,Demo Garden Centre 04103,CHAIN03,Canadian Demo Retail Chain 03,Regina,SK,CA,S4P 3Y8,ST003,Regina,4103,Salesperson 103,Retail,2026-01-01,2026-09-20T12:00:00
S04104,Demo Garden Centre 04104,CHAIN04,Canadian Demo Retail Chain 04,Whitehorse,YT,CA,Y1A 2C9,ST004,Whitehorse,4104,Salesperson 104,Retail,2026-01-01,2026-09-20T12:00:00
S04105,Demo Garden Centre 04105,CHAIN05,Canadian Demo Retail Chain 05,Calgary,AB,CA,T2P 1J1,ST005,Calgary,4105,Salesperson 105,Retail,2026-01-01,2026-09-20T12:00:00
S04106,Demo Garden Centre 04106,CHAIN06,Canadian Demo Retail Chain 06,Edmonton,AB,CA,T5J 0N2,ST006,Edmonton,4106,Salesperson 106,Retail,2026-01-01,2026-09-20T12:00:00
S04107,Demo Garden Centre 04107,CHAIN07,Canadian Demo Retail Chain 07,Vancouver,BC,CA,V6B 2W3,ST007,Vancouver,4107,Salesperson 107,Retail,2026-01-01,2026-09-20T12:00:00
S04108,Demo Garden Centre 04108,CHAIN08,Canadian Demo Retail Chain 08,Victoria,BC,CA,V8W 1P4,ST008,Victoria,4108,Salesperson 108,Retail,2026-01-01,2026-09-20T12:00:00
S04109,Demo Garden Centre 04109,CHAIN09,Canadian Demo Retail Chain 09,Winnipeg,MB,CA,R3B 1C5,ST009,Winnipeg,4109,Salesperson 109,Retail,2026-01-01,2026-09-20T12:00:00
S04110,Demo Garden Centre 04110,CHAIN10,Canadian Demo Retail Chain 10,Fredericton,NB,CA,E3B 1B6,ST010,Fredericton,4110,Salesperson 110,Retail,2026-01-01,2026-09-20T12:00:00
S04111,Demo Garden Centre 04111,CHAIN11,Canadian Demo Retail Chain 11,St. John's,NL,CA,A1C 1B7,ST011,St. John's,4111,Salesperson 111,Retail,2026-01-01,2026-09-20T12:00:00
S04112,Demo Garden Centre 04112,CHAIN12,Canadian Demo Retail Chain 12,Halifax,NS,CA,B3J 1M8,ST012,Halifax,4112,Salesperson 112,Retail,2026-01-01,2026-09-20T12:00:00
S04113,Demo Garden Centre 04113,CHAIN13,Canadian Demo Retail Chain 13,Toronto,ON,CA,M5H 2N9,ST013,Toronto,4113,Salesperson 113,Retail,2026-01-01,2026-09-20T12:00:00
S04114,Demo Garden Centre 04114,CHAIN14,Canadian Demo Retail Chain 14,Ottawa,ON,CA,K1P 1J1,ST014,Ottawa,4114,Salesperson 114,Retail,2026-01-01,2026-09-20T12:00:00
S04115,Demo Garden Centre 04115,CHAIN15,Canadian Demo Retail Chain 15,London,ON,CA,N6A 3K2,ST015,London,4115,Salesperson 115,Retail,2026-01-01,2026-09-20T12:00:00
S04116,Demo Garden Centre 04116,CHAIN16,Canadian Demo Retail Chain 16,Thunder Bay,ON,CA,P7B 5E3,ST016,Thunder Bay,4116,Salesperson 116,Retail,2026-01-01,2026-09-20T12:00:00
S04117,Demo Garden Centre 04117,CHAIN17,Canadian Demo Retail Chain 17,Charlottetown,PE,CA,C1A 1A4,ST017,Charlottetown,4117,Salesperson 117,Retail,2026-01-01,2026-09-20T12:00:00
S04118,Demo Garden Centre 04118,CHAIN18,Canadian Demo Retail Chain 18,Montreal,QC,CA,H2Y 1C5,ST018,Montreal,4118,Salesperson 118,Retail,2026-01-01,2026-09-20T12:00:00
S04119,Demo Garden Centre 04119,CHAIN19,Canadian Demo Retail Chain 19,Quebec City,QC,CA,G1R 4P6,ST019,Quebec City,4119,Salesperson 119,Retail,2026-01-01,2026-09-20T12:00:00
S04120,Demo Garden Centre 04120,CHAIN20,Canadian Demo Retail Chain 20,Saskatoon,SK,CA,S7K 1J7,ST020,Saskatoon,4120,Salesperson 120,Retail,2026-01-01,2026-09-20T12:00:00
S04121,Demo Garden Centre 04121,CHAIN21,Canadian Demo Retail Chain 21,Regina,SK,CA,S4P 3Y8,ST021,Regina,4121,Salesperson 121,Retail,2026-01-01,2026-09-20T12:00:00
S04122,Demo Garden Centre 04122,CHAIN22,Canadian Demo Retail Chain 22,Whitehorse,YT,CA,Y1A 2C9,ST022,Whitehorse,4122,Salesperson 122,Retail,2026-01-01,2026-09-20T12:00:00
S04123,Demo Garden Centre 04123,CHAIN23,Canadian Demo Retail Chain 23,Calgary,AB,CA,T2P 1J1,ST023,Calgary,4123,Salesperson 123,Retail,2026-01-01,2026-09-20T12:00:00
S04124,Demo Garden Centre 04124,CHAIN24,Canadian Demo Retail Chain 24,Edmonton,AB,CA,T5J 0N2,ST024,Edmonton,4124,Salesperson 124,Retail,2026-01-01,2026-09-20T12:00:00
S04125,Demo Garden Centre 04125,CHAIN25,Canadian Demo Retail Chain 25,Vancouver,BC,CA,V6B 2W3,ST025,Vancouver,4125,Salesperson 125,Retail,2026-01-01,2026-09-20T12:00:00
S04126,Demo Garden Centre 04126,CHAIN01,Canadian Demo Retail Chain 01,Victoria,BC,CA,V8W 1P4,ST026,Victoria,4126,Salesperson 126,Retail,2026-01-01,2026-09-20T12:00:00
S04127,Demo Garden Centre 04127,CHAIN02,Canadian Demo Retail Chain 02,Winnipeg,MB,CA,R3B 1C5,ST027,Winnipeg,4127,Salesperson 127,Retail,2026-01-01,2026-09-20T12:00:00
S04128,Demo Garden Centre 04128,CHAIN03,Canadian Demo Retail Chain 03,Fredericton,NB,CA,E3B 1B6,ST028,Fredericton,4128,Salesperson 128,Retail,2026-01-01,2026-09-20T12:00:00
S04129,Demo Garden Centre 04129,CHAIN04,Canadian Demo Retail Chain 04,St. John's,NL,CA,A1C 1B7,ST029,St. John's,4129,Salesperson 129,Retail,2026-01-01,2026-09-20T12:00:00
S04130,Demo Garden Centre 04130,CHAIN05,Canadian Demo Retail Chain 05,Halifax,NS,CA,B3J 1M8,ST030,Halifax,4130,Salesperson 130,Retail,2026-01-01,2026-09-20T12:00:00
S04131,Demo Garden Centre 04131,CHAIN06,Canadian Demo Retail Chain 06,Toronto,ON,CA,M5H 2N9,ST031,Toronto,4131,Salesperson 131,Retail,2026-01-01,2026-09-20T12:00:00
S04132,Demo Garden Centre 04132,CHAIN07,Canadian Demo Retail Chain 07,Ottawa,ON,CA,K1P 1J1,ST032,Ottawa,4132,Salesperson 132,Retail,2026-01-01,2026-09-20T12:00:00
S04133,Demo Garden Centre 04133,CHAIN08,Canadian Demo Retail Chain 08,London,ON,CA,N6A 3K2,ST033,London,4133,Salesperson 133,Retail,2026-01-01,2026-09-20T12:00:00
S04134,Demo Garden Centre 04134,CHAIN09,Canadian Demo Retail Chain 09,Thunder Bay,ON,CA,P7B 5E3,ST034,Thunder Bay,4134,Salesperson 134,Retail,2026-01-01,2026-09-20T12:00:00
S04135,Demo Garden Centre 04135,CHAIN10,Canadian Demo Retail Chain 10,Charlottetown,PE,CA,C1A 1A4,ST035,Charlottetown,4135,Salesperson 135,Retail,2026-01-01,2026-09-20T12:00:00
S04136,Demo Garden Centre 04136,CHAIN11,Canadian Demo Retail Chain 11,Montreal,QC,CA,H2Y 1C5,ST036,Montreal,4136,Salesperson 136,Retail,2026-01-01,2026-09-20T12:00:00
S04137,Demo Garden Centre 04137,CHAIN12,Canadian Demo Retail Chain 12,Quebec City,QC,CA,G1R 4P6,ST037,Quebec City,4137,Salesperson 137,Retail,2026-01-01,2026-09-20T12:00:00
S04138,Demo Garden Centre 04138,CHAIN13,Canadian Demo Retail Chain 13,Saskatoon,SK,CA,S7K 1J7,ST038,Saskatoon,4138,Salesperson 138,Retail,2026-01-01,2026-09-20T12:00:00
S04139,Demo Garden Centre 04139,CHAIN14,Canadian Demo Retail Chain 14,Regina,SK,CA,S4P 3Y8,ST039,Regina,4139,Salesperson 139,Retail,2026-01-01,2026-09-20T12:00:00
S04140,Demo Garden Centre 04140,CHAIN15,Canadian Demo Retail Chain 15,Whitehorse,YT,CA,Y1A 2C9,ST040,Whitehorse,4140,Salesperson 140,Retail,2026-01-01,2026-09-20T12:00:00
S04141,Demo Garden Centre 04141,CHAIN16,Canadian Demo Retail Chain 16,Calgary,AB,CA,T2P 1J1,ST041,Calgary,4141,Salesperson 141,Retail,2026-01-01,2026-09-20T12:00:00
S04142,Demo Garden Centre 04142,CHAIN17,Canadian Demo Retail Chain 17,Edmonton,AB,CA,T5J 0N2,ST042,Edmonton,4142,Salesperson 142,Retail,2026-01-01,2026-09-20T12:00:00
S04143,Demo Garden Centre 04143,CHAIN18,Canadian Demo Retail Chain 18,Vancouver,BC,CA,V6B 2W3,ST043,Vancouver,4143,Salesperson 143,Retail,2026-01-01,2026-09-20T12:00:00
S04144,Demo Garden Centre 04144,CHAIN19,Canadian Demo Retail Chain 19,Victoria,BC,CA,V8W 1P4,ST044,Victoria,4144,Salesperson 144,Retail,2026-01-01,2026-09-20T12:00:00
S04145,Demo Garden Centre 04145,CHAIN20,Canadian Demo Retail Chain 20,Winnipeg,MB,CA,R3B 1C5,ST045,Winnipeg,4145,Salesperson 145,Retail,2026-01-01,2026-09-20T12:00:00
S04146,Demo Garden Centre 04146,CHAIN21,Canadian Demo Retail Chain 21,Fredericton,NB,CA,E3B 1B6,ST046,Fredericton,4146,Salesperson 146,Retail,2026-01-01,2026-09-20T12:00:00
S04147,Demo Garden Centre 04147,CHAIN22,Canadian Demo Retail Chain 22,St. John's,NL,CA,A1C 1B7,ST047,St. John's,4147,Salesperson 147,Retail,2026-01-01,2026-09-20T12:00:00
S04148,Demo Garden Centre 04148,CHAIN23,Canadian Demo Retail Chain 23,Halifax,NS,CA,B3J 1M8,ST048,Halifax,4148,Salesperson 148,Retail,2026-01-01,2026-09-20T12:00:00
S04149,Demo Garden Centre 04149,CHAIN24,Canadian Demo Retail Chain 24,Toronto,ON,CA,M5H 2N9,ST049,Toronto,4149,Salesperson 149,Retail,2026-01-01,2026-09-20T12:00:00
S04150,Demo Garden Centre 04150,CHAIN25,Canadian Demo Retail Chain 25,Ottawa,ON,CA,K1P 1J1,ST050,Ottawa,4150,Salesperson 150,Retail,2026-01-01,2026-09-20T12:00:00
S04151,Demo Garden Centre 04151,CHAIN01,Canadian Demo Retail Chain 01,London,ON,CA,N6A 3K2,ST051,London,4151,Salesperson 151,Retail,2026-01-01,2026-09-20T12:00:00
S04152,Demo Garden Centre 04152,CHAIN02,Canadian Demo Retail Chain 02,Thunder Bay,ON,CA,P7B 5E3,ST052,Thunder Bay,4152,Salesperson 152,Retail,2026-01-01,2026-09-20T12:00:00
S04153,Demo Garden Centre 04153,CHAIN03,Canadian Demo Retail Chain 03,Charlottetown,PE,CA,C1A 1A4,ST053,Charlottetown,4153,Salesperson 153,Retail,2026-01-01,2026-09-20T12:00:00
S04154,Demo Garden Centre 04154,CHAIN04,Canadian Demo Retail Chain 04,Montreal,QC,CA,H2Y 1C5,ST054,Montreal,4154,Salesperson 154,Retail,2026-01-01,2026-09-20T12:00:00
S04155,Demo Garden Centre 04155,CHAIN05,Canadian Demo Retail Chain 05,Quebec City,QC,CA,G1R 4P6,ST055,Quebec City,4155,Salesperson 155,Retail,2026-01-01,2026-09-20T12:00:00
S04156,Demo Garden Centre 04156,CHAIN06,Canadian Demo Retail Chain 06,Saskatoon,SK,CA,S7K 1J7,ST056,Saskatoon,4156,Salesperson 156,Retail,2026-01-01,2026-09-20T12:00:00
S04157,Demo Garden Centre 04157,CHAIN07,Canadian Demo Retail Chain 07,Regina,SK,CA,S4P 3Y8,ST057,Regina,4157,Salesperson 157,Retail,2026-01-01,2026-09-20T12:00:00
S04158,Demo Garden Centre 04158,CHAIN08,Canadian Demo Retail Chain 08,Whitehorse,YT,CA,Y1A 2C9,ST058,Whitehorse,4158,Salesperson 158,Retail,2026-01-01,2026-09-20T12:00:00
S04159,Demo Garden Centre 04159,CHAIN09,Canadian Demo Retail Chain 09,Calgary,AB,CA,T2P 1J1,ST059,Calgary,4159,Salesperson 159,Retail,2026-01-01,2026-09-20T12:00:00
S04160,Demo Garden Centre 04160,CHAIN10,Canadian Demo Retail Chain 10,Edmonton,AB,CA,T5J 0N2,ST060,Edmonton,4160,Salesperson 160,Retail,2026-01-01,2026-09-20T12:00:00
S04161,Demo Garden Centre 04161,CHAIN11,Canadian Demo Retail Chain 11,Vancouver,BC,CA,V6B 2W3,ST061,Vancouver,4161,Salesperson 161,Retail,2026-01-01,2026-09-20T12:00:00
S04162,Demo Garden Centre 04162,CHAIN12,Canadian Demo Retail Chain 12,Victoria,BC,CA,V8W 1P4,ST062,Victoria,4162,Salesperson 162,Retail,2026-01-01,2026-09-20T12:00:00
S04163,Demo Garden Centre 04163,CHAIN13,Canadian Demo Retail Chain 13,Winnipeg,MB,CA,R3B 1C5,ST063,Winnipeg,4163,Salesperson 163,Retail,2026-01-01,2026-09-20T12:00:00
S04164,Demo Garden Centre 04164,CHAIN14,Canadian Demo Retail Chain 14,Fredericton,NB,CA,E3B 1B6,ST064,Fredericton,4164,Salesperson 164,Retail,2026-01-01,2026-09-20T12:00:00
S04165,Demo Garden Centre 04165,CHAIN15,Canadian Demo Retail Chain 15,St. John's,NL,CA,A1C 1B7,ST065,St. John's,4165,Salesperson 165,Retail,2026-01-01,2026-09-20T12:00:00
S04166,Demo Garden Centre 04166,CHAIN16,Canadian Demo Retail Chain 16,Halifax,NS,CA,B3J 1M8,ST066,Halifax,4166,Salesperson 166,Retail,2026-01-01,2026-09-20T12:00:00
S04167,Demo Garden Centre 04167,CHAIN17,Canadian Demo Retail Chain 17,Toronto,ON,CA,M5H 2N9,ST067,Toronto,4167,Salesperson 167,Retail,2026-01-01,2026-09-20T12:00:00
S04168,Demo Garden Centre 04168,CHAIN18,Canadian Demo Retail Chain 18,Ottawa,ON,CA,K1P 1J1,ST068,Ottawa,4168,Salesperson 168,Retail,2026-01-01,2026-09-20T12:00:00
S04169,Demo Garden Centre 04169,CHAIN19,Canadian Demo Retail Chain 19,London,ON,CA,N6A 3K2,ST069,London,4169,Salesperson 169,Retail,2026-01-01,2026-09-20T12:00:00
S04170,Demo Garden Centre 04170,CHAIN20,Canadian Demo Retail Chain 20,Thunder Bay,ON,CA,P7B 5E3,ST070,Thunder Bay,4170,Salesperson 170,Retail,2026-01-01,2026-09-20T12:00:00
S04171,Demo Garden Centre 04171,CHAIN21,Canadian Demo Retail Chain 21,Charlottetown,PE,CA,C1A 1A4,ST071,Charlottetown,4171,Salesperson 171,Retail,2026-01-01,2026-09-20T12:00:00
S04172,Demo Garden Centre 04172,CHAIN22,Canadian Demo Retail Chain 22,Montreal,QC,CA,H2Y 1C5,ST072,Montreal,4172,Salesperson 172,Retail,2026-01-01,2026-09-20T12:00:00
S04173,Demo Garden Centre 04173,CHAIN23,Canadian Demo Retail Chain 23,Quebec City,QC,CA,G1R 4P6,ST073,Quebec City,4173,Salesperson 173,Retail,2026-01-01,2026-09-20T12:00:00
S04174,Demo Garden Centre 04174,CHAIN24,Canadian Demo Retail Chain 24,Saskatoon,SK,CA,S7K 1J7,ST074,Saskatoon,4174,Salesperson 174,Retail,2026-01-01,2026-09-20T12:00:00
S04175,Demo Garden Centre 04175,CHAIN25,Canadian Demo Retail Chain 25,Regina,SK,CA,S4P 3Y8,ST075,Regina,4175,Salesperson 175,Retail,2026-01-01,2026-09-20T12:00:00
S04176,Demo Garden Centre 04176,CHAIN01,Canadian Demo Retail Chain 01,Whitehorse,YT,CA,Y1A 2C9,ST076,Whitehorse,4176,Salesperson 176,Retail,2026-01-01,2026-09-20T12:00:00
S04177,Demo Garden Centre 04177,CHAIN02,Canadian Demo Retail Chain 02,Calgary,AB,CA,T2P 1J1,ST077,Calgary,4177,Salesperson 177,Retail,2026-01-01,2026-09-20T12:00:00
S04178,Demo Garden Centre 04178,CHAIN03,Canadian Demo Retail Chain 03,Edmonton,AB,CA,T5J 0N2,ST078,Edmonton,4178,Salesperson 178,Retail,2026-01-01,2026-09-20T12:00:00
S04179,Demo Garden Centre 04179,CHAIN04,Canadian Demo Retail Chain 04,Vancouver,BC,CA,V6B 2W3,ST079,Vancouver,4179,Salesperson 179,Retail,2026-01-01,2026-09-20T12:00:00
S04180,Demo Garden Centre 04180,CHAIN05,Canadian Demo Retail Chain 05,Victoria,BC,CA,V8W 1P4,ST080,Victoria,4180,Salesperson 180,Retail,2026-01-01,2026-09-20T12:00:00
S04181,Demo Garden Centre 04181,CHAIN06,Canadian Demo Retail Chain 06,Winnipeg,MB,CA,R3B 1C5,ST081,Winnipeg,4181,Salesperson 181,Retail,2026-01-01,2026-09-20T12:00:00
S04182,Demo Garden Centre 04182,CHAIN07,Canadian Demo Retail Chain 07,Fredericton,NB,CA,E3B 1B6,ST082,Fredericton,4182,Salesperson 182,Retail,2026-01-01,2026-09-20T12:00:00
S04183,Demo Garden Centre 04183,CHAIN08,Canadian Demo Retail Chain 08,St. John's,NL,CA,A1C 1B7,ST083,St. John's,4183,Salesperson 183,Retail,2026-01-01,2026-09-20T12:00:00
S04184,Demo Garden Centre 04184,CHAIN09,Canadian Demo Retail Chain 09,Halifax,NS,CA,B3J 1M8,ST084,Halifax,4184,Salesperson 184,Retail,2026-01-01,2026-09-20T12:00:00
S04185,Demo Garden Centre 04185,CHAIN10,Canadian Demo Retail Chain 10,Toronto,ON,CA,M5H 2N9,ST085,Toronto,4185,Salesperson 185,Retail,2026-01-01,2026-09-20T12:00:00
S04186,Demo Garden Centre 04186,CHAIN11,Canadian Demo Retail Chain 11,Ottawa,ON,CA,K1P 1J1,ST086,Ottawa,4186,Salesperson 186,Retail,2026-01-01,2026-09-20T12:00:00
S04187,Demo Garden Centre 04187,CHAIN12,Canadian Demo Retail Chain 12,London,ON,CA,N6A 3K2,ST087,London,4187,Salesperson 187,Retail,2026-01-01,2026-09-20T12:00:00
S04188,Demo Garden Centre 04188,CHAIN13,Canadian Demo Retail Chain 13,Thunder Bay,ON,CA,P7B 5E3,ST088,Thunder Bay,4188,Salesperson 188,Retail,2026-01-01,2026-09-20T12:00:00
S04189,Demo Garden Centre 04189,CHAIN14,Canadian Demo Retail Chain 14,Charlottetown,PE,CA,C1A 1A4,ST089,Charlottetown,4189,Salesperson 189,Retail,2026-01-01,2026-09-20T12:00:00
S04190,Demo Garden Centre 04190,CHAIN15,Canadian Demo Retail Chain 15,Montreal,QC,CA,H2Y 1C5,ST090,Montreal,4190,Salesperson 190,Retail,2026-01-01,2026-09-20T12:00:00
S04191,Demo Garden Centre 04191,CHAIN16,Canadian Demo Retail Chain 16,Quebec City,QC,CA,G1R 4P6,ST091,Quebec City,4191,Salesperson 191,Retail,2026-01-01,2026-09-20T12:00:00
S04192,Demo Garden Centre 04192,CHAIN17,Canadian Demo Retail Chain 17,Saskatoon,SK,CA,S7K 1J7,ST092,Saskatoon,4192,Salesperson 192,Retail,2026-01-01,2026-09-20T12:00:00
S04193,Demo Garden Centre 04193,CHAIN18,Canadian Demo Retail Chain 18,Regina,SK,CA,S4P 3Y8,ST093,Regina,4193,Salesperson 193,Retail,2026-01-01,2026-09-20T12:00:00
S04194,Demo Garden Centre 04194,CHAIN19,Canadian Demo Retail Chain 19,Whitehorse,YT,CA,Y1A 2C9,ST094,Whitehorse,4194,Salesperson 194,Retail,2026-01-01,2026-09-20T12:00:00
S04195,Demo Garden Centre 04195,CHAIN20,Canadian Demo Retail Chain 20,Calgary,AB,CA,T2P 1J1,ST095,Calgary,4195,Salesperson 195,Retail,2026-01-01,2026-09-20T12:00:00
S04196,Demo Garden Centre 04196,CHAIN21,Canadian Demo Retail Chain 21,Edmonton,AB,CA,T5J 0N2,ST096,Edmonton,4196,Salesperson 196,Retail,2026-01-01,2026-09-20T12:00:00
S04197,Demo Garden Centre 04197,CHAIN22,Canadian Demo Retail Chain 22,Vancouver,BC,CA,V6B 2W3,ST097,Vancouver,4197,Salesperson 197,Retail,2026-01-01,2026-09-20T12:00:00
S04198,Demo Garden Centre 04198,CHAIN23,Canadian Demo Retail Chain 23,Victoria,BC,CA,V8W 1P4,ST098,Victoria,4198,Salesperson 198,Retail,2026-01-01,2026-09-20T12:00:00
S04199,Demo Garden Centre 04199,CHAIN24,Canadian Demo Retail Chain 24,Winnipeg,MB,CA,R3B 1C5,ST099,Winnipeg,4199,Salesperson 199,Retail,2026-01-01,2026-09-20T12:00:00
S04200,Demo Garden Centre 04200,CHAIN25,Canadian Demo Retail Chain 25,Fredericton,NB,CA,E3B 1B6,ST100,Fredericton,4200,Salesperson 200,Retail,2026-01-01,2026-09-20T12:00:00
S04201,Demo Garden Centre 04201,CHAIN01,Canadian Demo Retail Chain 01,St. John's,NL,CA,A1C 1B7,ST001,St. John's,4201,Salesperson 201,Retail,2026-01-01,2026-09-20T12:00:00
S04202,Demo Garden Centre 04202,CHAIN02,Canadian Demo Retail Chain 02,Halifax,NS,CA,B3J 1M8,ST002,Halifax,4202,Salesperson 202,Retail,2026-01-01,2026-09-20T12:00:00
S04203,Demo Garden Centre 04203,CHAIN03,Canadian Demo Retail Chain 03,Toronto,ON,CA,M5H 2N9,ST003,Toronto,4203,Salesperson 203,Retail,2026-01-01,2026-09-20T12:00:00
S04204,Demo Garden Centre 04204,CHAIN04,Canadian Demo Retail Chain 04,Ottawa,ON,CA,K1P 1J1,ST004,Ottawa,4204,Salesperson 204,Retail,2026-01-01,2026-09-20T12:00:00
S04205,Demo Garden Centre 04205,CHAIN05,Canadian Demo Retail Chain 05,London,ON,CA,N6A 3K2,ST005,London,4205,Salesperson 205,Retail,2026-01-01,2026-09-20T12:00:00
S04206,Demo Garden Centre 04206,CHAIN06,Canadian Demo Retail Chain 06,Thunder Bay,ON,CA,P7B 5E3,ST006,Thunder Bay,4206,Salesperson 206,Retail,2026-01-01,2026-09-20T12:00:00
S04207,Demo Garden Centre 04207,CHAIN07,Canadian Demo Retail Chain 07,Charlottetown,PE,CA,C1A 1A4,ST007,Charlottetown,4207,Salesperson 207,Retail,2026-01-01,2026-09-20T12:00:00
S04208,Demo Garden Centre 04208,CHAIN08,Canadian Demo Retail Chain 08,Montreal,QC,CA,H2Y 1C5,ST008,Montreal,4208,Salesperson 208,Retail,2026-01-01,2026-09-20T12:00:00
S04209,Demo Garden Centre 04209,CHAIN09,Canadian Demo Retail Chain 09,Quebec City,QC,CA,G1R 4P6,ST009,Quebec City,4209,Salesperson 209,Retail,2026-01-01,2026-09-20T12:00:00
S04210,Demo Garden Centre 04210,CHAIN10,Canadian Demo Retail Chain 10,Saskatoon,SK,CA,S7K 1J7,ST010,Saskatoon,4210,Salesperson 210,Retail,2026-01-01,2026-09-20T12:00:00
S04211,Demo Garden Centre 04211,CHAIN11,Canadian Demo Retail Chain 11,Regina,SK,CA,S4P 3Y8,ST011,Regina,4211,Salesperson 211,Retail,2026-01-01,2026-09-20T12:00:00
S04212,Demo Garden Centre 04212,CHAIN12,Canadian Demo Retail Chain 12,Whitehorse,YT,CA,Y1A 2C9,ST012,Whitehorse,4212,Salesperson 212,Retail,2026-01-01,2026-09-20T12:00:00
S04213,Demo Garden Centre 04213,CHAIN13,Canadian Demo Retail Chain 13,Calgary,AB,CA,T2P 1J1,ST013,Calgary,4213,Salesperson 213,Retail,2026-01-01,2026-09-20T12:00:00
S04214,Demo Garden Centre 04214,CHAIN14,Canadian Demo Retail Chain 14,Edmonton,AB,CA,T5J 0N2,ST014,Edmonton,4214,Salesperson 214,Retail,2026-01-01,2026-09-20T12:00:00
S04215,Demo Garden Centre 04215,CHAIN15,Canadian Demo Retail Chain 15,Vancouver,BC,CA,V6B 2W3,ST015,Vancouver,4215,Salesperson 215,Retail,2026-01-01,2026-09-20T12:00:00
S04216,Demo Garden Centre 04216,CHAIN16,Canadian Demo Retail Chain 16,Victoria,BC,CA,V8W 1P4,ST016,Victoria,4216,Salesperson 216,Retail,2026-01-01,2026-09-20T12:00:00
S04217,Demo Garden Centre 04217,CHAIN17,Canadian Demo Retail Chain 17,Winnipeg,MB,CA,R3B 1C5,ST017,Winnipeg,4217,Salesperson 217,Retail,2026-01-01,2026-09-20T12:00:00
S04218,Demo Garden Centre 04218,CHAIN18,Canadian Demo Retail Chain 18,Fredericton,NB,CA,E3B 1B6,ST018,Fredericton,4218,Salesperson 218,Retail,2026-01-01,2026-09-20T12:00:00
S04219,Demo Garden Centre 04219,CHAIN19,Canadian Demo Retail Chain 19,St. John's,NL,CA,A1C 1B7,ST019,St. John's,4219,Salesperson 219,Retail,2026-01-01,2026-09-20T12:00:00
S04220,Demo Garden Centre 04220,CHAIN20,Canadian Demo Retail Chain 20,Halifax,NS,CA,B3J 1M8,ST020,Halifax,4220,Salesperson 220,Retail,2026-01-01,2026-09-20T12:00:00
S04221,Demo Garden Centre 04221,CHAIN21,Canadian Demo Retail Chain 21,Toronto,ON,CA,M5H 2N9,ST021,Toronto,4221,Salesperson 221,Retail,2026-01-01,2026-09-20T12:00:00
S04222,Demo Garden Centre 04222,CHAIN22,Canadian Demo Retail Chain 22,Ottawa,ON,CA,K1P 1J1,ST022,Ottawa,4222,Salesperson 222,Retail,2026-01-01,2026-09-20T12:00:00
S04223,Demo Garden Centre 04223,CHAIN23,Canadian Demo Retail Chain 23,London,ON,CA,N6A 3K2,ST023,London,4223,Salesperson 223,Retail,2026-01-01,2026-09-20T12:00:00
S04224,Demo Garden Centre 04224,CHAIN24,Canadian Demo Retail Chain 24,Thunder Bay,ON,CA,P7B 5E3,ST024,Thunder Bay,4224,Salesperson 224,Retail,2026-01-01,2026-09-20T12:00:00
S04225,Demo Garden Centre 04225,CHAIN25,Canadian Demo Retail Chain 25,Charlottetown,PE,CA,C1A 1A4,ST025,Charlottetown,4225,Salesperson 225,Retail,2026-01-01,2026-09-20T12:00:00
S04226,Demo Garden Centre 04226,CHAIN01,Canadian Demo Retail Chain 01,Montreal,QC,CA,H2Y 1C5,ST026,Montreal,4226,Salesperson 226,Retail,2026-01-01,2026-09-20T12:00:00
S04227,Demo Garden Centre 04227,CHAIN02,Canadian Demo Retail Chain 02,Quebec City,QC,CA,G1R 4P6,ST027,Quebec City,4227,Salesperson 227,Retail,2026-01-01,2026-09-20T12:00:00
S04228,Demo Garden Centre 04228,CHAIN03,Canadian Demo Retail Chain 03,Saskatoon,SK,CA,S7K 1J7,ST028,Saskatoon,4228,Salesperson 228,Retail,2026-01-01,2026-09-20T12:00:00
S04229,Demo Garden Centre 04229,CHAIN04,Canadian Demo Retail Chain 04,Regina,SK,CA,S4P 3Y8,ST029,Regina,4229,Salesperson 229,Retail,2026-01-01,2026-09-20T12:00:00
S04230,Demo Garden Centre 04230,CHAIN05,Canadian Demo Retail Chain 05,Whitehorse,YT,CA,Y1A 2C9,ST030,Whitehorse,4230,Salesperson 230,Retail,2026-01-01,2026-09-20T12:00:00
S04231,Demo Garden Centre 04231,CHAIN06,Canadian Demo Retail Chain 06,Calgary,AB,CA,T2P 1J1,ST031,Calgary,4231,Salesperson 231,Retail,2026-01-01,2026-09-20T12:00:00
S04232,Demo Garden Centre 04232,CHAIN07,Canadian Demo Retail Chain 07,Edmonton,AB,CA,T5J 0N2,ST032,Edmonton,4232,Salesperson 232,Retail,2026-01-01,2026-09-20T12:00:00
S04233,Demo Garden Centre 04233,CHAIN08,Canadian Demo Retail Chain 08,Vancouver,BC,CA,V6B 2W3,ST033,Vancouver,4233,Salesperson 233,Retail,2026-01-01,2026-09-20T12:00:00
S04234,Demo Garden Centre 04234,CHAIN09,Canadian Demo Retail Chain 09,Victoria,BC,CA,V8W 1P4,ST034,Victoria,4234,Salesperson 234,Retail,2026-01-01,2026-09-20T12:00:00
S04235,Demo Garden Centre 04235,CHAIN10,Canadian Demo Retail Chain 10,Winnipeg,MB,CA,R3B 1C5,ST035,Winnipeg,4235,Salesperson 235,Retail,2026-01-01,2026-09-20T12:00:00
S04236,Demo Garden Centre 04236,CHAIN11,Canadian Demo Retail Chain 11,Fredericton,NB,CA,E3B 1B6,ST036,Fredericton,4236,Salesperson 236,Retail,2026-01-01,2026-09-20T12:00:00
S04237,Demo Garden Centre 04237,CHAIN12,Canadian Demo Retail Chain 12,St. John's,NL,CA,A1C 1B7,ST037,St. John's,4237,Salesperson 237,Retail,2026-01-01,2026-09-20T12:00:00
S04238,Demo Garden Centre 04238,CHAIN13,Canadian Demo Retail Chain 13,Halifax,NS,CA,B3J 1M8,ST038,Halifax,4238,Salesperson 238,Retail,2026-01-01,2026-09-20T12:00:00
S04239,Demo Garden Centre 04239,CHAIN14,Canadian Demo Retail Chain 14,Toronto,ON,CA,M5H 2N9,ST039,Toronto,4239,Salesperson 239,Retail,2026-01-01,2026-09-20T12:00:00
S04240,Demo Garden Centre 04240,CHAIN15,Canadian Demo Retail Chain 15,Ottawa,ON,CA,K1P 1J1,ST040,Ottawa,4240,Salesperson 240,Retail,2026-01-01,2026-09-20T12:00:00
S04241,Demo Garden Centre 04241,CHAIN16,Canadian Demo Retail Chain 16,London,ON,CA,N6A 3K2,ST041,London,4241,Salesperson 241,Retail,2026-01-01,2026-09-20T12:00:00
S04242,Demo Garden Centre 04242,CHAIN17,Canadian Demo Retail Chain 17,Thunder Bay,ON,CA,P7B 5E3,ST042,Thunder Bay,4242,Salesperson 242,Retail,2026-01-01,2026-09-20T12:00:00
S04243,Demo Garden Centre 04243,CHAIN18,Canadian Demo Retail Chain 18,Charlottetown,PE,CA,C1A 1A4,ST043,Charlottetown,4243,Salesperson 243,Retail,2026-01-01,2026-09-20T12:00:00
S04244,Demo Garden Centre 04244,CHAIN19,Canadian Demo Retail Chain 19,Montreal,QC,CA,H2Y 1C5,ST044,Montreal,4244,Salesperson 244,Retail,2026-01-01,2026-09-20T12:00:00
S04245,Demo Garden Centre 04245,CHAIN20,Canadian Demo Retail Chain 20,Quebec City,QC,CA,G1R 4P6,ST045,Quebec City,4245,Salesperson 245,Retail,2026-01-01,2026-09-20T12:00:00
S04246,Demo Garden Centre 04246,CHAIN21,Canadian Demo Retail Chain 21,Saskatoon,SK,CA,S7K 1J7,ST046,Saskatoon,4246,Salesperson 246,Retail,2026-01-01,2026-09-20T12:00:00
S04247,Demo Garden Centre 04247,CHAIN22,Canadian Demo Retail Chain 22,Regina,SK,CA,S4P 3Y8,ST047,Regina,4247,Salesperson 247,Retail,2026-01-01,2026-09-20T12:00:00
S04248,Demo Garden Centre 04248,CHAIN23,Canadian Demo Retail Chain 23,Whitehorse,YT,CA,Y1A 2C9,ST048,Whitehorse,4248,Salesperson 248,Retail,2026-01-01,2026-09-20T12:00:00
S04249,Demo Garden Centre 04249,CHAIN24,Canadian Demo Retail Chain 24,Calgary,AB,CA,T2P 1J1,ST049,Calgary,4249,Salesperson 249,Retail,2026-01-01,2026-09-20T12:00:00
S04250,Demo Garden Centre 04250,CHAIN25,Canadian Demo Retail Chain 25,Edmonton,AB,CA,T5J 0N2,ST050,Edmonton,4250,Salesperson 250,Retail,2026-01-01,2026-09-20T12:00:00
S04251,Demo Garden Centre 04251,CHAIN01,Canadian Demo Retail Chain 01,Vancouver,BC,CA,V6B 2W3,ST051,Vancouver,4251,Salesperson 001,Retail,2026-01-01,2026-09-20T12:00:00
S04252,Demo Garden Centre 04252,CHAIN02,Canadian Demo Retail Chain 02,Victoria,BC,CA,V8W 1P4,ST052,Victoria,4252,Salesperson 002,Retail,2026-01-01,2026-09-20T12:00:00
S04253,Demo Garden Centre 04253,CHAIN03,Canadian Demo Retail Chain 03,Winnipeg,MB,CA,R3B 1C5,ST053,Winnipeg,4253,Salesperson 003,Retail,2026-01-01,2026-09-20T12:00:00
S04254,Demo Garden Centre 04254,CHAIN04,Canadian Demo Retail Chain 04,Fredericton,NB,CA,E3B 1B6,ST054,Fredericton,4254,Salesperson 004,Retail,2026-01-01,2026-09-20T12:00:00
S04255,Demo Garden Centre 04255,CHAIN05,Canadian Demo Retail Chain 05,St. John's,NL,CA,A1C 1B7,ST055,St. John's,4255,Salesperson 005,Retail,2026-01-01,2026-09-20T12:00:00
S04256,Demo Garden Centre 04256,CHAIN06,Canadian Demo Retail Chain 06,Halifax,NS,CA,B3J 1M8,ST056,Halifax,4256,Salesperson 006,Retail,2026-01-01,2026-09-20T12:00:00
S04257,Demo Garden Centre 04257,CHAIN07,Canadian Demo Retail Chain 07,Toronto,ON,CA,M5H 2N9,ST057,Toronto,4257,Salesperson 007,Retail,2026-01-01,2026-09-20T12:00:00
S04258,Demo Garden Centre 04258,CHAIN08,Canadian Demo Retail Chain 08,Ottawa,ON,CA,K1P 1J1,ST058,Ottawa,4258,Salesperson 008,Retail,2026-01-01,2026-09-20T12:00:00
S04259,Demo Garden Centre 04259,CHAIN09,Canadian Demo Retail Chain 09,London,ON,CA,N6A 3K2,ST059,London,4259,Salesperson 009,Retail,2026-01-01,2026-09-20T12:00:00
S04260,Demo Garden Centre 04260,CHAIN10,Canadian Demo Retail Chain 10,Thunder Bay,ON,CA,P7B 5E3,ST060,Thunder Bay,4260,Salesperson 010,Retail,2026-01-01,2026-09-20T12:00:00
S04261,Demo Garden Centre 04261,CHAIN11,Canadian Demo Retail Chain 11,Charlottetown,PE,CA,C1A 1A4,ST061,Charlottetown,4261,Salesperson 011,Retail,2026-01-01,2026-09-20T12:00:00
S04262,Demo Garden Centre 04262,CHAIN12,Canadian Demo Retail Chain 12,Montreal,QC,CA,H2Y 1C5,ST062,Montreal,4262,Salesperson 012,Retail,2026-01-01,2026-09-20T12:00:00
S04263,Demo Garden Centre 04263,CHAIN13,Canadian Demo Retail Chain 13,Quebec City,QC,CA,G1R 4P6,ST063,Quebec City,4263,Salesperson 013,Retail,2026-01-01,2026-09-20T12:00:00
S04264,Demo Garden Centre 04264,CHAIN14,Canadian Demo Retail Chain 14,Saskatoon,SK,CA,S7K 1J7,ST064,Saskatoon,4264,Salesperson 014,Retail,2026-01-01,2026-09-20T12:00:00
S04265,Demo Garden Centre 04265,CHAIN15,Canadian Demo Retail Chain 15,Regina,SK,CA,S4P 3Y8,ST065,Regina,4265,Salesperson 015,Retail,2026-01-01,2026-09-20T12:00:00
S04266,Demo Garden Centre 04266,CHAIN16,Canadian Demo Retail Chain 16,Whitehorse,YT,CA,Y1A 2C9,ST066,Whitehorse,4266,Salesperson 016,Retail,2026-01-01,2026-09-20T12:00:00
S04267,Demo Garden Centre 04267,CHAIN17,Canadian Demo Retail Chain 17,Calgary,AB,CA,T2P 1J1,ST067,Calgary,4267,Salesperson 017,Retail,2026-01-01,2026-09-20T12:00:00
S04268,Demo Garden Centre 04268,CHAIN18,Canadian Demo Retail Chain 18,Edmonton,AB,CA,T5J 0N2,ST068,Edmonton,4268,Salesperson 018,Retail,2026-01-01,2026-09-20T12:00:00
S04269,Demo Garden Centre 04269,CHAIN19,Canadian Demo Retail Chain 19,Vancouver,BC,CA,V6B 2W3,ST069,Vancouver,4269,Salesperson 019,Retail,2026-01-01,2026-09-20T12:00:00
S04270,Demo Garden Centre 04270,CHAIN20,Canadian Demo Retail Chain 20,Victoria,BC,CA,V8W 1P4,ST070,Victoria,4270,Salesperson 020,Retail,2026-01-01,2026-09-20T12:00:00
S04271,Demo Garden Centre 04271,CHAIN21,Canadian Demo Retail Chain 21,Winnipeg,MB,CA,R3B 1C5,ST071,Winnipeg,4271,Salesperson 021,Retail,2026-01-01,2026-09-20T12:00:00
S04272,Demo Garden Centre 04272,CHAIN22,Canadian Demo Retail Chain 22,Fredericton,NB,CA,E3B 1B6,ST072,Fredericton,4272,Salesperson 022,Retail,2026-01-01,2026-09-20T12:00:00
S04273,Demo Garden Centre 04273,CHAIN23,Canadian Demo Retail Chain 23,St. John's,NL,CA,A1C 1B7,ST073,St. John's,4273,Salesperson 023,Retail,2026-01-01,2026-09-20T12:00:00
S04274,Demo Garden Centre 04274,CHAIN24,Canadian Demo Retail Chain 24,Halifax,NS,CA,B3J 1M8,ST074,Halifax,4274,Salesperson 024,Retail,2026-01-01,2026-09-20T12:00:00
S04275,Demo Garden Centre 04275,CHAIN25,Canadian Demo Retail Chain 25,Toronto,ON,CA,M5H 2N9,ST075,Toronto,4275,Salesperson 025,Retail,2026-01-01,2026-09-20T12:00:00
S04276,Demo Garden Centre 04276,CHAIN01,Canadian Demo Retail Chain 01,Ottawa,ON,CA,K1P 1J1,ST076,Ottawa,4276,Salesperson 026,Retail,2026-01-01,2026-09-20T12:00:00
S04277,Demo Garden Centre 04277,CHAIN02,Canadian Demo Retail Chain 02,London,ON,CA,N6A 3K2,ST077,London,4277,Salesperson 027,Retail,2026-01-01,2026-09-20T12:00:00
S04278,Demo Garden Centre 04278,CHAIN03,Canadian Demo Retail Chain 03,Thunder Bay,ON,CA,P7B 5E3,ST078,Thunder Bay,4278,Salesperson 028,Retail,2026-01-01,2026-09-20T12:00:00
S04279,Demo Garden Centre 04279,CHAIN04,Canadian Demo Retail Chain 04,Charlottetown,PE,CA,C1A 1A4,ST079,Charlottetown,4279,Salesperson 029,Retail,2026-01-01,2026-09-20T12:00:00
S04280,Demo Garden Centre 04280,CHAIN05,Canadian Demo Retail Chain 05,Montreal,QC,CA,H2Y 1C5,ST080,Montreal,4280,Salesperson 030,Retail,2026-01-01,2026-09-20T12:00:00
S04281,Demo Garden Centre 04281,CHAIN06,Canadian Demo Retail Chain 06,Quebec City,QC,CA,G1R 4P6,ST081,Quebec City,4281,Salesperson 031,Retail,2026-01-01,2026-09-20T12:00:00
S04282,Demo Garden Centre 04282,CHAIN07,Canadian Demo Retail Chain 07,Saskatoon,SK,CA,S7K 1J7,ST082,Saskatoon,4282,Salesperson 032,Retail,2026-01-01,2026-09-20T12:00:00
S04283,Demo Garden Centre 04283,CHAIN08,Canadian Demo Retail Chain 08,Regina,SK,CA,S4P 3Y8,ST083,Regina,4283,Salesperson 033,Retail,2026-01-01,2026-09-20T12:00:00
S04284,Demo Garden Centre 04284,CHAIN09,Canadian Demo Retail Chain 09,Whitehorse,YT,CA,Y1A 2C9,ST084,Whitehorse,4284,Salesperson 034,Retail,2026-01-01,2026-09-20T12:00:00
S04285,Demo Garden Centre 04285,CHAIN10,Canadian Demo Retail Chain 10,Calgary,AB,CA,T2P 1J1,ST085,Calgary,4285,Salesperson 035,Retail,2026-01-01,2026-09-20T12:00:00
S04286,Demo Garden Centre 04286,CHAIN11,Canadian Demo Retail Chain 11,Edmonton,AB,CA,T5J 0N2,ST086,Edmonton,4286,Salesperson 036,Retail,2026-01-01,2026-09-20T12:00:00
S04287,Demo Garden Centre 04287,CHAIN12,Canadian Demo Retail Chain 12,Vancouver,BC,CA,V6B 2W3,ST087,Vancouver,4287,Salesperson 037,Retail,2026-01-01,2026-09-20T12:00:00
S04288,Demo Garden Centre 04288,CHAIN13,Canadian Demo Retail Chain 13,Victoria,BC,CA,V8W 1P4,ST088,Victoria,4288,Salesperson 038,Retail,2026-01-01,2026-09-20T12:00:00
S04289,Demo Garden Centre 04289,CHAIN14,Canadian Demo Retail Chain 14,Winnipeg,MB,CA,R3B 1C5,ST089,Winnipeg,4289,Salesperson 039,Retail,2026-01-01,2026-09-20T12:00:00
S04290,Demo Garden Centre 04290,CHAIN15,Canadian Demo Retail Chain 15,Fredericton,NB,CA,E3B 1B6,ST090,Fredericton,4290,Salesperson 040,Retail,2026-01-01,2026-09-20T12:00:00
S04291,Demo Garden Centre 04291,CHAIN16,Canadian Demo Retail Chain 16,St. John's,NL,CA,A1C 1B7,ST091,St. John's,4291,Salesperson 041,Retail,2026-01-01,2026-09-20T12:00:00
S04292,Demo Garden Centre 04292,CHAIN17,Canadian Demo Retail Chain 17,Halifax,NS,CA,B3J 1M8,ST092,Halifax,4292,Salesperson 042,Retail,2026-01-01,2026-09-20T12:00:00
S04293,Demo Garden Centre 04293,CHAIN18,Canadian Demo Retail Chain 18,Toronto,ON,CA,M5H 2N9,ST093,Toronto,4293,Salesperson 043,Retail,2026-01-01,2026-09-20T12:00:00
S04294,Demo Garden Centre 04294,CHAIN19,Canadian Demo Retail Chain 19,Ottawa,ON,CA,K1P 1J1,ST094,Ottawa,4294,Salesperson 044,Retail,2026-01-01,2026-09-20T12:00:00
S04295,Demo Garden Centre 04295,CHAIN20,Canadian Demo Retail Chain 20,London,ON,CA,N6A 3K2,ST095,London,4295,Salesperson 045,Retail,2026-01-01,2026-09-20T12:00:00
S04296,Demo Garden Centre 04296,CHAIN21,Canadian Demo Retail Chain 21,Thunder Bay,ON,CA,P7B 5E3,ST096,Thunder Bay,4296,Salesperson 046,Retail,2026-01-01,2026-09-20T12:00:00
S04297,Demo Garden Centre 04297,CHAIN22,Canadian Demo Retail Chain 22,Charlottetown,PE,CA,C1A 1A4,ST097,Charlottetown,4297,Salesperson 047,Retail,2026-01-01,2026-09-20T12:00:00
S04298,Demo Garden Centre 04298,CHAIN23,Canadian Demo Retail Chain 23,Montreal,QC,CA,H2Y 1C5,ST098,Montreal,4298,Salesperson 048,Retail,2026-01-01,2026-09-20T12:00:00
S04299,Demo Garden Centre 04299,CHAIN24,Canadian Demo Retail Chain 24,Quebec City,QC,CA,G1R 4P6,ST099,Quebec City,4299,Salesperson 049,Retail,2026-01-01,2026-09-20T12:00:00
S04300,Demo Garden Centre 04300,CHAIN25,Canadian Demo Retail Chain 25,Saskatoon,SK,CA,S7K 1J7,ST100,Saskatoon,4300,Salesperson 050,Retail,2026-01-01,2026-09-20T12:00:00
S04301,Demo Garden Centre 04301,CHAIN01,Canadian Demo Retail Chain 01,Regina,SK,CA,S4P 3Y8,ST001,Regina,4301,Salesperson 051,Retail,2026-01-01,2026-09-20T12:00:00
S04302,Demo Garden Centre 04302,CHAIN02,Canadian Demo Retail Chain 02,Whitehorse,YT,CA,Y1A 2C9,ST002,Whitehorse,4302,Salesperson 052,Retail,2026-01-01,2026-09-20T12:00:00
S04303,Demo Garden Centre 04303,CHAIN03,Canadian Demo Retail Chain 03,Calgary,AB,CA,T2P 1J1,ST003,Calgary,4303,Salesperson 053,Retail,2026-01-01,2026-09-20T12:00:00
S04304,Demo Garden Centre 04304,CHAIN04,Canadian Demo Retail Chain 04,Edmonton,AB,CA,T5J 0N2,ST004,Edmonton,4304,Salesperson 054,Retail,2026-01-01,2026-09-20T12:00:00
S04305,Demo Garden Centre 04305,CHAIN05,Canadian Demo Retail Chain 05,Vancouver,BC,CA,V6B 2W3,ST005,Vancouver,4305,Salesperson 055,Retail,2026-01-01,2026-09-20T12:00:00
S04306,Demo Garden Centre 04306,CHAIN06,Canadian Demo Retail Chain 06,Victoria,BC,CA,V8W 1P4,ST006,Victoria,4306,Salesperson 056,Retail,2026-01-01,2026-09-20T12:00:00
S04307,Demo Garden Centre 04307,CHAIN07,Canadian Demo Retail Chain 07,Winnipeg,MB,CA,R3B 1C5,ST007,Winnipeg,4307,Salesperson 057,Retail,2026-01-01,2026-09-20T12:00:00
S04308,Demo Garden Centre 04308,CHAIN08,Canadian Demo Retail Chain 08,Fredericton,NB,CA,E3B 1B6,ST008,Fredericton,4308,Salesperson 058,Retail,2026-01-01,2026-09-20T12:00:00
S04309,Demo Garden Centre 04309,CHAIN09,Canadian Demo Retail Chain 09,St. John's,NL,CA,A1C 1B7,ST009,St. John's,4309,Salesperson 059,Retail,2026-01-01,2026-09-20T12:00:00
S04310,Demo Garden Centre 04310,CHAIN10,Canadian Demo Retail Chain 10,Halifax,NS,CA,B3J 1M8,ST010,Halifax,4310,Salesperson 060,Retail,2026-01-01,2026-09-20T12:00:00
S04311,Demo Garden Centre 04311,CHAIN11,Canadian Demo Retail Chain 11,Toronto,ON,CA,M5H 2N9,ST011,Toronto,4311,Salesperson 061,Retail,2026-01-01,2026-09-20T12:00:00
S04312,Demo Garden Centre 04312,CHAIN12,Canadian Demo Retail Chain 12,Ottawa,ON,CA,K1P 1J1,ST012,Ottawa,4312,Salesperson 062,Retail,2026-01-01,2026-09-20T12:00:00
S04313,Demo Garden Centre 04313,CHAIN13,Canadian Demo Retail Chain 13,London,ON,CA,N6A 3K2,ST013,London,4313,Salesperson 063,Retail,2026-01-01,2026-09-20T12:00:00
S04314,Demo Garden Centre 04314,CHAIN14,Canadian Demo Retail Chain 14,Thunder Bay,ON,CA,P7B 5E3,ST014,Thunder Bay,4314,Salesperson 064,Retail,2026-01-01,2026-09-20T12:00:00
S04315,Demo Garden Centre 04315,CHAIN15,Canadian Demo Retail Chain 15,Charlottetown,PE,CA,C1A 1A4,ST015,Charlottetown,4315,Salesperson 065,Retail,2026-01-01,2026-09-20T12:00:00
S04316,Demo Garden Centre 04316,CHAIN16,Canadian Demo Retail Chain 16,Montreal,QC,CA,H2Y 1C5,ST016,Montreal,4316,Salesperson 066,Retail,2026-01-01,2026-09-20T12:00:00
S04317,Demo Garden Centre 04317,CHAIN17,Canadian Demo Retail Chain 17,Quebec City,QC,CA,G1R 4P6,ST017,Quebec City,4317,Salesperson 067,Retail,2026-01-01,2026-09-20T12:00:00
S04318,Demo Garden Centre 04318,CHAIN18,Canadian Demo Retail Chain 18,Saskatoon,SK,CA,S7K 1J7,ST018,Saskatoon,4318,Salesperson 068,Retail,2026-01-01,2026-09-20T12:00:00
S04319,Demo Garden Centre 04319,CHAIN19,Canadian Demo Retail Chain 19,Regina,SK,CA,S4P 3Y8,ST019,Regina,4319,Salesperson 069,Retail,2026-01-01,2026-09-20T12:00:00
S04320,Demo Garden Centre 04320,CHAIN20,Canadian Demo Retail Chain 20,Whitehorse,YT,CA,Y1A 2C9,ST020,Whitehorse,4320,Salesperson 070,Retail,2026-01-01,2026-09-20T12:00:00
S04321,Demo Garden Centre 04321,CHAIN21,Canadian Demo Retail Chain 21,Calgary,AB,CA,T2P 1J1,ST021,Calgary,4321,Salesperson 071,Retail,2026-01-01,2026-09-20T12:00:00
S04322,Demo Garden Centre 04322,CHAIN22,Canadian Demo Retail Chain 22,Edmonton,AB,CA,T5J 0N2,ST022,Edmonton,4322,Salesperson 072,Retail,2026-01-01,2026-09-20T12:00:00
S04323,Demo Garden Centre 04323,CHAIN23,Canadian Demo Retail Chain 23,Vancouver,BC,CA,V6B 2W3,ST023,Vancouver,4323,Salesperson 073,Retail,2026-01-01,2026-09-20T12:00:00
S04324,Demo Garden Centre 04324,CHAIN24,Canadian Demo Retail Chain 24,Victoria,BC,CA,V8W 1P4,ST024,Victoria,4324,Salesperson 074,Retail,2026-01-01,2026-09-20T12:00:00
S04325,Demo Garden Centre 04325,CHAIN25,Canadian Demo Retail Chain 25,Winnipeg,MB,CA,R3B 1C5,ST025,Winnipeg,4325,Salesperson 075,Retail,2026-01-01,2026-09-20T12:00:00
S04326,Demo Garden Centre 04326,CHAIN01,Canadian Demo Retail Chain 01,Fredericton,NB,CA,E3B 1B6,ST026,Fredericton,4326,Salesperson 076,Retail,2026-01-01,2026-09-20T12:00:00
S04327,Demo Garden Centre 04327,CHAIN02,Canadian Demo Retail Chain 02,St. John's,NL,CA,A1C 1B7,ST027,St. John's,4327,Salesperson 077,Retail,2026-01-01,2026-09-20T12:00:00
S04328,Demo Garden Centre 04328,CHAIN03,Canadian Demo Retail Chain 03,Halifax,NS,CA,B3J 1M8,ST028,Halifax,4328,Salesperson 078,Retail,2026-01-01,2026-09-20T12:00:00
S04329,Demo Garden Centre 04329,CHAIN04,Canadian Demo Retail Chain 04,Toronto,ON,CA,M5H 2N9,ST029,Toronto,4329,Salesperson 079,Retail,2026-01-01,2026-09-20T12:00:00
S04330,Demo Garden Centre 04330,CHAIN05,Canadian Demo Retail Chain 05,Ottawa,ON,CA,K1P 1J1,ST030,Ottawa,4330,Salesperson 080,Retail,2026-01-01,2026-09-20T12:00:00
S04331,Demo Garden Centre 04331,CHAIN06,Canadian Demo Retail Chain 06,London,ON,CA,N6A 3K2,ST031,London,4331,Salesperson 081,Retail,2026-01-01,2026-09-20T12:00:00
S04332,Demo Garden Centre 04332,CHAIN07,Canadian Demo Retail Chain 07,Thunder Bay,ON,CA,P7B 5E3,ST032,Thunder Bay,4332,Salesperson 082,Retail,2026-01-01,2026-09-20T12:00:00
S04333,Demo Garden Centre 04333,CHAIN08,Canadian Demo Retail Chain 08,Charlottetown,PE,CA,C1A 1A4,ST033,Charlottetown,4333,Salesperson 083,Retail,2026-01-01,2026-09-20T12:00:00
S04334,Demo Garden Centre 04334,CHAIN09,Canadian Demo Retail Chain 09,Montreal,QC,CA,H2Y 1C5,ST034,Montreal,4334,Salesperson 084,Retail,2026-01-01,2026-09-20T12:00:00
S04335,Demo Garden Centre 04335,CHAIN10,Canadian Demo Retail Chain 10,Quebec City,QC,CA,G1R 4P6,ST035,Quebec City,4335,Salesperson 085,Retail,2026-01-01,2026-09-20T12:00:00
S04336,Demo Garden Centre 04336,CHAIN11,Canadian Demo Retail Chain 11,Saskatoon,SK,CA,S7K 1J7,ST036,Saskatoon,4336,Salesperson 086,Retail,2026-01-01,2026-09-20T12:00:00
S04337,Demo Garden Centre 04337,CHAIN12,Canadian Demo Retail Chain 12,Regina,SK,CA,S4P 3Y8,ST037,Regina,4337,Salesperson 087,Retail,2026-01-01,2026-09-20T12:00:00
S04338,Demo Garden Centre 04338,CHAIN13,Canadian Demo Retail Chain 13,Whitehorse,YT,CA,Y1A 2C9,ST038,Whitehorse,4338,Salesperson 088,Retail,2026-01-01,2026-09-20T12:00:00
S04339,Demo Garden Centre 04339,CHAIN14,Canadian Demo Retail Chain 14,Calgary,AB,CA,T2P 1J1,ST039,Calgary,4339,Salesperson 089,Retail,2026-01-01,2026-09-20T12:00:00
S04340,Demo Garden Centre 04340,CHAIN15,Canadian Demo Retail Chain 15,Edmonton,AB,CA,T5J 0N2,ST040,Edmonton,4340,Salesperson 090,Retail,2026-01-01,2026-09-20T12:00:00
S04341,Demo Garden Centre 04341,CHAIN16,Canadian Demo Retail Chain 16,Vancouver,BC,CA,V6B 2W3,ST041,Vancouver,4341,Salesperson 091,Retail,2026-01-01,2026-09-20T12:00:00
S04342,Demo Garden Centre 04342,CHAIN17,Canadian Demo Retail Chain 17,Victoria,BC,CA,V8W 1P4,ST042,Victoria,4342,Salesperson 092,Retail,2026-01-01,2026-09-20T12:00:00
S04343,Demo Garden Centre 04343,CHAIN18,Canadian Demo Retail Chain 18,Winnipeg,MB,CA,R3B 1C5,ST043,Winnipeg,4343,Salesperson 093,Retail,2026-01-01,2026-09-20T12:00:00
S04344,Demo Garden Centre 04344,CHAIN19,Canadian Demo Retail Chain 19,Fredericton,NB,CA,E3B 1B6,ST044,Fredericton,4344,Salesperson 094,Retail,2026-01-01,2026-09-20T12:00:00
S04345,Demo Garden Centre 04345,CHAIN20,Canadian Demo Retail Chain 20,St. John's,NL,CA,A1C 1B7,ST045,St. John's,4345,Salesperson 095,Retail,2026-01-01,2026-09-20T12:00:00
S04346,Demo Garden Centre 04346,CHAIN21,Canadian Demo Retail Chain 21,Halifax,NS,CA,B3J 1M8,ST046,Halifax,4346,Salesperson 096,Retail,2026-01-01,2026-09-20T12:00:00
S04347,Demo Garden Centre 04347,CHAIN22,Canadian Demo Retail Chain 22,Toronto,ON,CA,M5H 2N9,ST047,Toronto,4347,Salesperson 097,Retail,2026-01-01,2026-09-20T12:00:00
S04348,Demo Garden Centre 04348,CHAIN23,Canadian Demo Retail Chain 23,Ottawa,ON,CA,K1P 1J1,ST048,Ottawa,4348,Salesperson 098,Retail,2026-01-01,2026-09-20T12:00:00
S04349,Demo Garden Centre 04349,CHAIN24,Canadian Demo Retail Chain 24,London,ON,CA,N6A 3K2,ST049,London,4349,Salesperson 099,Retail,2026-01-01,2026-09-20T12:00:00
S04350,Demo Garden Centre 04350,CHAIN25,Canadian Demo Retail Chain 25,Thunder Bay,ON,CA,P7B 5E3,ST050,Thunder Bay,4350,Salesperson 100,Retail,2026-01-01,2026-09-20T12:00:00
S04351,Demo Garden Centre 04351,CHAIN01,Canadian Demo Retail Chain 01,Charlottetown,PE,CA,C1A 1A4,ST051,Charlottetown,4351,Salesperson 101,Retail,2026-01-01,2026-09-20T12:00:00
S04352,Demo Garden Centre 04352,CHAIN02,Canadian Demo Retail Chain 02,Montreal,QC,CA,H2Y 1C5,ST052,Montreal,4352,Salesperson 102,Retail,2026-01-01,2026-09-20T12:00:00
S04353,Demo Garden Centre 04353,CHAIN03,Canadian Demo Retail Chain 03,Quebec City,QC,CA,G1R 4P6,ST053,Quebec City,4353,Salesperson 103,Retail,2026-01-01,2026-09-20T12:00:00
S04354,Demo Garden Centre 04354,CHAIN04,Canadian Demo Retail Chain 04,Saskatoon,SK,CA,S7K 1J7,ST054,Saskatoon,4354,Salesperson 104,Retail,2026-01-01,2026-09-20T12:00:00
S04355,Demo Garden Centre 04355,CHAIN05,Canadian Demo Retail Chain 05,Regina,SK,CA,S4P 3Y8,ST055,Regina,4355,Salesperson 105,Retail,2026-01-01,2026-09-20T12:00:00
S04356,Demo Garden Centre 04356,CHAIN06,Canadian Demo Retail Chain 06,Whitehorse,YT,CA,Y1A 2C9,ST056,Whitehorse,4356,Salesperson 106,Retail,2026-01-01,2026-09-20T12:00:00
S04357,Demo Garden Centre 04357,CHAIN07,Canadian Demo Retail Chain 07,Calgary,AB,CA,T2P 1J1,ST057,Calgary,4357,Salesperson 107,Retail,2026-01-01,2026-09-20T12:00:00
S04358,Demo Garden Centre 04358,CHAIN08,Canadian Demo Retail Chain 08,Edmonton,AB,CA,T5J 0N2,ST058,Edmonton,4358,Salesperson 108,Retail,2026-01-01,2026-09-20T12:00:00
S04359,Demo Garden Centre 04359,CHAIN09,Canadian Demo Retail Chain 09,Vancouver,BC,CA,V6B 2W3,ST059,Vancouver,4359,Salesperson 109,Retail,2026-01-01,2026-09-20T12:00:00
S04360,Demo Garden Centre 04360,CHAIN10,Canadian Demo Retail Chain 10,Victoria,BC,CA,V8W 1P4,ST060,Victoria,4360,Salesperson 110,Retail,2026-01-01,2026-09-20T12:00:00
S04361,Demo Garden Centre 04361,CHAIN11,Canadian Demo Retail Chain 11,Winnipeg,MB,CA,R3B 1C5,ST061,Winnipeg,4361,Salesperson 111,Retail,2026-01-01,2026-09-20T12:00:00
S04362,Demo Garden Centre 04362,CHAIN12,Canadian Demo Retail Chain 12,Fredericton,NB,CA,E3B 1B6,ST062,Fredericton,4362,Salesperson 112,Retail,2026-01-01,2026-09-20T12:00:00
S04363,Demo Garden Centre 04363,CHAIN13,Canadian Demo Retail Chain 13,St. John's,NL,CA,A1C 1B7,ST063,St. John's,4363,Salesperson 113,Retail,2026-01-01,2026-09-20T12:00:00
S04364,Demo Garden Centre 04364,CHAIN14,Canadian Demo Retail Chain 14,Halifax,NS,CA,B3J 1M8,ST064,Halifax,4364,Salesperson 114,Retail,2026-01-01,2026-09-20T12:00:00
S04365,Demo Garden Centre 04365,CHAIN15,Canadian Demo Retail Chain 15,Toronto,ON,CA,M5H 2N9,ST065,Toronto,4365,Salesperson 115,Retail,2026-01-01,2026-09-20T12:00:00
S04366,Demo Garden Centre 04366,CHAIN16,Canadian Demo Retail Chain 16,Ottawa,ON,CA,K1P 1J1,ST066,Ottawa,4366,Salesperson 116,Retail,2026-01-01,2026-09-20T12:00:00
S04367,Demo Garden Centre 04367,CHAIN17,Canadian Demo Retail Chain 17,London,ON,CA,N6A 3K2,ST067,London,4367,Salesperson 117,Retail,2026-01-01,2026-09-20T12:00:00
S04368,Demo Garden Centre 04368,CHAIN18,Canadian Demo Retail Chain 18,Thunder Bay,ON,CA,P7B 5E3,ST068,Thunder Bay,4368,Salesperson 118,Retail,2026-01-01,2026-09-20T12:00:00
S04369,Demo Garden Centre 04369,CHAIN19,Canadian Demo Retail Chain 19,Charlottetown,PE,CA,C1A 1A4,ST069,Charlottetown,4369,Salesperson 119,Retail,2026-01-01,2026-09-20T12:00:00
S04370,Demo Garden Centre 04370,CHAIN20,Canadian Demo Retail Chain 20,Montreal,QC,CA,H2Y 1C5,ST070,Montreal,4370,Salesperson 120,Retail,2026-01-01,2026-09-20T12:00:00
S04371,Demo Garden Centre 04371,CHAIN21,Canadian Demo Retail Chain 21,Quebec City,QC,CA,G1R 4P6,ST071,Quebec City,4371,Salesperson 121,Retail,2026-01-01,2026-09-20T12:00:00
S04372,Demo Garden Centre 04372,CHAIN22,Canadian Demo Retail Chain 22,Saskatoon,SK,CA,S7K 1J7,ST072,Saskatoon,4372,Salesperson 122,Retail,2026-01-01,2026-09-20T12:00:00
S04373,Demo Garden Centre 04373,CHAIN23,Canadian Demo Retail Chain 23,Regina,SK,CA,S4P 3Y8,ST073,Regina,4373,Salesperson 123,Retail,2026-01-01,2026-09-20T12:00:00
S04374,Demo Garden Centre 04374,CHAIN24,Canadian Demo Retail Chain 24,Whitehorse,YT,CA,Y1A 2C9,ST074,Whitehorse,4374,Salesperson 124,Retail,2026-01-01,2026-09-20T12:00:00
S04375,Demo Garden Centre 04375,CHAIN25,Canadian Demo Retail Chain 25,Calgary,AB,CA,T2P 1J1,ST075,Calgary,4375,Salesperson 125,Retail,2026-01-01,2026-09-20T12:00:00
S04376,Demo Garden Centre 04376,CHAIN01,Canadian Demo Retail Chain 01,Edmonton,AB,CA,T5J 0N2,ST076,Edmonton,4376,Salesperson 126,Retail,2026-01-01,2026-09-20T12:00:00
S04377,Demo Garden Centre 04377,CHAIN02,Canadian Demo Retail Chain 02,Vancouver,BC,CA,V6B 2W3,ST077,Vancouver,4377,Salesperson 127,Retail,2026-01-01,2026-09-20T12:00:00
S04378,Demo Garden Centre 04378,CHAIN03,Canadian Demo Retail Chain 03,Victoria,BC,CA,V8W 1P4,ST078,Victoria,4378,Salesperson 128,Retail,2026-01-01,2026-09-20T12:00:00
S04379,Demo Garden Centre 04379,CHAIN04,Canadian Demo Retail Chain 04,Winnipeg,MB,CA,R3B 1C5,ST079,Winnipeg,4379,Salesperson 129,Retail,2026-01-01,2026-09-20T12:00:00
S04380,Demo Garden Centre 04380,CHAIN05,Canadian Demo Retail Chain 05,Fredericton,NB,CA,E3B 1B6,ST080,Fredericton,4380,Salesperson 130,Retail,2026-01-01,2026-09-20T12:00:00
S04381,Demo Garden Centre 04381,CHAIN06,Canadian Demo Retail Chain 06,St. John's,NL,CA,A1C 1B7,ST081,St. John's,4381,Salesperson 131,Retail,2026-01-01,2026-09-20T12:00:00
S04382,Demo Garden Centre 04382,CHAIN07,Canadian Demo Retail Chain 07,Halifax,NS,CA,B3J 1M8,ST082,Halifax,4382,Salesperson 132,Retail,2026-01-01,2026-09-20T12:00:00
S04383,Demo Garden Centre 04383,CHAIN08,Canadian Demo Retail Chain 08,Toronto,ON,CA,M5H 2N9,ST083,Toronto,4383,Salesperson 133,Retail,2026-01-01,2026-09-20T12:00:00
S04384,Demo Garden Centre 04384,CHAIN09,Canadian Demo Retail Chain 09,Ottawa,ON,CA,K1P 1J1,ST084,Ottawa,4384,Salesperson 134,Retail,2026-01-01,2026-09-20T12:00:00
S04385,Demo Garden Centre 04385,CHAIN10,Canadian Demo Retail Chain 10,London,ON,CA,N6A 3K2,ST085,London,4385,Salesperson 135,Retail,2026-01-01,2026-09-20T12:00:00
S04386,Demo Garden Centre 04386,CHAIN11,Canadian Demo Retail Chain 11,Thunder Bay,ON,CA,P7B 5E3,ST086,Thunder Bay,4386,Salesperson 136,Retail,2026-01-01,2026-09-20T12:00:00
S04387,Demo Garden Centre 04387,CHAIN12,Canadian Demo Retail Chain 12,Charlottetown,PE,CA,C1A 1A4,ST087,Charlottetown,4387,Salesperson 137,Retail,2026-01-01,2026-09-20T12:00:00
S04388,Demo Garden Centre 04388,CHAIN13,Canadian Demo Retail Chain 13,Montreal,QC,CA,H2Y 1C5,ST088,Montreal,4388,Salesperson 138,Retail,2026-01-01,2026-09-20T12:00:00
S04389,Demo Garden Centre 04389,CHAIN14,Canadian Demo Retail Chain 14,Quebec City,QC,CA,G1R 4P6,ST089,Quebec City,4389,Salesperson 139,Retail,2026-01-01,2026-09-20T12:00:00
S04390,Demo Garden Centre 04390,CHAIN15,Canadian Demo Retail Chain 15,Saskatoon,SK,CA,S7K 1J7,ST090,Saskatoon,4390,Salesperson 140,Retail,2026-01-01,2026-09-20T12:00:00
S04391,Demo Garden Centre 04391,CHAIN16,Canadian Demo Retail Chain 16,Regina,SK,CA,S4P 3Y8,ST091,Regina,4391,Salesperson 141,Retail,2026-01-01,2026-09-20T12:00:00
S04392,Demo Garden Centre 04392,CHAIN17,Canadian Demo Retail Chain 17,Whitehorse,YT,CA,Y1A 2C9,ST092,Whitehorse,4392,Salesperson 142,Retail,2026-01-01,2026-09-20T12:00:00
S04393,Demo Garden Centre 04393,CHAIN18,Canadian Demo Retail Chain 18,Calgary,AB,CA,T2P 1J1,ST093,Calgary,4393,Salesperson 143,Retail,2026-01-01,2026-09-20T12:00:00
S04394,Demo Garden Centre 04394,CHAIN19,Canadian Demo Retail Chain 19,Edmonton,AB,CA,T5J 0N2,ST094,Edmonton,4394,Salesperson 144,Retail,2026-01-01,2026-09-20T12:00:00
S04395,Demo Garden Centre 04395,CHAIN20,Canadian Demo Retail Chain 20,Vancouver,BC,CA,V6B 2W3,ST095,Vancouver,4395,Salesperson 145,Retail,2026-01-01,2026-09-20T12:00:00
S04396,Demo Garden Centre 04396,CHAIN21,Canadian Demo Retail Chain 21,Victoria,BC,CA,V8W 1P4,ST096,Victoria,4396,Salesperson 146,Retail,2026-01-01,2026-09-20T12:00:00
S04397,Demo Garden Centre 04397,CHAIN22,Canadian Demo Retail Chain 22,Winnipeg,MB,CA,R3B 1C5,ST097,Winnipeg,4397,Salesperson 147,Retail,2026-01-01,2026-09-20T12:00:00
S04398,Demo Garden Centre 04398,CHAIN23,Canadian Demo Retail Chain 23,Fredericton,NB,CA,E3B 1B6,ST098,Fredericton,4398,Salesperson 148,Retail,2026-01-01,2026-09-20T12:00:00
S04399,Demo Garden Centre 04399,CHAIN24,Canadian Demo Retail Chain 24,St. John's,NL,CA,A1C 1B7,ST099,St. John's,4399,Salesperson 149,Retail,2026-01-01,2026-09-20T12:00:00
S04400,Demo Garden Centre 04400,CHAIN25,Canadian Demo Retail Chain 25,Halifax,NS,CA,B3J 1M8,ST100,Halifax,4400,Salesperson 150,Retail,2026-01-01,2026-09-20T12:00:00
S04401,Demo Garden Centre 04401,CHAIN01,Canadian Demo Retail Chain 01,Toronto,ON,CA,M5H 2N9,ST001,Toronto,4401,Salesperson 151,Retail,2026-01-01,2026-09-20T12:00:00
S04402,Demo Garden Centre 04402,CHAIN02,Canadian Demo Retail Chain 02,Ottawa,ON,CA,K1P 1J1,ST002,Ottawa,4402,Salesperson 152,Retail,2026-01-01,2026-09-20T12:00:00
S04403,Demo Garden Centre 04403,CHAIN03,Canadian Demo Retail Chain 03,London,ON,CA,N6A 3K2,ST003,London,4403,Salesperson 153,Retail,2026-01-01,2026-09-20T12:00:00
S04404,Demo Garden Centre 04404,CHAIN04,Canadian Demo Retail Chain 04,Thunder Bay,ON,CA,P7B 5E3,ST004,Thunder Bay,4404,Salesperson 154,Retail,2026-01-01,2026-09-20T12:00:00
S04405,Demo Garden Centre 04405,CHAIN05,Canadian Demo Retail Chain 05,Charlottetown,PE,CA,C1A 1A4,ST005,Charlottetown,4405,Salesperson 155,Retail,2026-01-01,2026-09-20T12:00:00
S04406,Demo Garden Centre 04406,CHAIN06,Canadian Demo Retail Chain 06,Montreal,QC,CA,H2Y 1C5,ST006,Montreal,4406,Salesperson 156,Retail,2026-01-01,2026-09-20T12:00:00
S04407,Demo Garden Centre 04407,CHAIN07,Canadian Demo Retail Chain 07,Quebec City,QC,CA,G1R 4P6,ST007,Quebec City,4407,Salesperson 157,Retail,2026-01-01,2026-09-20T12:00:00
S04408,Demo Garden Centre 04408,CHAIN08,Canadian Demo Retail Chain 08,Saskatoon,SK,CA,S7K 1J7,ST008,Saskatoon,4408,Salesperson 158,Retail,2026-01-01,2026-09-20T12:00:00
S04409,Demo Garden Centre 04409,CHAIN09,Canadian Demo Retail Chain 09,Regina,SK,CA,S4P 3Y8,ST009,Regina,4409,Salesperson 159,Retail,2026-01-01,2026-09-20T12:00:00
S04410,Demo Garden Centre 04410,CHAIN10,Canadian Demo Retail Chain 10,Whitehorse,YT,CA,Y1A 2C9,ST010,Whitehorse,4410,Salesperson 160,Retail,2026-01-01,2026-09-20T12:00:00
S04411,Demo Garden Centre 04411,CHAIN11,Canadian Demo Retail Chain 11,Calgary,AB,CA,T2P 1J1,ST011,Calgary,4411,Salesperson 161,Retail,2026-01-01,2026-09-20T12:00:00
S04412,Demo Garden Centre 04412,CHAIN12,Canadian Demo Retail Chain 12,Edmonton,AB,CA,T5J 0N2,ST012,Edmonton,4412,Salesperson 162,Retail,2026-01-01,2026-09-20T12:00:00
S04413,Demo Garden Centre 04413,CHAIN13,Canadian Demo Retail Chain 13,Vancouver,BC,CA,V6B 2W3,ST013,Vancouver,4413,Salesperson 163,Retail,2026-01-01,2026-09-20T12:00:00
S04414,Demo Garden Centre 04414,CHAIN14,Canadian Demo Retail Chain 14,Victoria,BC,CA,V8W 1P4,ST014,Victoria,4414,Salesperson 164,Retail,2026-01-01,2026-09-20T12:00:00
S04415,Demo Garden Centre 04415,CHAIN15,Canadian Demo Retail Chain 15,Winnipeg,MB,CA,R3B 1C5,ST015,Winnipeg,4415,Salesperson 165,Retail,2026-01-01,2026-09-20T12:00:00
S04416,Demo Garden Centre 04416,CHAIN16,Canadian Demo Retail Chain 16,Fredericton,NB,CA,E3B 1B6,ST016,Fredericton,4416,Salesperson 166,Retail,2026-01-01,2026-09-20T12:00:00
S04417,Demo Garden Centre 04417,CHAIN17,Canadian Demo Retail Chain 17,St. John's,NL,CA,A1C 1B7,ST017,St. John's,4417,Salesperson 167,Retail,2026-01-01,2026-09-20T12:00:00
S04418,Demo Garden Centre 04418,CHAIN18,Canadian Demo Retail Chain 18,Halifax,NS,CA,B3J 1M8,ST018,Halifax,4418,Salesperson 168,Retail,2026-01-01,2026-09-20T12:00:00
S04419,Demo Garden Centre 04419,CHAIN19,Canadian Demo Retail Chain 19,Toronto,ON,CA,M5H 2N9,ST019,Toronto,4419,Salesperson 169,Retail,2026-01-01,2026-09-20T12:00:00
S04420,Demo Garden Centre 04420,CHAIN20,Canadian Demo Retail Chain 20,Ottawa,ON,CA,K1P 1J1,ST020,Ottawa,4420,Salesperson 170,Retail,2026-01-01,2026-09-20T12:00:00
S04421,Demo Garden Centre 04421,CHAIN21,Canadian Demo Retail Chain 21,London,ON,CA,N6A 3K2,ST021,London,4421,Salesperson 171,Retail,2026-01-01,2026-09-20T12:00:00
S04422,Demo Garden Centre 04422,CHAIN22,Canadian Demo Retail Chain 22,Thunder Bay,ON,CA,P7B 5E3,ST022,Thunder Bay,4422,Salesperson 172,Retail,2026-01-01,2026-09-20T12:00:00
S04423,Demo Garden Centre 04423,CHAIN23,Canadian Demo Retail Chain 23,Charlottetown,PE,CA,C1A 1A4,ST023,Charlottetown,4423,Salesperson 173,Retail,2026-01-01,2026-09-20T12:00:00
S04424,Demo Garden Centre 04424,CHAIN24,Canadian Demo Retail Chain 24,Montreal,QC,CA,H2Y 1C5,ST024,Montreal,4424,Salesperson 174,Retail,2026-01-01,2026-09-20T12:00:00
S04425,Demo Garden Centre 04425,CHAIN25,Canadian Demo Retail Chain 25,Quebec City,QC,CA,G1R 4P6,ST025,Quebec City,4425,Salesperson 175,Retail,2026-01-01,2026-09-20T12:00:00
S04426,Demo Garden Centre 04426,CHAIN01,Canadian Demo Retail Chain 01,Saskatoon,SK,CA,S7K 1J7,ST026,Saskatoon,4426,Salesperson 176,Retail,2026-01-01,2026-09-20T12:00:00
S04427,Demo Garden Centre 04427,CHAIN02,Canadian Demo Retail Chain 02,Regina,SK,CA,S4P 3Y8,ST027,Regina,4427,Salesperson 177,Retail,2026-01-01,2026-09-20T12:00:00
S04428,Demo Garden Centre 04428,CHAIN03,Canadian Demo Retail Chain 03,Whitehorse,YT,CA,Y1A 2C9,ST028,Whitehorse,4428,Salesperson 178,Retail,2026-01-01,2026-09-20T12:00:00
S04429,Demo Garden Centre 04429,CHAIN04,Canadian Demo Retail Chain 04,Calgary,AB,CA,T2P 1J1,ST029,Calgary,4429,Salesperson 179,Retail,2026-01-01,2026-09-20T12:00:00
S04430,Demo Garden Centre 04430,CHAIN05,Canadian Demo Retail Chain 05,Edmonton,AB,CA,T5J 0N2,ST030,Edmonton,4430,Salesperson 180,Retail,2026-01-01,2026-09-20T12:00:00
S04431,Demo Garden Centre 04431,CHAIN06,Canadian Demo Retail Chain 06,Vancouver,BC,CA,V6B 2W3,ST031,Vancouver,4431,Salesperson 181,Retail,2026-01-01,2026-09-20T12:00:00
S04432,Demo Garden Centre 04432,CHAIN07,Canadian Demo Retail Chain 07,Victoria,BC,CA,V8W 1P4,ST032,Victoria,4432,Salesperson 182,Retail,2026-01-01,2026-09-20T12:00:00
S04433,Demo Garden Centre 04433,CHAIN08,Canadian Demo Retail Chain 08,Winnipeg,MB,CA,R3B 1C5,ST033,Winnipeg,4433,Salesperson 183,Retail,2026-01-01,2026-09-20T12:00:00
S04434,Demo Garden Centre 04434,CHAIN09,Canadian Demo Retail Chain 09,Fredericton,NB,CA,E3B 1B6,ST034,Fredericton,4434,Salesperson 184,Retail,2026-01-01,2026-09-20T12:00:00
S04435,Demo Garden Centre 04435,CHAIN10,Canadian Demo Retail Chain 10,St. John's,NL,CA,A1C 1B7,ST035,St. John's,4435,Salesperson 185,Retail,2026-01-01,2026-09-20T12:00:00
S04436,Demo Garden Centre 04436,CHAIN11,Canadian Demo Retail Chain 11,Halifax,NS,CA,B3J 1M8,ST036,Halifax,4436,Salesperson 186,Retail,2026-01-01,2026-09-20T12:00:00
S04437,Demo Garden Centre 04437,CHAIN12,Canadian Demo Retail Chain 12,Toronto,ON,CA,M5H 2N9,ST037,Toronto,4437,Salesperson 187,Retail,2026-01-01,2026-09-20T12:00:00
S04438,Demo Garden Centre 04438,CHAIN13,Canadian Demo Retail Chain 13,Ottawa,ON,CA,K1P 1J1,ST038,Ottawa,4438,Salesperson 188,Retail,2026-01-01,2026-09-20T12:00:00
S04439,Demo Garden Centre 04439,CHAIN14,Canadian Demo Retail Chain 14,London,ON,CA,N6A 3K2,ST039,London,4439,Salesperson 189,Retail,2026-01-01,2026-09-20T12:00:00
S04440,Demo Garden Centre 04440,CHAIN15,Canadian Demo Retail Chain 15,Thunder Bay,ON,CA,P7B 5E3,ST040,Thunder Bay,4440,Salesperson 190,Retail,2026-01-01,2026-09-20T12:00:00
S04441,Demo Garden Centre 04441,CHAIN16,Canadian Demo Retail Chain 16,Charlottetown,PE,CA,C1A 1A4,ST041,Charlottetown,4441,Salesperson 191,Retail,2026-01-01,2026-09-20T12:00:00
S04442,Demo Garden Centre 04442,CHAIN17,Canadian Demo Retail Chain 17,Montreal,QC,CA,H2Y 1C5,ST042,Montreal,4442,Salesperson 192,Retail,2026-01-01,2026-09-20T12:00:00
S04443,Demo Garden Centre 04443,CHAIN18,Canadian Demo Retail Chain 18,Quebec City,QC,CA,G1R 4P6,ST043,Quebec City,4443,Salesperson 193,Retail,2026-01-01,2026-09-20T12:00:00
S04444,Demo Garden Centre 04444,CHAIN19,Canadian Demo Retail Chain 19,Saskatoon,SK,CA,S7K 1J7,ST044,Saskatoon,4444,Salesperson 194,Retail,2026-01-01,2026-09-20T12:00:00
S04445,Demo Garden Centre 04445,CHAIN20,Canadian Demo Retail Chain 20,Regina,SK,CA,S4P 3Y8,ST045,Regina,4445,Salesperson 195,Retail,2026-01-01,2026-09-20T12:00:00
S04446,Demo Garden Centre 04446,CHAIN21,Canadian Demo Retail Chain 21,Whitehorse,YT,CA,Y1A 2C9,ST046,Whitehorse,4446,Salesperson 196,Retail,2026-01-01,2026-09-20T12:00:00
S04447,Demo Garden Centre 04447,CHAIN22,Canadian Demo Retail Chain 22,Calgary,AB,CA,T2P 1J1,ST047,Calgary,4447,Salesperson 197,Retail,2026-01-01,2026-09-20T12:00:00
S04448,Demo Garden Centre 04448,CHAIN23,Canadian Demo Retail Chain 23,Edmonton,AB,CA,T5J 0N2,ST048,Edmonton,4448,Salesperson 198,Retail,2026-01-01,2026-09-20T12:00:00
S04449,Demo Garden Centre 04449,CHAIN24,Canadian Demo Retail Chain 24,Vancouver,BC,CA,V6B 2W3,ST049,Vancouver,4449,Salesperson 199,Retail,2026-01-01,2026-09-20T12:00:00
S04450,Demo Garden Centre 04450,CHAIN25,Canadian Demo Retail Chain 25,Victoria,BC,CA,V8W 1P4,ST050,Victoria,4450,Salesperson 200,Retail,2026-01-01,2026-09-20T12:00:00
S04451,Demo Garden Centre 04451,CHAIN01,Canadian Demo Retail Chain 01,Winnipeg,MB,CA,R3B 1C5,ST051,Winnipeg,4451,Salesperson 201,Retail,2026-01-01,2026-09-20T12:00:00
S04452,Demo Garden Centre 04452,CHAIN02,Canadian Demo Retail Chain 02,Fredericton,NB,CA,E3B 1B6,ST052,Fredericton,4452,Salesperson 202,Retail,2026-01-01,2026-09-20T12:00:00
S04453,Demo Garden Centre 04453,CHAIN03,Canadian Demo Retail Chain 03,St. John's,NL,CA,A1C 1B7,ST053,St. John's,4453,Salesperson 203,Retail,2026-01-01,2026-09-20T12:00:00
S04454,Demo Garden Centre 04454,CHAIN04,Canadian Demo Retail Chain 04,Halifax,NS,CA,B3J 1M8,ST054,Halifax,4454,Salesperson 204,Retail,2026-01-01,2026-09-20T12:00:00
S04455,Demo Garden Centre 04455,CHAIN05,Canadian Demo Retail Chain 05,Toronto,ON,CA,M5H 2N9,ST055,Toronto,4455,Salesperson 205,Retail,2026-01-01,2026-09-20T12:00:00
S04456,Demo Garden Centre 04456,CHAIN06,Canadian Demo Retail Chain 06,Ottawa,ON,CA,K1P 1J1,ST056,Ottawa,4456,Salesperson 206,Retail,2026-01-01,2026-09-20T12:00:00
S04457,Demo Garden Centre 04457,CHAIN07,Canadian Demo Retail Chain 07,London,ON,CA,N6A 3K2,ST057,London,4457,Salesperson 207,Retail,2026-01-01,2026-09-20T12:00:00
S04458,Demo Garden Centre 04458,CHAIN08,Canadian Demo Retail Chain 08,Thunder Bay,ON,CA,P7B 5E3,ST058,Thunder Bay,4458,Salesperson 208,Retail,2026-01-01,2026-09-20T12:00:00
S04459,Demo Garden Centre 04459,CHAIN09,Canadian Demo Retail Chain 09,Charlottetown,PE,CA,C1A 1A4,ST059,Charlottetown,4459,Salesperson 209,Retail,2026-01-01,2026-09-20T12:00:00
S04460,Demo Garden Centre 04460,CHAIN10,Canadian Demo Retail Chain 10,Montreal,QC,CA,H2Y 1C5,ST060,Montreal,4460,Salesperson 210,Retail,2026-01-01,2026-09-20T12:00:00
S04461,Demo Garden Centre 04461,CHAIN11,Canadian Demo Retail Chain 11,Quebec City,QC,CA,G1R 4P6,ST061,Quebec City,4461,Salesperson 211,Retail,2026-01-01,2026-09-20T12:00:00
S04462,Demo Garden Centre 04462,CHAIN12,Canadian Demo Retail Chain 12,Saskatoon,SK,CA,S7K 1J7,ST062,Saskatoon,4462,Salesperson 212,Retail,2026-01-01,2026-09-20T12:00:00
S04463,Demo Garden Centre 04463,CHAIN13,Canadian Demo Retail Chain 13,Regina,SK,CA,S4P 3Y8,ST063,Regina,4463,Salesperson 213,Retail,2026-01-01,2026-09-20T12:00:00
S04464,Demo Garden Centre 04464,CHAIN14,Canadian Demo Retail Chain 14,Whitehorse,YT,CA,Y1A 2C9,ST064,Whitehorse,4464,Salesperson 214,Retail,2026-01-01,2026-09-20T12:00:00
S04465,Demo Garden Centre 04465,CHAIN15,Canadian Demo Retail Chain 15,Calgary,AB,CA,T2P 1J1,ST065,Calgary,4465,Salesperson 215,Retail,2026-01-01,2026-09-20T12:00:00
S04466,Demo Garden Centre 04466,CHAIN16,Canadian Demo Retail Chain 16,Edmonton,AB,CA,T5J 0N2,ST066,Edmonton,4466,Salesperson 216,Retail,2026-01-01,2026-09-20T12:00:00
S04467,Demo Garden Centre 04467,CHAIN17,Canadian Demo Retail Chain 17,Vancouver,BC,CA,V6B 2W3,ST067,Vancouver,4467,Salesperson 217,Retail,2026-01-01,2026-09-20T12:00:00
S04468,Demo Garden Centre 04468,CHAIN18,Canadian Demo Retail Chain 18,Victoria,BC,CA,V8W 1P4,ST068,Victoria,4468,Salesperson 218,Retail,2026-01-01,2026-09-20T12:00:00
S04469,Demo Garden Centre 04469,CHAIN19,Canadian Demo Retail Chain 19,Winnipeg,MB,CA,R3B 1C5,ST069,Winnipeg,4469,Salesperson 219,Retail,2026-01-01,2026-09-20T12:00:00
S04470,Demo Garden Centre 04470,CHAIN20,Canadian Demo Retail Chain 20,Fredericton,NB,CA,E3B 1B6,ST070,Fredericton,4470,Salesperson 220,Retail,2026-01-01,2026-09-20T12:00:00
S04471,Demo Garden Centre 04471,CHAIN21,Canadian Demo Retail Chain 21,St. John's,NL,CA,A1C 1B7,ST071,St. John's,4471,Salesperson 221,Retail,2026-01-01,2026-09-20T12:00:00
S04472,Demo Garden Centre 04472,CHAIN22,Canadian Demo Retail Chain 22,Halifax,NS,CA,B3J 1M8,ST072,Halifax,4472,Salesperson 222,Retail,2026-01-01,2026-09-20T12:00:00
S04473,Demo Garden Centre 04473,CHAIN23,Canadian Demo Retail Chain 23,Toronto,ON,CA,M5H 2N9,ST073,Toronto,4473,Salesperson 223,Retail,2026-01-01,2026-09-20T12:00:00
S04474,Demo Garden Centre 04474,CHAIN24,Canadian Demo Retail Chain 24,Ottawa,ON,CA,K1P 1J1,ST074,Ottawa,4474,Salesperson 224,Retail,2026-01-01,2026-09-20T12:00:00
S04475,Demo Garden Centre 04475,CHAIN25,Canadian Demo Retail Chain 25,London,ON,CA,N6A 3K2,ST075,London,4475,Salesperson 225,Retail,2026-01-01,2026-09-20T12:00:00
S04476,Demo Garden Centre 04476,CHAIN01,Canadian Demo Retail Chain 01,Thunder Bay,ON,CA,P7B 5E3,ST076,Thunder Bay,4476,Salesperson 226,Retail,2026-01-01,2026-09-20T12:00:00
S04477,Demo Garden Centre 04477,CHAIN02,Canadian Demo Retail Chain 02,Charlottetown,PE,CA,C1A 1A4,ST077,Charlottetown,4477,Salesperson 227,Retail,2026-01-01,2026-09-20T12:00:00
S04478,Demo Garden Centre 04478,CHAIN03,Canadian Demo Retail Chain 03,Montreal,QC,CA,H2Y 1C5,ST078,Montreal,4478,Salesperson 228,Retail,2026-01-01,2026-09-20T12:00:00
S04479,Demo Garden Centre 04479,CHAIN04,Canadian Demo Retail Chain 04,Quebec City,QC,CA,G1R 4P6,ST079,Quebec City,4479,Salesperson 229,Retail,2026-01-01,2026-09-20T12:00:00
S04480,Demo Garden Centre 04480,CHAIN05,Canadian Demo Retail Chain 05,Saskatoon,SK,CA,S7K 1J7,ST080,Saskatoon,4480,Salesperson 230,Retail,2026-01-01,2026-09-20T12:00:00
S04481,Demo Garden Centre 04481,CHAIN06,Canadian Demo Retail Chain 06,Regina,SK,CA,S4P 3Y8,ST081,Regina,4481,Salesperson 231,Retail,2026-01-01,2026-09-20T12:00:00
S04482,Demo Garden Centre 04482,CHAIN07,Canadian Demo Retail Chain 07,Whitehorse,YT,CA,Y1A 2C9,ST082,Whitehorse,4482,Salesperson 232,Retail,2026-01-01,2026-09-20T12:00:00
S04483,Demo Garden Centre 04483,CHAIN08,Canadian Demo Retail Chain 08,Calgary,AB,CA,T2P 1J1,ST083,Calgary,4483,Salesperson 233,Retail,2026-01-01,2026-09-20T12:00:00
S04484,Demo Garden Centre 04484,CHAIN09,Canadian Demo Retail Chain 09,Edmonton,AB,CA,T5J 0N2,ST084,Edmonton,4484,Salesperson 234,Retail,2026-01-01,2026-09-20T12:00:00
S04485,Demo Garden Centre 04485,CHAIN10,Canadian Demo Retail Chain 10,Vancouver,BC,CA,V6B 2W3,ST085,Vancouver,4485,Salesperson 235,Retail,2026-01-01,2026-09-20T12:00:00
S04486,Demo Garden Centre 04486,CHAIN11,Canadian Demo Retail Chain 11,Victoria,BC,CA,V8W 1P4,ST086,Victoria,4486,Salesperson 236,Retail,2026-01-01,2026-09-20T12:00:00
S04487,Demo Garden Centre 04487,CHAIN12,Canadian Demo Retail Chain 12,Winnipeg,MB,CA,R3B 1C5,ST087,Winnipeg,4487,Salesperson 237,Retail,2026-01-01,2026-09-20T12:00:00
S04488,Demo Garden Centre 04488,CHAIN13,Canadian Demo Retail Chain 13,Fredericton,NB,CA,E3B 1B6,ST088,Fredericton,4488,Salesperson 238,Retail,2026-01-01,2026-09-20T12:00:00
S04489,Demo Garden Centre 04489,CHAIN14,Canadian Demo Retail Chain 14,St. John's,NL,CA,A1C 1B7,ST089,St. John's,4489,Salesperson 239,Retail,2026-01-01,2026-09-20T12:00:00
S04490,Demo Garden Centre 04490,CHAIN15,Canadian Demo Retail Chain 15,Halifax,NS,CA,B3J 1M8,ST090,Halifax,4490,Salesperson 240,Retail,2026-01-01,2026-09-20T12:00:00
S04491,Demo Garden Centre 04491,CHAIN16,Canadian Demo Retail Chain 16,Toronto,ON,CA,M5H 2N9,ST091,Toronto,4491,Salesperson 241,Retail,2026-01-01,2026-09-20T12:00:00
S04492,Demo Garden Centre 04492,CHAIN17,Canadian Demo Retail Chain 17,Ottawa,ON,CA,K1P 1J1,ST092,Ottawa,4492,Salesperson 242,Retail,2026-01-01,2026-09-20T12:00:00
S04493,Demo Garden Centre 04493,CHAIN18,Canadian Demo Retail Chain 18,London,ON,CA,N6A 3K2,ST093,London,4493,Salesperson 243,Retail,2026-01-01,2026-09-20T12:00:00
S04494,Demo Garden Centre 04494,CHAIN19,Canadian Demo Retail Chain 19,Thunder Bay,ON,CA,P7B 5E3,ST094,Thunder Bay,4494,Salesperson 244,Retail,2026-01-01,2026-09-20T12:00:00
S04495,Demo Garden Centre 04495,CHAIN20,Canadian Demo Retail Chain 20,Charlottetown,PE,CA,C1A 1A4,ST095,Charlottetown,4495,Salesperson 245,Retail,2026-01-01,2026-09-20T12:00:00
S04496,Demo Garden Centre 04496,CHAIN21,Canadian Demo Retail Chain 21,Montreal,QC,CA,H2Y 1C5,ST096,Montreal,4496,Salesperson 246,Retail,2026-01-01,2026-09-20T12:00:00
S04497,Demo Garden Centre 04497,CHAIN22,Canadian Demo Retail Chain 22,Quebec City,QC,CA,G1R 4P6,ST097,Quebec City,4497,Salesperson 247,Retail,2026-01-01,2026-09-20T12:00:00
S04498,Demo Garden Centre 04498,CHAIN23,Canadian Demo Retail Chain 23,Saskatoon,SK,CA,S7K 1J7,ST098,Saskatoon,4498,Salesperson 248,Retail,2026-01-01,2026-09-20T12:00:00
S04499,Demo Garden Centre 04499,CHAIN24,Canadian Demo Retail Chain 24,Regina,SK,CA,S4P 3Y8,ST099,Regina,4499,Salesperson 249,Retail,2026-01-01,2026-09-20T12:00:00
S04500,Demo Garden Centre 04500,CHAIN25,Canadian Demo Retail Chain 25,Whitehorse,YT,CA,Y1A 2C9,ST100,Whitehorse,4500,Salesperson 250,Retail,2026-01-01,2026-09-20T12:00:00
S04501,Demo Garden Centre 04501,CHAIN01,Canadian Demo Retail Chain 01,Calgary,AB,CA,T2P 1J1,ST001,Calgary,4501,Salesperson 001,Retail,2026-01-01,2026-09-20T12:00:00
S04502,Demo Garden Centre 04502,CHAIN02,Canadian Demo Retail Chain 02,Edmonton,AB,CA,T5J 0N2,ST002,Edmonton,4502,Salesperson 002,Retail,2026-01-01,2026-09-20T12:00:00
S04503,Demo Garden Centre 04503,CHAIN03,Canadian Demo Retail Chain 03,Vancouver,BC,CA,V6B 2W3,ST003,Vancouver,4503,Salesperson 003,Retail,2026-01-01,2026-09-20T12:00:00
S04504,Demo Garden Centre 04504,CHAIN04,Canadian Demo Retail Chain 04,Victoria,BC,CA,V8W 1P4,ST004,Victoria,4504,Salesperson 004,Retail,2026-01-01,2026-09-20T12:00:00
S04505,Demo Garden Centre 04505,CHAIN05,Canadian Demo Retail Chain 05,Winnipeg,MB,CA,R3B 1C5,ST005,Winnipeg,4505,Salesperson 005,Retail,2026-01-01,2026-09-20T12:00:00
S04506,Demo Garden Centre 04506,CHAIN06,Canadian Demo Retail Chain 06,Fredericton,NB,CA,E3B 1B6,ST006,Fredericton,4506,Salesperson 006,Retail,2026-01-01,2026-09-20T12:00:00
S04507,Demo Garden Centre 04507,CHAIN07,Canadian Demo Retail Chain 07,St. John's,NL,CA,A1C 1B7,ST007,St. John's,4507,Salesperson 007,Retail,2026-01-01,2026-09-20T12:00:00
S04508,Demo Garden Centre 04508,CHAIN08,Canadian Demo Retail Chain 08,Halifax,NS,CA,B3J 1M8,ST008,Halifax,4508,Salesperson 008,Retail,2026-01-01,2026-09-20T12:00:00
S04509,Demo Garden Centre 04509,CHAIN09,Canadian Demo Retail Chain 09,Toronto,ON,CA,M5H 2N9,ST009,Toronto,4509,Salesperson 009,Retail,2026-01-01,2026-09-20T12:00:00
S04510,Demo Garden Centre 04510,CHAIN10,Canadian Demo Retail Chain 10,Ottawa,ON,CA,K1P 1J1,ST010,Ottawa,4510,Salesperson 010,Retail,2026-01-01,2026-09-20T12:00:00
S04511,Demo Garden Centre 04511,CHAIN11,Canadian Demo Retail Chain 11,London,ON,CA,N6A 3K2,ST011,London,4511,Salesperson 011,Retail,2026-01-01,2026-09-20T12:00:00
S04512,Demo Garden Centre 04512,CHAIN12,Canadian Demo Retail Chain 12,Thunder Bay,ON,CA,P7B 5E3,ST012,Thunder Bay,4512,Salesperson 012,Retail,2026-01-01,2026-09-20T12:00:00
S04513,Demo Garden Centre 04513,CHAIN13,Canadian Demo Retail Chain 13,Charlottetown,PE,CA,C1A 1A4,ST013,Charlottetown,4513,Salesperson 013,Retail,2026-01-01,2026-09-20T12:00:00
S04514,Demo Garden Centre 04514,CHAIN14,Canadian Demo Retail Chain 14,Montreal,QC,CA,H2Y 1C5,ST014,Montreal,4514,Salesperson 014,Retail,2026-01-01,2026-09-20T12:00:00
S04515,Demo Garden Centre 04515,CHAIN15,Canadian Demo Retail Chain 15,Quebec City,QC,CA,G1R 4P6,ST015,Quebec City,4515,Salesperson 015,Retail,2026-01-01,2026-09-20T12:00:00
S04516,Demo Garden Centre 04516,CHAIN16,Canadian Demo Retail Chain 16,Saskatoon,SK,CA,S7K 1J7,ST016,Saskatoon,4516,Salesperson 016,Retail,2026-01-01,2026-09-20T12:00:00
S04517,Demo Garden Centre 04517,CHAIN17,Canadian Demo Retail Chain 17,Regina,SK,CA,S4P 3Y8,ST017,Regina,4517,Salesperson 017,Retail,2026-01-01,2026-09-20T12:00:00
S04518,Demo Garden Centre 04518,CHAIN18,Canadian Demo Retail Chain 18,Whitehorse,YT,CA,Y1A 2C9,ST018,Whitehorse,4518,Salesperson 018,Retail,2026-01-01,2026-09-20T12:00:00
S04519,Demo Garden Centre 04519,CHAIN19,Canadian Demo Retail Chain 19,Calgary,AB,CA,T2P 1J1,ST019,Calgary,4519,Salesperson 019,Retail,2026-01-01,2026-09-20T12:00:00
S04520,Demo Garden Centre 04520,CHAIN20,Canadian Demo Retail Chain 20,Edmonton,AB,CA,T5J 0N2,ST020,Edmonton,4520,Salesperson 020,Retail,2026-01-01,2026-09-20T12:00:00
S04521,Demo Garden Centre 04521,CHAIN21,Canadian Demo Retail Chain 21,Vancouver,BC,CA,V6B 2W3,ST021,Vancouver,4521,Salesperson 021,Retail,2026-01-01,2026-09-20T12:00:00
S04522,Demo Garden Centre 04522,CHAIN22,Canadian Demo Retail Chain 22,Victoria,BC,CA,V8W 1P4,ST022,Victoria,4522,Salesperson 022,Retail,2026-01-01,2026-09-20T12:00:00
S04523,Demo Garden Centre 04523,CHAIN23,Canadian Demo Retail Chain 23,Winnipeg,MB,CA,R3B 1C5,ST023,Winnipeg,4523,Salesperson 023,Retail,2026-01-01,2026-09-20T12:00:00
S04524,Demo Garden Centre 04524,CHAIN24,Canadian Demo Retail Chain 24,Fredericton,NB,CA,E3B 1B6,ST024,Fredericton,4524,Salesperson 024,Retail,2026-01-01,2026-09-20T12:00:00
S04525,Demo Garden Centre 04525,CHAIN25,Canadian Demo Retail Chain 25,St. John's,NL,CA,A1C 1B7,ST025,St. John's,4525,Salesperson 025,Retail,2026-01-01,2026-09-20T12:00:00
S04526,Demo Garden Centre 04526,CHAIN01,Canadian Demo Retail Chain 01,Halifax,NS,CA,B3J 1M8,ST026,Halifax,4526,Salesperson 026,Retail,2026-01-01,2026-09-20T12:00:00
S04527,Demo Garden Centre 04527,CHAIN02,Canadian Demo Retail Chain 02,Toronto,ON,CA,M5H 2N9,ST027,Toronto,4527,Salesperson 027,Retail,2026-01-01,2026-09-20T12:00:00
S04528,Demo Garden Centre 04528,CHAIN03,Canadian Demo Retail Chain 03,Ottawa,ON,CA,K1P 1J1,ST028,Ottawa,4528,Salesperson 028,Retail,2026-01-01,2026-09-20T12:00:00
S04529,Demo Garden Centre 04529,CHAIN04,Canadian Demo Retail Chain 04,London,ON,CA,N6A 3K2,ST029,London,4529,Salesperson 029,Retail,2026-01-01,2026-09-20T12:00:00
S04530,Demo Garden Centre 04530,CHAIN05,Canadian Demo Retail Chain 05,Thunder Bay,ON,CA,P7B 5E3,ST030,Thunder Bay,4530,Salesperson 030,Retail,2026-01-01,2026-09-20T12:00:00
S04531,Demo Garden Centre 04531,CHAIN06,Canadian Demo Retail Chain 06,Charlottetown,PE,CA,C1A 1A4,ST031,Charlottetown,4531,Salesperson 031,Retail,2026-01-01,2026-09-20T12:00:00
S04532,Demo Garden Centre 04532,CHAIN07,Canadian Demo Retail Chain 07,Montreal,QC,CA,H2Y 1C5,ST032,Montreal,4532,Salesperson 032,Retail,2026-01-01,2026-09-20T12:00:00
S04533,Demo Garden Centre 04533,CHAIN08,Canadian Demo Retail Chain 08,Quebec City,QC,CA,G1R 4P6,ST033,Quebec City,4533,Salesperson 033,Retail,2026-01-01,2026-09-20T12:00:00
S04534,Demo Garden Centre 04534,CHAIN09,Canadian Demo Retail Chain 09,Saskatoon,SK,CA,S7K 1J7,ST034,Saskatoon,4534,Salesperson 034,Retail,2026-01-01,2026-09-20T12:00:00
S04535,Demo Garden Centre 04535,CHAIN10,Canadian Demo Retail Chain 10,Regina,SK,CA,S4P 3Y8,ST035,Regina,4535,Salesperson 035,Retail,2026-01-01,2026-09-20T12:00:00
S04536,Demo Garden Centre 04536,CHAIN11,Canadian Demo Retail Chain 11,Whitehorse,YT,CA,Y1A 2C9,ST036,Whitehorse,4536,Salesperson 036,Retail,2026-01-01,2026-09-20T12:00:00
S04537,Demo Garden Centre 04537,CHAIN12,Canadian Demo Retail Chain 12,Calgary,AB,CA,T2P 1J1,ST037,Calgary,4537,Salesperson 037,Retail,2026-01-01,2026-09-20T12:00:00
S04538,Demo Garden Centre 04538,CHAIN13,Canadian Demo Retail Chain 13,Edmonton,AB,CA,T5J 0N2,ST038,Edmonton,4538,Salesperson 038,Retail,2026-01-01,2026-09-20T12:00:00
S04539,Demo Garden Centre 04539,CHAIN14,Canadian Demo Retail Chain 14,Vancouver,BC,CA,V6B 2W3,ST039,Vancouver,4539,Salesperson 039,Retail,2026-01-01,2026-09-20T12:00:00
S04540,Demo Garden Centre 04540,CHAIN15,Canadian Demo Retail Chain 15,Victoria,BC,CA,V8W 1P4,ST040,Victoria,4540,Salesperson 040,Retail,2026-01-01,2026-09-20T12:00:00
S04541,Demo Garden Centre 04541,CHAIN16,Canadian Demo Retail Chain 16,Winnipeg,MB,CA,R3B 1C5,ST041,Winnipeg,4541,Salesperson 041,Retail,2026-01-01,2026-09-20T12:00:00
S04542,Demo Garden Centre 04542,CHAIN17,Canadian Demo Retail Chain 17,Fredericton,NB,CA,E3B 1B6,ST042,Fredericton,4542,Salesperson 042,Retail,2026-01-01,2026-09-20T12:00:00
S04543,Demo Garden Centre 04543,CHAIN18,Canadian Demo Retail Chain 18,St. John's,NL,CA,A1C 1B7,ST043,St. John's,4543,Salesperson 043,Retail,2026-01-01,2026-09-20T12:00:00
S04544,Demo Garden Centre 04544,CHAIN19,Canadian Demo Retail Chain 19,Halifax,NS,CA,B3J 1M8,ST044,Halifax,4544,Salesperson 044,Retail,2026-01-01,2026-09-20T12:00:00
S04545,Demo Garden Centre 04545,CHAIN20,Canadian Demo Retail Chain 20,Toronto,ON,CA,M5H 2N9,ST045,Toronto,4545,Salesperson 045,Retail,2026-01-01,2026-09-20T12:00:00
S04546,Demo Garden Centre 04546,CHAIN21,Canadian Demo Retail Chain 21,Ottawa,ON,CA,K1P 1J1,ST046,Ottawa,4546,Salesperson 046,Retail,2026-01-01,2026-09-20T12:00:00
S04547,Demo Garden Centre 04547,CHAIN22,Canadian Demo Retail Chain 22,London,ON,CA,N6A 3K2,ST047,London,4547,Salesperson 047,Retail,2026-01-01,2026-09-20T12:00:00
S04548,Demo Garden Centre 04548,CHAIN23,Canadian Demo Retail Chain 23,Thunder Bay,ON,CA,P7B 5E3,ST048,Thunder Bay,4548,Salesperson 048,Retail,2026-01-01,2026-09-20T12:00:00
S04549,Demo Garden Centre 04549,CHAIN24,Canadian Demo Retail Chain 24,Charlottetown,PE,CA,C1A 1A4,ST049,Charlottetown,4549,Salesperson 049,Retail,2026-01-01,2026-09-20T12:00:00
S04550,Demo Garden Centre 04550,CHAIN25,Canadian Demo Retail Chain 25,Montreal,QC,CA,H2Y 1C5,ST050,Montreal,4550,Salesperson 050,Retail,2026-01-01,2026-09-20T12:00:00
S04551,Demo Garden Centre 04551,CHAIN01,Canadian Demo Retail Chain 01,Quebec City,QC,CA,G1R 4P6,ST051,Quebec City,4551,Salesperson 051,Retail,2026-01-01,2026-09-20T12:00:00
S04552,Demo Garden Centre 04552,CHAIN02,Canadian Demo Retail Chain 02,Saskatoon,SK,CA,S7K 1J7,ST052,Saskatoon,4552,Salesperson 052,Retail,2026-01-01,2026-09-20T12:00:00
S04553,Demo Garden Centre 04553,CHAIN03,Canadian Demo Retail Chain 03,Regina,SK,CA,S4P 3Y8,ST053,Regina,4553,Salesperson 053,Retail,2026-01-01,2026-09-20T12:00:00
S04554,Demo Garden Centre 04554,CHAIN04,Canadian Demo Retail Chain 04,Whitehorse,YT,CA,Y1A 2C9,ST054,Whitehorse,4554,Salesperson 054,Retail,2026-01-01,2026-09-20T12:00:00
S04555,Demo Garden Centre 04555,CHAIN05,Canadian Demo Retail Chain 05,Calgary,AB,CA,T2P 1J1,ST055,Calgary,4555,Salesperson 055,Retail,2026-01-01,2026-09-20T12:00:00
S04556,Demo Garden Centre 04556,CHAIN06,Canadian Demo Retail Chain 06,Edmonton,AB,CA,T5J 0N2,ST056,Edmonton,4556,Salesperson 056,Retail,2026-01-01,2026-09-20T12:00:00
S04557,Demo Garden Centre 04557,CHAIN07,Canadian Demo Retail Chain 07,Vancouver,BC,CA,V6B 2W3,ST057,Vancouver,4557,Salesperson 057,Retail,2026-01-01,2026-09-20T12:00:00
S04558,Demo Garden Centre 04558,CHAIN08,Canadian Demo Retail Chain 08,Victoria,BC,CA,V8W 1P4,ST058,Victoria,4558,Salesperson 058,Retail,2026-01-01,2026-09-20T12:00:00
S04559,Demo Garden Centre 04559,CHAIN09,Canadian Demo Retail Chain 09,Winnipeg,MB,CA,R3B 1C5,ST059,Winnipeg,4559,Salesperson 059,Retail,2026-01-01,2026-09-20T12:00:00
S04560,Demo Garden Centre 04560,CHAIN10,Canadian Demo Retail Chain 10,Fredericton,NB,CA,E3B 1B6,ST060,Fredericton,4560,Salesperson 060,Retail,2026-01-01,2026-09-20T12:00:00
S04561,Demo Garden Centre 04561,CHAIN11,Canadian Demo Retail Chain 11,St. John's,NL,CA,A1C 1B7,ST061,St. John's,4561,Salesperson 061,Retail,2026-01-01,2026-09-20T12:00:00
S04562,Demo Garden Centre 04562,CHAIN12,Canadian Demo Retail Chain 12,Halifax,NS,CA,B3J 1M8,ST062,Halifax,4562,Salesperson 062,Retail,2026-01-01,2026-09-20T12:00:00
S04563,Demo Garden Centre 04563,CHAIN13,Canadian Demo Retail Chain 13,Toronto,ON,CA,M5H 2N9,ST063,Toronto,4563,Salesperson 063,Retail,2026-01-01,2026-09-20T12:00:00
S04564,Demo Garden Centre 04564,CHAIN14,Canadian Demo Retail Chain 14,Ottawa,ON,CA,K1P 1J1,ST064,Ottawa,4564,Salesperson 064,Retail,2026-01-01,2026-09-20T12:00:00
S04565,Demo Garden Centre 04565,CHAIN15,Canadian Demo Retail Chain 15,London,ON,CA,N6A 3K2,ST065,London,4565,Salesperson 065,Retail,2026-01-01,2026-09-20T12:00:00
S04566,Demo Garden Centre 04566,CHAIN16,Canadian Demo Retail Chain 16,Thunder Bay,ON,CA,P7B 5E3,ST066,Thunder Bay,4566,Salesperson 066,Retail,2026-01-01,2026-09-20T12:00:00
S04567,Demo Garden Centre 04567,CHAIN17,Canadian Demo Retail Chain 17,Charlottetown,PE,CA,C1A 1A4,ST067,Charlottetown,4567,Salesperson 067,Retail,2026-01-01,2026-09-20T12:00:00
S04568,Demo Garden Centre 04568,CHAIN18,Canadian Demo Retail Chain 18,Montreal,QC,CA,H2Y 1C5,ST068,Montreal,4568,Salesperson 068,Retail,2026-01-01,2026-09-20T12:00:00
S04569,Demo Garden Centre 04569,CHAIN19,Canadian Demo Retail Chain 19,Quebec City,QC,CA,G1R 4P6,ST069,Quebec City,4569,Salesperson 069,Retail,2026-01-01,2026-09-20T12:00:00
S04570,Demo Garden Centre 04570,CHAIN20,Canadian Demo Retail Chain 20,Saskatoon,SK,CA,S7K 1J7,ST070,Saskatoon,4570,Salesperson 070,Retail,2026-01-01,2026-09-20T12:00:00
S04571,Demo Garden Centre 04571,CHAIN21,Canadian Demo Retail Chain 21,Regina,SK,CA,S4P 3Y8,ST071,Regina,4571,Salesperson 071,Retail,2026-01-01,2026-09-20T12:00:00
S04572,Demo Garden Centre 04572,CHAIN22,Canadian Demo Retail Chain 22,Whitehorse,YT,CA,Y1A 2C9,ST072,Whitehorse,4572,Salesperson 072,Retail,2026-01-01,2026-09-20T12:00:00
S04573,Demo Garden Centre 04573,CHAIN23,Canadian Demo Retail Chain 23,Calgary,AB,CA,T2P 1J1,ST073,Calgary,4573,Salesperson 073,Retail,2026-01-01,2026-09-20T12:00:00
S04574,Demo Garden Centre 04574,CHAIN24,Canadian Demo Retail Chain 24,Edmonton,AB,CA,T5J 0N2,ST074,Edmonton,4574,Salesperson 074,Retail,2026-01-01,2026-09-20T12:00:00
S04575,Demo Garden Centre 04575,CHAIN25,Canadian Demo Retail Chain 25,Vancouver,BC,CA,V6B 2W3,ST075,Vancouver,4575,Salesperson 075,Retail,2026-01-01,2026-09-20T12:00:00
S04576,Demo Garden Centre 04576,CHAIN01,Canadian Demo Retail Chain 01,Victoria,BC,CA,V8W 1P4,ST076,Victoria,4576,Salesperson 076,Retail,2026-01-01,2026-09-20T12:00:00
S04577,Demo Garden Centre 04577,CHAIN02,Canadian Demo Retail Chain 02,Winnipeg,MB,CA,R3B 1C5,ST077,Winnipeg,4577,Salesperson 077,Retail,2026-01-01,2026-09-20T12:00:00
S04578,Demo Garden Centre 04578,CHAIN03,Canadian Demo Retail Chain 03,Fredericton,NB,CA,E3B 1B6,ST078,Fredericton,4578,Salesperson 078,Retail,2026-01-01,2026-09-20T12:00:00
S04579,Demo Garden Centre 04579,CHAIN04,Canadian Demo Retail Chain 04,St. John's,NL,CA,A1C 1B7,ST079,St. John's,4579,Salesperson 079,Retail,2026-01-01,2026-09-20T12:00:00
S04580,Demo Garden Centre 04580,CHAIN05,Canadian Demo Retail Chain 05,Halifax,NS,CA,B3J 1M8,ST080,Halifax,4580,Salesperson 080,Retail,2026-01-01,2026-09-20T12:00:00
S04581,Demo Garden Centre 04581,CHAIN06,Canadian Demo Retail Chain 06,Toronto,ON,CA,M5H 2N9,ST081,Toronto,4581,Salesperson 081,Retail,2026-01-01,2026-09-20T12:00:00
S04582,Demo Garden Centre 04582,CHAIN07,Canadian Demo Retail Chain 07,Ottawa,ON,CA,K1P 1J1,ST082,Ottawa,4582,Salesperson 082,Retail,2026-01-01,2026-09-20T12:00:00
S04583,Demo Garden Centre 04583,CHAIN08,Canadian Demo Retail Chain 08,London,ON,CA,N6A 3K2,ST083,London,4583,Salesperson 083,Retail,2026-01-01,2026-09-20T12:00:00
S04584,Demo Garden Centre 04584,CHAIN09,Canadian Demo Retail Chain 09,Thunder Bay,ON,CA,P7B 5E3,ST084,Thunder Bay,4584,Salesperson 084,Retail,2026-01-01,2026-09-20T12:00:00
S04585,Demo Garden Centre 04585,CHAIN10,Canadian Demo Retail Chain 10,Charlottetown,PE,CA,C1A 1A4,ST085,Charlottetown,4585,Salesperson 085,Retail,2026-01-01,2026-09-20T12:00:00
S04586,Demo Garden Centre 04586,CHAIN11,Canadian Demo Retail Chain 11,Montreal,QC,CA,H2Y 1C5,ST086,Montreal,4586,Salesperson 086,Retail,2026-01-01,2026-09-20T12:00:00
S04587,Demo Garden Centre 04587,CHAIN12,Canadian Demo Retail Chain 12,Quebec City,QC,CA,G1R 4P6,ST087,Quebec City,4587,Salesperson 087,Retail,2026-01-01,2026-09-20T12:00:00
S04588,Demo Garden Centre 04588,CHAIN13,Canadian Demo Retail Chain 13,Saskatoon,SK,CA,S7K 1J7,ST088,Saskatoon,4588,Salesperson 088,Retail,2026-01-01,2026-09-20T12:00:00
S04589,Demo Garden Centre 04589,CHAIN14,Canadian Demo Retail Chain 14,Regina,SK,CA,S4P 3Y8,ST089,Regina,4589,Salesperson 089,Retail,2026-01-01,2026-09-20T12:00:00
S04590,Demo Garden Centre 04590,CHAIN15,Canadian Demo Retail Chain 15,Whitehorse,YT,CA,Y1A 2C9,ST090,Whitehorse,4590,Salesperson 090,Retail,2026-01-01,2026-09-20T12:00:00
S04591,Demo Garden Centre 04591,CHAIN16,Canadian Demo Retail Chain 16,Calgary,AB,CA,T2P 1J1,ST091,Calgary,4591,Salesperson 091,Retail,2026-01-01,2026-09-20T12:00:00
S04592,Demo Garden Centre 04592,CHAIN17,Canadian Demo Retail Chain 17,Edmonton,AB,CA,T5J 0N2,ST092,Edmonton,4592,Salesperson 092,Retail,2026-01-01,2026-09-20T12:00:00
S04593,Demo Garden Centre 04593,CHAIN18,Canadian Demo Retail Chain 18,Vancouver,BC,CA,V6B 2W3,ST093,Vancouver,4593,Salesperson 093,Retail,2026-01-01,2026-09-20T12:00:00
S04594,Demo Garden Centre 04594,CHAIN19,Canadian Demo Retail Chain 19,Victoria,BC,CA,V8W 1P4,ST094,Victoria,4594,Salesperson 094,Retail,2026-01-01,2026-09-20T12:00:00
S04595,Demo Garden Centre 04595,CHAIN20,Canadian Demo Retail Chain 20,Winnipeg,MB,CA,R3B 1C5,ST095,Winnipeg,4595,Salesperson 095,Retail,2026-01-01,2026-09-20T12:00:00
S04596,Demo Garden Centre 04596,CHAIN21,Canadian Demo Retail Chain 21,Fredericton,NB,CA,E3B 1B6,ST096,Fredericton,4596,Salesperson 096,Retail,2026-01-01,2026-09-20T12:00:00
S04597,Demo Garden Centre 04597,CHAIN22,Canadian Demo Retail Chain 22,St. John's,NL,CA,A1C 1B7,ST097,St. John's,4597,Salesperson 097,Retail,2026-01-01,2026-09-20T12:00:00
S04598,Demo Garden Centre 04598,CHAIN23,Canadian Demo Retail Chain 23,Halifax,NS,CA,B3J 1M8,ST098,Halifax,4598,Salesperson 098,Retail,2026-01-01,2026-09-20T12:00:00
S04599,Demo Garden Centre 04599,CHAIN24,Canadian Demo Retail Chain 24,Toronto,ON,CA,M5H 2N9,ST099,Toronto,4599,Salesperson 099,Retail,2026-01-01,2026-09-20T12:00:00
S04600,Demo Garden Centre 04600,CHAIN25,Canadian Demo Retail Chain 25,Ottawa,ON,CA,K1P 1J1,ST100,Ottawa,4600,Salesperson 100,Retail,2026-01-01,2026-09-20T12:00:00
S04601,Demo Garden Centre 04601,CHAIN01,Canadian Demo Retail Chain 01,London,ON,CA,N6A 3K2,ST001,London,4601,Salesperson 101,Retail,2026-01-01,2026-09-20T12:00:00
S04602,Demo Garden Centre 04602,CHAIN02,Canadian Demo Retail Chain 02,Thunder Bay,ON,CA,P7B 5E3,ST002,Thunder Bay,4602,Salesperson 102,Retail,2026-01-01,2026-09-20T12:00:00
S04603,Demo Garden Centre 04603,CHAIN03,Canadian Demo Retail Chain 03,Charlottetown,PE,CA,C1A 1A4,ST003,Charlottetown,4603,Salesperson 103,Retail,2026-01-01,2026-09-20T12:00:00
S04604,Demo Garden Centre 04604,CHAIN04,Canadian Demo Retail Chain 04,Montreal,QC,CA,H2Y 1C5,ST004,Montreal,4604,Salesperson 104,Retail,2026-01-01,2026-09-20T12:00:00
S04605,Demo Garden Centre 04605,CHAIN05,Canadian Demo Retail Chain 05,Quebec City,QC,CA,G1R 4P6,ST005,Quebec City,4605,Salesperson 105,Retail,2026-01-01,2026-09-20T12:00:00
S04606,Demo Garden Centre 04606,CHAIN06,Canadian Demo Retail Chain 06,Saskatoon,SK,CA,S7K 1J7,ST006,Saskatoon,4606,Salesperson 106,Retail,2026-01-01,2026-09-20T12:00:00
S04607,Demo Garden Centre 04607,CHAIN07,Canadian Demo Retail Chain 07,Regina,SK,CA,S4P 3Y8,ST007,Regina,4607,Salesperson 107,Retail,2026-01-01,2026-09-20T12:00:00
S04608,Demo Garden Centre 04608,CHAIN08,Canadian Demo Retail Chain 08,Whitehorse,YT,CA,Y1A 2C9,ST008,Whitehorse,4608,Salesperson 108,Retail,2026-01-01,2026-09-20T12:00:00
S04609,Demo Garden Centre 04609,CHAIN09,Canadian Demo Retail Chain 09,Calgary,AB,CA,T2P 1J1,ST009,Calgary,4609,Salesperson 109,Retail,2026-01-01,2026-09-20T12:00:00
S04610,Demo Garden Centre 04610,CHAIN10,Canadian Demo Retail Chain 10,Edmonton,AB,CA,T5J 0N2,ST010,Edmonton,4610,Salesperson 110,Retail,2026-01-01,2026-09-20T12:00:00
S04611,Demo Garden Centre 04611,CHAIN11,Canadian Demo Retail Chain 11,Vancouver,BC,CA,V6B 2W3,ST011,Vancouver,4611,Salesperson 111,Retail,2026-01-01,2026-09-20T12:00:00
S04612,Demo Garden Centre 04612,CHAIN12,Canadian Demo Retail Chain 12,Victoria,BC,CA,V8W 1P4,ST012,Victoria,4612,Salesperson 112,Retail,2026-01-01,2026-09-20T12:00:00
S04613,Demo Garden Centre 04613,CHAIN13,Canadian Demo Retail Chain 13,Winnipeg,MB,CA,R3B 1C5,ST013,Winnipeg,4613,Salesperson 113,Retail,2026-01-01,2026-09-20T12:00:00
S04614,Demo Garden Centre 04614,CHAIN14,Canadian Demo Retail Chain 14,Fredericton,NB,CA,E3B 1B6,ST014,Fredericton,4614,Salesperson 114,Retail,2026-01-01,2026-09-20T12:00:00
S04615,Demo Garden Centre 04615,CHAIN15,Canadian Demo Retail Chain 15,St. John's,NL,CA,A1C 1B7,ST015,St. John's,4615,Salesperson 115,Retail,2026-01-01,2026-09-20T12:00:00
S04616,Demo Garden Centre 04616,CHAIN16,Canadian Demo Retail Chain 16,Halifax,NS,CA,B3J 1M8,ST016,Halifax,4616,Salesperson 116,Retail,2026-01-01,2026-09-20T12:00:00
S04617,Demo Garden Centre 04617,CHAIN17,Canadian Demo Retail Chain 17,Toronto,ON,CA,M5H 2N9,ST017,Toronto,4617,Salesperson 117,Retail,2026-01-01,2026-09-20T12:00:00
S04618,Demo Garden Centre 04618,CHAIN18,Canadian Demo Retail Chain 18,Ottawa,ON,CA,K1P 1J1,ST018,Ottawa,4618,Salesperson 118,Retail,2026-01-01,2026-09-20T12:00:00
S04619,Demo Garden Centre 04619,CHAIN19,Canadian Demo Retail Chain 19,London,ON,CA,N6A 3K2,ST019,London,4619,Salesperson 119,Retail,2026-01-01,2026-09-20T12:00:00
S04620,Demo Garden Centre 04620,CHAIN20,Canadian Demo Retail Chain 20,Thunder Bay,ON,CA,P7B 5E3,ST020,Thunder Bay,4620,Salesperson 120,Retail,2026-01-01,2026-09-20T12:00:00
S04621,Demo Garden Centre 04621,CHAIN21,Canadian Demo Retail Chain 21,Charlottetown,PE,CA,C1A 1A4,ST021,Charlottetown,4621,Salesperson 121,Retail,2026-01-01,2026-09-20T12:00:00
S04622,Demo Garden Centre 04622,CHAIN22,Canadian Demo Retail Chain 22,Montreal,QC,CA,H2Y 1C5,ST022,Montreal,4622,Salesperson 122,Retail,2026-01-01,2026-09-20T12:00:00
S04623,Demo Garden Centre 04623,CHAIN23,Canadian Demo Retail Chain 23,Quebec City,QC,CA,G1R 4P6,ST023,Quebec City,4623,Salesperson 123,Retail,2026-01-01,2026-09-20T12:00:00
S04624,Demo Garden Centre 04624,CHAIN24,Canadian Demo Retail Chain 24,Saskatoon,SK,CA,S7K 1J7,ST024,Saskatoon,4624,Salesperson 124,Retail,2026-01-01,2026-09-20T12:00:00
S04625,Demo Garden Centre 04625,CHAIN25,Canadian Demo Retail Chain 25,Regina,SK,CA,S4P 3Y8,ST025,Regina,4625,Salesperson 125,Retail,2026-01-01,2026-09-20T12:00:00
S04626,Demo Garden Centre 04626,CHAIN01,Canadian Demo Retail Chain 01,Whitehorse,YT,CA,Y1A 2C9,ST026,Whitehorse,4626,Salesperson 126,Retail,2026-01-01,2026-09-20T12:00:00
S04627,Demo Garden Centre 04627,CHAIN02,Canadian Demo Retail Chain 02,Calgary,AB,CA,T2P 1J1,ST027,Calgary,4627,Salesperson 127,Retail,2026-01-01,2026-09-20T12:00:00
S04628,Demo Garden Centre 04628,CHAIN03,Canadian Demo Retail Chain 03,Edmonton,AB,CA,T5J 0N2,ST028,Edmonton,4628,Salesperson 128,Retail,2026-01-01,2026-09-20T12:00:00
S04629,Demo Garden Centre 04629,CHAIN04,Canadian Demo Retail Chain 04,Vancouver,BC,CA,V6B 2W3,ST029,Vancouver,4629,Salesperson 129,Retail,2026-01-01,2026-09-20T12:00:00
S04630,Demo Garden Centre 04630,CHAIN05,Canadian Demo Retail Chain 05,Victoria,BC,CA,V8W 1P4,ST030,Victoria,4630,Salesperson 130,Retail,2026-01-01,2026-09-20T12:00:00
S04631,Demo Garden Centre 04631,CHAIN06,Canadian Demo Retail Chain 06,Winnipeg,MB,CA,R3B 1C5,ST031,Winnipeg,4631,Salesperson 131,Retail,2026-01-01,2026-09-20T12:00:00
S04632,Demo Garden Centre 04632,CHAIN07,Canadian Demo Retail Chain 07,Fredericton,NB,CA,E3B 1B6,ST032,Fredericton,4632,Salesperson 132,Retail,2026-01-01,2026-09-20T12:00:00
S04633,Demo Garden Centre 04633,CHAIN08,Canadian Demo Retail Chain 08,St. John's,NL,CA,A1C 1B7,ST033,St. John's,4633,Salesperson 133,Retail,2026-01-01,2026-09-20T12:00:00
S04634,Demo Garden Centre 04634,CHAIN09,Canadian Demo Retail Chain 09,Halifax,NS,CA,B3J 1M8,ST034,Halifax,4634,Salesperson 134,Retail,2026-01-01,2026-09-20T12:00:00
S04635,Demo Garden Centre 04635,CHAIN10,Canadian Demo Retail Chain 10,Toronto,ON,CA,M5H 2N9,ST035,Toronto,4635,Salesperson 135,Retail,2026-01-01,2026-09-20T12:00:00
S04636,Demo Garden Centre 04636,CHAIN11,Canadian Demo Retail Chain 11,Ottawa,ON,CA,K1P 1J1,ST036,Ottawa,4636,Salesperson 136,Retail,2026-01-01,2026-09-20T12:00:00
S04637,Demo Garden Centre 04637,CHAIN12,Canadian Demo Retail Chain 12,London,ON,CA,N6A 3K2,ST037,London,4637,Salesperson 137,Retail,2026-01-01,2026-09-20T12:00:00
S04638,Demo Garden Centre 04638,CHAIN13,Canadian Demo Retail Chain 13,Thunder Bay,ON,CA,P7B 5E3,ST038,Thunder Bay,4638,Salesperson 138,Retail,2026-01-01,2026-09-20T12:00:00
S04639,Demo Garden Centre 04639,CHAIN14,Canadian Demo Retail Chain 14,Charlottetown,PE,CA,C1A 1A4,ST039,Charlottetown,4639,Salesperson 139,Retail,2026-01-01,2026-09-20T12:00:00
S04640,Demo Garden Centre 04640,CHAIN15,Canadian Demo Retail Chain 15,Montreal,QC,CA,H2Y 1C5,ST040,Montreal,4640,Salesperson 140,Retail,2026-01-01,2026-09-20T12:00:00
S04641,Demo Garden Centre 04641,CHAIN16,Canadian Demo Retail Chain 16,Quebec City,QC,CA,G1R 4P6,ST041,Quebec City,4641,Salesperson 141,Retail,2026-01-01,2026-09-20T12:00:00
S04642,Demo Garden Centre 04642,CHAIN17,Canadian Demo Retail Chain 17,Saskatoon,SK,CA,S7K 1J7,ST042,Saskatoon,4642,Salesperson 142,Retail,2026-01-01,2026-09-20T12:00:00
S04643,Demo Garden Centre 04643,CHAIN18,Canadian Demo Retail Chain 18,Regina,SK,CA,S4P 3Y8,ST043,Regina,4643,Salesperson 143,Retail,2026-01-01,2026-09-20T12:00:00
S04644,Demo Garden Centre 04644,CHAIN19,Canadian Demo Retail Chain 19,Whitehorse,YT,CA,Y1A 2C9,ST044,Whitehorse,4644,Salesperson 144,Retail,2026-01-01,2026-09-20T12:00:00
S04645,Demo Garden Centre 04645,CHAIN20,Canadian Demo Retail Chain 20,Calgary,AB,CA,T2P 1J1,ST045,Calgary,4645,Salesperson 145,Retail,2026-01-01,2026-09-20T12:00:00
S04646,Demo Garden Centre 04646,CHAIN21,Canadian Demo Retail Chain 21,Edmonton,AB,CA,T5J 0N2,ST046,Edmonton,4646,Salesperson 146,Retail,2026-01-01,2026-09-20T12:00:00
S04647,Demo Garden Centre 04647,CHAIN22,Canadian Demo Retail Chain 22,Vancouver,BC,CA,V6B 2W3,ST047,Vancouver,4647,Salesperson 147,Retail,2026-01-01,2026-09-20T12:00:00
S04648,Demo Garden Centre 04648,CHAIN23,Canadian Demo Retail Chain 23,Victoria,BC,CA,V8W 1P4,ST048,Victoria,4648,Salesperson 148,Retail,2026-01-01,2026-09-20T12:00:00
S04649,Demo Garden Centre 04649,CHAIN24,Canadian Demo Retail Chain 24,Winnipeg,MB,CA,R3B 1C5,ST049,Winnipeg,4649,Salesperson 149,Retail,2026-01-01,2026-09-20T12:00:00
S04650,Demo Garden Centre 04650,CHAIN25,Canadian Demo Retail Chain 25,Fredericton,NB,CA,E3B 1B6,ST050,Fredericton,4650,Salesperson 150,Retail,2026-01-01,2026-09-20T12:00:00
S04651,Demo Garden Centre 04651,CHAIN01,Canadian Demo Retail Chain 01,St. John's,NL,CA,A1C 1B7,ST051,St. John's,4651,Salesperson 151,Retail,2026-01-01,2026-09-20T12:00:00
S04652,Demo Garden Centre 04652,CHAIN02,Canadian Demo Retail Chain 02,Halifax,NS,CA,B3J 1M8,ST052,Halifax,4652,Salesperson 152,Retail,2026-01-01,2026-09-20T12:00:00
S04653,Demo Garden Centre 04653,CHAIN03,Canadian Demo Retail Chain 03,Toronto,ON,CA,M5H 2N9,ST053,Toronto,4653,Salesperson 153,Retail,2026-01-01,2026-09-20T12:00:00
S04654,Demo Garden Centre 04654,CHAIN04,Canadian Demo Retail Chain 04,Ottawa,ON,CA,K1P 1J1,ST054,Ottawa,4654,Salesperson 154,Retail,2026-01-01,2026-09-20T12:00:00
S04655,Demo Garden Centre 04655,CHAIN05,Canadian Demo Retail Chain 05,London,ON,CA,N6A 3K2,ST055,London,4655,Salesperson 155,Retail,2026-01-01,2026-09-20T12:00:00
S04656,Demo Garden Centre 04656,CHAIN06,Canadian Demo Retail Chain 06,Thunder Bay,ON,CA,P7B 5E3,ST056,Thunder Bay,4656,Salesperson 156,Retail,2026-01-01,2026-09-20T12:00:00
S04657,Demo Garden Centre 04657,CHAIN07,Canadian Demo Retail Chain 07,Charlottetown,PE,CA,C1A 1A4,ST057,Charlottetown,4657,Salesperson 157,Retail,2026-01-01,2026-09-20T12:00:00
S04658,Demo Garden Centre 04658,CHAIN08,Canadian Demo Retail Chain 08,Montreal,QC,CA,H2Y 1C5,ST058,Montreal,4658,Salesperson 158,Retail,2026-01-01,2026-09-20T12:00:00
S04659,Demo Garden Centre 04659,CHAIN09,Canadian Demo Retail Chain 09,Quebec City,QC,CA,G1R 4P6,ST059,Quebec City,4659,Salesperson 159,Retail,2026-01-01,2026-09-20T12:00:00
S04660,Demo Garden Centre 04660,CHAIN10,Canadian Demo Retail Chain 10,Saskatoon,SK,CA,S7K 1J7,ST060,Saskatoon,4660,Salesperson 160,Retail,2026-01-01,2026-09-20T12:00:00
S04661,Demo Garden Centre 04661,CHAIN11,Canadian Demo Retail Chain 11,Regina,SK,CA,S4P 3Y8,ST061,Regina,4661,Salesperson 161,Retail,2026-01-01,2026-09-20T12:00:00
S04662,Demo Garden Centre 04662,CHAIN12,Canadian Demo Retail Chain 12,Whitehorse,YT,CA,Y1A 2C9,ST062,Whitehorse,4662,Salesperson 162,Retail,2026-01-01,2026-09-20T12:00:00
S04663,Demo Garden Centre 04663,CHAIN13,Canadian Demo Retail Chain 13,Calgary,AB,CA,T2P 1J1,ST063,Calgary,4663,Salesperson 163,Retail,2026-01-01,2026-09-20T12:00:00
S04664,Demo Garden Centre 04664,CHAIN14,Canadian Demo Retail Chain 14,Edmonton,AB,CA,T5J 0N2,ST064,Edmonton,4664,Salesperson 164,Retail,2026-01-01,2026-09-20T12:00:00
S04665,Demo Garden Centre 04665,CHAIN15,Canadian Demo Retail Chain 15,Vancouver,BC,CA,V6B 2W3,ST065,Vancouver,4665,Salesperson 165,Retail,2026-01-01,2026-09-20T12:00:00
S04666,Demo Garden Centre 04666,CHAIN16,Canadian Demo Retail Chain 16,Victoria,BC,CA,V8W 1P4,ST066,Victoria,4666,Salesperson 166,Retail,2026-01-01,2026-09-20T12:00:00
S04667,Demo Garden Centre 04667,CHAIN17,Canadian Demo Retail Chain 17,Winnipeg,MB,CA,R3B 1C5,ST067,Winnipeg,4667,Salesperson 167,Retail,2026-01-01,2026-09-20T12:00:00
S04668,Demo Garden Centre 04668,CHAIN18,Canadian Demo Retail Chain 18,Fredericton,NB,CA,E3B 1B6,ST068,Fredericton,4668,Salesperson 168,Retail,2026-01-01,2026-09-20T12:00:00
S04669,Demo Garden Centre 04669,CHAIN19,Canadian Demo Retail Chain 19,St. John's,NL,CA,A1C 1B7,ST069,St. John's,4669,Salesperson 169,Retail,2026-01-01,2026-09-20T12:00:00
S04670,Demo Garden Centre 04670,CHAIN20,Canadian Demo Retail Chain 20,Halifax,NS,CA,B3J 1M8,ST070,Halifax,4670,Salesperson 170,Retail,2026-01-01,2026-09-20T12:00:00
S04671,Demo Garden Centre 04671,CHAIN21,Canadian Demo Retail Chain 21,Toronto,ON,CA,M5H 2N9,ST071,Toronto,4671,Salesperson 171,Retail,2026-01-01,2026-09-20T12:00:00
S04672,Demo Garden Centre 04672,CHAIN22,Canadian Demo Retail Chain 22,Ottawa,ON,CA,K1P 1J1,ST072,Ottawa,4672,Salesperson 172,Retail,2026-01-01,2026-09-20T12:00:00
S04673,Demo Garden Centre 04673,CHAIN23,Canadian Demo Retail Chain 23,London,ON,CA,N6A 3K2,ST073,London,4673,Salesperson 173,Retail,2026-01-01,2026-09-20T12:00:00
S04674,Demo Garden Centre 04674,CHAIN24,Canadian Demo Retail Chain 24,Thunder Bay,ON,CA,P7B 5E3,ST074,Thunder Bay,4674,Salesperson 174,Retail,2026-01-01,2026-09-20T12:00:00
S04675,Demo Garden Centre 04675,CHAIN25,Canadian Demo Retail Chain 25,Charlottetown,PE,CA,C1A 1A4,ST075,Charlottetown,4675,Salesperson 175,Retail,2026-01-01,2026-09-20T12:00:00
S04676,Demo Garden Centre 04676,CHAIN01,Canadian Demo Retail Chain 01,Montreal,QC,CA,H2Y 1C5,ST076,Montreal,4676,Salesperson 176,Retail,2026-01-01,2026-09-20T12:00:00
S04677,Demo Garden Centre 04677,CHAIN02,Canadian Demo Retail Chain 02,Quebec City,QC,CA,G1R 4P6,ST077,Quebec City,4677,Salesperson 177,Retail,2026-01-01,2026-09-20T12:00:00
S04678,Demo Garden Centre 04678,CHAIN03,Canadian Demo Retail Chain 03,Saskatoon,SK,CA,S7K 1J7,ST078,Saskatoon,4678,Salesperson 178,Retail,2026-01-01,2026-09-20T12:00:00
S04679,Demo Garden Centre 04679,CHAIN04,Canadian Demo Retail Chain 04,Regina,SK,CA,S4P 3Y8,ST079,Regina,4679,Salesperson 179,Retail,2026-01-01,2026-09-20T12:00:00
S04680,Demo Garden Centre 04680,CHAIN05,Canadian Demo Retail Chain 05,Whitehorse,YT,CA,Y1A 2C9,ST080,Whitehorse,4680,Salesperson 180,Retail,2026-01-01,2026-09-20T12:00:00
S04681,Demo Garden Centre 04681,CHAIN06,Canadian Demo Retail Chain 06,Calgary,AB,CA,T2P 1J1,ST081,Calgary,4681,Salesperson 181,Retail,2026-01-01,2026-09-20T12:00:00
S04682,Demo Garden Centre 04682,CHAIN07,Canadian Demo Retail Chain 07,Edmonton,AB,CA,T5J 0N2,ST082,Edmonton,4682,Salesperson 182,Retail,2026-01-01,2026-09-20T12:00:00
S04683,Demo Garden Centre 04683,CHAIN08,Canadian Demo Retail Chain 08,Vancouver,BC,CA,V6B 2W3,ST083,Vancouver,4683,Salesperson 183,Retail,2026-01-01,2026-09-20T12:00:00
S04684,Demo Garden Centre 04684,CHAIN09,Canadian Demo Retail Chain 09,Victoria,BC,CA,V8W 1P4,ST084,Victoria,4684,Salesperson 184,Retail,2026-01-01,2026-09-20T12:00:00
S04685,Demo Garden Centre 04685,CHAIN10,Canadian Demo Retail Chain 10,Winnipeg,MB,CA,R3B 1C5,ST085,Winnipeg,4685,Salesperson 185,Retail,2026-01-01,2026-09-20T12:00:00
S04686,Demo Garden Centre 04686,CHAIN11,Canadian Demo Retail Chain 11,Fredericton,NB,CA,E3B 1B6,ST086,Fredericton,4686,Salesperson 186,Retail,2026-01-01,2026-09-20T12:00:00
S04687,Demo Garden Centre 04687,CHAIN12,Canadian Demo Retail Chain 12,St. John's,NL,CA,A1C 1B7,ST087,St. John's,4687,Salesperson 187,Retail,2026-01-01,2026-09-20T12:00:00
S04688,Demo Garden Centre 04688,CHAIN13,Canadian Demo Retail Chain 13,Halifax,NS,CA,B3J 1M8,ST088,Halifax,4688,Salesperson 188,Retail,2026-01-01,2026-09-20T12:00:00
S04689,Demo Garden Centre 04689,CHAIN14,Canadian Demo Retail Chain 14,Toronto,ON,CA,M5H 2N9,ST089,Toronto,4689,Salesperson 189,Retail,2026-01-01,2026-09-20T12:00:00
S04690,Demo Garden Centre 04690,CHAIN15,Canadian Demo Retail Chain 15,Ottawa,ON,CA,K1P 1J1,ST090,Ottawa,4690,Salesperson 190,Retail,2026-01-01,2026-09-20T12:00:00
S04691,Demo Garden Centre 04691,CHAIN16,Canadian Demo Retail Chain 16,London,ON,CA,N6A 3K2,ST091,London,4691,Salesperson 191,Retail,2026-01-01,2026-09-20T12:00:00
S04692,Demo Garden Centre 04692,CHAIN17,Canadian Demo Retail Chain 17,Thunder Bay,ON,CA,P7B 5E3,ST092,Thunder Bay,4692,Salesperson 192,Retail,2026-01-01,2026-09-20T12:00:00
S04693,Demo Garden Centre 04693,CHAIN18,Canadian Demo Retail Chain 18,Charlottetown,PE,CA,C1A 1A4,ST093,Charlottetown,4693,Salesperson 193,Retail,2026-01-01,2026-09-20T12:00:00
S04694,Demo Garden Centre 04694,CHAIN19,Canadian Demo Retail Chain 19,Montreal,QC,CA,H2Y 1C5,ST094,Montreal,4694,Salesperson 194,Retail,2026-01-01,2026-09-20T12:00:00
S04695,Demo Garden Centre 04695,CHAIN20,Canadian Demo Retail Chain 20,Quebec City,QC,CA,G1R 4P6,ST095,Quebec City,4695,Salesperson 195,Retail,2026-01-01,2026-09-20T12:00:00
S04696,Demo Garden Centre 04696,CHAIN21,Canadian Demo Retail Chain 21,Saskatoon,SK,CA,S7K 1J7,ST096,Saskatoon,4696,Salesperson 196,Retail,2026-01-01,2026-09-20T12:00:00
S04697,Demo Garden Centre 04697,CHAIN22,Canadian Demo Retail Chain 22,Regina,SK,CA,S4P 3Y8,ST097,Regina,4697,Salesperson 197,Retail,2026-01-01,2026-09-20T12:00:00
S04698,Demo Garden Centre 04698,CHAIN23,Canadian Demo Retail Chain 23,Whitehorse,YT,CA,Y1A 2C9,ST098,Whitehorse,4698,Salesperson 198,Retail,2026-01-01,2026-09-20T12:00:00
S04699,Demo Garden Centre 04699,CHAIN24,Canadian Demo Retail Chain 24,Calgary,AB,CA,T2P 1J1,ST099,Calgary,4699,Salesperson 199,Retail,2026-01-01,2026-09-20T12:00:00
S04700,Demo Garden Centre 04700,CHAIN25,Canadian Demo Retail Chain 25,Edmonton,AB,CA,T5J 0N2,ST100,Edmonton,4700,Salesperson 200,Retail,2026-01-01,2026-09-20T12:00:00
S04701,Demo Garden Centre 04701,CHAIN01,Canadian Demo Retail Chain 01,Vancouver,BC,CA,V6B 2W3,ST001,Vancouver,4701,Salesperson 201,Retail,2026-01-01,2026-09-20T12:00:00
S04702,Demo Garden Centre 04702,CHAIN02,Canadian Demo Retail Chain 02,Victoria,BC,CA,V8W 1P4,ST002,Victoria,4702,Salesperson 202,Retail,2026-01-01,2026-09-20T12:00:00
S04703,Demo Garden Centre 04703,CHAIN03,Canadian Demo Retail Chain 03,Winnipeg,MB,CA,R3B 1C5,ST003,Winnipeg,4703,Salesperson 203,Retail,2026-01-01,2026-09-20T12:00:00
S04704,Demo Garden Centre 04704,CHAIN04,Canadian Demo Retail Chain 04,Fredericton,NB,CA,E3B 1B6,ST004,Fredericton,4704,Salesperson 204,Retail,2026-01-01,2026-09-20T12:00:00
S04705,Demo Garden Centre 04705,CHAIN05,Canadian Demo Retail Chain 05,St. John's,NL,CA,A1C 1B7,ST005,St. John's,4705,Salesperson 205,Retail,2026-01-01,2026-09-20T12:00:00
S04706,Demo Garden Centre 04706,CHAIN06,Canadian Demo Retail Chain 06,Halifax,NS,CA,B3J 1M8,ST006,Halifax,4706,Salesperson 206,Retail,2026-01-01,2026-09-20T12:00:00
S04707,Demo Garden Centre 04707,CHAIN07,Canadian Demo Retail Chain 07,Toronto,ON,CA,M5H 2N9,ST007,Toronto,4707,Salesperson 207,Retail,2026-01-01,2026-09-20T12:00:00
S04708,Demo Garden Centre 04708,CHAIN08,Canadian Demo Retail Chain 08,Ottawa,ON,CA,K1P 1J1,ST008,Ottawa,4708,Salesperson 208,Retail,2026-01-01,2026-09-20T12:00:00
S04709,Demo Garden Centre 04709,CHAIN09,Canadian Demo Retail Chain 09,London,ON,CA,N6A 3K2,ST009,London,4709,Salesperson 209,Retail,2026-01-01,2026-09-20T12:00:00
S04710,Demo Garden Centre 04710,CHAIN10,Canadian Demo Retail Chain 10,Thunder Bay,ON,CA,P7B 5E3,ST010,Thunder Bay,4710,Salesperson 210,Retail,2026-01-01,2026-09-20T12:00:00
S04711,Demo Garden Centre 04711,CHAIN11,Canadian Demo Retail Chain 11,Charlottetown,PE,CA,C1A 1A4,ST011,Charlottetown,4711,Salesperson 211,Retail,2026-01-01,2026-09-20T12:00:00
S04712,Demo Garden Centre 04712,CHAIN12,Canadian Demo Retail Chain 12,Montreal,QC,CA,H2Y 1C5,ST012,Montreal,4712,Salesperson 212,Retail,2026-01-01,2026-09-20T12:00:00
S04713,Demo Garden Centre 04713,CHAIN13,Canadian Demo Retail Chain 13,Quebec City,QC,CA,G1R 4P6,ST013,Quebec City,4713,Salesperson 213,Retail,2026-01-01,2026-09-20T12:00:00
S04714,Demo Garden Centre 04714,CHAIN14,Canadian Demo Retail Chain 14,Saskatoon,SK,CA,S7K 1J7,ST014,Saskatoon,4714,Salesperson 214,Retail,2026-01-01,2026-09-20T12:00:00
S04715,Demo Garden Centre 04715,CHAIN15,Canadian Demo Retail Chain 15,Regina,SK,CA,S4P 3Y8,ST015,Regina,4715,Salesperson 215,Retail,2026-01-01,2026-09-20T12:00:00
S04716,Demo Garden Centre 04716,CHAIN16,Canadian Demo Retail Chain 16,Whitehorse,YT,CA,Y1A 2C9,ST016,Whitehorse,4716,Salesperson 216,Retail,2026-01-01,2026-09-20T12:00:00
S04717,Demo Garden Centre 04717,CHAIN17,Canadian Demo Retail Chain 17,Calgary,AB,CA,T2P 1J1,ST017,Calgary,4717,Salesperson 217,Retail,2026-01-01,2026-09-20T12:00:00
S04718,Demo Garden Centre 04718,CHAIN18,Canadian Demo Retail Chain 18,Edmonton,AB,CA,T5J 0N2,ST018,Edmonton,4718,Salesperson 218,Retail,2026-01-01,2026-09-20T12:00:00
S04719,Demo Garden Centre 04719,CHAIN19,Canadian Demo Retail Chain 19,Vancouver,BC,CA,V6B 2W3,ST019,Vancouver,4719,Salesperson 219,Retail,2026-01-01,2026-09-20T12:00:00
S04720,Demo Garden Centre 04720,CHAIN20,Canadian Demo Retail Chain 20,Victoria,BC,CA,V8W 1P4,ST020,Victoria,4720,Salesperson 220,Retail,2026-01-01,2026-09-20T12:00:00
S04721,Demo Garden Centre 04721,CHAIN21,Canadian Demo Retail Chain 21,Winnipeg,MB,CA,R3B 1C5,ST021,Winnipeg,4721,Salesperson 221,Retail,2026-01-01,2026-09-20T12:00:00
S04722,Demo Garden Centre 04722,CHAIN22,Canadian Demo Retail Chain 22,Fredericton,NB,CA,E3B 1B6,ST022,Fredericton,4722,Salesperson 222,Retail,2026-01-01,2026-09-20T12:00:00
S04723,Demo Garden Centre 04723,CHAIN23,Canadian Demo Retail Chain 23,St. John's,NL,CA,A1C 1B7,ST023,St. John's,4723,Salesperson 223,Retail,2026-01-01,2026-09-20T12:00:00
S04724,Demo Garden Centre 04724,CHAIN24,Canadian Demo Retail Chain 24,Halifax,NS,CA,B3J 1M8,ST024,Halifax,4724,Salesperson 224,Retail,2026-01-01,2026-09-20T12:00:00
S04725,Demo Garden Centre 04725,CHAIN25,Canadian Demo Retail Chain 25,Toronto,ON,CA,M5H 2N9,ST025,Toronto,4725,Salesperson 225,Retail,2026-01-01,2026-09-20T12:00:00
S04726,Demo Garden Centre 04726,CHAIN01,Canadian Demo Retail Chain 01,Ottawa,ON,CA,K1P 1J1,ST026,Ottawa,4726,Salesperson 226,Retail,2026-01-01,2026-09-20T12:00:00
S04727,Demo Garden Centre 04727,CHAIN02,Canadian Demo Retail Chain 02,London,ON,CA,N6A 3K2,ST027,London,4727,Salesperson 227,Retail,2026-01-01,2026-09-20T12:00:00
S04728,Demo Garden Centre 04728,CHAIN03,Canadian Demo Retail Chain 03,Thunder Bay,ON,CA,P7B 5E3,ST028,Thunder Bay,4728,Salesperson 228,Retail,2026-01-01,2026-09-20T12:00:00
S04729,Demo Garden Centre 04729,CHAIN04,Canadian Demo Retail Chain 04,Charlottetown,PE,CA,C1A 1A4,ST029,Charlottetown,4729,Salesperson 229,Retail,2026-01-01,2026-09-20T12:00:00
S04730,Demo Garden Centre 04730,CHAIN05,Canadian Demo Retail Chain 05,Montreal,QC,CA,H2Y 1C5,ST030,Montreal,4730,Salesperson 230,Retail,2026-01-01,2026-09-20T12:00:00
S04731,Demo Garden Centre 04731,CHAIN06,Canadian Demo Retail Chain 06,Quebec City,QC,CA,G1R 4P6,ST031,Quebec City,4731,Salesperson 231,Retail,2026-01-01,2026-09-20T12:00:00
S04732,Demo Garden Centre 04732,CHAIN07,Canadian Demo Retail Chain 07,Saskatoon,SK,CA,S7K 1J7,ST032,Saskatoon,4732,Salesperson 232,Retail,2026-01-01,2026-09-20T12:00:00
S04733,Demo Garden Centre 04733,CHAIN08,Canadian Demo Retail Chain 08,Regina,SK,CA,S4P 3Y8,ST033,Regina,4733,Salesperson 233,Retail,2026-01-01,2026-09-20T12:00:00
S04734,Demo Garden Centre 04734,CHAIN09,Canadian Demo Retail Chain 09,Whitehorse,YT,CA,Y1A 2C9,ST034,Whitehorse,4734,Salesperson 234,Retail,2026-01-01,2026-09-20T12:00:00
S04735,Demo Garden Centre 04735,CHAIN10,Canadian Demo Retail Chain 10,Calgary,AB,CA,T2P 1J1,ST035,Calgary,4735,Salesperson 235,Retail,2026-01-01,2026-09-20T12:00:00
S04736,Demo Garden Centre 04736,CHAIN11,Canadian Demo Retail Chain 11,Edmonton,AB,CA,T5J 0N2,ST036,Edmonton,4736,Salesperson 236,Retail,2026-01-01,2026-09-20T12:00:00
S04737,Demo Garden Centre 04737,CHAIN12,Canadian Demo Retail Chain 12,Vancouver,BC,CA,V6B 2W3,ST037,Vancouver,4737,Salesperson 237,Retail,2026-01-01,2026-09-20T12:00:00
S04738,Demo Garden Centre 04738,CHAIN13,Canadian Demo Retail Chain 13,Victoria,BC,CA,V8W 1P4,ST038,Victoria,4738,Salesperson 238,Retail,2026-01-01,2026-09-20T12:00:00
S04739,Demo Garden Centre 04739,CHAIN14,Canadian Demo Retail Chain 14,Winnipeg,MB,CA,R3B 1C5,ST039,Winnipeg,4739,Salesperson 239,Retail,2026-01-01,2026-09-20T12:00:00
S04740,Demo Garden Centre 04740,CHAIN15,Canadian Demo Retail Chain 15,Fredericton,NB,CA,E3B 1B6,ST040,Fredericton,4740,Salesperson 240,Retail,2026-01-01,2026-09-20T12:00:00
S04741,Demo Garden Centre 04741,CHAIN16,Canadian Demo Retail Chain 16,St. John's,NL,CA,A1C 1B7,ST041,St. John's,4741,Salesperson 241,Retail,2026-01-01,2026-09-20T12:00:00
S04742,Demo Garden Centre 04742,CHAIN17,Canadian Demo Retail Chain 17,Halifax,NS,CA,B3J 1M8,ST042,Halifax,4742,Salesperson 242,Retail,2026-01-01,2026-09-20T12:00:00
S04743,Demo Garden Centre 04743,CHAIN18,Canadian Demo Retail Chain 18,Toronto,ON,CA,M5H 2N9,ST043,Toronto,4743,Salesperson 243,Retail,2026-01-01,2026-09-20T12:00:00
S04744,Demo Garden Centre 04744,CHAIN19,Canadian Demo Retail Chain 19,Ottawa,ON,CA,K1P 1J1,ST044,Ottawa,4744,Salesperson 244,Retail,2026-01-01,2026-09-20T12:00:00
S04745,Demo Garden Centre 04745,CHAIN20,Canadian Demo Retail Chain 20,London,ON,CA,N6A 3K2,ST045,London,4745,Salesperson 245,Retail,2026-01-01,2026-09-20T12:00:00
S04746,Demo Garden Centre 04746,CHAIN21,Canadian Demo Retail Chain 21,Thunder Bay,ON,CA,P7B 5E3,ST046,Thunder Bay,4746,Salesperson 246,Retail,2026-01-01,2026-09-20T12:00:00
S04747,Demo Garden Centre 04747,CHAIN22,Canadian Demo Retail Chain 22,Charlottetown,PE,CA,C1A 1A4,ST047,Charlottetown,4747,Salesperson 247,Retail,2026-01-01,2026-09-20T12:00:00
S04748,Demo Garden Centre 04748,CHAIN23,Canadian Demo Retail Chain 23,Montreal,QC,CA,H2Y 1C5,ST048,Montreal,4748,Salesperson 248,Retail,2026-01-01,2026-09-20T12:00:00
S04749,Demo Garden Centre 04749,CHAIN24,Canadian Demo Retail Chain 24,Quebec City,QC,CA,G1R 4P6,ST049,Quebec City,4749,Salesperson 249,Retail,2026-01-01,2026-09-20T12:00:00
S04750,Demo Garden Centre 04750,CHAIN25,Canadian Demo Retail Chain 25,Saskatoon,SK,CA,S7K 1J7,ST050,Saskatoon,4750,Salesperson 250,Retail,2026-01-01,2026-09-20T12:00:00
S04751,Demo Garden Centre 04751,CHAIN01,Canadian Demo Retail Chain 01,Regina,SK,CA,S4P 3Y8,ST051,Regina,4751,Salesperson 001,Retail,2026-01-01,2026-09-20T12:00:00
S04752,Demo Garden Centre 04752,CHAIN02,Canadian Demo Retail Chain 02,Whitehorse,YT,CA,Y1A 2C9,ST052,Whitehorse,4752,Salesperson 002,Retail,2026-01-01,2026-09-20T12:00:00
S04753,Demo Garden Centre 04753,CHAIN03,Canadian Demo Retail Chain 03,Calgary,AB,CA,T2P 1J1,ST053,Calgary,4753,Salesperson 003,Retail,2026-01-01,2026-09-20T12:00:00
S04754,Demo Garden Centre 04754,CHAIN04,Canadian Demo Retail Chain 04,Edmonton,AB,CA,T5J 0N2,ST054,Edmonton,4754,Salesperson 004,Retail,2026-01-01,2026-09-20T12:00:00
S04755,Demo Garden Centre 04755,CHAIN05,Canadian Demo Retail Chain 05,Vancouver,BC,CA,V6B 2W3,ST055,Vancouver,4755,Salesperson 005,Retail,2026-01-01,2026-09-20T12:00:00
S04756,Demo Garden Centre 04756,CHAIN06,Canadian Demo Retail Chain 06,Victoria,BC,CA,V8W 1P4,ST056,Victoria,4756,Salesperson 006,Retail,2026-01-01,2026-09-20T12:00:00
S04757,Demo Garden Centre 04757,CHAIN07,Canadian Demo Retail Chain 07,Winnipeg,MB,CA,R3B 1C5,ST057,Winnipeg,4757,Salesperson 007,Retail,2026-01-01,2026-09-20T12:00:00
S04758,Demo Garden Centre 04758,CHAIN08,Canadian Demo Retail Chain 08,Fredericton,NB,CA,E3B 1B6,ST058,Fredericton,4758,Salesperson 008,Retail,2026-01-01,2026-09-20T12:00:00
S04759,Demo Garden Centre 04759,CHAIN09,Canadian Demo Retail Chain 09,St. John's,NL,CA,A1C 1B7,ST059,St. John's,4759,Salesperson 009,Retail,2026-01-01,2026-09-20T12:00:00
S04760,Demo Garden Centre 04760,CHAIN10,Canadian Demo Retail Chain 10,Halifax,NS,CA,B3J 1M8,ST060,Halifax,4760,Salesperson 010,Retail,2026-01-01,2026-09-20T12:00:00
S04761,Demo Garden Centre 04761,CHAIN11,Canadian Demo Retail Chain 11,Toronto,ON,CA,M5H 2N9,ST061,Toronto,4761,Salesperson 011,Retail,2026-01-01,2026-09-20T12:00:00
S04762,Demo Garden Centre 04762,CHAIN12,Canadian Demo Retail Chain 12,Ottawa,ON,CA,K1P 1J1,ST062,Ottawa,4762,Salesperson 012,Retail,2026-01-01,2026-09-20T12:00:00
S04763,Demo Garden Centre 04763,CHAIN13,Canadian Demo Retail Chain 13,London,ON,CA,N6A 3K2,ST063,London,4763,Salesperson 013,Retail,2026-01-01,2026-09-20T12:00:00
S04764,Demo Garden Centre 04764,CHAIN14,Canadian Demo Retail Chain 14,Thunder Bay,ON,CA,P7B 5E3,ST064,Thunder Bay,4764,Salesperson 014,Retail,2026-01-01,2026-09-20T12:00:00
S04765,Demo Garden Centre 04765,CHAIN15,Canadian Demo Retail Chain 15,Charlottetown,PE,CA,C1A 1A4,ST065,Charlottetown,4765,Salesperson 015,Retail,2026-01-01,2026-09-20T12:00:00
S04766,Demo Garden Centre 04766,CHAIN16,Canadian Demo Retail Chain 16,Montreal,QC,CA,H2Y 1C5,ST066,Montreal,4766,Salesperson 016,Retail,2026-01-01,2026-09-20T12:00:00
S04767,Demo Garden Centre 04767,CHAIN17,Canadian Demo Retail Chain 17,Quebec City,QC,CA,G1R 4P6,ST067,Quebec City,4767,Salesperson 017,Retail,2026-01-01,2026-09-20T12:00:00
S04768,Demo Garden Centre 04768,CHAIN18,Canadian Demo Retail Chain 18,Saskatoon,SK,CA,S7K 1J7,ST068,Saskatoon,4768,Salesperson 018,Retail,2026-01-01,2026-09-20T12:00:00
S04769,Demo Garden Centre 04769,CHAIN19,Canadian Demo Retail Chain 19,Regina,SK,CA,S4P 3Y8,ST069,Regina,4769,Salesperson 019,Retail,2026-01-01,2026-09-20T12:00:00
S04770,Demo Garden Centre 04770,CHAIN20,Canadian Demo Retail Chain 20,Whitehorse,YT,CA,Y1A 2C9,ST070,Whitehorse,4770,Salesperson 020,Retail,2026-01-01,2026-09-20T12:00:00
S04771,Demo Garden Centre 04771,CHAIN21,Canadian Demo Retail Chain 21,Calgary,AB,CA,T2P 1J1,ST071,Calgary,4771,Salesperson 021,Retail,2026-01-01,2026-09-20T12:00:00
S04772,Demo Garden Centre 04772,CHAIN22,Canadian Demo Retail Chain 22,Edmonton,AB,CA,T5J 0N2,ST072,Edmonton,4772,Salesperson 022,Retail,2026-01-01,2026-09-20T12:00:00
S04773,Demo Garden Centre 04773,CHAIN23,Canadian Demo Retail Chain 23,Vancouver,BC,CA,V6B 2W3,ST073,Vancouver,4773,Salesperson 023,Retail,2026-01-01,2026-09-20T12:00:00
S04774,Demo Garden Centre 04774,CHAIN24,Canadian Demo Retail Chain 24,Victoria,BC,CA,V8W 1P4,ST074,Victoria,4774,Salesperson 024,Retail,2026-01-01,2026-09-20T12:00:00
S04775,Demo Garden Centre 04775,CHAIN25,Canadian Demo Retail Chain 25,Winnipeg,MB,CA,R3B 1C5,ST075,Winnipeg,4775,Salesperson 025,Retail,2026-01-01,2026-09-20T12:00:00
S04776,Demo Garden Centre 04776,CHAIN01,Canadian Demo Retail Chain 01,Fredericton,NB,CA,E3B 1B6,ST076,Fredericton,4776,Salesperson 026,Retail,2026-01-01,2026-09-20T12:00:00
S04777,Demo Garden Centre 04777,CHAIN02,Canadian Demo Retail Chain 02,St. John's,NL,CA,A1C 1B7,ST077,St. John's,4777,Salesperson 027,Retail,2026-01-01,2026-09-20T12:00:00
S04778,Demo Garden Centre 04778,CHAIN03,Canadian Demo Retail Chain 03,Halifax,NS,CA,B3J 1M8,ST078,Halifax,4778,Salesperson 028,Retail,2026-01-01,2026-09-20T12:00:00
S04779,Demo Garden Centre 04779,CHAIN04,Canadian Demo Retail Chain 04,Toronto,ON,CA,M5H 2N9,ST079,Toronto,4779,Salesperson 029,Retail,2026-01-01,2026-09-20T12:00:00
S04780,Demo Garden Centre 04780,CHAIN05,Canadian Demo Retail Chain 05,Ottawa,ON,CA,K1P 1J1,ST080,Ottawa,4780,Salesperson 030,Retail,2026-01-01,2026-09-20T12:00:00
S04781,Demo Garden Centre 04781,CHAIN06,Canadian Demo Retail Chain 06,London,ON,CA,N6A 3K2,ST081,London,4781,Salesperson 031,Retail,2026-01-01,2026-09-20T12:00:00
S04782,Demo Garden Centre 04782,CHAIN07,Canadian Demo Retail Chain 07,Thunder Bay,ON,CA,P7B 5E3,ST082,Thunder Bay,4782,Salesperson 032,Retail,2026-01-01,2026-09-20T12:00:00
S04783,Demo Garden Centre 04783,CHAIN08,Canadian Demo Retail Chain 08,Charlottetown,PE,CA,C1A 1A4,ST083,Charlottetown,4783,Salesperson 033,Retail,2026-01-01,2026-09-20T12:00:00
S04784,Demo Garden Centre 04784,CHAIN09,Canadian Demo Retail Chain 09,Montreal,QC,CA,H2Y 1C5,ST084,Montreal,4784,Salesperson 034,Retail,2026-01-01,2026-09-20T12:00:00
S04785,Demo Garden Centre 04785,CHAIN10,Canadian Demo Retail Chain 10,Quebec City,QC,CA,G1R 4P6,ST085,Quebec City,4785,Salesperson 035,Retail,2026-01-01,2026-09-20T12:00:00
S04786,Demo Garden Centre 04786,CHAIN11,Canadian Demo Retail Chain 11,Saskatoon,SK,CA,S7K 1J7,ST086,Saskatoon,4786,Salesperson 036,Retail,2026-01-01,2026-09-20T12:00:00
S04787,Demo Garden Centre 04787,CHAIN12,Canadian Demo Retail Chain 12,Regina,SK,CA,S4P 3Y8,ST087,Regina,4787,Salesperson 037,Retail,2026-01-01,2026-09-20T12:00:00
S04788,Demo Garden Centre 04788,CHAIN13,Canadian Demo Retail Chain 13,Whitehorse,YT,CA,Y1A 2C9,ST088,Whitehorse,4788,Salesperson 038,Retail,2026-01-01,2026-09-20T12:00:00
S04789,Demo Garden Centre 04789,CHAIN14,Canadian Demo Retail Chain 14,Calgary,AB,CA,T2P 1J1,ST089,Calgary,4789,Salesperson 039,Retail,2026-01-01,2026-09-20T12:00:00
S04790,Demo Garden Centre 04790,CHAIN15,Canadian Demo Retail Chain 15,Edmonton,AB,CA,T5J 0N2,ST090,Edmonton,4790,Salesperson 040,Retail,2026-01-01,2026-09-20T12:00:00
S04791,Demo Garden Centre 04791,CHAIN16,Canadian Demo Retail Chain 16,Vancouver,BC,CA,V6B 2W3,ST091,Vancouver,4791,Salesperson 041,Retail,2026-01-01,2026-09-20T12:00:00
S04792,Demo Garden Centre 04792,CHAIN17,Canadian Demo Retail Chain 17,Victoria,BC,CA,V8W 1P4,ST092,Victoria,4792,Salesperson 042,Retail,2026-01-01,2026-09-20T12:00:00
S04793,Demo Garden Centre 04793,CHAIN18,Canadian Demo Retail Chain 18,Winnipeg,MB,CA,R3B 1C5,ST093,Winnipeg,4793,Salesperson 043,Retail,2026-01-01,2026-09-20T12:00:00
S04794,Demo Garden Centre 04794,CHAIN19,Canadian Demo Retail Chain 19,Fredericton,NB,CA,E3B 1B6,ST094,Fredericton,4794,Salesperson 044,Retail,2026-01-01,2026-09-20T12:00:00
S04795,Demo Garden Centre 04795,CHAIN20,Canadian Demo Retail Chain 20,St. John's,NL,CA,A1C 1B7,ST095,St. John's,4795,Salesperson 045,Retail,2026-01-01,2026-09-20T12:00:00
S04796,Demo Garden Centre 04796,CHAIN21,Canadian Demo Retail Chain 21,Halifax,NS,CA,B3J 1M8,ST096,Halifax,4796,Salesperson 046,Retail,2026-01-01,2026-09-20T12:00:00
S04797,Demo Garden Centre 04797,CHAIN22,Canadian Demo Retail Chain 22,Toronto,ON,CA,M5H 2N9,ST097,Toronto,4797,Salesperson 047,Retail,2026-01-01,2026-09-20T12:00:00
S04798,Demo Garden Centre 04798,CHAIN23,Canadian Demo Retail Chain 23,Ottawa,ON,CA,K1P 1J1,ST098,Ottawa,4798,Salesperson 048,Retail,2026-01-01,2026-09-20T12:00:00
S04799,Demo Garden Centre 04799,CHAIN24,Canadian Demo Retail Chain 24,London,ON,CA,N6A 3K2,ST099,London,4799,Salesperson 049,Retail,2026-01-01,2026-09-20T12:00:00
S04800,Demo Garden Centre 04800,CHAIN25,Canadian Demo Retail Chain 25,Thunder Bay,ON,CA,P7B 5E3,ST100,Thunder Bay,4800,Salesperson 050,Retail,2026-01-01,2026-09-20T12:00:00
S04801,Demo Garden Centre 04801,CHAIN01,Canadian Demo Retail Chain 01,Charlottetown,PE,CA,C1A 1A4,ST001,Charlottetown,4801,Salesperson 051,Retail,2026-01-01,2026-09-20T12:00:00
S04802,Demo Garden Centre 04802,CHAIN02,Canadian Demo Retail Chain 02,Montreal,QC,CA,H2Y 1C5,ST002,Montreal,4802,Salesperson 052,Retail,2026-01-01,2026-09-20T12:00:00
S04803,Demo Garden Centre 04803,CHAIN03,Canadian Demo Retail Chain 03,Quebec City,QC,CA,G1R 4P6,ST003,Quebec City,4803,Salesperson 053,Retail,2026-01-01,2026-09-20T12:00:00
S04804,Demo Garden Centre 04804,CHAIN04,Canadian Demo Retail Chain 04,Saskatoon,SK,CA,S7K 1J7,ST004,Saskatoon,4804,Salesperson 054,Retail,2026-01-01,2026-09-20T12:00:00
S04805,Demo Garden Centre 04805,CHAIN05,Canadian Demo Retail Chain 05,Regina,SK,CA,S4P 3Y8,ST005,Regina,4805,Salesperson 055,Retail,2026-01-01,2026-09-20T12:00:00
S04806,Demo Garden Centre 04806,CHAIN06,Canadian Demo Retail Chain 06,Whitehorse,YT,CA,Y1A 2C9,ST006,Whitehorse,4806,Salesperson 056,Retail,2026-01-01,2026-09-20T12:00:00
S04807,Demo Garden Centre 04807,CHAIN07,Canadian Demo Retail Chain 07,Calgary,AB,CA,T2P 1J1,ST007,Calgary,4807,Salesperson 057,Retail,2026-01-01,2026-09-20T12:00:00
S04808,Demo Garden Centre 04808,CHAIN08,Canadian Demo Retail Chain 08,Edmonton,AB,CA,T5J 0N2,ST008,Edmonton,4808,Salesperson 058,Retail,2026-01-01,2026-09-20T12:00:00
S04809,Demo Garden Centre 04809,CHAIN09,Canadian Demo Retail Chain 09,Vancouver,BC,CA,V6B 2W3,ST009,Vancouver,4809,Salesperson 059,Retail,2026-01-01,2026-09-20T12:00:00
S04810,Demo Garden Centre 04810,CHAIN10,Canadian Demo Retail Chain 10,Victoria,BC,CA,V8W 1P4,ST010,Victoria,4810,Salesperson 060,Retail,2026-01-01,2026-09-20T12:00:00
S04811,Demo Garden Centre 04811,CHAIN11,Canadian Demo Retail Chain 11,Winnipeg,MB,CA,R3B 1C5,ST011,Winnipeg,4811,Salesperson 061,Retail,2026-01-01,2026-09-20T12:00:00
S04812,Demo Garden Centre 04812,CHAIN12,Canadian Demo Retail Chain 12,Fredericton,NB,CA,E3B 1B6,ST012,Fredericton,4812,Salesperson 062,Retail,2026-01-01,2026-09-20T12:00:00
S04813,Demo Garden Centre 04813,CHAIN13,Canadian Demo Retail Chain 13,St. John's,NL,CA,A1C 1B7,ST013,St. John's,4813,Salesperson 063,Retail,2026-01-01,2026-09-20T12:00:00
S04814,Demo Garden Centre 04814,CHAIN14,Canadian Demo Retail Chain 14,Halifax,NS,CA,B3J 1M8,ST014,Halifax,4814,Salesperson 064,Retail,2026-01-01,2026-09-20T12:00:00
S04815,Demo Garden Centre 04815,CHAIN15,Canadian Demo Retail Chain 15,Toronto,ON,CA,M5H 2N9,ST015,Toronto,4815,Salesperson 065,Retail,2026-01-01,2026-09-20T12:00:00
S04816,Demo Garden Centre 04816,CHAIN16,Canadian Demo Retail Chain 16,Ottawa,ON,CA,K1P 1J1,ST016,Ottawa,4816,Salesperson 066,Retail,2026-01-01,2026-09-20T12:00:00
S04817,Demo Garden Centre 04817,CHAIN17,Canadian Demo Retail Chain 17,London,ON,CA,N6A 3K2,ST017,London,4817,Salesperson 067,Retail,2026-01-01,2026-09-20T12:00:00
S04818,Demo Garden Centre 04818,CHAIN18,Canadian Demo Retail Chain 18,Thunder Bay,ON,CA,P7B 5E3,ST018,Thunder Bay,4818,Salesperson 068,Retail,2026-01-01,2026-09-20T12:00:00
S04819,Demo Garden Centre 04819,CHAIN19,Canadian Demo Retail Chain 19,Charlottetown,PE,CA,C1A 1A4,ST019,Charlottetown,4819,Salesperson 069,Retail,2026-01-01,2026-09-20T12:00:00
S04820,Demo Garden Centre 04820,CHAIN20,Canadian Demo Retail Chain 20,Montreal,QC,CA,H2Y 1C5,ST020,Montreal,4820,Salesperson 070,Retail,2026-01-01,2026-09-20T12:00:00
S04821,Demo Garden Centre 04821,CHAIN21,Canadian Demo Retail Chain 21,Quebec City,QC,CA,G1R 4P6,ST021,Quebec City,4821,Salesperson 071,Retail,2026-01-01,2026-09-20T12:00:00
S04822,Demo Garden Centre 04822,CHAIN22,Canadian Demo Retail Chain 22,Saskatoon,SK,CA,S7K 1J7,ST022,Saskatoon,4822,Salesperson 072,Retail,2026-01-01,2026-09-20T12:00:00
S04823,Demo Garden Centre 04823,CHAIN23,Canadian Demo Retail Chain 23,Regina,SK,CA,S4P 3Y8,ST023,Regina,4823,Salesperson 073,Retail,2026-01-01,2026-09-20T12:00:00
S04824,Demo Garden Centre 04824,CHAIN24,Canadian Demo Retail Chain 24,Whitehorse,YT,CA,Y1A 2C9,ST024,Whitehorse,4824,Salesperson 074,Retail,2026-01-01,2026-09-20T12:00:00
S04825,Demo Garden Centre 04825,CHAIN25,Canadian Demo Retail Chain 25,Calgary,AB,CA,T2P 1J1,ST025,Calgary,4825,Salesperson 075,Retail,2026-01-01,2026-09-20T12:00:00
S04826,Demo Garden Centre 04826,CHAIN01,Canadian Demo Retail Chain 01,Edmonton,AB,CA,T5J 0N2,ST026,Edmonton,4826,Salesperson 076,Retail,2026-01-01,2026-09-20T12:00:00
S04827,Demo Garden Centre 04827,CHAIN02,Canadian Demo Retail Chain 02,Vancouver,BC,CA,V6B 2W3,ST027,Vancouver,4827,Salesperson 077,Retail,2026-01-01,2026-09-20T12:00:00
S04828,Demo Garden Centre 04828,CHAIN03,Canadian Demo Retail Chain 03,Victoria,BC,CA,V8W 1P4,ST028,Victoria,4828,Salesperson 078,Retail,2026-01-01,2026-09-20T12:00:00
S04829,Demo Garden Centre 04829,CHAIN04,Canadian Demo Retail Chain 04,Winnipeg,MB,CA,R3B 1C5,ST029,Winnipeg,4829,Salesperson 079,Retail,2026-01-01,2026-09-20T12:00:00
S04830,Demo Garden Centre 04830,CHAIN05,Canadian Demo Retail Chain 05,Fredericton,NB,CA,E3B 1B6,ST030,Fredericton,4830,Salesperson 080,Retail,2026-01-01,2026-09-20T12:00:00
S04831,Demo Garden Centre 04831,CHAIN06,Canadian Demo Retail Chain 06,St. John's,NL,CA,A1C 1B7,ST031,St. John's,4831,Salesperson 081,Retail,2026-01-01,2026-09-20T12:00:00
S04832,Demo Garden Centre 04832,CHAIN07,Canadian Demo Retail Chain 07,Halifax,NS,CA,B3J 1M8,ST032,Halifax,4832,Salesperson 082,Retail,2026-01-01,2026-09-20T12:00:00
S04833,Demo Garden Centre 04833,CHAIN08,Canadian Demo Retail Chain 08,Toronto,ON,CA,M5H 2N9,ST033,Toronto,4833,Salesperson 083,Retail,2026-01-01,2026-09-20T12:00:00
S04834,Demo Garden Centre 04834,CHAIN09,Canadian Demo Retail Chain 09,Ottawa,ON,CA,K1P 1J1,ST034,Ottawa,4834,Salesperson 084,Retail,2026-01-01,2026-09-20T12:00:00
S04835,Demo Garden Centre 04835,CHAIN10,Canadian Demo Retail Chain 10,London,ON,CA,N6A 3K2,ST035,London,4835,Salesperson 085,Retail,2026-01-01,2026-09-20T12:00:00
S04836,Demo Garden Centre 04836,CHAIN11,Canadian Demo Retail Chain 11,Thunder Bay,ON,CA,P7B 5E3,ST036,Thunder Bay,4836,Salesperson 086,Retail,2026-01-01,2026-09-20T12:00:00
S04837,Demo Garden Centre 04837,CHAIN12,Canadian Demo Retail Chain 12,Charlottetown,PE,CA,C1A 1A4,ST037,Charlottetown,4837,Salesperson 087,Retail,2026-01-01,2026-09-20T12:00:00
S04838,Demo Garden Centre 04838,CHAIN13,Canadian Demo Retail Chain 13,Montreal,QC,CA,H2Y 1C5,ST038,Montreal,4838,Salesperson 088,Retail,2026-01-01,2026-09-20T12:00:00
S04839,Demo Garden Centre 04839,CHAIN14,Canadian Demo Retail Chain 14,Quebec City,QC,CA,G1R 4P6,ST039,Quebec City,4839,Salesperson 089,Retail,2026-01-01,2026-09-20T12:00:00
S04840,Demo Garden Centre 04840,CHAIN15,Canadian Demo Retail Chain 15,Saskatoon,SK,CA,S7K 1J7,ST040,Saskatoon,4840,Salesperson 090,Retail,2026-01-01,2026-09-20T12:00:00
S04841,Demo Garden Centre 04841,CHAIN16,Canadian Demo Retail Chain 16,Regina,SK,CA,S4P 3Y8,ST041,Regina,4841,Salesperson 091,Retail,2026-01-01,2026-09-20T12:00:00
S04842,Demo Garden Centre 04842,CHAIN17,Canadian Demo Retail Chain 17,Whitehorse,YT,CA,Y1A 2C9,ST042,Whitehorse,4842,Salesperson 092,Retail,2026-01-01,2026-09-20T12:00:00
S04843,Demo Garden Centre 04843,CHAIN18,Canadian Demo Retail Chain 18,Calgary,AB,CA,T2P 1J1,ST043,Calgary,4843,Salesperson 093,Retail,2026-01-01,2026-09-20T12:00:00
S04844,Demo Garden Centre 04844,CHAIN19,Canadian Demo Retail Chain 19,Edmonton,AB,CA,T5J 0N2,ST044,Edmonton,4844,Salesperson 094,Retail,2026-01-01,2026-09-20T12:00:00
S04845,Demo Garden Centre 04845,CHAIN20,Canadian Demo Retail Chain 20,Vancouver,BC,CA,V6B 2W3,ST045,Vancouver,4845,Salesperson 095,Retail,2026-01-01,2026-09-20T12:00:00
S04846,Demo Garden Centre 04846,CHAIN21,Canadian Demo Retail Chain 21,Victoria,BC,CA,V8W 1P4,ST046,Victoria,4846,Salesperson 096,Retail,2026-01-01,2026-09-20T12:00:00
S04847,Demo Garden Centre 04847,CHAIN22,Canadian Demo Retail Chain 22,Winnipeg,MB,CA,R3B 1C5,ST047,Winnipeg,4847,Salesperson 097,Retail,2026-01-01,2026-09-20T12:00:00
S04848,Demo Garden Centre 04848,CHAIN23,Canadian Demo Retail Chain 23,Fredericton,NB,CA,E3B 1B6,ST048,Fredericton,4848,Salesperson 098,Retail,2026-01-01,2026-09-20T12:00:00
S04849,Demo Garden Centre 04849,CHAIN24,Canadian Demo Retail Chain 24,St. John's,NL,CA,A1C 1B7,ST049,St. John's,4849,Salesperson 099,Retail,2026-01-01,2026-09-20T12:00:00
S04850,Demo Garden Centre 04850,CHAIN25,Canadian Demo Retail Chain 25,Halifax,NS,CA,B3J 1M8,ST050,Halifax,4850,Salesperson 100,Retail,2026-01-01,2026-09-20T12:00:00
S04851,Demo Garden Centre 04851,CHAIN01,Canadian Demo Retail Chain 01,Toronto,ON,CA,M5H 2N9,ST051,Toronto,4851,Salesperson 101,Retail,2026-01-01,2026-09-20T12:00:00
S04852,Demo Garden Centre 04852,CHAIN02,Canadian Demo Retail Chain 02,Ottawa,ON,CA,K1P 1J1,ST052,Ottawa,4852,Salesperson 102,Retail,2026-01-01,2026-09-20T12:00:00
S04853,Demo Garden Centre 04853,CHAIN03,Canadian Demo Retail Chain 03,London,ON,CA,N6A 3K2,ST053,London,4853,Salesperson 103,Retail,2026-01-01,2026-09-20T12:00:00
S04854,Demo Garden Centre 04854,CHAIN04,Canadian Demo Retail Chain 04,Thunder Bay,ON,CA,P7B 5E3,ST054,Thunder Bay,4854,Salesperson 104,Retail,2026-01-01,2026-09-20T12:00:00
S04855,Demo Garden Centre 04855,CHAIN05,Canadian Demo Retail Chain 05,Charlottetown,PE,CA,C1A 1A4,ST055,Charlottetown,4855,Salesperson 105,Retail,2026-01-01,2026-09-20T12:00:00
S04856,Demo Garden Centre 04856,CHAIN06,Canadian Demo Retail Chain 06,Montreal,QC,CA,H2Y 1C5,ST056,Montreal,4856,Salesperson 106,Retail,2026-01-01,2026-09-20T12:00:00
S04857,Demo Garden Centre 04857,CHAIN07,Canadian Demo Retail Chain 07,Quebec City,QC,CA,G1R 4P6,ST057,Quebec City,4857,Salesperson 107,Retail,2026-01-01,2026-09-20T12:00:00
S04858,Demo Garden Centre 04858,CHAIN08,Canadian Demo Retail Chain 08,Saskatoon,SK,CA,S7K 1J7,ST058,Saskatoon,4858,Salesperson 108,Retail,2026-01-01,2026-09-20T12:00:00
S04859,Demo Garden Centre 04859,CHAIN09,Canadian Demo Retail Chain 09,Regina,SK,CA,S4P 3Y8,ST059,Regina,4859,Salesperson 109,Retail,2026-01-01,2026-09-20T12:00:00
S04860,Demo Garden Centre 04860,CHAIN10,Canadian Demo Retail Chain 10,Whitehorse,YT,CA,Y1A 2C9,ST060,Whitehorse,4860,Salesperson 110,Retail,2026-01-01,2026-09-20T12:00:00
S04861,Demo Garden Centre 04861,CHAIN11,Canadian Demo Retail Chain 11,Calgary,AB,CA,T2P 1J1,ST061,Calgary,4861,Salesperson 111,Retail,2026-01-01,2026-09-20T12:00:00
S04862,Demo Garden Centre 04862,CHAIN12,Canadian Demo Retail Chain 12,Edmonton,AB,CA,T5J 0N2,ST062,Edmonton,4862,Salesperson 112,Retail,2026-01-01,2026-09-20T12:00:00
S04863,Demo Garden Centre 04863,CHAIN13,Canadian Demo Retail Chain 13,Vancouver,BC,CA,V6B 2W3,ST063,Vancouver,4863,Salesperson 113,Retail,2026-01-01,2026-09-20T12:00:00
S04864,Demo Garden Centre 04864,CHAIN14,Canadian Demo Retail Chain 14,Victoria,BC,CA,V8W 1P4,ST064,Victoria,4864,Salesperson 114,Retail,2026-01-01,2026-09-20T12:00:00
S04865,Demo Garden Centre 04865,CHAIN15,Canadian Demo Retail Chain 15,Winnipeg,MB,CA,R3B 1C5,ST065,Winnipeg,4865,Salesperson 115,Retail,2026-01-01,2026-09-20T12:00:00
S04866,Demo Garden Centre 04866,CHAIN16,Canadian Demo Retail Chain 16,Fredericton,NB,CA,E3B 1B6,ST066,Fredericton,4866,Salesperson 116,Retail,2026-01-01,2026-09-20T12:00:00
S04867,Demo Garden Centre 04867,CHAIN17,Canadian Demo Retail Chain 17,St. John's,NL,CA,A1C 1B7,ST067,St. John's,4867,Salesperson 117,Retail,2026-01-01,2026-09-20T12:00:00
S04868,Demo Garden Centre 04868,CHAIN18,Canadian Demo Retail Chain 18,Halifax,NS,CA,B3J 1M8,ST068,Halifax,4868,Salesperson 118,Retail,2026-01-01,2026-09-20T12:00:00
S04869,Demo Garden Centre 04869,CHAIN19,Canadian Demo Retail Chain 19,Toronto,ON,CA,M5H 2N9,ST069,Toronto,4869,Salesperson 119,Retail,2026-01-01,2026-09-20T12:00:00
S04870,Demo Garden Centre 04870,CHAIN20,Canadian Demo Retail Chain 20,Ottawa,ON,CA,K1P 1J1,ST070,Ottawa,4870,Salesperson 120,Retail,2026-01-01,2026-09-20T12:00:00
S04871,Demo Garden Centre 04871,CHAIN21,Canadian Demo Retail Chain 21,London,ON,CA,N6A 3K2,ST071,London,4871,Salesperson 121,Retail,2026-01-01,2026-09-20T12:00:00
S04872,Demo Garden Centre 04872,CHAIN22,Canadian Demo Retail Chain 22,Thunder Bay,ON,CA,P7B 5E3,ST072,Thunder Bay,4872,Salesperson 122,Retail,2026-01-01,2026-09-20T12:00:00
S04873,Demo Garden Centre 04873,CHAIN23,Canadian Demo Retail Chain 23,Charlottetown,PE,CA,C1A 1A4,ST073,Charlottetown,4873,Salesperson 123,Retail,2026-01-01,2026-09-20T12:00:00
S04874,Demo Garden Centre 04874,CHAIN24,Canadian Demo Retail Chain 24,Montreal,QC,CA,H2Y 1C5,ST074,Montreal,4874,Salesperson 124,Retail,2026-01-01,2026-09-20T12:00:00
S04875,Demo Garden Centre 04875,CHAIN25,Canadian Demo Retail Chain 25,Quebec City,QC,CA,G1R 4P6,ST075,Quebec City,4875,Salesperson 125,Retail,2026-01-01,2026-09-20T12:00:00
S04876,Demo Garden Centre 04876,CHAIN01,Canadian Demo Retail Chain 01,Saskatoon,SK,CA,S7K 1J7,ST076,Saskatoon,4876,Salesperson 126,Retail,2026-01-01,2026-09-20T12:00:00
S04877,Demo Garden Centre 04877,CHAIN02,Canadian Demo Retail Chain 02,Regina,SK,CA,S4P 3Y8,ST077,Regina,4877,Salesperson 127,Retail,2026-01-01,2026-09-20T12:00:00
S04878,Demo Garden Centre 04878,CHAIN03,Canadian Demo Retail Chain 03,Whitehorse,YT,CA,Y1A 2C9,ST078,Whitehorse,4878,Salesperson 128,Retail,2026-01-01,2026-09-20T12:00:00
S04879,Demo Garden Centre 04879,CHAIN04,Canadian Demo Retail Chain 04,Calgary,AB,CA,T2P 1J1,ST079,Calgary,4879,Salesperson 129,Retail,2026-01-01,2026-09-20T12:00:00
S04880,Demo Garden Centre 04880,CHAIN05,Canadian Demo Retail Chain 05,Edmonton,AB,CA,T5J 0N2,ST080,Edmonton,4880,Salesperson 130,Retail,2026-01-01,2026-09-20T12:00:00
S04881,Demo Garden Centre 04881,CHAIN06,Canadian Demo Retail Chain 06,Vancouver,BC,CA,V6B 2W3,ST081,Vancouver,4881,Salesperson 131,Retail,2026-01-01,2026-09-20T12:00:00
S04882,Demo Garden Centre 04882,CHAIN07,Canadian Demo Retail Chain 07,Victoria,BC,CA,V8W 1P4,ST082,Victoria,4882,Salesperson 132,Retail,2026-01-01,2026-09-20T12:00:00
S04883,Demo Garden Centre 04883,CHAIN08,Canadian Demo Retail Chain 08,Winnipeg,MB,CA,R3B 1C5,ST083,Winnipeg,4883,Salesperson 133,Retail,2026-01-01,2026-09-20T12:00:00
S04884,Demo Garden Centre 04884,CHAIN09,Canadian Demo Retail Chain 09,Fredericton,NB,CA,E3B 1B6,ST084,Fredericton,4884,Salesperson 134,Retail,2026-01-01,2026-09-20T12:00:00
S04885,Demo Garden Centre 04885,CHAIN10,Canadian Demo Retail Chain 10,St. John's,NL,CA,A1C 1B7,ST085,St. John's,4885,Salesperson 135,Retail,2026-01-01,2026-09-20T12:00:00
S04886,Demo Garden Centre 04886,CHAIN11,Canadian Demo Retail Chain 11,Halifax,NS,CA,B3J 1M8,ST086,Halifax,4886,Salesperson 136,Retail,2026-01-01,2026-09-20T12:00:00
S04887,Demo Garden Centre 04887,CHAIN12,Canadian Demo Retail Chain 12,Toronto,ON,CA,M5H 2N9,ST087,Toronto,4887,Salesperson 137,Retail,2026-01-01,2026-09-20T12:00:00
S04888,Demo Garden Centre 04888,CHAIN13,Canadian Demo Retail Chain 13,Ottawa,ON,CA,K1P 1J1,ST088,Ottawa,4888,Salesperson 138,Retail,2026-01-01,2026-09-20T12:00:00
S04889,Demo Garden Centre 04889,CHAIN14,Canadian Demo Retail Chain 14,London,ON,CA,N6A 3K2,ST089,London,4889,Salesperson 139,Retail,2026-01-01,2026-09-20T12:00:00
S04890,Demo Garden Centre 04890,CHAIN15,Canadian Demo Retail Chain 15,Thunder Bay,ON,CA,P7B 5E3,ST090,Thunder Bay,4890,Salesperson 140,Retail,2026-01-01,2026-09-20T12:00:00
S04891,Demo Garden Centre 04891,CHAIN16,Canadian Demo Retail Chain 16,Charlottetown,PE,CA,C1A 1A4,ST091,Charlottetown,4891,Salesperson 141,Retail,2026-01-01,2026-09-20T12:00:00
S04892,Demo Garden Centre 04892,CHAIN17,Canadian Demo Retail Chain 17,Montreal,QC,CA,H2Y 1C5,ST092,Montreal,4892,Salesperson 142,Retail,2026-01-01,2026-09-20T12:00:00
S04893,Demo Garden Centre 04893,CHAIN18,Canadian Demo Retail Chain 18,Quebec City,QC,CA,G1R 4P6,ST093,Quebec City,4893,Salesperson 143,Retail,2026-01-01,2026-09-20T12:00:00
S04894,Demo Garden Centre 04894,CHAIN19,Canadian Demo Retail Chain 19,Saskatoon,SK,CA,S7K 1J7,ST094,Saskatoon,4894,Salesperson 144,Retail,2026-01-01,2026-09-20T12:00:00
S04895,Demo Garden Centre 04895,CHAIN20,Canadian Demo Retail Chain 20,Regina,SK,CA,S4P 3Y8,ST095,Regina,4895,Salesperson 145,Retail,2026-01-01,2026-09-20T12:00:00
S04896,Demo Garden Centre 04896,CHAIN21,Canadian Demo Retail Chain 21,Whitehorse,YT,CA,Y1A 2C9,ST096,Whitehorse,4896,Salesperson 146,Retail,2026-01-01,2026-09-20T12:00:00
S04897,Demo Garden Centre 04897,CHAIN22,Canadian Demo Retail Chain 22,Calgary,AB,CA,T2P 1J1,ST097,Calgary,4897,Salesperson 147,Retail,2026-01-01,2026-09-20T12:00:00
S04898,Demo Garden Centre 04898,CHAIN23,Canadian Demo Retail Chain 23,Edmonton,AB,CA,T5J 0N2,ST098,Edmonton,4898,Salesperson 148,Retail,2026-01-01,2026-09-20T12:00:00
S04899,Demo Garden Centre 04899,CHAIN24,Canadian Demo Retail Chain 24,Vancouver,BC,CA,V6B 2W3,ST099,Vancouver,4899,Salesperson 149,Retail,2026-01-01,2026-09-20T12:00:00
S04900,Demo Garden Centre 04900,CHAIN25,Canadian Demo Retail Chain 25,Victoria,BC,CA,V8W 1P4,ST100,Victoria,4900,Salesperson 150,Retail,2026-01-01,2026-09-20T12:00:00
S04901,Demo Garden Centre 04901,CHAIN01,Canadian Demo Retail Chain 01,Winnipeg,MB,CA,R3B 1C5,ST001,Winnipeg,4901,Salesperson 151,Retail,2026-01-01,2026-09-20T12:00:00
S04902,Demo Garden Centre 04902,CHAIN02,Canadian Demo Retail Chain 02,Fredericton,NB,CA,E3B 1B6,ST002,Fredericton,4902,Salesperson 152,Retail,2026-01-01,2026-09-20T12:00:00
S04903,Demo Garden Centre 04903,CHAIN03,Canadian Demo Retail Chain 03,St. John's,NL,CA,A1C 1B7,ST003,St. John's,4903,Salesperson 153,Retail,2026-01-01,2026-09-20T12:00:00
S04904,Demo Garden Centre 04904,CHAIN04,Canadian Demo Retail Chain 04,Halifax,NS,CA,B3J 1M8,ST004,Halifax,4904,Salesperson 154,Retail,2026-01-01,2026-09-20T12:00:00
S04905,Demo Garden Centre 04905,CHAIN05,Canadian Demo Retail Chain 05,Toronto,ON,CA,M5H 2N9,ST005,Toronto,4905,Salesperson 155,Retail,2026-01-01,2026-09-20T12:00:00
S04906,Demo Garden Centre 04906,CHAIN06,Canadian Demo Retail Chain 06,Ottawa,ON,CA,K1P 1J1,ST006,Ottawa,4906,Salesperson 156,Retail,2026-01-01,2026-09-20T12:00:00
S04907,Demo Garden Centre 04907,CHAIN07,Canadian Demo Retail Chain 07,London,ON,CA,N6A 3K2,ST007,London,4907,Salesperson 157,Retail,2026-01-01,2026-09-20T12:00:00
S04908,Demo Garden Centre 04908,CHAIN08,Canadian Demo Retail Chain 08,Thunder Bay,ON,CA,P7B 5E3,ST008,Thunder Bay,4908,Salesperson 158,Retail,2026-01-01,2026-09-20T12:00:00
S04909,Demo Garden Centre 04909,CHAIN09,Canadian Demo Retail Chain 09,Charlottetown,PE,CA,C1A 1A4,ST009,Charlottetown,4909,Salesperson 159,Retail,2026-01-01,2026-09-20T12:00:00
S04910,Demo Garden Centre 04910,CHAIN10,Canadian Demo Retail Chain 10,Montreal,QC,CA,H2Y 1C5,ST010,Montreal,4910,Salesperson 160,Retail,2026-01-01,2026-09-20T12:00:00
S04911,Demo Garden Centre 04911,CHAIN11,Canadian Demo Retail Chain 11,Quebec City,QC,CA,G1R 4P6,ST011,Quebec City,4911,Salesperson 161,Retail,2026-01-01,2026-09-20T12:00:00
S04912,Demo Garden Centre 04912,CHAIN12,Canadian Demo Retail Chain 12,Saskatoon,SK,CA,S7K 1J7,ST012,Saskatoon,4912,Salesperson 162,Retail,2026-01-01,2026-09-20T12:00:00
S04913,Demo Garden Centre 04913,CHAIN13,Canadian Demo Retail Chain 13,Regina,SK,CA,S4P 3Y8,ST013,Regina,4913,Salesperson 163,Retail,2026-01-01,2026-09-20T12:00:00
S04914,Demo Garden Centre 04914,CHAIN14,Canadian Demo Retail Chain 14,Whitehorse,YT,CA,Y1A 2C9,ST014,Whitehorse,4914,Salesperson 164,Retail,2026-01-01,2026-09-20T12:00:00
S04915,Demo Garden Centre 04915,CHAIN15,Canadian Demo Retail Chain 15,Calgary,AB,CA,T2P 1J1,ST015,Calgary,4915,Salesperson 165,Retail,2026-01-01,2026-09-20T12:00:00
S04916,Demo Garden Centre 04916,CHAIN16,Canadian Demo Retail Chain 16,Edmonton,AB,CA,T5J 0N2,ST016,Edmonton,4916,Salesperson 166,Retail,2026-01-01,2026-09-20T12:00:00
S04917,Demo Garden Centre 04917,CHAIN17,Canadian Demo Retail Chain 17,Vancouver,BC,CA,V6B 2W3,ST017,Vancouver,4917,Salesperson 167,Retail,2026-01-01,2026-09-20T12:00:00
S04918,Demo Garden Centre 04918,CHAIN18,Canadian Demo Retail Chain 18,Victoria,BC,CA,V8W 1P4,ST018,Victoria,4918,Salesperson 168,Retail,2026-01-01,2026-09-20T12:00:00
S04919,Demo Garden Centre 04919,CHAIN19,Canadian Demo Retail Chain 19,Winnipeg,MB,CA,R3B 1C5,ST019,Winnipeg,4919,Salesperson 169,Retail,2026-01-01,2026-09-20T12:00:00
S04920,Demo Garden Centre 04920,CHAIN20,Canadian Demo Retail Chain 20,Fredericton,NB,CA,E3B 1B6,ST020,Fredericton,4920,Salesperson 170,Retail,2026-01-01,2026-09-20T12:00:00
S04921,Demo Garden Centre 04921,CHAIN21,Canadian Demo Retail Chain 21,St. John's,NL,CA,A1C 1B7,ST021,St. John's,4921,Salesperson 171,Retail,2026-01-01,2026-09-20T12:00:00
S04922,Demo Garden Centre 04922,CHAIN22,Canadian Demo Retail Chain 22,Halifax,NS,CA,B3J 1M8,ST022,Halifax,4922,Salesperson 172,Retail,2026-01-01,2026-09-20T12:00:00
S04923,Demo Garden Centre 04923,CHAIN23,Canadian Demo Retail Chain 23,Toronto,ON,CA,M5H 2N9,ST023,Toronto,4923,Salesperson 173,Retail,2026-01-01,2026-09-20T12:00:00
S04924,Demo Garden Centre 04924,CHAIN24,Canadian Demo Retail Chain 24,Ottawa,ON,CA,K1P 1J1,ST024,Ottawa,4924,Salesperson 174,Retail,2026-01-01,2026-09-20T12:00:00
S04925,Demo Garden Centre 04925,CHAIN25,Canadian Demo Retail Chain 25,London,ON,CA,N6A 3K2,ST025,London,4925,Salesperson 175,Retail,2026-01-01,2026-09-20T12:00:00
S04926,Demo Garden Centre 04926,CHAIN01,Canadian Demo Retail Chain 01,Thunder Bay,ON,CA,P7B 5E3,ST026,Thunder Bay,4926,Salesperson 176,Retail,2026-01-01,2026-09-20T12:00:00
S04927,Demo Garden Centre 04927,CHAIN02,Canadian Demo Retail Chain 02,Charlottetown,PE,CA,C1A 1A4,ST027,Charlottetown,4927,Salesperson 177,Retail,2026-01-01,2026-09-20T12:00:00
S04928,Demo Garden Centre 04928,CHAIN03,Canadian Demo Retail Chain 03,Montreal,QC,CA,H2Y 1C5,ST028,Montreal,4928,Salesperson 178,Retail,2026-01-01,2026-09-20T12:00:00
S04929,Demo Garden Centre 04929,CHAIN04,Canadian Demo Retail Chain 04,Quebec City,QC,CA,G1R 4P6,ST029,Quebec City,4929,Salesperson 179,Retail,2026-01-01,2026-09-20T12:00:00
S04930,Demo Garden Centre 04930,CHAIN05,Canadian Demo Retail Chain 05,Saskatoon,SK,CA,S7K 1J7,ST030,Saskatoon,4930,Salesperson 180,Retail,2026-01-01,2026-09-20T12:00:00
S04931,Demo Garden Centre 04931,CHAIN06,Canadian Demo Retail Chain 06,Regina,SK,CA,S4P 3Y8,ST031,Regina,4931,Salesperson 181,Retail,2026-01-01,2026-09-20T12:00:00
S04932,Demo Garden Centre 04932,CHAIN07,Canadian Demo Retail Chain 07,Whitehorse,YT,CA,Y1A 2C9,ST032,Whitehorse,4932,Salesperson 182,Retail,2026-01-01,2026-09-20T12:00:00
S04933,Demo Garden Centre 04933,CHAIN08,Canadian Demo Retail Chain 08,Calgary,AB,CA,T2P 1J1,ST033,Calgary,4933,Salesperson 183,Retail,2026-01-01,2026-09-20T12:00:00
S04934,Demo Garden Centre 04934,CHAIN09,Canadian Demo Retail Chain 09,Edmonton,AB,CA,T5J 0N2,ST034,Edmonton,4934,Salesperson 184,Retail,2026-01-01,2026-09-20T12:00:00
S04935,Demo Garden Centre 04935,CHAIN10,Canadian Demo Retail Chain 10,Vancouver,BC,CA,V6B 2W3,ST035,Vancouver,4935,Salesperson 185,Retail,2026-01-01,2026-09-20T12:00:00
S04936,Demo Garden Centre 04936,CHAIN11,Canadian Demo Retail Chain 11,Victoria,BC,CA,V8W 1P4,ST036,Victoria,4936,Salesperson 186,Retail,2026-01-01,2026-09-20T12:00:00
S04937,Demo Garden Centre 04937,CHAIN12,Canadian Demo Retail Chain 12,Winnipeg,MB,CA,R3B 1C5,ST037,Winnipeg,4937,Salesperson 187,Retail,2026-01-01,2026-09-20T12:00:00
S04938,Demo Garden Centre 04938,CHAIN13,Canadian Demo Retail Chain 13,Fredericton,NB,CA,E3B 1B6,ST038,Fredericton,4938,Salesperson 188,Retail,2026-01-01,2026-09-20T12:00:00
S04939,Demo Garden Centre 04939,CHAIN14,Canadian Demo Retail Chain 14,St. John's,NL,CA,A1C 1B7,ST039,St. John's,4939,Salesperson 189,Retail,2026-01-01,2026-09-20T12:00:00
S04940,Demo Garden Centre 04940,CHAIN15,Canadian Demo Retail Chain 15,Halifax,NS,CA,B3J 1M8,ST040,Halifax,4940,Salesperson 190,Retail,2026-01-01,2026-09-20T12:00:00
S04941,Demo Garden Centre 04941,CHAIN16,Canadian Demo Retail Chain 16,Toronto,ON,CA,M5H 2N9,ST041,Toronto,4941,Salesperson 191,Retail,2026-01-01,2026-09-20T12:00:00
S04942,Demo Garden Centre 04942,CHAIN17,Canadian Demo Retail Chain 17,Ottawa,ON,CA,K1P 1J1,ST042,Ottawa,4942,Salesperson 192,Retail,2026-01-01,2026-09-20T12:00:00
S04943,Demo Garden Centre 04943,CHAIN18,Canadian Demo Retail Chain 18,London,ON,CA,N6A 3K2,ST043,London,4943,Salesperson 193,Retail,2026-01-01,2026-09-20T12:00:00
S04944,Demo Garden Centre 04944,CHAIN19,Canadian Demo Retail Chain 19,Thunder Bay,ON,CA,P7B 5E3,ST044,Thunder Bay,4944,Salesperson 194,Retail,2026-01-01,2026-09-20T12:00:00
S04945,Demo Garden Centre 04945,CHAIN20,Canadian Demo Retail Chain 20,Charlottetown,PE,CA,C1A 1A4,ST045,Charlottetown,4945,Salesperson 195,Retail,2026-01-01,2026-09-20T12:00:00
S04946,Demo Garden Centre 04946,CHAIN21,Canadian Demo Retail Chain 21,Montreal,QC,CA,H2Y 1C5,ST046,Montreal,4946,Salesperson 196,Retail,2026-01-01,2026-09-20T12:00:00
S04947,Demo Garden Centre 04947,CHAIN22,Canadian Demo Retail Chain 22,Quebec City,QC,CA,G1R 4P6,ST047,Quebec City,4947,Salesperson 197,Retail,2026-01-01,2026-09-20T12:00:00
S04948,Demo Garden Centre 04948,CHAIN23,Canadian Demo Retail Chain 23,Saskatoon,SK,CA,S7K 1J7,ST048,Saskatoon,4948,Salesperson 198,Retail,2026-01-01,2026-09-20T12:00:00
S04949,Demo Garden Centre 04949,CHAIN24,Canadian Demo Retail Chain 24,Regina,SK,CA,S4P 3Y8,ST049,Regina,4949,Salesperson 199,Retail,2026-01-01,2026-09-20T12:00:00
S04950,Demo Garden Centre 04950,CHAIN25,Canadian Demo Retail Chain 25,Whitehorse,YT,CA,Y1A 2C9,ST050,Whitehorse,4950,Salesperson 200,Retail,2026-01-01,2026-09-20T12:00:00
S04951,Demo Garden Centre 04951,CHAIN01,Canadian Demo Retail Chain 01,Calgary,AB,CA,T2P 1J1,ST051,Calgary,4951,Salesperson 201,Retail,2026-01-01,2026-09-20T12:00:00
S04952,Demo Garden Centre 04952,CHAIN02,Canadian Demo Retail Chain 02,Edmonton,AB,CA,T5J 0N2,ST052,Edmonton,4952,Salesperson 202,Retail,2026-01-01,2026-09-20T12:00:00
S04953,Demo Garden Centre 04953,CHAIN03,Canadian Demo Retail Chain 03,Vancouver,BC,CA,V6B 2W3,ST053,Vancouver,4953,Salesperson 203,Retail,2026-01-01,2026-09-20T12:00:00
S04954,Demo Garden Centre 04954,CHAIN04,Canadian Demo Retail Chain 04,Victoria,BC,CA,V8W 1P4,ST054,Victoria,4954,Salesperson 204,Retail,2026-01-01,2026-09-20T12:00:00
S04955,Demo Garden Centre 04955,CHAIN05,Canadian Demo Retail Chain 05,Winnipeg,MB,CA,R3B 1C5,ST055,Winnipeg,4955,Salesperson 205,Retail,2026-01-01,2026-09-20T12:00:00
S04956,Demo Garden Centre 04956,CHAIN06,Canadian Demo Retail Chain 06,Fredericton,NB,CA,E3B 1B6,ST056,Fredericton,4956,Salesperson 206,Retail,2026-01-01,2026-09-20T12:00:00
S04957,Demo Garden Centre 04957,CHAIN07,Canadian Demo Retail Chain 07,St. John's,NL,CA,A1C 1B7,ST057,St. John's,4957,Salesperson 207,Retail,2026-01-01,2026-09-20T12:00:00
S04958,Demo Garden Centre 04958,CHAIN08,Canadian Demo Retail Chain 08,Halifax,NS,CA,B3J 1M8,ST058,Halifax,4958,Salesperson 208,Retail,2026-01-01,2026-09-20T12:00:00
S04959,Demo Garden Centre 04959,CHAIN09,Canadian Demo Retail Chain 09,Toronto,ON,CA,M5H 2N9,ST059,Toronto,4959,Salesperson 209,Retail,2026-01-01,2026-09-20T12:00:00
S04960,Demo Garden Centre 04960,CHAIN10,Canadian Demo Retail Chain 10,Ottawa,ON,CA,K1P 1J1,ST060,Ottawa,4960,Salesperson 210,Retail,2026-01-01,2026-09-20T12:00:00
S04961,Demo Garden Centre 04961,CHAIN11,Canadian Demo Retail Chain 11,London,ON,CA,N6A 3K2,ST061,London,4961,Salesperson 211,Retail,2026-01-01,2026-09-20T12:00:00
S04962,Demo Garden Centre 04962,CHAIN12,Canadian Demo Retail Chain 12,Thunder Bay,ON,CA,P7B 5E3,ST062,Thunder Bay,4962,Salesperson 212,Retail,2026-01-01,2026-09-20T12:00:00
S04963,Demo Garden Centre 04963,CHAIN13,Canadian Demo Retail Chain 13,Charlottetown,PE,CA,C1A 1A4,ST063,Charlottetown,4963,Salesperson 213,Retail,2026-01-01,2026-09-20T12:00:00
S04964,Demo Garden Centre 04964,CHAIN14,Canadian Demo Retail Chain 14,Montreal,QC,CA,H2Y 1C5,ST064,Montreal,4964,Salesperson 214,Retail,2026-01-01,2026-09-20T12:00:00
S04965,Demo Garden Centre 04965,CHAIN15,Canadian Demo Retail Chain 15,Quebec City,QC,CA,G1R 4P6,ST065,Quebec City,4965,Salesperson 215,Retail,2026-01-01,2026-09-20T12:00:00
S04966,Demo Garden Centre 04966,CHAIN16,Canadian Demo Retail Chain 16,Saskatoon,SK,CA,S7K 1J7,ST066,Saskatoon,4966,Salesperson 216,Retail,2026-01-01,2026-09-20T12:00:00
S04967,Demo Garden Centre 04967,CHAIN17,Canadian Demo Retail Chain 17,Regina,SK,CA,S4P 3Y8,ST067,Regina,4967,Salesperson 217,Retail,2026-01-01,2026-09-20T12:00:00
S04968,Demo Garden Centre 04968,CHAIN18,Canadian Demo Retail Chain 18,Whitehorse,YT,CA,Y1A 2C9,ST068,Whitehorse,4968,Salesperson 218,Retail,2026-01-01,2026-09-20T12:00:00
S04969,Demo Garden Centre 04969,CHAIN19,Canadian Demo Retail Chain 19,Calgary,AB,CA,T2P 1J1,ST069,Calgary,4969,Salesperson 219,Retail,2026-01-01,2026-09-20T12:00:00
S04970,Demo Garden Centre 04970,CHAIN20,Canadian Demo Retail Chain 20,Edmonton,AB,CA,T5J 0N2,ST070,Edmonton,4970,Salesperson 220,Retail,2026-01-01,2026-09-20T12:00:00
S04971,Demo Garden Centre 04971,CHAIN21,Canadian Demo Retail Chain 21,Vancouver,BC,CA,V6B 2W3,ST071,Vancouver,4971,Salesperson 221,Retail,2026-01-01,2026-09-20T12:00:00
S04972,Demo Garden Centre 04972,CHAIN22,Canadian Demo Retail Chain 22,Victoria,BC,CA,V8W 1P4,ST072,Victoria,4972,Salesperson 222,Retail,2026-01-01,2026-09-20T12:00:00
S04973,Demo Garden Centre 04973,CHAIN23,Canadian Demo Retail Chain 23,Winnipeg,MB,CA,R3B 1C5,ST073,Winnipeg,4973,Salesperson 223,Retail,2026-01-01,2026-09-20T12:00:00
S04974,Demo Garden Centre 04974,CHAIN24,Canadian Demo Retail Chain 24,Fredericton,NB,CA,E3B 1B6,ST074,Fredericton,4974,Salesperson 224,Retail,2026-01-01,2026-09-20T12:00:00
S04975,Demo Garden Centre 04975,CHAIN25,Canadian Demo Retail Chain 25,St. John's,NL,CA,A1C 1B7,ST075,St. John's,4975,Salesperson 225,Retail,2026-01-01,2026-09-20T12:00:00
S04976,Demo Garden Centre 04976,CHAIN01,Canadian Demo Retail Chain 01,Halifax,NS,CA,B3J 1M8,ST076,Halifax,4976,Salesperson 226,Retail,2026-01-01,2026-09-20T12:00:00
S04977,Demo Garden Centre 04977,CHAIN02,Canadian Demo Retail Chain 02,Toronto,ON,CA,M5H 2N9,ST077,Toronto,4977,Salesperson 227,Retail,2026-01-01,2026-09-20T12:00:00
S04978,Demo Garden Centre 04978,CHAIN03,Canadian Demo Retail Chain 03,Ottawa,ON,CA,K1P 1J1,ST078,Ottawa,4978,Salesperson 228,Retail,2026-01-01,2026-09-20T12:00:00
S04979,Demo Garden Centre 04979,CHAIN04,Canadian Demo Retail Chain 04,London,ON,CA,N6A 3K2,ST079,London,4979,Salesperson 229,Retail,2026-01-01,2026-09-20T12:00:00
S04980,Demo Garden Centre 04980,CHAIN05,Canadian Demo Retail Chain 05,Thunder Bay,ON,CA,P7B 5E3,ST080,Thunder Bay,4980,Salesperson 230,Retail,2026-01-01,2026-09-20T12:00:00
S04981,Demo Garden Centre 04981,CHAIN06,Canadian Demo Retail Chain 06,Charlottetown,PE,CA,C1A 1A4,ST081,Charlottetown,4981,Salesperson 231,Retail,2026-01-01,2026-09-20T12:00:00
S04982,Demo Garden Centre 04982,CHAIN07,Canadian Demo Retail Chain 07,Montreal,QC,CA,H2Y 1C5,ST082,Montreal,4982,Salesperson 232,Retail,2026-01-01,2026-09-20T12:00:00
S04983,Demo Garden Centre 04983,CHAIN08,Canadian Demo Retail Chain 08,Quebec City,QC,CA,G1R 4P6,ST083,Quebec City,4983,Salesperson 233,Retail,2026-01-01,2026-09-20T12:00:00
S04984,Demo Garden Centre 04984,CHAIN09,Canadian Demo Retail Chain 09,Saskatoon,SK,CA,S7K 1J7,ST084,Saskatoon,4984,Salesperson 234,Retail,2026-01-01,2026-09-20T12:00:00
S04985,Demo Garden Centre 04985,CHAIN10,Canadian Demo Retail Chain 10,Regina,SK,CA,S4P 3Y8,ST085,Regina,4985,Salesperson 235,Retail,2026-01-01,2026-09-20T12:00:00
S04986,Demo Garden Centre 04986,CHAIN11,Canadian Demo Retail Chain 11,Whitehorse,YT,CA,Y1A 2C9,ST086,Whitehorse,4986,Salesperson 236,Retail,2026-01-01,2026-09-20T12:00:00
S04987,Demo Garden Centre 04987,CHAIN12,Canadian Demo Retail Chain 12,Calgary,AB,CA,T2P 1J1,ST087,Calgary,4987,Salesperson 237,Retail,2026-01-01,2026-09-20T12:00:00
S04988,Demo Garden Centre 04988,CHAIN13,Canadian Demo Retail Chain 13,Edmonton,AB,CA,T5J 0N2,ST088,Edmonton,4988,Salesperson 238,Retail,2026-01-01,2026-09-20T12:00:00
S04989,Demo Garden Centre 04989,CHAIN14,Canadian Demo Retail Chain 14,Vancouver,BC,CA,V6B 2W3,ST089,Vancouver,4989,Salesperson 239,Retail,2026-01-01,2026-09-20T12:00:00
S04990,Demo Garden Centre 04990,CHAIN15,Canadian Demo Retail Chain 15,Victoria,BC,CA,V8W 1P4,ST090,Victoria,4990,Salesperson 240,Retail,2026-01-01,2026-09-20T12:00:00
S04991,Demo Garden Centre 04991,CHAIN16,Canadian Demo Retail Chain 16,Winnipeg,MB,CA,R3B 1C5,ST091,Winnipeg,4991,Salesperson 241,Retail,2026-01-01,2026-09-20T12:00:00
S04992,Demo Garden Centre 04992,CHAIN17,Canadian Demo Retail Chain 17,Fredericton,NB,CA,E3B 1B6,ST092,Fredericton,4992,Salesperson 242,Retail,2026-01-01,2026-09-20T12:00:00
S04993,Demo Garden Centre 04993,CHAIN18,Canadian Demo Retail Chain 18,St. John's,NL,CA,A1C 1B7,ST093,St. John's,4993,Salesperson 243,Retail,2026-01-01,2026-09-20T12:00:00
S04994,Demo Garden Centre 04994,CHAIN19,Canadian Demo Retail Chain 19,Halifax,NS,CA,B3J 1M8,ST094,Halifax,4994,Salesperson 244,Retail,2026-01-01,2026-09-20T12:00:00
S04995,Demo Garden Centre 04995,CHAIN20,Canadian Demo Retail Chain 20,Toronto,ON,CA,M5H 2N9,ST095,Toronto,4995,Salesperson 245,Retail,2026-01-01,2026-09-20T12:00:00
S04996,Demo Garden Centre 04996,CHAIN21,Canadian Demo Retail Chain 21,Ottawa,ON,CA,K1P 1J1,ST096,Ottawa,4996,Salesperson 246,Retail,2026-01-01,2026-09-20T12:00:00
S04997,Demo Garden Centre 04997,CHAIN22,Canadian Demo Retail Chain 22,London,ON,CA,N6A 3K2,ST097,London,4997,Salesperson 247,Retail,2026-01-01,2026-09-20T12:00:00
S04998,Demo Garden Centre 04998,CHAIN23,Canadian Demo Retail Chain 23,Thunder Bay,ON,CA,P7B 5E3,ST098,Thunder Bay,4998,Salesperson 248,Retail,2026-01-01,2026-09-20T12:00:00
S04999,Demo Garden Centre 04999,CHAIN24,Canadian Demo Retail Chain 24,Charlottetown,PE,CA,C1A 1A4,ST099,Charlottetown,4999,Salesperson 249,Retail,2026-01-01,2026-09-20T12:00:00
S05000,Demo Garden Centre 05000,CHAIN25,Canadian Demo Retail Chain 25,Montreal,QC,CA,H2Y 1C5,ST100,Montreal,5000,Salesperson 250,Retail,2026-01-01,2026-09-20T12:00:00
