SalesDate,SalesId,SeasonCode,ItemNumber,StoreNumber,StationNumber,RouteNumber,SalespersonId,DocumentNumber,SalesType,SaleUnitQuantity,SalePrice,SaleAmount,ReturnUnitQuantity,ReturnPrice,ReturnAmount,LastUpdated
2026-01-01,1000001,FY26,100001,S00001,ST001,0001,SP001,INV-01000001,SALE,1,2.49,2.49,1,2.49,2.49,2026-09-20T12:00:00
2026-01-02,1000002,FY26,100002,S00002,ST002,0002,SP002,INV-01000002,SALE,2,2.50,5.00,0,0.00,0.00,2026-09-20T12:00:00
2026-01-03,1000003,FY26,100003,S00003,ST003,0003,SP003,INV-01000003,SALE,3,2.51,7.53,0,0.00,0.00,2026-09-20T12:00:00
2026-01-04,1000004,FY26,100004,S00004,ST004,0004,SP004,INV-01000004,SALE,4,2.52,10.08,0,0.00,0.00,2026-09-20T12:00:00
2026-01-05,1000005,FY26,100005,S00005,ST005,0005,SP005,INV-01000005,SALE,5,2.53,12.65,0,0.00,0.00,2026-09-20T12:00:00
2026-01-06,1000006,FY26,100006,S00006,ST006,0006,SP006,INV-01000006,SALE,6,2.54,15.24,0,0.00,0.00,2026-09-20T12:00:00
2026-01-07,1000007,FY26,100007,S00007,ST007,0007,SP007,INV-01000007,SALE,7,2.55,17.85,0,0.00,0.00,2026-09-20T12:00:00
2026-01-08,1000008,FY26,100008,S00008,ST008,0008,SP008,INV-01000008,SALE,8,2.56,20.48,0,0.00,0.00,2026-09-20T12:00:00
2026-01-09,1000009,FY26,100009,S00009,ST009,0009,SP009,INV-01000009,SALE,9,2.57,23.13,0,0.00,0.00,2026-09-20T12:00:00
2026-01-10,1000010,FY26,100010,S00010,ST010,0010,SP010,INV-01000010,SALE,10,2.58,25.80,0,0.00,0.00,2026-09-20T12:00:00
2026-01-11,1000011,FY26,100011,S00011,ST011,0011,SP011,INV-01000011,SALE,11,2.59,28.49,0,0.00,0.00,2026-09-20T12:00:00
2026-01-12,1000012,FY26,100012,S00012,ST012,0012,SP012,INV-01000012,SALE,12,2.60,31.20,0,0.00,0.00,2026-09-20T12:00:00
2026-01-13,1000013,FY26,100013,S00013,ST013,0013,SP013,INV-01000013,SALE,13,2.61,33.93,0,0.00,0.00,2026-09-20T12:00:00
2026-01-14,1000014,FY26,100014,S00014,ST014,0014,SP014,INV-01000014,SALE,14,2.62,36.68,0,0.00,0.00,2026-09-20T12:00:00
2026-01-15,1000015,FY26,100015,S00015,ST015,0015,SP015,INV-01000015,SALE,15,2.63,39.45,0,0.00,0.00,2026-09-20T12:00:00
2026-01-16,1000016,FY26,100016,S00016,ST016,0016,SP016,INV-01000016,SALE,16,2.64,42.24,0,0.00,0.00,2026-09-20T12:00:00
2026-01-17,1000017,FY26,100017,S00017,ST017,0017,SP017,INV-01000017,SALE,17,2.65,45.05,0,0.00,0.00,2026-09-20T12:00:00
2026-01-18,1000018,FY26,100018,S00018,ST018,0018,SP018,INV-01000018,SALE,18,2.66,47.88,0,0.00,0.00,2026-09-20T12:00:00
2026-01-19,1000019,FY26,100019,S00019,ST019,0019,SP019,INV-01000019,SALE,19,2.67,50.73,0,0.00,0.00,2026-09-20T12:00:00
2026-01-20,1000020,FY26,100020,S00020,ST020,0020,SP020,INV-01000020,SALE,20,2.68,53.60,0,0.00,0.00,2026-09-20T12:00:00
2026-01-21,1000021,FY26,100021,S00021,ST021,0021,SP021,INV-01000021,SALE,21,2.69,56.49,0,0.00,0.00,2026-09-20T12:00:00
2026-01-22,1000022,FY26,100022,S00022,ST022,0022,SP022,INV-01000022,SALE,22,2.70,59.40,0,0.00,0.00,2026-09-20T12:00:00
2026-01-23,1000023,FY26,100023,S00023,ST023,0023,SP023,INV-01000023,SALE,23,2.71,62.33,0,0.00,0.00,2026-09-20T12:00:00
2026-01-24,1000024,FY26,100024,S00024,ST024,0024,SP024,INV-01000024,SALE,24,2.72,65.28,0,0.00,0.00,2026-09-20T12:00:00
2026-01-25,1000025,FY26,100025,S00025,ST025,0025,SP025,INV-01000025,SALE,25,2.73,68.25,0,0.00,0.00,2026-09-20T12:00:00
2026-01-26,1000026,FY26,100026,S00026,ST026,0026,SP026,INV-01000026,SALE,26,2.74,71.24,0,0.00,0.00,2026-09-20T12:00:00
2026-01-27,1000027,FY26,100027,S00027,ST027,0027,SP027,INV-01000027,SALE,27,2.75,74.25,0,0.00,0.00,2026-09-20T12:00:00
2026-01-28,1000028,FY26,100028,S00028,ST028,0028,SP028,INV-01000028,SALE,28,2.76,77.28,0,0.00,0.00,2026-09-20T12:00:00
2026-01-29,1000029,FY26,100029,S00029,ST029,0029,SP029,INV-01000029,SALE,29,2.77,80.33,0,0.00,0.00,2026-09-20T12:00:00
2026-01-30,1000030,FY26,100030,S00030,ST030,0030,SP030,INV-01000030,SALE,30,2.78,83.40,0,0.00,0.00,2026-09-20T12:00:00
2026-01-31,1000031,FY26,100031,S00031,ST031,0031,SP031,INV-01000031,SALE,31,2.79,86.49,0,0.00,0.00,2026-09-20T12:00:00
2026-02-01,1000032,FY26,100032,S00032,ST032,0032,SP032,INV-01000032,SALE,32,2.80,89.60,0,0.00,0.00,2026-09-20T12:00:00
2026-02-02,1000033,FY26,100033,S00033,ST033,0033,SP033,INV-01000033,SALE,33,2.81,92.73,0,0.00,0.00,2026-09-20T12:00:00
2026-02-03,1000034,FY26,100034,S00034,ST034,0034,SP034,INV-01000034,SALE,34,2.82,95.88,0,0.00,0.00,2026-09-20T12:00:00
2026-02-04,1000035,FY26,100035,S00035,ST035,0035,SP035,INV-01000035,SALE,35,2.83,99.05,0,0.00,0.00,2026-09-20T12:00:00
2026-02-05,1000036,FY26,100036,S00036,ST036,0036,SP036,INV-01000036,SALE,36,2.84,102.24,0,0.00,0.00,2026-09-20T12:00:00
2026-02-06,1000037,FY26,100037,S00037,ST037,0037,SP037,INV-01000037,SALE,37,2.85,105.45,0,0.00,0.00,2026-09-20T12:00:00
2026-02-07,1000038,FY26,100038,S00038,ST038,0038,SP038,INV-01000038,SALE,38,2.86,108.68,1,2.86,2.86,2026-09-20T12:00:00
2026-02-08,1000039,FY26,100039,S00039,ST039,0039,SP039,INV-01000039,SALE,39,2.87,111.93,0,0.00,0.00,2026-09-20T12:00:00
2026-02-09,1000040,FY26,100040,S00040,ST040,0040,SP040,INV-01000040,SALE,40,2.88,115.20,0,0.00,0.00,2026-09-20T12:00:00
2026-02-10,1000041,FY26,100041,S00041,ST041,0041,SP041,INV-01000041,SALE,41,2.89,118.49,0,0.00,0.00,2026-09-20T12:00:00
2026-02-11,1000042,FY26,100042,S00042,ST042,0042,SP042,INV-01000042,SALE,42,2.90,121.80,0,0.00,0.00,2026-09-20T12:00:00
2026-02-12,1000043,FY26,100043,S00043,ST043,0043,SP043,INV-01000043,SALE,43,2.91,125.13,0,0.00,0.00,2026-09-20T12:00:00
2026-02-13,1000044,FY26,100044,S00044,ST044,0044,SP044,INV-01000044,SALE,44,2.92,128.48,0,0.00,0.00,2026-09-20T12:00:00
2026-02-14,1000045,FY26,100045,S00045,ST045,0045,SP045,INV-01000045,SALE,45,2.93,131.85,0,0.00,0.00,2026-09-20T12:00:00
2026-02-15,1000046,FY26,100046,S00046,ST046,0046,SP046,INV-01000046,SALE,46,2.94,135.24,0,0.00,0.00,2026-09-20T12:00:00
2026-02-16,1000047,FY26,100047,S00047,ST047,0047,SP047,INV-01000047,SALE,47,2.95,138.65,0,0.00,0.00,2026-09-20T12:00:00
2026-02-17,1000048,FY26,100048,S00048,ST048,0048,SP048,INV-01000048,SALE,48,2.96,142.08,0,0.00,0.00,2026-09-20T12:00:00
2026-02-18,1000049,FY26,100049,S00049,ST049,0049,SP049,INV-01000049,SALE,1,2.97,2.97,0,0.00,0.00,2026-09-20T12:00:00
2026-02-19,1000050,FY26,100050,S00050,ST050,0050,SP050,INV-01000050,SALE,2,2.98,5.96,0,0.00,0.00,2026-09-20T12:00:00
2026-02-20,1000051,FY26,100051,S00051,ST051,0051,SP051,INV-01000051,SALE,3,2.99,8.97,0,0.00,0.00,2026-09-20T12:00:00
2026-02-21,1000052,FY26,100052,S00052,ST052,0052,SP052,INV-01000052,SALE,4,3.00,12.00,0,0.00,0.00,2026-09-20T12:00:00
2026-02-22,1000053,FY26,100053,S00053,ST053,0053,SP053,INV-01000053,SALE,5,3.01,15.05,0,0.00,0.00,2026-09-20T12:00:00
2026-02-23,1000054,FY26,100054,S00054,ST054,0054,SP054,INV-01000054,SALE,6,3.02,18.12,0,0.00,0.00,2026-09-20T12:00:00
2026-02-24,1000055,FY26,100055,S00055,ST055,0055,SP055,INV-01000055,SALE,7,3.03,21.21,0,0.00,0.00,2026-09-20T12:00:00
2026-02-25,1000056,FY26,100056,S00056,ST056,0056,SP056,INV-01000056,SALE,8,3.04,24.32,0,0.00,0.00,2026-09-20T12:00:00
2026-02-26,1000057,FY26,100057,S00057,ST057,0057,SP057,INV-01000057,SALE,9,3.05,27.45,0,0.00,0.00,2026-09-20T12:00:00
2026-02-27,1000058,FY26,100058,S00058,ST058,0058,SP058,INV-01000058,SALE,10,3.06,30.60,0,0.00,0.00,2026-09-20T12:00:00
2026-02-28,1000059,FY26,100059,S00059,ST059,0059,SP059,INV-01000059,SALE,11,3.07,33.77,0,0.00,0.00,2026-09-20T12:00:00
2026-03-01,1000060,FY26,100060,S00060,ST060,0060,SP060,INV-01000060,SALE,12,3.08,36.96,0,0.00,0.00,2026-09-20T12:00:00
2026-03-02,1000061,FY26,100061,S00061,ST061,0061,SP061,INV-01000061,SALE,13,3.09,40.17,0,0.00,0.00,2026-09-20T12:00:00
2026-03-03,1000062,FY26,100062,S00062,ST062,0062,SP062,INV-01000062,SALE,14,3.10,43.40,0,0.00,0.00,2026-09-20T12:00:00
2026-03-04,1000063,FY26,100063,S00063,ST063,0063,SP063,INV-01000063,SALE,15,3.11,46.65,0,0.00,0.00,2026-09-20T12:00:00
2026-03-05,1000064,FY26,100064,S00064,ST064,0064,SP064,INV-01000064,SALE,16,3.12,49.92,0,0.00,0.00,2026-09-20T12:00:00
2026-03-06,1000065,FY26,100065,S00065,ST065,0065,SP065,INV-01000065,SALE,17,3.13,53.21,0,0.00,0.00,2026-09-20T12:00:00
2026-03-07,1000066,FY26,100066,S00066,ST066,0066,SP066,INV-01000066,SALE,18,3.14,56.52,0,0.00,0.00,2026-09-20T12:00:00
2026-03-08,1000067,FY26,100067,S00067,ST067,0067,SP067,INV-01000067,SALE,19,3.15,59.85,0,0.00,0.00,2026-09-20T12:00:00
2026-03-09,1000068,FY26,100068,S00068,ST068,0068,SP068,INV-01000068,SALE,20,3.16,63.20,0,0.00,0.00,2026-09-20T12:00:00
2026-03-10,1000069,FY26,100069,S00069,ST069,0069,SP069,INV-01000069,SALE,21,3.17,66.57,0,0.00,0.00,2026-09-20T12:00:00
2026-03-11,1000070,FY26,100070,S00070,ST070,0070,SP070,INV-01000070,SALE,22,3.18,69.96,0,0.00,0.00,2026-09-20T12:00:00
2026-03-12,1000071,FY26,100071,S00071,ST071,0071,SP071,INV-01000071,SALE,23,3.19,73.37,0,0.00,0.00,2026-09-20T12:00:00
2026-03-13,1000072,FY26,100072,S00072,ST072,0072,SP072,INV-01000072,SALE,24,3.20,76.80,0,0.00,0.00,2026-09-20T12:00:00
2026-03-14,1000073,FY26,100073,S00073,ST073,0073,SP073,INV-01000073,SALE,25,3.21,80.25,0,0.00,0.00,2026-09-20T12:00:00
2026-03-15,1000074,FY26,100074,S00074,ST074,0074,SP074,INV-01000074,SALE,26,3.22,83.72,0,0.00,0.00,2026-09-20T12:00:00
2026-03-16,1000075,FY26,100075,S00075,ST075,0075,SP075,INV-01000075,SALE,27,3.23,87.21,1,3.23,3.23,2026-09-20T12:00:00
2026-03-17,1000076,FY26,100076,S00076,ST076,0076,SP076,INV-01000076,SALE,28,3.24,90.72,0,0.00,0.00,2026-09-20T12:00:00
2026-03-18,1000077,FY26,100077,S00077,ST077,0077,SP077,INV-01000077,SALE,29,3.25,94.25,0,0.00,0.00,2026-09-20T12:00:00
2026-03-19,1000078,FY26,100078,S00078,ST078,0078,SP078,INV-01000078,SALE,30,3.26,97.80,0,0.00,0.00,2026-09-20T12:00:00
2026-03-20,1000079,FY26,100079,S00079,ST079,0079,SP079,INV-01000079,SALE,31,3.27,101.37,0,0.00,0.00,2026-09-20T12:00:00
2026-03-21,1000080,FY26,100080,S00080,ST080,0080,SP080,INV-01000080,SALE,32,3.28,104.96,0,0.00,0.00,2026-09-20T12:00:00
2026-03-22,1000081,FY26,100081,S00081,ST081,0081,SP081,INV-01000081,SALE,33,3.29,108.57,0,0.00,0.00,2026-09-20T12:00:00
2026-03-23,1000082,FY26,100082,S00082,ST082,0082,SP082,INV-01000082,SALE,34,3.30,112.20,0,0.00,0.00,2026-09-20T12:00:00
2026-03-24,1000083,FY26,100083,S00083,ST083,0083,SP083,INV-01000083,SALE,35,3.31,115.85,0,0.00,0.00,2026-09-20T12:00:00
2026-03-25,1000084,FY26,100084,S00084,ST084,0084,SP084,INV-01000084,SALE,36,3.32,119.52,0,0.00,0.00,2026-09-20T12:00:00
2026-03-26,1000085,FY26,100085,S00085,ST085,0085,SP085,INV-01000085,SALE,37,3.33,123.21,0,0.00,0.00,2026-09-20T12:00:00
2026-03-27,1000086,FY26,100086,S00086,ST086,0086,SP086,INV-01000086,SALE,38,3.34,126.92,0,0.00,0.00,2026-09-20T12:00:00
2026-03-28,1000087,FY26,100087,S00087,ST087,0087,SP087,INV-01000087,SALE,39,3.35,130.65,0,0.00,0.00,2026-09-20T12:00:00
2026-03-29,1000088,FY26,100088,S00088,ST088,0088,SP088,INV-01000088,SALE,40,3.36,134.40,0,0.00,0.00,2026-09-20T12:00:00
2026-03-30,1000089,FY26,100089,S00089,ST089,0089,SP089,INV-01000089,SALE,41,3.37,138.17,0,0.00,0.00,2026-09-20T12:00:00
2026-03-31,1000090,FY26,100090,S00090,ST090,0090,SP090,INV-01000090,SALE,42,3.38,141.96,0,0.00,0.00,2026-09-20T12:00:00
2026-04-01,1000091,FY26,100091,S00091,ST091,0091,SP091,INV-01000091,SALE,43,3.39,145.77,0,0.00,0.00,2026-09-20T12:00:00
2026-04-02,1000092,FY26,100092,S00092,ST092,0092,SP092,INV-01000092,SALE,44,3.40,149.60,0,0.00,0.00,2026-09-20T12:00:00
2026-04-03,1000093,FY26,100093,S00093,ST093,0093,SP093,INV-01000093,SALE,45,3.41,153.45,0,0.00,0.00,2026-09-20T12:00:00
2026-04-04,1000094,FY26,100094,S00094,ST094,0094,SP094,INV-01000094,SALE,46,3.42,157.32,0,0.00,0.00,2026-09-20T12:00:00
2026-04-05,1000095,FY26,100095,S00095,ST095,0095,SP095,INV-01000095,SALE,47,3.43,161.21,0,0.00,0.00,2026-09-20T12:00:00
2026-04-06,1000096,FY26,100096,S00096,ST096,0096,SP096,INV-01000096,SALE,48,3.44,165.12,0,0.00,0.00,2026-09-20T12:00:00
2026-04-07,1000097,FY26,100097,S00097,ST097,0097,SP097,INV-01000097,SALE,1,3.45,3.45,0,0.00,0.00,2026-09-20T12:00:00
2026-04-08,1000098,FY26,100098,S00098,ST098,0098,SP098,INV-01000098,SALE,2,3.46,6.92,0,0.00,0.00,2026-09-20T12:00:00
2026-04-09,1000099,FY26,100099,S00099,ST099,0099,SP099,INV-01000099,SALE,3,3.47,10.41,0,0.00,0.00,2026-09-20T12:00:00
2026-04-10,1000100,FY26,100100,S00100,ST100,0100,SP100,INV-01000100,SALE,4,3.48,13.92,0,0.00,0.00,2026-09-20T12:00:00
2026-04-11,1000101,FY26,100101,S00101,ST001,0101,SP101,INV-01000101,SALE,5,3.49,17.45,0,0.00,0.00,2026-09-20T12:00:00
2026-04-12,1000102,FY26,100102,S00102,ST002,0102,SP102,INV-01000102,SALE,6,3.50,21.00,0,0.00,0.00,2026-09-20T12:00:00
2026-04-13,1000103,FY26,100103,S00103,ST003,0103,SP103,INV-01000103,SALE,7,3.51,24.57,0,0.00,0.00,2026-09-20T12:00:00
2026-04-14,1000104,FY26,100104,S00104,ST004,0104,SP104,INV-01000104,SALE,8,3.52,28.16,0,0.00,0.00,2026-09-20T12:00:00
2026-04-15,1000105,FY26,100105,S00105,ST005,0105,SP105,INV-01000105,SALE,9,3.53,31.77,0,0.00,0.00,2026-09-20T12:00:00
2026-04-16,1000106,FY26,100106,S00106,ST006,0106,SP106,INV-01000106,SALE,10,3.54,35.40,0,0.00,0.00,2026-09-20T12:00:00
2026-04-17,1000107,FY26,100107,S00107,ST007,0107,SP107,INV-01000107,SALE,11,3.55,39.05,0,0.00,0.00,2026-09-20T12:00:00
2026-04-18,1000108,FY26,100108,S00108,ST008,0108,SP108,INV-01000108,SALE,12,3.56,42.72,0,0.00,0.00,2026-09-20T12:00:00
2026-04-19,1000109,FY26,100109,S00109,ST009,0109,SP109,INV-01000109,SALE,13,3.57,46.41,0,0.00,0.00,2026-09-20T12:00:00
2026-04-20,1000110,FY26,100110,S00110,ST010,0110,SP110,INV-01000110,SALE,14,3.58,50.12,0,0.00,0.00,2026-09-20T12:00:00
2026-04-21,1000111,FY26,100111,S00111,ST011,0111,SP111,INV-01000111,SALE,15,3.59,53.85,0,0.00,0.00,2026-09-20T12:00:00
2026-04-22,1000112,FY26,100112,S00112,ST012,0112,SP112,INV-01000112,SALE,16,3.60,57.60,1,3.60,3.60,2026-09-20T12:00:00
2026-04-23,1000113,FY26,100113,S00113,ST013,0113,SP113,INV-01000113,SALE,17,3.61,61.37,0,0.00,0.00,2026-09-20T12:00:00
2026-04-24,1000114,FY26,100114,S00114,ST014,0114,SP114,INV-01000114,SALE,18,3.62,65.16,0,0.00,0.00,2026-09-20T12:00:00
2026-04-25,1000115,FY26,100115,S00115,ST015,0115,SP115,INV-01000115,SALE,19,3.63,68.97,0,0.00,0.00,2026-09-20T12:00:00
2026-04-26,1000116,FY26,100116,S00116,ST016,0116,SP116,INV-01000116,SALE,20,3.64,72.80,0,0.00,0.00,2026-09-20T12:00:00
2026-04-27,1000117,FY26,100117,S00117,ST017,0117,SP117,INV-01000117,SALE,21,3.65,76.65,0,0.00,0.00,2026-09-20T12:00:00
2026-04-28,1000118,FY26,100118,S00118,ST018,0118,SP118,INV-01000118,SALE,22,3.66,80.52,0,0.00,0.00,2026-09-20T12:00:00
2026-04-29,1000119,FY26,100119,S00119,ST019,0119,SP119,INV-01000119,SALE,23,3.67,84.41,0,0.00,0.00,2026-09-20T12:00:00
2026-04-30,1000120,FY26,100120,S00120,ST020,0120,SP120,INV-01000120,SALE,24,3.68,88.32,0,0.00,0.00,2026-09-20T12:00:00
2026-05-01,1000121,FY26,100121,S00121,ST021,0121,SP121,INV-01000121,SALE,25,3.69,92.25,0,0.00,0.00,2026-09-20T12:00:00
2026-05-02,1000122,FY26,100122,S00122,ST022,0122,SP122,INV-01000122,SALE,26,3.70,96.20,0,0.00,0.00,2026-09-20T12:00:00
2026-05-03,1000123,FY26,100123,S00123,ST023,0123,SP123,INV-01000123,SALE,27,3.71,100.17,0,0.00,0.00,2026-09-20T12:00:00
2026-05-04,1000124,FY26,100124,S00124,ST024,0124,SP124,INV-01000124,SALE,28,3.72,104.16,0,0.00,0.00,2026-09-20T12:00:00
2026-05-05,1000125,FY26,100125,S00125,ST025,0125,SP125,INV-01000125,SALE,29,3.73,108.17,0,0.00,0.00,2026-09-20T12:00:00
2026-05-06,1000126,FY26,100126,S00126,ST026,0126,SP126,INV-01000126,SALE,30,3.74,112.20,0,0.00,0.00,2026-09-20T12:00:00
2026-05-07,1000127,FY26,100127,S00127,ST027,0127,SP127,INV-01000127,SALE,31,3.75,116.25,0,0.00,0.00,2026-09-20T12:00:00
2026-05-08,1000128,FY26,100128,S00128,ST028,0128,SP128,INV-01000128,SALE,32,3.76,120.32,0,0.00,0.00,2026-09-20T12:00:00
2026-05-09,1000129,FY26,100129,S00129,ST029,0129,SP129,INV-01000129,SALE,33,3.77,124.41,0,0.00,0.00,2026-09-20T12:00:00
2026-05-10,1000130,FY26,100130,S00130,ST030,0130,SP130,INV-01000130,SALE,34,3.78,128.52,0,0.00,0.00,2026-09-20T12:00:00
2026-05-11,1000131,FY26,100131,S00131,ST031,0131,SP131,INV-01000131,SALE,35,3.79,132.65,0,0.00,0.00,2026-09-20T12:00:00
2026-05-12,1000132,FY26,100132,S00132,ST032,0132,SP132,INV-01000132,SALE,36,3.80,136.80,0,0.00,0.00,2026-09-20T12:00:00
2026-05-13,1000133,FY26,100133,S00133,ST033,0133,SP133,INV-01000133,SALE,37,3.81,140.97,0,0.00,0.00,2026-09-20T12:00:00
2026-05-14,1000134,FY26,100134,S00134,ST034,0134,SP134,INV-01000134,SALE,38,3.82,145.16,0,0.00,0.00,2026-09-20T12:00:00
2026-05-15,1000135,FY26,100135,S00135,ST035,0135,SP135,INV-01000135,SALE,39,3.83,149.37,0,0.00,0.00,2026-09-20T12:00:00
2026-05-16,1000136,FY26,100136,S00136,ST036,0136,SP136,INV-01000136,SALE,40,3.84,153.60,0,0.00,0.00,2026-09-20T12:00:00
2026-05-17,1000137,FY26,100137,S00137,ST037,0137,SP137,INV-01000137,SALE,41,3.85,157.85,0,0.00,0.00,2026-09-20T12:00:00
2026-05-18,1000138,FY26,100138,S00138,ST038,0138,SP138,INV-01000138,SALE,42,3.86,162.12,0,0.00,0.00,2026-09-20T12:00:00
2026-05-19,1000139,FY26,100139,S00139,ST039,0139,SP139,INV-01000139,SALE,43,3.87,166.41,0,0.00,0.00,2026-09-20T12:00:00
2026-05-20,1000140,FY26,100140,S00140,ST040,0140,SP140,INV-01000140,SALE,44,3.88,170.72,0,0.00,0.00,2026-09-20T12:00:00
2026-05-21,1000141,FY26,100141,S00141,ST041,0141,SP141,INV-01000141,SALE,45,3.89,175.05,0,0.00,0.00,2026-09-20T12:00:00
2026-05-22,1000142,FY26,100142,S00142,ST042,0142,SP142,INV-01000142,SALE,46,3.90,179.40,0,0.00,0.00,2026-09-20T12:00:00
2026-05-23,1000143,FY26,100143,S00143,ST043,0143,SP143,INV-01000143,SALE,47,3.91,183.77,0,0.00,0.00,2026-09-20T12:00:00
2026-05-24,1000144,FY26,100144,S00144,ST044,0144,SP144,INV-01000144,SALE,48,3.92,188.16,0,0.00,0.00,2026-09-20T12:00:00
2026-05-25,1000145,FY26,100145,S00145,ST045,0145,SP145,INV-01000145,SALE,1,3.93,3.93,0,0.00,0.00,2026-09-20T12:00:00
2026-05-26,1000146,FY26,100146,S00146,ST046,0146,SP146,INV-01000146,SALE,2,3.94,7.88,0,0.00,0.00,2026-09-20T12:00:00
2026-05-27,1000147,FY26,100147,S00147,ST047,0147,SP147,INV-01000147,SALE,3,3.95,11.85,0,0.00,0.00,2026-09-20T12:00:00
2026-05-28,1000148,FY26,100148,S00148,ST048,0148,SP148,INV-01000148,SALE,4,3.96,15.84,0,0.00,0.00,2026-09-20T12:00:00
2026-05-29,1000149,FY26,100149,S00149,ST049,0149,SP149,INV-01000149,SALE,5,3.97,19.85,1,3.97,3.97,2026-09-20T12:00:00
2026-05-30,1000150,FY26,100150,S00150,ST050,0150,SP150,INV-01000150,SALE,6,3.98,23.88,0,0.00,0.00,2026-09-20T12:00:00
2026-05-31,1000151,FY26,100151,S00151,ST051,0151,SP151,INV-01000151,SALE,7,3.99,27.93,0,0.00,0.00,2026-09-20T12:00:00
2026-06-01,1000152,FY26,100152,S00152,ST052,0152,SP152,INV-01000152,SALE,8,4.00,32.00,0,0.00,0.00,2026-09-20T12:00:00
2026-06-02,1000153,FY26,100153,S00153,ST053,0153,SP153,INV-01000153,SALE,9,4.01,36.09,0,0.00,0.00,2026-09-20T12:00:00
2026-06-03,1000154,FY26,100154,S00154,ST054,0154,SP154,INV-01000154,SALE,10,4.02,40.20,0,0.00,0.00,2026-09-20T12:00:00
2026-06-04,1000155,FY26,100155,S00155,ST055,0155,SP155,INV-01000155,SALE,11,4.03,44.33,0,0.00,0.00,2026-09-20T12:00:00
2026-06-05,1000156,FY26,100156,S00156,ST056,0156,SP156,INV-01000156,SALE,12,4.04,48.48,0,0.00,0.00,2026-09-20T12:00:00
2026-06-06,1000157,FY26,100157,S00157,ST057,0157,SP157,INV-01000157,SALE,13,4.05,52.65,0,0.00,0.00,2026-09-20T12:00:00
2026-06-07,1000158,FY26,100158,S00158,ST058,0158,SP158,INV-01000158,SALE,14,4.06,56.84,0,0.00,0.00,2026-09-20T12:00:00
2026-06-08,1000159,FY26,100159,S00159,ST059,0159,SP159,INV-01000159,SALE,15,4.07,61.05,0,0.00,0.00,2026-09-20T12:00:00
2026-06-09,1000160,FY26,100160,S00160,ST060,0160,SP160,INV-01000160,SALE,16,4.08,65.28,0,0.00,0.00,2026-09-20T12:00:00
2026-06-10,1000161,FY26,100161,S00161,ST061,0161,SP161,INV-01000161,SALE,17,4.09,69.53,0,0.00,0.00,2026-09-20T12:00:00
2026-06-11,1000162,FY26,100162,S00162,ST062,0162,SP162,INV-01000162,SALE,18,4.10,73.80,0,0.00,0.00,2026-09-20T12:00:00
2026-06-12,1000163,FY26,100163,S00163,ST063,0163,SP163,INV-01000163,SALE,19,4.11,78.09,0,0.00,0.00,2026-09-20T12:00:00
2026-06-13,1000164,FY26,100164,S00164,ST064,0164,SP164,INV-01000164,SALE,20,4.12,82.40,0,0.00,0.00,2026-09-20T12:00:00
2026-06-14,1000165,FY26,100165,S00165,ST065,0165,SP165,INV-01000165,SALE,21,4.13,86.73,0,0.00,0.00,2026-09-20T12:00:00
2026-06-15,1000166,FY26,100166,S00166,ST066,0166,SP166,INV-01000166,SALE,22,4.14,91.08,0,0.00,0.00,2026-09-20T12:00:00
2026-06-16,1000167,FY26,100167,S00167,ST067,0167,SP167,INV-01000167,SALE,23,4.15,95.45,0,0.00,0.00,2026-09-20T12:00:00
2026-06-17,1000168,FY26,100168,S00168,ST068,0168,SP168,INV-01000168,SALE,24,4.16,99.84,0,0.00,0.00,2026-09-20T12:00:00
2026-06-18,1000169,FY26,100169,S00169,ST069,0169,SP169,INV-01000169,SALE,25,4.17,104.25,0,0.00,0.00,2026-09-20T12:00:00
2026-06-19,1000170,FY26,100170,S00170,ST070,0170,SP170,INV-01000170,SALE,26,4.18,108.68,0,0.00,0.00,2026-09-20T12:00:00
2026-06-20,1000171,FY26,100171,S00171,ST071,0171,SP171,INV-01000171,SALE,27,4.19,113.13,0,0.00,0.00,2026-09-20T12:00:00
2026-06-21,1000172,FY26,100172,S00172,ST072,0172,SP172,INV-01000172,SALE,28,4.20,117.60,0,0.00,0.00,2026-09-20T12:00:00
2026-06-22,1000173,FY26,100173,S00173,ST073,0173,SP173,INV-01000173,SALE,29,4.21,122.09,0,0.00,0.00,2026-09-20T12:00:00
2026-06-23,1000174,FY26,100174,S00174,ST074,0174,SP174,INV-01000174,SALE,30,4.22,126.60,0,0.00,0.00,2026-09-20T12:00:00
2026-06-24,1000175,FY26,100175,S00175,ST075,0175,SP175,INV-01000175,SALE,31,4.23,131.13,0,0.00,0.00,2026-09-20T12:00:00
2026-06-25,1000176,FY26,100176,S00176,ST076,0176,SP176,INV-01000176,SALE,32,4.24,135.68,0,0.00,0.00,2026-09-20T12:00:00
2026-06-26,1000177,FY26,100177,S00177,ST077,0177,SP177,INV-01000177,SALE,33,4.25,140.25,0,0.00,0.00,2026-09-20T12:00:00
2026-06-27,1000178,FY26,100178,S00178,ST078,0178,SP178,INV-01000178,SALE,34,4.26,144.84,0,0.00,0.00,2026-09-20T12:00:00
2026-06-28,1000179,FY26,100179,S00179,ST079,0179,SP179,INV-01000179,SALE,35,4.27,149.45,0,0.00,0.00,2026-09-20T12:00:00
2026-06-29,1000180,FY26,100180,S00180,ST080,0180,SP180,INV-01000180,SALE,36,4.28,154.08,0,0.00,0.00,2026-09-20T12:00:00
2026-06-30,1000181,FY26,100181,S00181,ST081,0181,SP181,INV-01000181,SALE,37,4.29,158.73,0,0.00,0.00,2026-09-20T12:00:00
2026-07-01,1000182,FY26,100182,S00182,ST082,0182,SP182,INV-01000182,SALE,38,4.30,163.40,0,0.00,0.00,2026-09-20T12:00:00
2026-07-02,1000183,FY26,100183,S00183,ST083,0183,SP183,INV-01000183,SALE,39,4.31,168.09,0,0.00,0.00,2026-09-20T12:00:00
2026-07-03,1000184,FY26,100184,S00184,ST084,0184,SP184,INV-01000184,SALE,40,4.32,172.80,0,0.00,0.00,2026-09-20T12:00:00
2026-07-04,1000185,FY26,100185,S00185,ST085,0185,SP185,INV-01000185,SALE,41,4.33,177.53,0,0.00,0.00,2026-09-20T12:00:00
2026-07-05,1000186,FY26,100186,S00186,ST086,0186,SP186,INV-01000186,SALE,42,4.34,182.28,1,4.34,4.34,2026-09-20T12:00:00
2026-07-06,1000187,FY26,100187,S00187,ST087,0187,SP187,INV-01000187,SALE,43,4.35,187.05,0,0.00,0.00,2026-09-20T12:00:00
2026-07-07,1000188,FY26,100188,S00188,ST088,0188,SP188,INV-01000188,SALE,44,4.36,191.84,0,0.00,0.00,2026-09-20T12:00:00
2026-07-08,1000189,FY26,100189,S00189,ST089,0189,SP189,INV-01000189,SALE,45,4.37,196.65,0,0.00,0.00,2026-09-20T12:00:00
2026-07-09,1000190,FY26,100190,S00190,ST090,0190,SP190,INV-01000190,SALE,46,4.38,201.48,0,0.00,0.00,2026-09-20T12:00:00
2026-07-10,1000191,FY26,100191,S00191,ST091,0191,SP191,INV-01000191,SALE,47,4.39,206.33,0,0.00,0.00,2026-09-20T12:00:00
2026-07-11,1000192,FY26,100192,S00192,ST092,0192,SP192,INV-01000192,SALE,48,4.40,211.20,0,0.00,0.00,2026-09-20T12:00:00
2026-07-12,1000193,FY26,100193,S00193,ST093,0193,SP193,INV-01000193,SALE,1,4.41,4.41,0,0.00,0.00,2026-09-20T12:00:00
2026-07-13,1000194,FY26,100194,S00194,ST094,0194,SP194,INV-01000194,SALE,2,4.42,8.84,0,0.00,0.00,2026-09-20T12:00:00
2026-07-14,1000195,FY26,100195,S00195,ST095,0195,SP195,INV-01000195,SALE,3,4.43,13.29,0,0.00,0.00,2026-09-20T12:00:00
2026-07-15,1000196,FY26,100196,S00196,ST096,0196,SP196,INV-01000196,SALE,4,4.44,17.76,0,0.00,0.00,2026-09-20T12:00:00
2026-07-16,1000197,FY26,100197,S00197,ST097,0197,SP197,INV-01000197,SALE,5,4.45,22.25,0,0.00,0.00,2026-09-20T12:00:00
2026-07-17,1000198,FY26,100198,S00198,ST098,0198,SP198,INV-01000198,SALE,6,4.46,26.76,0,0.00,0.00,2026-09-20T12:00:00
2026-07-18,1000199,FY26,100199,S00199,ST099,0199,SP199,INV-01000199,SALE,7,4.47,31.29,0,0.00,0.00,2026-09-20T12:00:00
2026-07-19,1000200,FY26,100200,S00200,ST100,0200,SP200,INV-01000200,SALE,8,4.48,35.84,0,0.00,0.00,2026-09-20T12:00:00
2026-07-20,1000201,FY26,100201,S00201,ST001,0201,SP201,INV-01000201,SALE,9,4.49,40.41,0,0.00,0.00,2026-09-20T12:00:00
2026-07-21,1000202,FY26,100202,S00202,ST002,0202,SP202,INV-01000202,SALE,10,4.50,45.00,0,0.00,0.00,2026-09-20T12:00:00
2026-07-22,1000203,FY26,100203,S00203,ST003,0203,SP203,INV-01000203,SALE,11,4.51,49.61,0,0.00,0.00,2026-09-20T12:00:00
2026-07-23,1000204,FY26,100204,S00204,ST004,0204,SP204,INV-01000204,SALE,12,4.52,54.24,0,0.00,0.00,2026-09-20T12:00:00
2026-07-24,1000205,FY26,100205,S00205,ST005,0205,SP205,INV-01000205,SALE,13,4.53,58.89,0,0.00,0.00,2026-09-20T12:00:00
2026-07-25,1000206,FY26,100206,S00206,ST006,0206,SP206,INV-01000206,SALE,14,4.54,63.56,0,0.00,0.00,2026-09-20T12:00:00
2026-07-26,1000207,FY26,100207,S00207,ST007,0207,SP207,INV-01000207,SALE,15,4.55,68.25,0,0.00,0.00,2026-09-20T12:00:00
2026-07-27,1000208,FY26,100208,S00208,ST008,0208,SP208,INV-01000208,SALE,16,4.56,72.96,0,0.00,0.00,2026-09-20T12:00:00
2026-07-28,1000209,FY26,100209,S00209,ST009,0209,SP209,INV-01000209,SALE,17,4.57,77.69,0,0.00,0.00,2026-09-20T12:00:00
2026-07-29,1000210,FY26,100210,S00210,ST010,0210,SP210,INV-01000210,SALE,18,4.58,82.44,0,0.00,0.00,2026-09-20T12:00:00
2026-07-30,1000211,FY26,100211,S00211,ST011,0211,SP211,INV-01000211,SALE,19,4.59,87.21,0,0.00,0.00,2026-09-20T12:00:00
2026-07-31,1000212,FY26,100212,S00212,ST012,0212,SP212,INV-01000212,SALE,20,4.60,92.00,0,0.00,0.00,2026-09-20T12:00:00
2026-08-01,1000213,FY26,100213,S00213,ST013,0213,SP213,INV-01000213,SALE,21,4.61,96.81,0,0.00,0.00,2026-09-20T12:00:00
2026-08-02,1000214,FY26,100214,S00214,ST014,0214,SP214,INV-01000214,SALE,22,4.62,101.64,0,0.00,0.00,2026-09-20T12:00:00
2026-08-03,1000215,FY26,100215,S00215,ST015,0215,SP215,INV-01000215,SALE,23,4.63,106.49,0,0.00,0.00,2026-09-20T12:00:00
2026-08-04,1000216,FY26,100216,S00216,ST016,0216,SP216,INV-01000216,SALE,24,4.64,111.36,0,0.00,0.00,2026-09-20T12:00:00
2026-08-05,1000217,FY26,100217,S00217,ST017,0217,SP217,INV-01000217,SALE,25,4.65,116.25,0,0.00,0.00,2026-09-20T12:00:00
2026-08-06,1000218,FY26,100218,S00218,ST018,0218,SP218,INV-01000218,SALE,26,4.66,121.16,0,0.00,0.00,2026-09-20T12:00:00
2026-08-07,1000219,FY26,100219,S00219,ST019,0219,SP219,INV-01000219,SALE,27,4.67,126.09,0,0.00,0.00,2026-09-20T12:00:00
2026-08-08,1000220,FY26,100220,S00220,ST020,0220,SP220,INV-01000220,SALE,28,4.68,131.04,0,0.00,0.00,2026-09-20T12:00:00
2026-08-09,1000221,FY26,100221,S00221,ST021,0221,SP221,INV-01000221,SALE,29,4.69,136.01,0,0.00,0.00,2026-09-20T12:00:00
2026-08-10,1000222,FY26,100222,S00222,ST022,0222,SP222,INV-01000222,SALE,30,4.70,141.00,0,0.00,0.00,2026-09-20T12:00:00
2026-08-11,1000223,FY26,100223,S00223,ST023,0223,SP223,INV-01000223,SALE,31,4.71,146.01,1,4.71,4.71,2026-09-20T12:00:00
2026-08-12,1000224,FY26,100224,S00224,ST024,0224,SP224,INV-01000224,SALE,32,4.72,151.04,0,0.00,0.00,2026-09-20T12:00:00
2026-08-13,1000225,FY26,100225,S00225,ST025,0225,SP225,INV-01000225,SALE,33,4.73,156.09,0,0.00,0.00,2026-09-20T12:00:00
2026-08-14,1000226,FY26,100226,S00226,ST026,0226,SP226,INV-01000226,SALE,34,4.74,161.16,0,0.00,0.00,2026-09-20T12:00:00
2026-08-15,1000227,FY26,100227,S00227,ST027,0227,SP227,INV-01000227,SALE,35,4.75,166.25,0,0.00,0.00,2026-09-20T12:00:00
2026-08-16,1000228,FY26,100228,S00228,ST028,0228,SP228,INV-01000228,SALE,36,4.76,171.36,0,0.00,0.00,2026-09-20T12:00:00
2026-08-17,1000229,FY26,100229,S00229,ST029,0229,SP229,INV-01000229,SALE,37,4.77,176.49,0,0.00,0.00,2026-09-20T12:00:00
2026-08-18,1000230,FY26,100230,S00230,ST030,0230,SP230,INV-01000230,SALE,38,4.78,181.64,0,0.00,0.00,2026-09-20T12:00:00
2026-08-19,1000231,FY26,100231,S00231,ST031,0231,SP231,INV-01000231,SALE,39,4.79,186.81,0,0.00,0.00,2026-09-20T12:00:00
2026-08-20,1000232,FY26,100232,S00232,ST032,0232,SP232,INV-01000232,SALE,40,4.80,192.00,0,0.00,0.00,2026-09-20T12:00:00
2026-08-21,1000233,FY26,100233,S00233,ST033,0233,SP233,INV-01000233,SALE,41,4.81,197.21,0,0.00,0.00,2026-09-20T12:00:00
2026-08-22,1000234,FY26,100234,S00234,ST034,0234,SP234,INV-01000234,SALE,42,4.82,202.44,0,0.00,0.00,2026-09-20T12:00:00
2026-08-23,1000235,FY26,100235,S00235,ST035,0235,SP235,INV-01000235,SALE,43,4.83,207.69,0,0.00,0.00,2026-09-20T12:00:00
2026-08-24,1000236,FY26,100236,S00236,ST036,0236,SP236,INV-01000236,SALE,44,4.84,212.96,0,0.00,0.00,2026-09-20T12:00:00
2026-08-25,1000237,FY26,100237,S00237,ST037,0237,SP237,INV-01000237,SALE,45,4.85,218.25,0,0.00,0.00,2026-09-20T12:00:00
2026-08-26,1000238,FY26,100238,S00238,ST038,0238,SP238,INV-01000238,SALE,46,4.86,223.56,0,0.00,0.00,2026-09-20T12:00:00
2026-08-27,1000239,FY26,100239,S00239,ST039,0239,SP239,INV-01000239,SALE,47,4.87,228.89,0,0.00,0.00,2026-09-20T12:00:00
2026-08-28,1000240,FY26,100240,S00240,ST040,0240,SP240,INV-01000240,SALE,48,4.88,234.24,0,0.00,0.00,2026-09-20T12:00:00
2026-08-29,1000241,FY26,100241,S00241,ST041,0241,SP241,INV-01000241,SALE,1,4.89,4.89,0,0.00,0.00,2026-09-20T12:00:00
2026-08-30,1000242,FY26,100242,S00242,ST042,0242,SP242,INV-01000242,SALE,2,4.90,9.80,0,0.00,0.00,2026-09-20T12:00:00
2026-08-31,1000243,FY26,100243,S00243,ST043,0243,SP243,INV-01000243,SALE,3,4.91,14.73,0,0.00,0.00,2026-09-20T12:00:00
2026-09-01,1000244,FY26,100244,S00244,ST044,0244,SP244,INV-01000244,SALE,4,4.92,19.68,0,0.00,0.00,2026-09-20T12:00:00
2026-09-02,1000245,FY26,100245,S00245,ST045,0245,SP245,INV-01000245,SALE,5,4.93,24.65,0,0.00,0.00,2026-09-20T12:00:00
2026-09-03,1000246,FY26,100246,S00246,ST046,0246,SP246,INV-01000246,SALE,6,4.94,29.64,0,0.00,0.00,2026-09-20T12:00:00
2026-09-04,1000247,FY26,100247,S00247,ST047,0247,SP247,INV-01000247,SALE,7,4.95,34.65,0,0.00,0.00,2026-09-20T12:00:00
2026-09-05,1000248,FY26,100248,S00248,ST048,0248,SP248,INV-01000248,SALE,8,4.96,39.68,0,0.00,0.00,2026-09-20T12:00:00
2026-09-06,1000249,FY26,100249,S00249,ST049,0249,SP249,INV-01000249,SALE,9,4.97,44.73,0,0.00,0.00,2026-09-20T12:00:00
2026-09-07,1000250,FY26,100250,S00250,ST050,0250,SP250,INV-01000250,SALE,10,4.98,49.80,0,0.00,0.00,2026-09-20T12:00:00
2026-09-08,1000251,FY26,100251,S00251,ST051,0251,SP001,INV-01000251,SALE,11,2.49,27.39,0,0.00,0.00,2026-09-20T12:00:00
2026-09-09,1000252,FY26,100252,S00252,ST052,0252,SP002,INV-01000252,SALE,12,2.50,30.00,0,0.00,0.00,2026-09-20T12:00:00
2026-09-10,1000253,FY26,100253,S00253,ST053,0253,SP003,INV-01000253,SALE,13,2.51,32.63,0,0.00,0.00,2026-09-20T12:00:00
2026-09-11,1000254,FY26,100254,S00254,ST054,0254,SP004,INV-01000254,SALE,14,2.52,35.28,0,0.00,0.00,2026-09-20T12:00:00
2026-09-12,1000255,FY26,100255,S00255,ST055,0255,SP005,INV-01000255,SALE,15,2.53,37.95,0,0.00,0.00,2026-09-20T12:00:00
2026-09-13,1000256,FY26,100256,S00256,ST056,0256,SP006,INV-01000256,SALE,16,2.54,40.64,0,0.00,0.00,2026-09-20T12:00:00
2026-09-14,1000257,FY26,100257,S00257,ST057,0257,SP007,INV-01000257,SALE,17,2.55,43.35,0,0.00,0.00,2026-09-20T12:00:00
2026-09-15,1000258,FY26,100258,S00258,ST058,0258,SP008,INV-01000258,SALE,18,2.56,46.08,0,0.00,0.00,2026-09-20T12:00:00
2026-09-16,1000259,FY26,100259,S00259,ST059,0259,SP009,INV-01000259,SALE,19,2.57,48.83,0,0.00,0.00,2026-09-20T12:00:00
2026-09-17,1000260,FY26,100260,S00260,ST060,0260,SP010,INV-01000260,SALE,20,2.58,51.60,1,2.58,2.58,2026-09-20T12:00:00
2026-09-18,1000261,FY26,100261,S00261,ST061,0261,SP011,INV-01000261,SALE,21,2.59,54.39,0,0.00,0.00,2026-09-20T12:00:00
2026-09-19,1000262,FY26,100262,S00262,ST062,0262,SP012,INV-01000262,SALE,22,2.60,57.20,0,0.00,0.00,2026-09-20T12:00:00
2026-09-20,1000263,FY26,100263,S00263,ST063,0263,SP013,INV-01000263,SALE,23,2.61,60.03,0,0.00,0.00,2026-09-20T12:00:00
2026-09-21,1000264,FY26,100264,S00264,ST064,0264,SP014,INV-01000264,SALE,24,2.62,62.88,0,0.00,0.00,2026-09-20T12:00:00
2026-09-22,1000265,FY26,100265,S00265,ST065,0265,SP015,INV-01000265,SALE,25,2.63,65.75,0,0.00,0.00,2026-09-20T12:00:00
2026-09-23,1000266,FY26,100266,S00266,ST066,0266,SP016,INV-01000266,SALE,26,2.64,68.64,0,0.00,0.00,2026-09-20T12:00:00
2026-09-24,1000267,FY26,100267,S00267,ST067,0267,SP017,INV-01000267,SALE,27,2.65,71.55,0,0.00,0.00,2026-09-20T12:00:00
2026-09-25,1000268,FY26,100268,S00268,ST068,0268,SP018,INV-01000268,SALE,28,2.66,74.48,0,0.00,0.00,2026-09-20T12:00:00
2026-09-26,1000269,FY26,100269,S00269,ST069,0269,SP019,INV-01000269,SALE,29,2.67,77.43,0,0.00,0.00,2026-09-20T12:00:00
2026-09-27,1000270,FY26,100270,S00270,ST070,0270,SP020,INV-01000270,SALE,30,2.68,80.40,0,0.00,0.00,2026-09-20T12:00:00
2026-09-28,1000271,FY26,100271,S00271,ST071,0271,SP021,INV-01000271,SALE,31,2.69,83.39,0,0.00,0.00,2026-09-20T12:00:00
2026-09-29,1000272,FY26,100272,S00272,ST072,0272,SP022,INV-01000272,SALE,32,2.70,86.40,0,0.00,0.00,2026-09-20T12:00:00
2026-09-30,1000273,FY26,100273,S00273,ST073,0273,SP023,INV-01000273,SALE,33,2.71,89.43,0,0.00,0.00,2026-09-20T12:00:00
2026-10-01,1000274,FY26,100274,S00274,ST074,0274,SP024,INV-01000274,SALE,34,2.72,92.48,0,0.00,0.00,2026-09-20T12:00:00
2026-10-02,1000275,FY26,100275,S00275,ST075,0275,SP025,INV-01000275,SALE,35,2.73,95.55,0,0.00,0.00,2026-09-20T12:00:00
2026-10-03,1000276,FY26,100276,S00276,ST076,0276,SP026,INV-01000276,SALE,36,2.74,98.64,0,0.00,0.00,2026-09-20T12:00:00
2026-10-04,1000277,FY26,100277,S00277,ST077,0277,SP027,INV-01000277,SALE,37,2.75,101.75,0,0.00,0.00,2026-09-20T12:00:00
2026-10-05,1000278,FY26,100278,S00278,ST078,0278,SP028,INV-01000278,SALE,38,2.76,104.88,0,0.00,0.00,2026-09-20T12:00:00
2026-10-06,1000279,FY26,100279,S00279,ST079,0279,SP029,INV-01000279,SALE,39,2.77,108.03,0,0.00,0.00,2026-09-20T12:00:00
2026-10-07,1000280,FY26,100280,S00280,ST080,0280,SP030,INV-01000280,SALE,40,2.78,111.20,0,0.00,0.00,2026-09-20T12:00:00
2026-10-08,1000281,FY26,100281,S00281,ST081,0281,SP031,INV-01000281,SALE,41,2.79,114.39,0,0.00,0.00,2026-09-20T12:00:00
2026-10-09,1000282,FY26,100282,S00282,ST082,0282,SP032,INV-01000282,SALE,42,2.80,117.60,0,0.00,0.00,2026-09-20T12:00:00
2026-10-10,1000283,FY26,100283,S00283,ST083,0283,SP033,INV-01000283,SALE,43,2.81,120.83,0,0.00,0.00,2026-09-20T12:00:00
2026-10-11,1000284,FY26,100284,S00284,ST084,0284,SP034,INV-01000284,SALE,44,2.82,124.08,0,0.00,0.00,2026-09-20T12:00:00
2026-10-12,1000285,FY26,100285,S00285,ST085,0285,SP035,INV-01000285,SALE,45,2.83,127.35,0,0.00,0.00,2026-09-20T12:00:00
2026-10-13,1000286,FY26,100286,S00286,ST086,0286,SP036,INV-01000286,SALE,46,2.84,130.64,0,0.00,0.00,2026-09-20T12:00:00
2026-10-14,1000287,FY26,100287,S00287,ST087,0287,SP037,INV-01000287,SALE,47,2.85,133.95,0,0.00,0.00,2026-09-20T12:00:00
2026-10-15,1000288,FY26,100288,S00288,ST088,0288,SP038,INV-01000288,SALE,48,2.86,137.28,0,0.00,0.00,2026-09-20T12:00:00
2026-10-16,1000289,FY26,100289,S00289,ST089,0289,SP039,INV-01000289,SALE,1,2.87,2.87,0,0.00,0.00,2026-09-20T12:00:00
2026-10-17,1000290,FY26,100290,S00290,ST090,0290,SP040,INV-01000290,SALE,2,2.88,5.76,0,0.00,0.00,2026-09-20T12:00:00
2026-10-18,1000291,FY26,100291,S00291,ST091,0291,SP041,INV-01000291,SALE,3,2.89,8.67,0,0.00,0.00,2026-09-20T12:00:00
2026-10-19,1000292,FY26,100292,S00292,ST092,0292,SP042,INV-01000292,SALE,4,2.90,11.60,0,0.00,0.00,2026-09-20T12:00:00
2026-10-20,1000293,FY26,100293,S00293,ST093,0293,SP043,INV-01000293,SALE,5,2.91,14.55,0,0.00,0.00,2026-09-20T12:00:00
2026-10-21,1000294,FY26,100294,S00294,ST094,0294,SP044,INV-01000294,SALE,6,2.92,17.52,0,0.00,0.00,2026-09-20T12:00:00
2026-10-22,1000295,FY26,100295,S00295,ST095,0295,SP045,INV-01000295,SALE,7,2.93,20.51,0,0.00,0.00,2026-09-20T12:00:00
2026-10-23,1000296,FY26,100296,S00296,ST096,0296,SP046,INV-01000296,SALE,8,2.94,23.52,0,0.00,0.00,2026-09-20T12:00:00
2026-10-24,1000297,FY26,100297,S00297,ST097,0297,SP047,INV-01000297,SALE,9,2.95,26.55,1,2.95,2.95,2026-09-20T12:00:00
2026-10-25,1000298,FY26,100298,S00298,ST098,0298,SP048,INV-01000298,SALE,10,2.96,29.60,0,0.00,0.00,2026-09-20T12:00:00
2026-10-26,1000299,FY26,100299,S00299,ST099,0299,SP049,INV-01000299,SALE,11,2.97,32.67,0,0.00,0.00,2026-09-20T12:00:00
2026-10-27,1000300,FY26,100300,S00300,ST100,0300,SP050,INV-01000300,SALE,12,2.98,35.76,0,0.00,0.00,2026-09-20T12:00:00
2026-10-28,1000301,FY26,100301,S00301,ST001,0301,SP051,INV-01000301,SALE,13,2.99,38.87,0,0.00,0.00,2026-09-20T12:00:00
2026-10-29,1000302,FY26,100302,S00302,ST002,0302,SP052,INV-01000302,SALE,14,3.00,42.00,0,0.00,0.00,2026-09-20T12:00:00
2026-10-30,1000303,FY26,100303,S00303,ST003,0303,SP053,INV-01000303,SALE,15,3.01,45.15,0,0.00,0.00,2026-09-20T12:00:00
2026-10-31,1000304,FY26,100304,S00304,ST004,0304,SP054,INV-01000304,SALE,16,3.02,48.32,0,0.00,0.00,2026-09-20T12:00:00
2026-11-01,1000305,FY26,100305,S00305,ST005,0305,SP055,INV-01000305,SALE,17,3.03,51.51,0,0.00,0.00,2026-09-20T12:00:00
2026-11-02,1000306,FY26,100306,S00306,ST006,0306,SP056,INV-01000306,SALE,18,3.04,54.72,0,0.00,0.00,2026-09-20T12:00:00
2026-11-03,1000307,FY26,100307,S00307,ST007,0307,SP057,INV-01000307,SALE,19,3.05,57.95,0,0.00,0.00,2026-09-20T12:00:00
2026-11-04,1000308,FY26,100308,S00308,ST008,0308,SP058,INV-01000308,SALE,20,3.06,61.20,0,0.00,0.00,2026-09-20T12:00:00
2026-11-05,1000309,FY26,100309,S00309,ST009,0309,SP059,INV-01000309,SALE,21,3.07,64.47,0,0.00,0.00,2026-09-20T12:00:00
2026-11-06,1000310,FY26,100310,S00310,ST010,0310,SP060,INV-01000310,SALE,22,3.08,67.76,0,0.00,0.00,2026-09-20T12:00:00
2026-11-07,1000311,FY26,100311,S00311,ST011,0311,SP061,INV-01000311,SALE,23,3.09,71.07,0,0.00,0.00,2026-09-20T12:00:00
2026-11-08,1000312,FY26,100312,S00312,ST012,0312,SP062,INV-01000312,SALE,24,3.10,74.40,0,0.00,0.00,2026-09-20T12:00:00
2026-11-09,1000313,FY26,100313,S00313,ST013,0313,SP063,INV-01000313,SALE,25,3.11,77.75,0,0.00,0.00,2026-09-20T12:00:00
2026-11-10,1000314,FY26,100314,S00314,ST014,0314,SP064,INV-01000314,SALE,26,3.12,81.12,0,0.00,0.00,2026-09-20T12:00:00
2026-11-11,1000315,FY26,100315,S00315,ST015,0315,SP065,INV-01000315,SALE,27,3.13,84.51,0,0.00,0.00,2026-09-20T12:00:00
2026-11-12,1000316,FY26,100316,S00316,ST016,0316,SP066,INV-01000316,SALE,28,3.14,87.92,0,0.00,0.00,2026-09-20T12:00:00
2026-11-13,1000317,FY26,100317,S00317,ST017,0317,SP067,INV-01000317,SALE,29,3.15,91.35,0,0.00,0.00,2026-09-20T12:00:00
2026-11-14,1000318,FY26,100318,S00318,ST018,0318,SP068,INV-01000318,SALE,30,3.16,94.80,0,0.00,0.00,2026-09-20T12:00:00
2026-11-15,1000319,FY26,100319,S00319,ST019,0319,SP069,INV-01000319,SALE,31,3.17,98.27,0,0.00,0.00,2026-09-20T12:00:00
2026-11-16,1000320,FY26,100320,S00320,ST020,0320,SP070,INV-01000320,SALE,32,3.18,101.76,0,0.00,0.00,2026-09-20T12:00:00
2026-11-17,1000321,FY26,100321,S00321,ST021,0321,SP071,INV-01000321,SALE,33,3.19,105.27,0,0.00,0.00,2026-09-20T12:00:00
2026-11-18,1000322,FY26,100322,S00322,ST022,0322,SP072,INV-01000322,SALE,34,3.20,108.80,0,0.00,0.00,2026-09-20T12:00:00
2026-11-19,1000323,FY26,100323,S00323,ST023,0323,SP073,INV-01000323,SALE,35,3.21,112.35,0,0.00,0.00,2026-09-20T12:00:00
2026-11-20,1000324,FY26,100324,S00324,ST024,0324,SP074,INV-01000324,SALE,36,3.22,115.92,0,0.00,0.00,2026-09-20T12:00:00
2026-11-21,1000325,FY26,100325,S00325,ST025,0325,SP075,INV-01000325,SALE,37,3.23,119.51,0,0.00,0.00,2026-09-20T12:00:00
2026-11-22,1000326,FY26,100326,S00326,ST026,0326,SP076,INV-01000326,SALE,38,3.24,123.12,0,0.00,0.00,2026-09-20T12:00:00
2026-11-23,1000327,FY26,100327,S00327,ST027,0327,SP077,INV-01000327,SALE,39,3.25,126.75,0,0.00,0.00,2026-09-20T12:00:00
2026-11-24,1000328,FY26,100328,S00328,ST028,0328,SP078,INV-01000328,SALE,40,3.26,130.40,0,0.00,0.00,2026-09-20T12:00:00
2026-11-25,1000329,FY26,100329,S00329,ST029,0329,SP079,INV-01000329,SALE,41,3.27,134.07,0,0.00,0.00,2026-09-20T12:00:00
2026-11-26,1000330,FY26,100330,S00330,ST030,0330,SP080,INV-01000330,SALE,42,3.28,137.76,0,0.00,0.00,2026-09-20T12:00:00
2026-11-27,1000331,FY26,100331,S00331,ST031,0331,SP081,INV-01000331,SALE,43,3.29,141.47,0,0.00,0.00,2026-09-20T12:00:00
2026-11-28,1000332,FY26,100332,S00332,ST032,0332,SP082,INV-01000332,SALE,44,3.30,145.20,0,0.00,0.00,2026-09-20T12:00:00
2026-11-29,1000333,FY26,100333,S00333,ST033,0333,SP083,INV-01000333,SALE,45,3.31,148.95,0,0.00,0.00,2026-09-20T12:00:00
2026-11-30,1000334,FY26,100334,S00334,ST034,0334,SP084,INV-01000334,SALE,46,3.32,152.72,1,3.32,3.32,2026-09-20T12:00:00
2026-12-01,1000335,FY26,100335,S00335,ST035,0335,SP085,INV-01000335,SALE,47,3.33,156.51,0,0.00,0.00,2026-09-20T12:00:00
2026-12-02,1000336,FY26,100336,S00336,ST036,0336,SP086,INV-01000336,SALE,48,3.34,160.32,0,0.00,0.00,2026-09-20T12:00:00
2026-12-03,1000337,FY26,100337,S00337,ST037,0337,SP087,INV-01000337,SALE,1,3.35,3.35,0,0.00,0.00,2026-09-20T12:00:00
2026-12-04,1000338,FY26,100338,S00338,ST038,0338,SP088,INV-01000338,SALE,2,3.36,6.72,0,0.00,0.00,2026-09-20T12:00:00
2026-12-05,1000339,FY26,100339,S00339,ST039,0339,SP089,INV-01000339,SALE,3,3.37,10.11,0,0.00,0.00,2026-09-20T12:00:00
2026-12-06,1000340,FY26,100340,S00340,ST040,0340,SP090,INV-01000340,SALE,4,3.38,13.52,0,0.00,0.00,2026-09-20T12:00:00
2026-12-07,1000341,FY26,100341,S00341,ST041,0341,SP091,INV-01000341,SALE,5,3.39,16.95,0,0.00,0.00,2026-09-20T12:00:00
2026-12-08,1000342,FY26,100342,S00342,ST042,0342,SP092,INV-01000342,SALE,6,3.40,20.40,0,0.00,0.00,2026-09-20T12:00:00
2026-12-09,1000343,FY26,100343,S00343,ST043,0343,SP093,INV-01000343,SALE,7,3.41,23.87,0,0.00,0.00,2026-09-20T12:00:00
2026-12-10,1000344,FY26,100344,S00344,ST044,0344,SP094,INV-01000344,SALE,8,3.42,27.36,0,0.00,0.00,2026-09-20T12:00:00
2026-12-11,1000345,FY26,100345,S00345,ST045,0345,SP095,INV-01000345,SALE,9,3.43,30.87,0,0.00,0.00,2026-09-20T12:00:00
2026-12-12,1000346,FY26,100346,S00346,ST046,0346,SP096,INV-01000346,SALE,10,3.44,34.40,0,0.00,0.00,2026-09-20T12:00:00
2026-12-13,1000347,FY26,100347,S00347,ST047,0347,SP097,INV-01000347,SALE,11,3.45,37.95,0,0.00,0.00,2026-09-20T12:00:00
2026-12-14,1000348,FY26,100348,S00348,ST048,0348,SP098,INV-01000348,SALE,12,3.46,41.52,0,0.00,0.00,2026-09-20T12:00:00
2026-12-15,1000349,FY26,100349,S00349,ST049,0349,SP099,INV-01000349,SALE,13,3.47,45.11,0,0.00,0.00,2026-09-20T12:00:00
2026-12-16,1000350,FY26,100350,S00350,ST050,0350,SP100,INV-01000350,SALE,14,3.48,48.72,0,0.00,0.00,2026-09-20T12:00:00
2026-12-17,1000351,FY26,100351,S00351,ST051,0351,SP101,INV-01000351,SALE,15,3.49,52.35,0,0.00,0.00,2026-09-20T12:00:00
2026-12-18,1000352,FY26,100352,S00352,ST052,0352,SP102,INV-01000352,SALE,16,3.50,56.00,0,0.00,0.00,2026-09-20T12:00:00
2026-12-19,1000353,FY26,100353,S00353,ST053,0353,SP103,INV-01000353,SALE,17,3.51,59.67,0,0.00,0.00,2026-09-20T12:00:00
2026-12-20,1000354,FY26,100354,S00354,ST054,0354,SP104,INV-01000354,SALE,18,3.52,63.36,0,0.00,0.00,2026-09-20T12:00:00
2026-12-21,1000355,FY26,100355,S00355,ST055,0355,SP105,INV-01000355,SALE,19,3.53,67.07,0,0.00,0.00,2026-09-20T12:00:00
2026-12-22,1000356,FY26,100356,S00356,ST056,0356,SP106,INV-01000356,SALE,20,3.54,70.80,0,0.00,0.00,2026-09-20T12:00:00
2026-12-23,1000357,FY26,100357,S00357,ST057,0357,SP107,INV-01000357,SALE,21,3.55,74.55,0,0.00,0.00,2026-09-20T12:00:00
2026-12-24,1000358,FY26,100358,S00358,ST058,0358,SP108,INV-01000358,SALE,22,3.56,78.32,0,0.00,0.00,2026-09-20T12:00:00
2026-12-25,1000359,FY26,100359,S00359,ST059,0359,SP109,INV-01000359,SALE,23,3.57,82.11,0,0.00,0.00,2026-09-20T12:00:00
2026-12-26,1000360,FY26,100360,S00360,ST060,0360,SP110,INV-01000360,SALE,24,3.58,85.92,0,0.00,0.00,2026-09-20T12:00:00
2026-12-27,1000361,FY26,100361,S00361,ST061,0361,SP111,INV-01000361,SALE,25,3.59,89.75,0,0.00,0.00,2026-09-20T12:00:00
2026-12-28,1000362,FY26,100362,S00362,ST062,0362,SP112,INV-01000362,SALE,26,3.60,93.60,0,0.00,0.00,2026-09-20T12:00:00
2026-12-29,1000363,FY26,100363,S00363,ST063,0363,SP113,INV-01000363,SALE,27,3.61,97.47,0,0.00,0.00,2026-09-20T12:00:00
2026-12-30,1000364,FY26,100364,S00364,ST064,0364,SP114,INV-01000364,SALE,28,3.62,101.36,0,0.00,0.00,2026-09-20T12:00:00
2026-12-31,1000365,FY26,100365,S00365,ST065,0365,SP115,INV-01000365,SALE,29,3.63,105.27,0,0.00,0.00,2026-09-20T12:00:00
2026-01-01,1000366,FY26,100366,S00366,ST066,0366,SP116,INV-01000366,SALE,30,3.64,109.20,0,0.00,0.00,2026-09-20T12:00:00
2026-01-02,1000367,FY26,100367,S00367,ST067,0367,SP117,INV-01000367,SALE,31,3.65,113.15,0,0.00,0.00,2026-09-20T12:00:00
2026-01-03,1000368,FY26,100368,S00368,ST068,0368,SP118,INV-01000368,SALE,32,3.66,117.12,0,0.00,0.00,2026-09-20T12:00:00
2026-01-04,1000369,FY26,100369,S00369,ST069,0369,SP119,INV-01000369,SALE,33,3.67,121.11,0,0.00,0.00,2026-09-20T12:00:00
2026-01-05,1000370,FY26,100370,S00370,ST070,0370,SP120,INV-01000370,SALE,34,3.68,125.12,0,0.00,0.00,2026-09-20T12:00:00
2026-01-06,1000371,FY26,100371,S00371,ST071,0371,SP121,INV-01000371,SALE,35,3.69,129.15,1,3.69,3.69,2026-09-20T12:00:00
2026-01-07,1000372,FY26,100372,S00372,ST072,0372,SP122,INV-01000372,SALE,36,3.70,133.20,0,0.00,0.00,2026-09-20T12:00:00
2026-01-08,1000373,FY26,100373,S00373,ST073,0373,SP123,INV-01000373,SALE,37,3.71,137.27,0,0.00,0.00,2026-09-20T12:00:00
2026-01-09,1000374,FY26,100374,S00374,ST074,0374,SP124,INV-01000374,SALE,38,3.72,141.36,0,0.00,0.00,2026-09-20T12:00:00
2026-01-10,1000375,FY26,100375,S00375,ST075,0375,SP125,INV-01000375,SALE,39,3.73,145.47,0,0.00,0.00,2026-09-20T12:00:00
2026-01-11,1000376,FY26,100376,S00376,ST076,0376,SP126,INV-01000376,SALE,40,3.74,149.60,0,0.00,0.00,2026-09-20T12:00:00
2026-01-12,1000377,FY26,100377,S00377,ST077,0377,SP127,INV-01000377,SALE,41,3.75,153.75,0,0.00,0.00,2026-09-20T12:00:00
2026-01-13,1000378,FY26,100378,S00378,ST078,0378,SP128,INV-01000378,SALE,42,3.76,157.92,0,0.00,0.00,2026-09-20T12:00:00
2026-01-14,1000379,FY26,100379,S00379,ST079,0379,SP129,INV-01000379,SALE,43,3.77,162.11,0,0.00,0.00,2026-09-20T12:00:00
2026-01-15,1000380,FY26,100380,S00380,ST080,0380,SP130,INV-01000380,SALE,44,3.78,166.32,0,0.00,0.00,2026-09-20T12:00:00
2026-01-16,1000381,FY26,100381,S00381,ST081,0381,SP131,INV-01000381,SALE,45,3.79,170.55,0,0.00,0.00,2026-09-20T12:00:00
2026-01-17,1000382,FY26,100382,S00382,ST082,0382,SP132,INV-01000382,SALE,46,3.80,174.80,0,0.00,0.00,2026-09-20T12:00:00
2026-01-18,1000383,FY26,100383,S00383,ST083,0383,SP133,INV-01000383,SALE,47,3.81,179.07,0,0.00,0.00,2026-09-20T12:00:00
2026-01-19,1000384,FY26,100384,S00384,ST084,0384,SP134,INV-01000384,SALE,48,3.82,183.36,0,0.00,0.00,2026-09-20T12:00:00
2026-01-20,1000385,FY26,100385,S00385,ST085,0385,SP135,INV-01000385,SALE,1,3.83,3.83,0,0.00,0.00,2026-09-20T12:00:00
2026-01-21,1000386,FY26,100386,S00386,ST086,0386,SP136,INV-01000386,SALE,2,3.84,7.68,0,0.00,0.00,2026-09-20T12:00:00
2026-01-22,1000387,FY26,100387,S00387,ST087,0387,SP137,INV-01000387,SALE,3,3.85,11.55,0,0.00,0.00,2026-09-20T12:00:00
2026-01-23,1000388,FY26,100388,S00388,ST088,0388,SP138,INV-01000388,SALE,4,3.86,15.44,0,0.00,0.00,2026-09-20T12:00:00
2026-01-24,1000389,FY26,100389,S00389,ST089,0389,SP139,INV-01000389,SALE,5,3.87,19.35,0,0.00,0.00,2026-09-20T12:00:00
2026-01-25,1000390,FY26,100390,S00390,ST090,0390,SP140,INV-01000390,SALE,6,3.88,23.28,0,0.00,0.00,2026-09-20T12:00:00
2026-01-26,1000391,FY26,100391,S00391,ST091,0391,SP141,INV-01000391,SALE,7,3.89,27.23,0,0.00,0.00,2026-09-20T12:00:00
2026-01-27,1000392,FY26,100392,S00392,ST092,0392,SP142,INV-01000392,SALE,8,3.90,31.20,0,0.00,0.00,2026-09-20T12:00:00
2026-01-28,1000393,FY26,100393,S00393,ST093,0393,SP143,INV-01000393,SALE,9,3.91,35.19,0,0.00,0.00,2026-09-20T12:00:00
2026-01-29,1000394,FY26,100394,S00394,ST094,0394,SP144,INV-01000394,SALE,10,3.92,39.20,0,0.00,0.00,2026-09-20T12:00:00
2026-01-30,1000395,FY26,100395,S00395,ST095,0395,SP145,INV-01000395,SALE,11,3.93,43.23,0,0.00,0.00,2026-09-20T12:00:00
2026-01-31,1000396,FY26,100396,S00396,ST096,0396,SP146,INV-01000396,SALE,12,3.94,47.28,0,0.00,0.00,2026-09-20T12:00:00
2026-02-01,1000397,FY26,100397,S00397,ST097,0397,SP147,INV-01000397,SALE,13,3.95,51.35,0,0.00,0.00,2026-09-20T12:00:00
2026-02-02,1000398,FY26,100398,S00398,ST098,0398,SP148,INV-01000398,SALE,14,3.96,55.44,0,0.00,0.00,2026-09-20T12:00:00
2026-02-03,1000399,FY26,100399,S00399,ST099,0399,SP149,INV-01000399,SALE,15,3.97,59.55,0,0.00,0.00,2026-09-20T12:00:00
2026-02-04,1000400,FY26,100400,S00400,ST100,0400,SP150,INV-01000400,SALE,16,3.98,63.68,0,0.00,0.00,2026-09-20T12:00:00
2026-02-05,1000401,FY26,100401,S00401,ST001,0401,SP151,INV-01000401,SALE,17,3.99,67.83,0,0.00,0.00,2026-09-20T12:00:00
2026-02-06,1000402,FY26,100402,S00402,ST002,0402,SP152,INV-01000402,SALE,18,4.00,72.00,0,0.00,0.00,2026-09-20T12:00:00
2026-02-07,1000403,FY26,100403,S00403,ST003,0403,SP153,INV-01000403,SALE,19,4.01,76.19,0,0.00,0.00,2026-09-20T12:00:00
2026-02-08,1000404,FY26,100404,S00404,ST004,0404,SP154,INV-01000404,SALE,20,4.02,80.40,0,0.00,0.00,2026-09-20T12:00:00
2026-02-09,1000405,FY26,100405,S00405,ST005,0405,SP155,INV-01000405,SALE,21,4.03,84.63,0,0.00,0.00,2026-09-20T12:00:00
2026-02-10,1000406,FY26,100406,S00406,ST006,0406,SP156,INV-01000406,SALE,22,4.04,88.88,0,0.00,0.00,2026-09-20T12:00:00
2026-02-11,1000407,FY26,100407,S00407,ST007,0407,SP157,INV-01000407,SALE,23,4.05,93.15,0,0.00,0.00,2026-09-20T12:00:00
2026-02-12,1000408,FY26,100408,S00408,ST008,0408,SP158,INV-01000408,SALE,24,4.06,97.44,1,4.06,4.06,2026-09-20T12:00:00
2026-02-13,1000409,FY26,100409,S00409,ST009,0409,SP159,INV-01000409,SALE,25,4.07,101.75,0,0.00,0.00,2026-09-20T12:00:00
2026-02-14,1000410,FY26,100410,S00410,ST010,0410,SP160,INV-01000410,SALE,26,4.08,106.08,0,0.00,0.00,2026-09-20T12:00:00
2026-02-15,1000411,FY26,100411,S00411,ST011,0411,SP161,INV-01000411,SALE,27,4.09,110.43,0,0.00,0.00,2026-09-20T12:00:00
2026-02-16,1000412,FY26,100412,S00412,ST012,0412,SP162,INV-01000412,SALE,28,4.10,114.80,0,0.00,0.00,2026-09-20T12:00:00
2026-02-17,1000413,FY26,100413,S00413,ST013,0413,SP163,INV-01000413,SALE,29,4.11,119.19,0,0.00,0.00,2026-09-20T12:00:00
2026-02-18,1000414,FY26,100414,S00414,ST014,0414,SP164,INV-01000414,SALE,30,4.12,123.60,0,0.00,0.00,2026-09-20T12:00:00
2026-02-19,1000415,FY26,100415,S00415,ST015,0415,SP165,INV-01000415,SALE,31,4.13,128.03,0,0.00,0.00,2026-09-20T12:00:00
2026-02-20,1000416,FY26,100416,S00416,ST016,0416,SP166,INV-01000416,SALE,32,4.14,132.48,0,0.00,0.00,2026-09-20T12:00:00
2026-02-21,1000417,FY26,100417,S00417,ST017,0417,SP167,INV-01000417,SALE,33,4.15,136.95,0,0.00,0.00,2026-09-20T12:00:00
2026-02-22,1000418,FY26,100418,S00418,ST018,0418,SP168,INV-01000418,SALE,34,4.16,141.44,0,0.00,0.00,2026-09-20T12:00:00
2026-02-23,1000419,FY26,100419,S00419,ST019,0419,SP169,INV-01000419,SALE,35,4.17,145.95,0,0.00,0.00,2026-09-20T12:00:00
2026-02-24,1000420,FY26,100420,S00420,ST020,0420,SP170,INV-01000420,SALE,36,4.18,150.48,0,0.00,0.00,2026-09-20T12:00:00
2026-02-25,1000421,FY26,100421,S00421,ST021,0421,SP171,INV-01000421,SALE,37,4.19,155.03,0,0.00,0.00,2026-09-20T12:00:00
2026-02-26,1000422,FY26,100422,S00422,ST022,0422,SP172,INV-01000422,SALE,38,4.20,159.60,0,0.00,0.00,2026-09-20T12:00:00
2026-02-27,1000423,FY26,100423,S00423,ST023,0423,SP173,INV-01000423,SALE,39,4.21,164.19,0,0.00,0.00,2026-09-20T12:00:00
2026-02-28,1000424,FY26,100424,S00424,ST024,0424,SP174,INV-01000424,SALE,40,4.22,168.80,0,0.00,0.00,2026-09-20T12:00:00
2026-03-01,1000425,FY26,100425,S00425,ST025,0425,SP175,INV-01000425,SALE,41,4.23,173.43,0,0.00,0.00,2026-09-20T12:00:00
2026-03-02,1000426,FY26,100426,S00426,ST026,0426,SP176,INV-01000426,SALE,42,4.24,178.08,0,0.00,0.00,2026-09-20T12:00:00
2026-03-03,1000427,FY26,100427,S00427,ST027,0427,SP177,INV-01000427,SALE,43,4.25,182.75,0,0.00,0.00,2026-09-20T12:00:00
2026-03-04,1000428,FY26,100428,S00428,ST028,0428,SP178,INV-01000428,SALE,44,4.26,187.44,0,0.00,0.00,2026-09-20T12:00:00
2026-03-05,1000429,FY26,100429,S00429,ST029,0429,SP179,INV-01000429,SALE,45,4.27,192.15,0,0.00,0.00,2026-09-20T12:00:00
2026-03-06,1000430,FY26,100430,S00430,ST030,0430,SP180,INV-01000430,SALE,46,4.28,196.88,0,0.00,0.00,2026-09-20T12:00:00
2026-03-07,1000431,FY26,100431,S00431,ST031,0431,SP181,INV-01000431,SALE,47,4.29,201.63,0,0.00,0.00,2026-09-20T12:00:00
2026-03-08,1000432,FY26,100432,S00432,ST032,0432,SP182,INV-01000432,SALE,48,4.30,206.40,0,0.00,0.00,2026-09-20T12:00:00
2026-03-09,1000433,FY26,100433,S00433,ST033,0433,SP183,INV-01000433,SALE,1,4.31,4.31,0,0.00,0.00,2026-09-20T12:00:00
2026-03-10,1000434,FY26,100434,S00434,ST034,0434,SP184,INV-01000434,SALE,2,4.32,8.64,0,0.00,0.00,2026-09-20T12:00:00
2026-03-11,1000435,FY26,100435,S00435,ST035,0435,SP185,INV-01000435,SALE,3,4.33,12.99,0,0.00,0.00,2026-09-20T12:00:00
2026-03-12,1000436,FY26,100436,S00436,ST036,0436,SP186,INV-01000436,SALE,4,4.34,17.36,0,0.00,0.00,2026-09-20T12:00:00
2026-03-13,1000437,FY26,100437,S00437,ST037,0437,SP187,INV-01000437,SALE,5,4.35,21.75,0,0.00,0.00,2026-09-20T12:00:00
2026-03-14,1000438,FY26,100438,S00438,ST038,0438,SP188,INV-01000438,SALE,6,4.36,26.16,0,0.00,0.00,2026-09-20T12:00:00
2026-03-15,1000439,FY26,100439,S00439,ST039,0439,SP189,INV-01000439,SALE,7,4.37,30.59,0,0.00,0.00,2026-09-20T12:00:00
2026-03-16,1000440,FY26,100440,S00440,ST040,0440,SP190,INV-01000440,SALE,8,4.38,35.04,0,0.00,0.00,2026-09-20T12:00:00
2026-03-17,1000441,FY26,100441,S00441,ST041,0441,SP191,INV-01000441,SALE,9,4.39,39.51,0,0.00,0.00,2026-09-20T12:00:00
2026-03-18,1000442,FY26,100442,S00442,ST042,0442,SP192,INV-01000442,SALE,10,4.40,44.00,0,0.00,0.00,2026-09-20T12:00:00
2026-03-19,1000443,FY26,100443,S00443,ST043,0443,SP193,INV-01000443,SALE,11,4.41,48.51,0,0.00,0.00,2026-09-20T12:00:00
2026-03-20,1000444,FY26,100444,S00444,ST044,0444,SP194,INV-01000444,SALE,12,4.42,53.04,0,0.00,0.00,2026-09-20T12:00:00
2026-03-21,1000445,FY26,100445,S00445,ST045,0445,SP195,INV-01000445,SALE,13,4.43,57.59,1,4.43,4.43,2026-09-20T12:00:00
2026-03-22,1000446,FY26,100446,S00446,ST046,0446,SP196,INV-01000446,SALE,14,4.44,62.16,0,0.00,0.00,2026-09-20T12:00:00
2026-03-23,1000447,FY26,100447,S00447,ST047,0447,SP197,INV-01000447,SALE,15,4.45,66.75,0,0.00,0.00,2026-09-20T12:00:00
2026-03-24,1000448,FY26,100448,S00448,ST048,0448,SP198,INV-01000448,SALE,16,4.46,71.36,0,0.00,0.00,2026-09-20T12:00:00
2026-03-25,1000449,FY26,100449,S00449,ST049,0449,SP199,INV-01000449,SALE,17,4.47,75.99,0,0.00,0.00,2026-09-20T12:00:00
2026-03-26,1000450,FY26,100450,S00450,ST050,0450,SP200,INV-01000450,SALE,18,4.48,80.64,0,0.00,0.00,2026-09-20T12:00:00
2026-03-27,1000451,FY26,100451,S00451,ST051,0451,SP201,INV-01000451,SALE,19,4.49,85.31,0,0.00,0.00,2026-09-20T12:00:00
2026-03-28,1000452,FY26,100452,S00452,ST052,0452,SP202,INV-01000452,SALE,20,4.50,90.00,0,0.00,0.00,2026-09-20T12:00:00
2026-03-29,1000453,FY26,100453,S00453,ST053,0453,SP203,INV-01000453,SALE,21,4.51,94.71,0,0.00,0.00,2026-09-20T12:00:00
2026-03-30,1000454,FY26,100454,S00454,ST054,0454,SP204,INV-01000454,SALE,22,4.52,99.44,0,0.00,0.00,2026-09-20T12:00:00
2026-03-31,1000455,FY26,100455,S00455,ST055,0455,SP205,INV-01000455,SALE,23,4.53,104.19,0,0.00,0.00,2026-09-20T12:00:00
2026-04-01,1000456,FY26,100456,S00456,ST056,0456,SP206,INV-01000456,SALE,24,4.54,108.96,0,0.00,0.00,2026-09-20T12:00:00
2026-04-02,1000457,FY26,100457,S00457,ST057,0457,SP207,INV-01000457,SALE,25,4.55,113.75,0,0.00,0.00,2026-09-20T12:00:00
2026-04-03,1000458,FY26,100458,S00458,ST058,0458,SP208,INV-01000458,SALE,26,4.56,118.56,0,0.00,0.00,2026-09-20T12:00:00
2026-04-04,1000459,FY26,100459,S00459,ST059,0459,SP209,INV-01000459,SALE,27,4.57,123.39,0,0.00,0.00,2026-09-20T12:00:00
2026-04-05,1000460,FY26,100460,S00460,ST060,0460,SP210,INV-01000460,SALE,28,4.58,128.24,0,0.00,0.00,2026-09-20T12:00:00
2026-04-06,1000461,FY26,100461,S00461,ST061,0461,SP211,INV-01000461,SALE,29,4.59,133.11,0,0.00,0.00,2026-09-20T12:00:00
2026-04-07,1000462,FY26,100462,S00462,ST062,0462,SP212,INV-01000462,SALE,30,4.60,138.00,0,0.00,0.00,2026-09-20T12:00:00
2026-04-08,1000463,FY26,100463,S00463,ST063,0463,SP213,INV-01000463,SALE,31,4.61,142.91,0,0.00,0.00,2026-09-20T12:00:00
2026-04-09,1000464,FY26,100464,S00464,ST064,0464,SP214,INV-01000464,SALE,32,4.62,147.84,0,0.00,0.00,2026-09-20T12:00:00
2026-04-10,1000465,FY26,100465,S00465,ST065,0465,SP215,INV-01000465,SALE,33,4.63,152.79,0,0.00,0.00,2026-09-20T12:00:00
2026-04-11,1000466,FY26,100466,S00466,ST066,0466,SP216,INV-01000466,SALE,34,4.64,157.76,0,0.00,0.00,2026-09-20T12:00:00
2026-04-12,1000467,FY26,100467,S00467,ST067,0467,SP217,INV-01000467,SALE,35,4.65,162.75,0,0.00,0.00,2026-09-20T12:00:00
2026-04-13,1000468,FY26,100468,S00468,ST068,0468,SP218,INV-01000468,SALE,36,4.66,167.76,0,0.00,0.00,2026-09-20T12:00:00
2026-04-14,1000469,FY26,100469,S00469,ST069,0469,SP219,INV-01000469,SALE,37,4.67,172.79,0,0.00,0.00,2026-09-20T12:00:00
2026-04-15,1000470,FY26,100470,S00470,ST070,0470,SP220,INV-01000470,SALE,38,4.68,177.84,0,0.00,0.00,2026-09-20T12:00:00
2026-04-16,1000471,FY26,100471,S00471,ST071,0471,SP221,INV-01000471,SALE,39,4.69,182.91,0,0.00,0.00,2026-09-20T12:00:00
2026-04-17,1000472,FY26,100472,S00472,ST072,0472,SP222,INV-01000472,SALE,40,4.70,188.00,0,0.00,0.00,2026-09-20T12:00:00
2026-04-18,1000473,FY26,100473,S00473,ST073,0473,SP223,INV-01000473,SALE,41,4.71,193.11,0,0.00,0.00,2026-09-20T12:00:00
2026-04-19,1000474,FY26,100474,S00474,ST074,0474,SP224,INV-01000474,SALE,42,4.72,198.24,0,0.00,0.00,2026-09-20T12:00:00
2026-04-20,1000475,FY26,100475,S00475,ST075,0475,SP225,INV-01000475,SALE,43,4.73,203.39,0,0.00,0.00,2026-09-20T12:00:00
2026-04-21,1000476,FY26,100476,S00476,ST076,0476,SP226,INV-01000476,SALE,44,4.74,208.56,0,0.00,0.00,2026-09-20T12:00:00
2026-04-22,1000477,FY26,100477,S00477,ST077,0477,SP227,INV-01000477,SALE,45,4.75,213.75,0,0.00,0.00,2026-09-20T12:00:00
2026-04-23,1000478,FY26,100478,S00478,ST078,0478,SP228,INV-01000478,SALE,46,4.76,218.96,0,0.00,0.00,2026-09-20T12:00:00
2026-04-24,1000479,FY26,100479,S00479,ST079,0479,SP229,INV-01000479,SALE,47,4.77,224.19,0,0.00,0.00,2026-09-20T12:00:00
2026-04-25,1000480,FY26,100480,S00480,ST080,0480,SP230,INV-01000480,SALE,48,4.78,229.44,0,0.00,0.00,2026-09-20T12:00:00
2026-04-26,1000481,FY26,100481,S00481,ST081,0481,SP231,INV-01000481,SALE,1,4.79,4.79,0,0.00,0.00,2026-09-20T12:00:00
2026-04-27,1000482,FY26,100482,S00482,ST082,0482,SP232,INV-01000482,SALE,2,4.80,9.60,1,4.80,4.80,2026-09-20T12:00:00
2026-04-28,1000483,FY26,100483,S00483,ST083,0483,SP233,INV-01000483,SALE,3,4.81,14.43,0,0.00,0.00,2026-09-20T12:00:00
2026-04-29,1000484,FY26,100484,S00484,ST084,0484,SP234,INV-01000484,SALE,4,4.82,19.28,0,0.00,0.00,2026-09-20T12:00:00
2026-04-30,1000485,FY26,100485,S00485,ST085,0485,SP235,INV-01000485,SALE,5,4.83,24.15,0,0.00,0.00,2026-09-20T12:00:00
2026-05-01,1000486,FY26,100486,S00486,ST086,0486,SP236,INV-01000486,SALE,6,4.84,29.04,0,0.00,0.00,2026-09-20T12:00:00
2026-05-02,1000487,FY26,100487,S00487,ST087,0487,SP237,INV-01000487,SALE,7,4.85,33.95,0,0.00,0.00,2026-09-20T12:00:00
2026-05-03,1000488,FY26,100488,S00488,ST088,0488,SP238,INV-01000488,SALE,8,4.86,38.88,0,0.00,0.00,2026-09-20T12:00:00
2026-05-04,1000489,FY26,100489,S00489,ST089,0489,SP239,INV-01000489,SALE,9,4.87,43.83,0,0.00,0.00,2026-09-20T12:00:00
2026-05-05,1000490,FY26,100490,S00490,ST090,0490,SP240,INV-01000490,SALE,10,4.88,48.80,0,0.00,0.00,2026-09-20T12:00:00
2026-05-06,1000491,FY26,100491,S00491,ST091,0491,SP241,INV-01000491,SALE,11,4.89,53.79,0,0.00,0.00,2026-09-20T12:00:00
2026-05-07,1000492,FY26,100492,S00492,ST092,0492,SP242,INV-01000492,SALE,12,4.90,58.80,0,0.00,0.00,2026-09-20T12:00:00
2026-05-08,1000493,FY26,100493,S00493,ST093,0493,SP243,INV-01000493,SALE,13,4.91,63.83,0,0.00,0.00,2026-09-20T12:00:00
2026-05-09,1000494,FY26,100494,S00494,ST094,0494,SP244,INV-01000494,SALE,14,4.92,68.88,0,0.00,0.00,2026-09-20T12:00:00
2026-05-10,1000495,FY26,100495,S00495,ST095,0495,SP245,INV-01000495,SALE,15,4.93,73.95,0,0.00,0.00,2026-09-20T12:00:00
2026-05-11,1000496,FY26,100496,S00496,ST096,0496,SP246,INV-01000496,SALE,16,4.94,79.04,0,0.00,0.00,2026-09-20T12:00:00
2026-05-12,1000497,FY26,100497,S00497,ST097,0497,SP247,INV-01000497,SALE,17,4.95,84.15,0,0.00,0.00,2026-09-20T12:00:00
2026-05-13,1000498,FY26,100498,S00498,ST098,0498,SP248,INV-01000498,SALE,18,4.96,89.28,0,0.00,0.00,2026-09-20T12:00:00
2026-05-14,1000499,FY26,100499,S00499,ST099,0499,SP249,INV-01000499,SALE,19,4.97,94.43,0,0.00,0.00,2026-09-20T12:00:00
2026-05-15,1000500,FY26,100500,S00500,ST100,0500,SP250,INV-01000500,SALE,20,4.98,99.60,0,0.00,0.00,2026-09-20T12:00:00
2026-05-16,1000501,FY26,100501,S00501,ST001,0501,SP001,INV-01000501,SALE,21,2.49,52.29,0,0.00,0.00,2026-09-20T12:00:00
2026-05-17,1000502,FY26,100502,S00502,ST002,0502,SP002,INV-01000502,SALE,22,2.50,55.00,0,0.00,0.00,2026-09-20T12:00:00
2026-05-18,1000503,FY26,100503,S00503,ST003,0503,SP003,INV-01000503,SALE,23,2.51,57.73,0,0.00,0.00,2026-09-20T12:00:00
2026-05-19,1000504,FY26,100504,S00504,ST004,0504,SP004,INV-01000504,SALE,24,2.52,60.48,0,0.00,0.00,2026-09-20T12:00:00
2026-05-20,1000505,FY26,100505,S00505,ST005,0505,SP005,INV-01000505,SALE,25,2.53,63.25,0,0.00,0.00,2026-09-20T12:00:00
2026-05-21,1000506,FY26,100506,S00506,ST006,0506,SP006,INV-01000506,SALE,26,2.54,66.04,0,0.00,0.00,2026-09-20T12:00:00
2026-05-22,1000507,FY26,100507,S00507,ST007,0507,SP007,INV-01000507,SALE,27,2.55,68.85,0,0.00,0.00,2026-09-20T12:00:00
2026-05-23,1000508,FY26,100508,S00508,ST008,0508,SP008,INV-01000508,SALE,28,2.56,71.68,0,0.00,0.00,2026-09-20T12:00:00
2026-05-24,1000509,FY26,100509,S00509,ST009,0509,SP009,INV-01000509,SALE,29,2.57,74.53,0,0.00,0.00,2026-09-20T12:00:00
2026-05-25,1000510,FY26,100510,S00510,ST010,0510,SP010,INV-01000510,SALE,30,2.58,77.40,0,0.00,0.00,2026-09-20T12:00:00
2026-05-26,1000511,FY26,100511,S00511,ST011,0511,SP011,INV-01000511,SALE,31,2.59,80.29,0,0.00,0.00,2026-09-20T12:00:00
2026-05-27,1000512,FY26,100512,S00512,ST012,0512,SP012,INV-01000512,SALE,32,2.60,83.20,0,0.00,0.00,2026-09-20T12:00:00
2026-05-28,1000513,FY26,100513,S00513,ST013,0513,SP013,INV-01000513,SALE,33,2.61,86.13,0,0.00,0.00,2026-09-20T12:00:00
2026-05-29,1000514,FY26,100514,S00514,ST014,0514,SP014,INV-01000514,SALE,34,2.62,89.08,0,0.00,0.00,2026-09-20T12:00:00
2026-05-30,1000515,FY26,100515,S00515,ST015,0515,SP015,INV-01000515,SALE,35,2.63,92.05,0,0.00,0.00,2026-09-20T12:00:00
2026-05-31,1000516,FY26,100516,S00516,ST016,0516,SP016,INV-01000516,SALE,36,2.64,95.04,0,0.00,0.00,2026-09-20T12:00:00
2026-06-01,1000517,FY26,100517,S00517,ST017,0517,SP017,INV-01000517,SALE,37,2.65,98.05,0,0.00,0.00,2026-09-20T12:00:00
2026-06-02,1000518,FY26,100518,S00518,ST018,0518,SP018,INV-01000518,SALE,38,2.66,101.08,0,0.00,0.00,2026-09-20T12:00:00
2026-06-03,1000519,FY26,100519,S00519,ST019,0519,SP019,INV-01000519,SALE,39,2.67,104.13,1,2.67,2.67,2026-09-20T12:00:00
2026-06-04,1000520,FY26,100520,S00520,ST020,0520,SP020,INV-01000520,SALE,40,2.68,107.20,0,0.00,0.00,2026-09-20T12:00:00
2026-06-05,1000521,FY26,100521,S00521,ST021,0521,SP021,INV-01000521,SALE,41,2.69,110.29,0,0.00,0.00,2026-09-20T12:00:00
2026-06-06,1000522,FY26,100522,S00522,ST022,0522,SP022,INV-01000522,SALE,42,2.70,113.40,0,0.00,0.00,2026-09-20T12:00:00
2026-06-07,1000523,FY26,100523,S00523,ST023,0523,SP023,INV-01000523,SALE,43,2.71,116.53,0,0.00,0.00,2026-09-20T12:00:00
2026-06-08,1000524,FY26,100524,S00524,ST024,0524,SP024,INV-01000524,SALE,44,2.72,119.68,0,0.00,0.00,2026-09-20T12:00:00
2026-06-09,1000525,FY26,100525,S00525,ST025,0525,SP025,INV-01000525,SALE,45,2.73,122.85,0,0.00,0.00,2026-09-20T12:00:00
2026-06-10,1000526,FY26,100526,S00526,ST026,0526,SP026,INV-01000526,SALE,46,2.74,126.04,0,0.00,0.00,2026-09-20T12:00:00
2026-06-11,1000527,FY26,100527,S00527,ST027,0527,SP027,INV-01000527,SALE,47,2.75,129.25,0,0.00,0.00,2026-09-20T12:00:00
2026-06-12,1000528,FY26,100528,S00528,ST028,0528,SP028,INV-01000528,SALE,48,2.76,132.48,0,0.00,0.00,2026-09-20T12:00:00
2026-06-13,1000529,FY26,100529,S00529,ST029,0529,SP029,INV-01000529,SALE,1,2.77,2.77,0,0.00,0.00,2026-09-20T12:00:00
2026-06-14,1000530,FY26,100530,S00530,ST030,0530,SP030,INV-01000530,SALE,2,2.78,5.56,0,0.00,0.00,2026-09-20T12:00:00
2026-06-15,1000531,FY26,100531,S00531,ST031,0531,SP031,INV-01000531,SALE,3,2.79,8.37,0,0.00,0.00,2026-09-20T12:00:00
2026-06-16,1000532,FY26,100532,S00532,ST032,0532,SP032,INV-01000532,SALE,4,2.80,11.20,0,0.00,0.00,2026-09-20T12:00:00
2026-06-17,1000533,FY26,100533,S00533,ST033,0533,SP033,INV-01000533,SALE,5,2.81,14.05,0,0.00,0.00,2026-09-20T12:00:00
2026-06-18,1000534,FY26,100534,S00534,ST034,0534,SP034,INV-01000534,SALE,6,2.82,16.92,0,0.00,0.00,2026-09-20T12:00:00
2026-06-19,1000535,FY26,100535,S00535,ST035,0535,SP035,INV-01000535,SALE,7,2.83,19.81,0,0.00,0.00,2026-09-20T12:00:00
2026-06-20,1000536,FY26,100536,S00536,ST036,0536,SP036,INV-01000536,SALE,8,2.84,22.72,0,0.00,0.00,2026-09-20T12:00:00
2026-06-21,1000537,FY26,100537,S00537,ST037,0537,SP037,INV-01000537,SALE,9,2.85,25.65,0,0.00,0.00,2026-09-20T12:00:00
2026-06-22,1000538,FY26,100538,S00538,ST038,0538,SP038,INV-01000538,SALE,10,2.86,28.60,0,0.00,0.00,2026-09-20T12:00:00
2026-06-23,1000539,FY26,100539,S00539,ST039,0539,SP039,INV-01000539,SALE,11,2.87,31.57,0,0.00,0.00,2026-09-20T12:00:00
2026-06-24,1000540,FY26,100540,S00540,ST040,0540,SP040,INV-01000540,SALE,12,2.88,34.56,0,0.00,0.00,2026-09-20T12:00:00
2026-06-25,1000541,FY26,100541,S00541,ST041,0541,SP041,INV-01000541,SALE,13,2.89,37.57,0,0.00,0.00,2026-09-20T12:00:00
2026-06-26,1000542,FY26,100542,S00542,ST042,0542,SP042,INV-01000542,SALE,14,2.90,40.60,0,0.00,0.00,2026-09-20T12:00:00
2026-06-27,1000543,FY26,100543,S00543,ST043,0543,SP043,INV-01000543,SALE,15,2.91,43.65,0,0.00,0.00,2026-09-20T12:00:00
2026-06-28,1000544,FY26,100544,S00544,ST044,0544,SP044,INV-01000544,SALE,16,2.92,46.72,0,0.00,0.00,2026-09-20T12:00:00
2026-06-29,1000545,FY26,100545,S00545,ST045,0545,SP045,INV-01000545,SALE,17,2.93,49.81,0,0.00,0.00,2026-09-20T12:00:00
2026-06-30,1000546,FY26,100546,S00546,ST046,0546,SP046,INV-01000546,SALE,18,2.94,52.92,0,0.00,0.00,2026-09-20T12:00:00
2026-07-01,1000547,FY26,100547,S00547,ST047,0547,SP047,INV-01000547,SALE,19,2.95,56.05,0,0.00,0.00,2026-09-20T12:00:00
2026-07-02,1000548,FY26,100548,S00548,ST048,0548,SP048,INV-01000548,SALE,20,2.96,59.20,0,0.00,0.00,2026-09-20T12:00:00
2026-07-03,1000549,FY26,100549,S00549,ST049,0549,SP049,INV-01000549,SALE,21,2.97,62.37,0,0.00,0.00,2026-09-20T12:00:00
2026-07-04,1000550,FY26,100550,S00550,ST050,0550,SP050,INV-01000550,SALE,22,2.98,65.56,0,0.00,0.00,2026-09-20T12:00:00
2026-07-05,1000551,FY26,100551,S00551,ST051,0551,SP051,INV-01000551,SALE,23,2.99,68.77,0,0.00,0.00,2026-09-20T12:00:00
2026-07-06,1000552,FY26,100552,S00552,ST052,0552,SP052,INV-01000552,SALE,24,3.00,72.00,0,0.00,0.00,2026-09-20T12:00:00
2026-07-07,1000553,FY26,100553,S00553,ST053,0553,SP053,INV-01000553,SALE,25,3.01,75.25,0,0.00,0.00,2026-09-20T12:00:00
2026-07-08,1000554,FY26,100554,S00554,ST054,0554,SP054,INV-01000554,SALE,26,3.02,78.52,0,0.00,0.00,2026-09-20T12:00:00
2026-07-09,1000555,FY26,100555,S00555,ST055,0555,SP055,INV-01000555,SALE,27,3.03,81.81,0,0.00,0.00,2026-09-20T12:00:00
2026-07-10,1000556,FY26,100556,S00556,ST056,0556,SP056,INV-01000556,SALE,28,3.04,85.12,1,3.04,3.04,2026-09-20T12:00:00
2026-07-11,1000557,FY26,100557,S00557,ST057,0557,SP057,INV-01000557,SALE,29,3.05,88.45,0,0.00,0.00,2026-09-20T12:00:00
2026-07-12,1000558,FY26,100558,S00558,ST058,0558,SP058,INV-01000558,SALE,30,3.06,91.80,0,0.00,0.00,2026-09-20T12:00:00
2026-07-13,1000559,FY26,100559,S00559,ST059,0559,SP059,INV-01000559,SALE,31,3.07,95.17,0,0.00,0.00,2026-09-20T12:00:00
2026-07-14,1000560,FY26,100560,S00560,ST060,0560,SP060,INV-01000560,SALE,32,3.08,98.56,0,0.00,0.00,2026-09-20T12:00:00
2026-07-15,1000561,FY26,100561,S00561,ST061,0561,SP061,INV-01000561,SALE,33,3.09,101.97,0,0.00,0.00,2026-09-20T12:00:00
2026-07-16,1000562,FY26,100562,S00562,ST062,0562,SP062,INV-01000562,SALE,34,3.10,105.40,0,0.00,0.00,2026-09-20T12:00:00
2026-07-17,1000563,FY26,100563,S00563,ST063,0563,SP063,INV-01000563,SALE,35,3.11,108.85,0,0.00,0.00,2026-09-20T12:00:00
2026-07-18,1000564,FY26,100564,S00564,ST064,0564,SP064,INV-01000564,SALE,36,3.12,112.32,0,0.00,0.00,2026-09-20T12:00:00
2026-07-19,1000565,FY26,100565,S00565,ST065,0565,SP065,INV-01000565,SALE,37,3.13,115.81,0,0.00,0.00,2026-09-20T12:00:00
2026-07-20,1000566,FY26,100566,S00566,ST066,0566,SP066,INV-01000566,SALE,38,3.14,119.32,0,0.00,0.00,2026-09-20T12:00:00
2026-07-21,1000567,FY26,100567,S00567,ST067,0567,SP067,INV-01000567,SALE,39,3.15,122.85,0,0.00,0.00,2026-09-20T12:00:00
2026-07-22,1000568,FY26,100568,S00568,ST068,0568,SP068,INV-01000568,SALE,40,3.16,126.40,0,0.00,0.00,2026-09-20T12:00:00
2026-07-23,1000569,FY26,100569,S00569,ST069,0569,SP069,INV-01000569,SALE,41,3.17,129.97,0,0.00,0.00,2026-09-20T12:00:00
2026-07-24,1000570,FY26,100570,S00570,ST070,0570,SP070,INV-01000570,SALE,42,3.18,133.56,0,0.00,0.00,2026-09-20T12:00:00
2026-07-25,1000571,FY26,100571,S00571,ST071,0571,SP071,INV-01000571,SALE,43,3.19,137.17,0,0.00,0.00,2026-09-20T12:00:00
2026-07-26,1000572,FY26,100572,S00572,ST072,0572,SP072,INV-01000572,SALE,44,3.20,140.80,0,0.00,0.00,2026-09-20T12:00:00
2026-07-27,1000573,FY26,100573,S00573,ST073,0573,SP073,INV-01000573,SALE,45,3.21,144.45,0,0.00,0.00,2026-09-20T12:00:00
2026-07-28,1000574,FY26,100574,S00574,ST074,0574,SP074,INV-01000574,SALE,46,3.22,148.12,0,0.00,0.00,2026-09-20T12:00:00
2026-07-29,1000575,FY26,100575,S00575,ST075,0575,SP075,INV-01000575,SALE,47,3.23,151.81,0,0.00,0.00,2026-09-20T12:00:00
2026-07-30,1000576,FY26,100576,S00576,ST076,0576,SP076,INV-01000576,SALE,48,3.24,155.52,0,0.00,0.00,2026-09-20T12:00:00
2026-07-31,1000577,FY26,100577,S00577,ST077,0577,SP077,INV-01000577,SALE,1,3.25,3.25,0,0.00,0.00,2026-09-20T12:00:00
2026-08-01,1000578,FY26,100578,S00578,ST078,0578,SP078,INV-01000578,SALE,2,3.26,6.52,0,0.00,0.00,2026-09-20T12:00:00
2026-08-02,1000579,FY26,100579,S00579,ST079,0579,SP079,INV-01000579,SALE,3,3.27,9.81,0,0.00,0.00,2026-09-20T12:00:00
2026-08-03,1000580,FY26,100580,S00580,ST080,0580,SP080,INV-01000580,SALE,4,3.28,13.12,0,0.00,0.00,2026-09-20T12:00:00
2026-08-04,1000581,FY26,100581,S00581,ST081,0581,SP081,INV-01000581,SALE,5,3.29,16.45,0,0.00,0.00,2026-09-20T12:00:00
2026-08-05,1000582,FY26,100582,S00582,ST082,0582,SP082,INV-01000582,SALE,6,3.30,19.80,0,0.00,0.00,2026-09-20T12:00:00
2026-08-06,1000583,FY26,100583,S00583,ST083,0583,SP083,INV-01000583,SALE,7,3.31,23.17,0,0.00,0.00,2026-09-20T12:00:00
2026-08-07,1000584,FY26,100584,S00584,ST084,0584,SP084,INV-01000584,SALE,8,3.32,26.56,0,0.00,0.00,2026-09-20T12:00:00
2026-08-08,1000585,FY26,100585,S00585,ST085,0585,SP085,INV-01000585,SALE,9,3.33,29.97,0,0.00,0.00,2026-09-20T12:00:00
2026-08-09,1000586,FY26,100586,S00586,ST086,0586,SP086,INV-01000586,SALE,10,3.34,33.40,0,0.00,0.00,2026-09-20T12:00:00
2026-08-10,1000587,FY26,100587,S00587,ST087,0587,SP087,INV-01000587,SALE,11,3.35,36.85,0,0.00,0.00,2026-09-20T12:00:00
2026-08-11,1000588,FY26,100588,S00588,ST088,0588,SP088,INV-01000588,SALE,12,3.36,40.32,0,0.00,0.00,2026-09-20T12:00:00
2026-08-12,1000589,FY26,100589,S00589,ST089,0589,SP089,INV-01000589,SALE,13,3.37,43.81,0,0.00,0.00,2026-09-20T12:00:00
2026-08-13,1000590,FY26,100590,S00590,ST090,0590,SP090,INV-01000590,SALE,14,3.38,47.32,0,0.00,0.00,2026-09-20T12:00:00
2026-08-14,1000591,FY26,100591,S00591,ST091,0591,SP091,INV-01000591,SALE,15,3.39,50.85,0,0.00,0.00,2026-09-20T12:00:00
2026-08-15,1000592,FY26,100592,S00592,ST092,0592,SP092,INV-01000592,SALE,16,3.40,54.40,0,0.00,0.00,2026-09-20T12:00:00
2026-08-16,1000593,FY26,100593,S00593,ST093,0593,SP093,INV-01000593,SALE,17,3.41,57.97,1,3.41,3.41,2026-09-20T12:00:00
2026-08-17,1000594,FY26,100594,S00594,ST094,0594,SP094,INV-01000594,SALE,18,3.42,61.56,0,0.00,0.00,2026-09-20T12:00:00
2026-08-18,1000595,FY26,100595,S00595,ST095,0595,SP095,INV-01000595,SALE,19,3.43,65.17,0,0.00,0.00,2026-09-20T12:00:00
2026-08-19,1000596,FY26,100596,S00596,ST096,0596,SP096,INV-01000596,SALE,20,3.44,68.80,0,0.00,0.00,2026-09-20T12:00:00
2026-08-20,1000597,FY26,100597,S00597,ST097,0597,SP097,INV-01000597,SALE,21,3.45,72.45,0,0.00,0.00,2026-09-20T12:00:00
2026-08-21,1000598,FY26,100598,S00598,ST098,0598,SP098,INV-01000598,SALE,22,3.46,76.12,0,0.00,0.00,2026-09-20T12:00:00
2026-08-22,1000599,FY26,100599,S00599,ST099,0599,SP099,INV-01000599,SALE,23,3.47,79.81,0,0.00,0.00,2026-09-20T12:00:00
2026-08-23,1000600,FY26,100600,S00600,ST100,0600,SP100,INV-01000600,SALE,24,3.48,83.52,0,0.00,0.00,2026-09-20T12:00:00
2026-08-24,1000601,FY26,100601,S00601,ST001,0601,SP101,INV-01000601,SALE,25,3.49,87.25,0,0.00,0.00,2026-09-20T12:00:00
2026-08-25,1000602,FY26,100602,S00602,ST002,0602,SP102,INV-01000602,SALE,26,3.50,91.00,0,0.00,0.00,2026-09-20T12:00:00
2026-08-26,1000603,FY26,100603,S00603,ST003,0603,SP103,INV-01000603,SALE,27,3.51,94.77,0,0.00,0.00,2026-09-20T12:00:00
2026-08-27,1000604,FY26,100604,S00604,ST004,0604,SP104,INV-01000604,SALE,28,3.52,98.56,0,0.00,0.00,2026-09-20T12:00:00
2026-08-28,1000605,FY26,100605,S00605,ST005,0605,SP105,INV-01000605,SALE,29,3.53,102.37,0,0.00,0.00,2026-09-20T12:00:00
2026-08-29,1000606,FY26,100606,S00606,ST006,0606,SP106,INV-01000606,SALE,30,3.54,106.20,0,0.00,0.00,2026-09-20T12:00:00
2026-08-30,1000607,FY26,100607,S00607,ST007,0607,SP107,INV-01000607,SALE,31,3.55,110.05,0,0.00,0.00,2026-09-20T12:00:00
2026-08-31,1000608,FY26,100608,S00608,ST008,0608,SP108,INV-01000608,SALE,32,3.56,113.92,0,0.00,0.00,2026-09-20T12:00:00
2026-09-01,1000609,FY26,100609,S00609,ST009,0609,SP109,INV-01000609,SALE,33,3.57,117.81,0,0.00,0.00,2026-09-20T12:00:00
2026-09-02,1000610,FY26,100610,S00610,ST010,0610,SP110,INV-01000610,SALE,34,3.58,121.72,0,0.00,0.00,2026-09-20T12:00:00
2026-09-03,1000611,FY26,100611,S00611,ST011,0611,SP111,INV-01000611,SALE,35,3.59,125.65,0,0.00,0.00,2026-09-20T12:00:00
2026-09-04,1000612,FY26,100612,S00612,ST012,0612,SP112,INV-01000612,SALE,36,3.60,129.60,0,0.00,0.00,2026-09-20T12:00:00
2026-09-05,1000613,FY26,100613,S00613,ST013,0613,SP113,INV-01000613,SALE,37,3.61,133.57,0,0.00,0.00,2026-09-20T12:00:00
2026-09-06,1000614,FY26,100614,S00614,ST014,0614,SP114,INV-01000614,SALE,38,3.62,137.56,0,0.00,0.00,2026-09-20T12:00:00
2026-09-07,1000615,FY26,100615,S00615,ST015,0615,SP115,INV-01000615,SALE,39,3.63,141.57,0,0.00,0.00,2026-09-20T12:00:00
2026-09-08,1000616,FY26,100616,S00616,ST016,0616,SP116,INV-01000616,SALE,40,3.64,145.60,0,0.00,0.00,2026-09-20T12:00:00
2026-09-09,1000617,FY26,100617,S00617,ST017,0617,SP117,INV-01000617,SALE,41,3.65,149.65,0,0.00,0.00,2026-09-20T12:00:00
2026-09-10,1000618,FY26,100618,S00618,ST018,0618,SP118,INV-01000618,SALE,42,3.66,153.72,0,0.00,0.00,2026-09-20T12:00:00
2026-09-11,1000619,FY26,100619,S00619,ST019,0619,SP119,INV-01000619,SALE,43,3.67,157.81,0,0.00,0.00,2026-09-20T12:00:00
2026-09-12,1000620,FY26,100620,S00620,ST020,0620,SP120,INV-01000620,SALE,44,3.68,161.92,0,0.00,0.00,2026-09-20T12:00:00
2026-09-13,1000621,FY26,100621,S00621,ST021,0621,SP121,INV-01000621,SALE,45,3.69,166.05,0,0.00,0.00,2026-09-20T12:00:00
2026-09-14,1000622,FY26,100622,S00622,ST022,0622,SP122,INV-01000622,SALE,46,3.70,170.20,0,0.00,0.00,2026-09-20T12:00:00
2026-09-15,1000623,FY26,100623,S00623,ST023,0623,SP123,INV-01000623,SALE,47,3.71,174.37,0,0.00,0.00,2026-09-20T12:00:00
2026-09-16,1000624,FY26,100624,S00624,ST024,0624,SP124,INV-01000624,SALE,48,3.72,178.56,0,0.00,0.00,2026-09-20T12:00:00
2026-09-17,1000625,FY26,100625,S00625,ST025,0625,SP125,INV-01000625,SALE,1,3.73,3.73,0,0.00,0.00,2026-09-20T12:00:00
2026-09-18,1000626,FY26,100626,S00626,ST026,0626,SP126,INV-01000626,SALE,2,3.74,7.48,0,0.00,0.00,2026-09-20T12:00:00
2026-09-19,1000627,FY26,100627,S00627,ST027,0627,SP127,INV-01000627,SALE,3,3.75,11.25,0,0.00,0.00,2026-09-20T12:00:00
2026-09-20,1000628,FY26,100628,S00628,ST028,0628,SP128,INV-01000628,SALE,4,3.76,15.04,0,0.00,0.00,2026-09-20T12:00:00
2026-09-21,1000629,FY26,100629,S00629,ST029,0629,SP129,INV-01000629,SALE,5,3.77,18.85,0,0.00,0.00,2026-09-20T12:00:00
2026-09-22,1000630,FY26,100630,S00630,ST030,0630,SP130,INV-01000630,SALE,6,3.78,22.68,1,3.78,3.78,2026-09-20T12:00:00
2026-09-23,1000631,FY26,100631,S00631,ST031,0631,SP131,INV-01000631,SALE,7,3.79,26.53,0,0.00,0.00,2026-09-20T12:00:00
2026-09-24,1000632,FY26,100632,S00632,ST032,0632,SP132,INV-01000632,SALE,8,3.80,30.40,0,0.00,0.00,2026-09-20T12:00:00
2026-09-25,1000633,FY26,100633,S00633,ST033,0633,SP133,INV-01000633,SALE,9,3.81,34.29,0,0.00,0.00,2026-09-20T12:00:00
2026-09-26,1000634,FY26,100634,S00634,ST034,0634,SP134,INV-01000634,SALE,10,3.82,38.20,0,0.00,0.00,2026-09-20T12:00:00
2026-09-27,1000635,FY26,100635,S00635,ST035,0635,SP135,INV-01000635,SALE,11,3.83,42.13,0,0.00,0.00,2026-09-20T12:00:00
2026-09-28,1000636,FY26,100636,S00636,ST036,0636,SP136,INV-01000636,SALE,12,3.84,46.08,0,0.00,0.00,2026-09-20T12:00:00
2026-09-29,1000637,FY26,100637,S00637,ST037,0637,SP137,INV-01000637,SALE,13,3.85,50.05,0,0.00,0.00,2026-09-20T12:00:00
2026-09-30,1000638,FY26,100638,S00638,ST038,0638,SP138,INV-01000638,SALE,14,3.86,54.04,0,0.00,0.00,2026-09-20T12:00:00
2026-10-01,1000639,FY26,100639,S00639,ST039,0639,SP139,INV-01000639,SALE,15,3.87,58.05,0,0.00,0.00,2026-09-20T12:00:00
2026-10-02,1000640,FY26,100640,S00640,ST040,0640,SP140,INV-01000640,SALE,16,3.88,62.08,0,0.00,0.00,2026-09-20T12:00:00
2026-10-03,1000641,FY26,100641,S00641,ST041,0641,SP141,INV-01000641,SALE,17,3.89,66.13,0,0.00,0.00,2026-09-20T12:00:00
2026-10-04,1000642,FY26,100642,S00642,ST042,0642,SP142,INV-01000642,SALE,18,3.90,70.20,0,0.00,0.00,2026-09-20T12:00:00
2026-10-05,1000643,FY26,100643,S00643,ST043,0643,SP143,INV-01000643,SALE,19,3.91,74.29,0,0.00,0.00,2026-09-20T12:00:00
2026-10-06,1000644,FY26,100644,S00644,ST044,0644,SP144,INV-01000644,SALE,20,3.92,78.40,0,0.00,0.00,2026-09-20T12:00:00
2026-10-07,1000645,FY26,100645,S00645,ST045,0645,SP145,INV-01000645,SALE,21,3.93,82.53,0,0.00,0.00,2026-09-20T12:00:00
2026-10-08,1000646,FY26,100646,S00646,ST046,0646,SP146,INV-01000646,SALE,22,3.94,86.68,0,0.00,0.00,2026-09-20T12:00:00
2026-10-09,1000647,FY26,100647,S00647,ST047,0647,SP147,INV-01000647,SALE,23,3.95,90.85,0,0.00,0.00,2026-09-20T12:00:00
2026-10-10,1000648,FY26,100648,S00648,ST048,0648,SP148,INV-01000648,SALE,24,3.96,95.04,0,0.00,0.00,2026-09-20T12:00:00
2026-10-11,1000649,FY26,100649,S00649,ST049,0649,SP149,INV-01000649,SALE,25,3.97,99.25,0,0.00,0.00,2026-09-20T12:00:00
2026-10-12,1000650,FY26,100650,S00650,ST050,0650,SP150,INV-01000650,SALE,26,3.98,103.48,0,0.00,0.00,2026-09-20T12:00:00
2026-10-13,1000651,FY26,100651,S00651,ST051,0651,SP151,INV-01000651,SALE,27,3.99,107.73,0,0.00,0.00,2026-09-20T12:00:00
2026-10-14,1000652,FY26,100652,S00652,ST052,0652,SP152,INV-01000652,SALE,28,4.00,112.00,0,0.00,0.00,2026-09-20T12:00:00
2026-10-15,1000653,FY26,100653,S00653,ST053,0653,SP153,INV-01000653,SALE,29,4.01,116.29,0,0.00,0.00,2026-09-20T12:00:00
2026-10-16,1000654,FY26,100654,S00654,ST054,0654,SP154,INV-01000654,SALE,30,4.02,120.60,0,0.00,0.00,2026-09-20T12:00:00
2026-10-17,1000655,FY26,100655,S00655,ST055,0655,SP155,INV-01000655,SALE,31,4.03,124.93,0,0.00,0.00,2026-09-20T12:00:00
2026-10-18,1000656,FY26,100656,S00656,ST056,0656,SP156,INV-01000656,SALE,32,4.04,129.28,0,0.00,0.00,2026-09-20T12:00:00
2026-10-19,1000657,FY26,100657,S00657,ST057,0657,SP157,INV-01000657,SALE,33,4.05,133.65,0,0.00,0.00,2026-09-20T12:00:00
2026-10-20,1000658,FY26,100658,S00658,ST058,0658,SP158,INV-01000658,SALE,34,4.06,138.04,0,0.00,0.00,2026-09-20T12:00:00
2026-10-21,1000659,FY26,100659,S00659,ST059,0659,SP159,INV-01000659,SALE,35,4.07,142.45,0,0.00,0.00,2026-09-20T12:00:00
2026-10-22,1000660,FY26,100660,S00660,ST060,0660,SP160,INV-01000660,SALE,36,4.08,146.88,0,0.00,0.00,2026-09-20T12:00:00
2026-10-23,1000661,FY26,100661,S00661,ST061,0661,SP161,INV-01000661,SALE,37,4.09,151.33,0,0.00,0.00,2026-09-20T12:00:00
2026-10-24,1000662,FY26,100662,S00662,ST062,0662,SP162,INV-01000662,SALE,38,4.10,155.80,0,0.00,0.00,2026-09-20T12:00:00
2026-10-25,1000663,FY26,100663,S00663,ST063,0663,SP163,INV-01000663,SALE,39,4.11,160.29,0,0.00,0.00,2026-09-20T12:00:00
2026-10-26,1000664,FY26,100664,S00664,ST064,0664,SP164,INV-01000664,SALE,40,4.12,164.80,0,0.00,0.00,2026-09-20T12:00:00
2026-10-27,1000665,FY26,100665,S00665,ST065,0665,SP165,INV-01000665,SALE,41,4.13,169.33,0,0.00,0.00,2026-09-20T12:00:00
2026-10-28,1000666,FY26,100666,S00666,ST066,0666,SP166,INV-01000666,SALE,42,4.14,173.88,0,0.00,0.00,2026-09-20T12:00:00
2026-10-29,1000667,FY26,100667,S00667,ST067,0667,SP167,INV-01000667,SALE,43,4.15,178.45,1,4.15,4.15,2026-09-20T12:00:00
2026-10-30,1000668,FY26,100668,S00668,ST068,0668,SP168,INV-01000668,SALE,44,4.16,183.04,0,0.00,0.00,2026-09-20T12:00:00
2026-10-31,1000669,FY26,100669,S00669,ST069,0669,SP169,INV-01000669,SALE,45,4.17,187.65,0,0.00,0.00,2026-09-20T12:00:00
2026-11-01,1000670,FY26,100670,S00670,ST070,0670,SP170,INV-01000670,SALE,46,4.18,192.28,0,0.00,0.00,2026-09-20T12:00:00
2026-11-02,1000671,FY26,100671,S00671,ST071,0671,SP171,INV-01000671,SALE,47,4.19,196.93,0,0.00,0.00,2026-09-20T12:00:00
2026-11-03,1000672,FY26,100672,S00672,ST072,0672,SP172,INV-01000672,SALE,48,4.20,201.60,0,0.00,0.00,2026-09-20T12:00:00
2026-11-04,1000673,FY26,100673,S00673,ST073,0673,SP173,INV-01000673,SALE,1,4.21,4.21,0,0.00,0.00,2026-09-20T12:00:00
2026-11-05,1000674,FY26,100674,S00674,ST074,0674,SP174,INV-01000674,SALE,2,4.22,8.44,0,0.00,0.00,2026-09-20T12:00:00
2026-11-06,1000675,FY26,100675,S00675,ST075,0675,SP175,INV-01000675,SALE,3,4.23,12.69,0,0.00,0.00,2026-09-20T12:00:00
2026-11-07,1000676,FY26,100676,S00676,ST076,0676,SP176,INV-01000676,SALE,4,4.24,16.96,0,0.00,0.00,2026-09-20T12:00:00
2026-11-08,1000677,FY26,100677,S00677,ST077,0677,SP177,INV-01000677,SALE,5,4.25,21.25,0,0.00,0.00,2026-09-20T12:00:00
2026-11-09,1000678,FY26,100678,S00678,ST078,0678,SP178,INV-01000678,SALE,6,4.26,25.56,0,0.00,0.00,2026-09-20T12:00:00
2026-11-10,1000679,FY26,100679,S00679,ST079,0679,SP179,INV-01000679,SALE,7,4.27,29.89,0,0.00,0.00,2026-09-20T12:00:00
2026-11-11,1000680,FY26,100680,S00680,ST080,0680,SP180,INV-01000680,SALE,8,4.28,34.24,0,0.00,0.00,2026-09-20T12:00:00
2026-11-12,1000681,FY26,100681,S00681,ST081,0681,SP181,INV-01000681,SALE,9,4.29,38.61,0,0.00,0.00,2026-09-20T12:00:00
2026-11-13,1000682,FY26,100682,S00682,ST082,0682,SP182,INV-01000682,SALE,10,4.30,43.00,0,0.00,0.00,2026-09-20T12:00:00
2026-11-14,1000683,FY26,100683,S00683,ST083,0683,SP183,INV-01000683,SALE,11,4.31,47.41,0,0.00,0.00,2026-09-20T12:00:00
2026-11-15,1000684,FY26,100684,S00684,ST084,0684,SP184,INV-01000684,SALE,12,4.32,51.84,0,0.00,0.00,2026-09-20T12:00:00
2026-11-16,1000685,FY26,100685,S00685,ST085,0685,SP185,INV-01000685,SALE,13,4.33,56.29,0,0.00,0.00,2026-09-20T12:00:00
2026-11-17,1000686,FY26,100686,S00686,ST086,0686,SP186,INV-01000686,SALE,14,4.34,60.76,0,0.00,0.00,2026-09-20T12:00:00
2026-11-18,1000687,FY26,100687,S00687,ST087,0687,SP187,INV-01000687,SALE,15,4.35,65.25,0,0.00,0.00,2026-09-20T12:00:00
2026-11-19,1000688,FY26,100688,S00688,ST088,0688,SP188,INV-01000688,SALE,16,4.36,69.76,0,0.00,0.00,2026-09-20T12:00:00
2026-11-20,1000689,FY26,100689,S00689,ST089,0689,SP189,INV-01000689,SALE,17,4.37,74.29,0,0.00,0.00,2026-09-20T12:00:00
2026-11-21,1000690,FY26,100690,S00690,ST090,0690,SP190,INV-01000690,SALE,18,4.38,78.84,0,0.00,0.00,2026-09-20T12:00:00
2026-11-22,1000691,FY26,100691,S00691,ST091,0691,SP191,INV-01000691,SALE,19,4.39,83.41,0,0.00,0.00,2026-09-20T12:00:00
2026-11-23,1000692,FY26,100692,S00692,ST092,0692,SP192,INV-01000692,SALE,20,4.40,88.00,0,0.00,0.00,2026-09-20T12:00:00
2026-11-24,1000693,FY26,100693,S00693,ST093,0693,SP193,INV-01000693,SALE,21,4.41,92.61,0,0.00,0.00,2026-09-20T12:00:00
2026-11-25,1000694,FY26,100694,S00694,ST094,0694,SP194,INV-01000694,SALE,22,4.42,97.24,0,0.00,0.00,2026-09-20T12:00:00
2026-11-26,1000695,FY26,100695,S00695,ST095,0695,SP195,INV-01000695,SALE,23,4.43,101.89,0,0.00,0.00,2026-09-20T12:00:00
2026-11-27,1000696,FY26,100696,S00696,ST096,0696,SP196,INV-01000696,SALE,24,4.44,106.56,0,0.00,0.00,2026-09-20T12:00:00
2026-11-28,1000697,FY26,100697,S00697,ST097,0697,SP197,INV-01000697,SALE,25,4.45,111.25,0,0.00,0.00,2026-09-20T12:00:00
2026-11-29,1000698,FY26,100698,S00698,ST098,0698,SP198,INV-01000698,SALE,26,4.46,115.96,0,0.00,0.00,2026-09-20T12:00:00
2026-11-30,1000699,FY26,100699,S00699,ST099,0699,SP199,INV-01000699,SALE,27,4.47,120.69,0,0.00,0.00,2026-09-20T12:00:00
2026-12-01,1000700,FY26,100700,S00700,ST100,0700,SP200,INV-01000700,SALE,28,4.48,125.44,0,0.00,0.00,2026-09-20T12:00:00
2026-12-02,1000701,FY26,100701,S00701,ST001,0701,SP201,INV-01000701,SALE,29,4.49,130.21,0,0.00,0.00,2026-09-20T12:00:00
2026-12-03,1000702,FY26,100702,S00702,ST002,0702,SP202,INV-01000702,SALE,30,4.50,135.00,0,0.00,0.00,2026-09-20T12:00:00
2026-12-04,1000703,FY26,100703,S00703,ST003,0703,SP203,INV-01000703,SALE,31,4.51,139.81,0,0.00,0.00,2026-09-20T12:00:00
2026-12-05,1000704,FY26,100704,S00704,ST004,0704,SP204,INV-01000704,SALE,32,4.52,144.64,1,4.52,4.52,2026-09-20T12:00:00
2026-12-06,1000705,FY26,100705,S00705,ST005,0705,SP205,INV-01000705,SALE,33,4.53,149.49,0,0.00,0.00,2026-09-20T12:00:00
2026-12-07,1000706,FY26,100706,S00706,ST006,0706,SP206,INV-01000706,SALE,34,4.54,154.36,0,0.00,0.00,2026-09-20T12:00:00
2026-12-08,1000707,FY26,100707,S00707,ST007,0707,SP207,INV-01000707,SALE,35,4.55,159.25,0,0.00,0.00,2026-09-20T12:00:00
2026-12-09,1000708,FY26,100708,S00708,ST008,0708,SP208,INV-01000708,SALE,36,4.56,164.16,0,0.00,0.00,2026-09-20T12:00:00
2026-12-10,1000709,FY26,100709,S00709,ST009,0709,SP209,INV-01000709,SALE,37,4.57,169.09,0,0.00,0.00,2026-09-20T12:00:00
2026-12-11,1000710,FY26,100710,S00710,ST010,0710,SP210,INV-01000710,SALE,38,4.58,174.04,0,0.00,0.00,2026-09-20T12:00:00
2026-12-12,1000711,FY26,100711,S00711,ST011,0711,SP211,INV-01000711,SALE,39,4.59,179.01,0,0.00,0.00,2026-09-20T12:00:00
2026-12-13,1000712,FY26,100712,S00712,ST012,0712,SP212,INV-01000712,SALE,40,4.60,184.00,0,0.00,0.00,2026-09-20T12:00:00
2026-12-14,1000713,FY26,100713,S00713,ST013,0713,SP213,INV-01000713,SALE,41,4.61,189.01,0,0.00,0.00,2026-09-20T12:00:00
2026-12-15,1000714,FY26,100714,S00714,ST014,0714,SP214,INV-01000714,SALE,42,4.62,194.04,0,0.00,0.00,2026-09-20T12:00:00
2026-12-16,1000715,FY26,100715,S00715,ST015,0715,SP215,INV-01000715,SALE,43,4.63,199.09,0,0.00,0.00,2026-09-20T12:00:00
2026-12-17,1000716,FY26,100716,S00716,ST016,0716,SP216,INV-01000716,SALE,44,4.64,204.16,0,0.00,0.00,2026-09-20T12:00:00
2026-12-18,1000717,FY26,100717,S00717,ST017,0717,SP217,INV-01000717,SALE,45,4.65,209.25,0,0.00,0.00,2026-09-20T12:00:00
2026-12-19,1000718,FY26,100718,S00718,ST018,0718,SP218,INV-01000718,SALE,46,4.66,214.36,0,0.00,0.00,2026-09-20T12:00:00
2026-12-20,1000719,FY26,100719,S00719,ST019,0719,SP219,INV-01000719,SALE,47,4.67,219.49,0,0.00,0.00,2026-09-20T12:00:00
2026-12-21,1000720,FY26,100720,S00720,ST020,0720,SP220,INV-01000720,SALE,48,4.68,224.64,0,0.00,0.00,2026-09-20T12:00:00
2026-12-22,1000721,FY26,100721,S00721,ST021,0721,SP221,INV-01000721,SALE,1,4.69,4.69,0,0.00,0.00,2026-09-20T12:00:00
2026-12-23,1000722,FY26,100722,S00722,ST022,0722,SP222,INV-01000722,SALE,2,4.70,9.40,0,0.00,0.00,2026-09-20T12:00:00
2026-12-24,1000723,FY26,100723,S00723,ST023,0723,SP223,INV-01000723,SALE,3,4.71,14.13,0,0.00,0.00,2026-09-20T12:00:00
2026-12-25,1000724,FY26,100724,S00724,ST024,0724,SP224,INV-01000724,SALE,4,4.72,18.88,0,0.00,0.00,2026-09-20T12:00:00
2026-12-26,1000725,FY26,100725,S00725,ST025,0725,SP225,INV-01000725,SALE,5,4.73,23.65,0,0.00,0.00,2026-09-20T12:00:00
2026-12-27,1000726,FY26,100726,S00726,ST026,0726,SP226,INV-01000726,SALE,6,4.74,28.44,0,0.00,0.00,2026-09-20T12:00:00
2026-12-28,1000727,FY26,100727,S00727,ST027,0727,SP227,INV-01000727,SALE,7,4.75,33.25,0,0.00,0.00,2026-09-20T12:00:00
2026-12-29,1000728,FY26,100728,S00728,ST028,0728,SP228,INV-01000728,SALE,8,4.76,38.08,0,0.00,0.00,2026-09-20T12:00:00
2026-12-30,1000729,FY26,100729,S00729,ST029,0729,SP229,INV-01000729,SALE,9,4.77,42.93,0,0.00,0.00,2026-09-20T12:00:00
2026-12-31,1000730,FY26,100730,S00730,ST030,0730,SP230,INV-01000730,SALE,10,4.78,47.80,0,0.00,0.00,2026-09-20T12:00:00
2026-01-01,1000731,FY26,100731,S00731,ST031,0731,SP231,INV-01000731,SALE,11,4.79,52.69,0,0.00,0.00,2026-09-20T12:00:00
2026-01-02,1000732,FY26,100732,S00732,ST032,0732,SP232,INV-01000732,SALE,12,4.80,57.60,0,0.00,0.00,2026-09-20T12:00:00
2026-01-03,1000733,FY26,100733,S00733,ST033,0733,SP233,INV-01000733,SALE,13,4.81,62.53,0,0.00,0.00,2026-09-20T12:00:00
2026-01-04,1000734,FY26,100734,S00734,ST034,0734,SP234,INV-01000734,SALE,14,4.82,67.48,0,0.00,0.00,2026-09-20T12:00:00
2026-01-05,1000735,FY26,100735,S00735,ST035,0735,SP235,INV-01000735,SALE,15,4.83,72.45,0,0.00,0.00,2026-09-20T12:00:00
2026-01-06,1000736,FY26,100736,S00736,ST036,0736,SP236,INV-01000736,SALE,16,4.84,77.44,0,0.00,0.00,2026-09-20T12:00:00
2026-01-07,1000737,FY26,100737,S00737,ST037,0737,SP237,INV-01000737,SALE,17,4.85,82.45,0,0.00,0.00,2026-09-20T12:00:00
2026-01-08,1000738,FY26,100738,S00738,ST038,0738,SP238,INV-01000738,SALE,18,4.86,87.48,0,0.00,0.00,2026-09-20T12:00:00
2026-01-09,1000739,FY26,100739,S00739,ST039,0739,SP239,INV-01000739,SALE,19,4.87,92.53,0,0.00,0.00,2026-09-20T12:00:00
2026-01-10,1000740,FY26,100740,S00740,ST040,0740,SP240,INV-01000740,SALE,20,4.88,97.60,0,0.00,0.00,2026-09-20T12:00:00
2026-01-11,1000741,FY26,100741,S00741,ST041,0741,SP241,INV-01000741,SALE,21,4.89,102.69,1,4.89,4.89,2026-09-20T12:00:00
2026-01-12,1000742,FY26,100742,S00742,ST042,0742,SP242,INV-01000742,SALE,22,4.90,107.80,0,0.00,0.00,2026-09-20T12:00:00
2026-01-13,1000743,FY26,100743,S00743,ST043,0743,SP243,INV-01000743,SALE,23,4.91,112.93,0,0.00,0.00,2026-09-20T12:00:00
2026-01-14,1000744,FY26,100744,S00744,ST044,0744,SP244,INV-01000744,SALE,24,4.92,118.08,0,0.00,0.00,2026-09-20T12:00:00
2026-01-15,1000745,FY26,100745,S00745,ST045,0745,SP245,INV-01000745,SALE,25,4.93,123.25,0,0.00,0.00,2026-09-20T12:00:00
2026-01-16,1000746,FY26,100746,S00746,ST046,0746,SP246,INV-01000746,SALE,26,4.94,128.44,0,0.00,0.00,2026-09-20T12:00:00
2026-01-17,1000747,FY26,100747,S00747,ST047,0747,SP247,INV-01000747,SALE,27,4.95,133.65,0,0.00,0.00,2026-09-20T12:00:00
2026-01-18,1000748,FY26,100748,S00748,ST048,0748,SP248,INV-01000748,SALE,28,4.96,138.88,0,0.00,0.00,2026-09-20T12:00:00
2026-01-19,1000749,FY26,100749,S00749,ST049,0749,SP249,INV-01000749,SALE,29,4.97,144.13,0,0.00,0.00,2026-09-20T12:00:00
2026-01-20,1000750,FY26,100750,S00750,ST050,0750,SP250,INV-01000750,SALE,30,4.98,149.40,0,0.00,0.00,2026-09-20T12:00:00
2026-01-21,1000751,FY26,100751,S00751,ST051,0751,SP001,INV-01000751,SALE,31,2.49,77.19,0,0.00,0.00,2026-09-20T12:00:00
2026-01-22,1000752,FY26,100752,S00752,ST052,0752,SP002,INV-01000752,SALE,32,2.50,80.00,0,0.00,0.00,2026-09-20T12:00:00
2026-01-23,1000753,FY26,100753,S00753,ST053,0753,SP003,INV-01000753,SALE,33,2.51,82.83,0,0.00,0.00,2026-09-20T12:00:00
2026-01-24,1000754,FY26,100754,S00754,ST054,0754,SP004,INV-01000754,SALE,34,2.52,85.68,0,0.00,0.00,2026-09-20T12:00:00
2026-01-25,1000755,FY26,100755,S00755,ST055,0755,SP005,INV-01000755,SALE,35,2.53,88.55,0,0.00,0.00,2026-09-20T12:00:00
2026-01-26,1000756,FY26,100756,S00756,ST056,0756,SP006,INV-01000756,SALE,36,2.54,91.44,0,0.00,0.00,2026-09-20T12:00:00
2026-01-27,1000757,FY26,100757,S00757,ST057,0757,SP007,INV-01000757,SALE,37,2.55,94.35,0,0.00,0.00,2026-09-20T12:00:00
2026-01-28,1000758,FY26,100758,S00758,ST058,0758,SP008,INV-01000758,SALE,38,2.56,97.28,0,0.00,0.00,2026-09-20T12:00:00
2026-01-29,1000759,FY26,100759,S00759,ST059,0759,SP009,INV-01000759,SALE,39,2.57,100.23,0,0.00,0.00,2026-09-20T12:00:00
2026-01-30,1000760,FY26,100760,S00760,ST060,0760,SP010,INV-01000760,SALE,40,2.58,103.20,0,0.00,0.00,2026-09-20T12:00:00
2026-01-31,1000761,FY26,100761,S00761,ST061,0761,SP011,INV-01000761,SALE,41,2.59,106.19,0,0.00,0.00,2026-09-20T12:00:00
2026-02-01,1000762,FY26,100762,S00762,ST062,0762,SP012,INV-01000762,SALE,42,2.60,109.20,0,0.00,0.00,2026-09-20T12:00:00
2026-02-02,1000763,FY26,100763,S00763,ST063,0763,SP013,INV-01000763,SALE,43,2.61,112.23,0,0.00,0.00,2026-09-20T12:00:00
2026-02-03,1000764,FY26,100764,S00764,ST064,0764,SP014,INV-01000764,SALE,44,2.62,115.28,0,0.00,0.00,2026-09-20T12:00:00
2026-02-04,1000765,FY26,100765,S00765,ST065,0765,SP015,INV-01000765,SALE,45,2.63,118.35,0,0.00,0.00,2026-09-20T12:00:00
2026-02-05,1000766,FY26,100766,S00766,ST066,0766,SP016,INV-01000766,SALE,46,2.64,121.44,0,0.00,0.00,2026-09-20T12:00:00
2026-02-06,1000767,FY26,100767,S00767,ST067,0767,SP017,INV-01000767,SALE,47,2.65,124.55,0,0.00,0.00,2026-09-20T12:00:00
2026-02-07,1000768,FY26,100768,S00768,ST068,0768,SP018,INV-01000768,SALE,48,2.66,127.68,0,0.00,0.00,2026-09-20T12:00:00
2026-02-08,1000769,FY26,100769,S00769,ST069,0769,SP019,INV-01000769,SALE,1,2.67,2.67,0,0.00,0.00,2026-09-20T12:00:00
2026-02-09,1000770,FY26,100770,S00770,ST070,0770,SP020,INV-01000770,SALE,2,2.68,5.36,0,0.00,0.00,2026-09-20T12:00:00
2026-02-10,1000771,FY26,100771,S00771,ST071,0771,SP021,INV-01000771,SALE,3,2.69,8.07,0,0.00,0.00,2026-09-20T12:00:00
2026-02-11,1000772,FY26,100772,S00772,ST072,0772,SP022,INV-01000772,SALE,4,2.70,10.80,0,0.00,0.00,2026-09-20T12:00:00
2026-02-12,1000773,FY26,100773,S00773,ST073,0773,SP023,INV-01000773,SALE,5,2.71,13.55,0,0.00,0.00,2026-09-20T12:00:00
2026-02-13,1000774,FY26,100774,S00774,ST074,0774,SP024,INV-01000774,SALE,6,2.72,16.32,0,0.00,0.00,2026-09-20T12:00:00
2026-02-14,1000775,FY26,100775,S00775,ST075,0775,SP025,INV-01000775,SALE,7,2.73,19.11,0,0.00,0.00,2026-09-20T12:00:00
2026-02-15,1000776,FY26,100776,S00776,ST076,0776,SP026,INV-01000776,SALE,8,2.74,21.92,0,0.00,0.00,2026-09-20T12:00:00
2026-02-16,1000777,FY26,100777,S00777,ST077,0777,SP027,INV-01000777,SALE,9,2.75,24.75,0,0.00,0.00,2026-09-20T12:00:00
2026-02-17,1000778,FY26,100778,S00778,ST078,0778,SP028,INV-01000778,SALE,10,2.76,27.60,1,2.76,2.76,2026-09-20T12:00:00
2026-02-18,1000779,FY26,100779,S00779,ST079,0779,SP029,INV-01000779,SALE,11,2.77,30.47,0,0.00,0.00,2026-09-20T12:00:00
2026-02-19,1000780,FY26,100780,S00780,ST080,0780,SP030,INV-01000780,SALE,12,2.78,33.36,0,0.00,0.00,2026-09-20T12:00:00
2026-02-20,1000781,FY26,100781,S00781,ST081,0781,SP031,INV-01000781,SALE,13,2.79,36.27,0,0.00,0.00,2026-09-20T12:00:00
2026-02-21,1000782,FY26,100782,S00782,ST082,0782,SP032,INV-01000782,SALE,14,2.80,39.20,0,0.00,0.00,2026-09-20T12:00:00
2026-02-22,1000783,FY26,100783,S00783,ST083,0783,SP033,INV-01000783,SALE,15,2.81,42.15,0,0.00,0.00,2026-09-20T12:00:00
2026-02-23,1000784,FY26,100784,S00784,ST084,0784,SP034,INV-01000784,SALE,16,2.82,45.12,0,0.00,0.00,2026-09-20T12:00:00
2026-02-24,1000785,FY26,100785,S00785,ST085,0785,SP035,INV-01000785,SALE,17,2.83,48.11,0,0.00,0.00,2026-09-20T12:00:00
2026-02-25,1000786,FY26,100786,S00786,ST086,0786,SP036,INV-01000786,SALE,18,2.84,51.12,0,0.00,0.00,2026-09-20T12:00:00
2026-02-26,1000787,FY26,100787,S00787,ST087,0787,SP037,INV-01000787,SALE,19,2.85,54.15,0,0.00,0.00,2026-09-20T12:00:00
2026-02-27,1000788,FY26,100788,S00788,ST088,0788,SP038,INV-01000788,SALE,20,2.86,57.20,0,0.00,0.00,2026-09-20T12:00:00
2026-02-28,1000789,FY26,100789,S00789,ST089,0789,SP039,INV-01000789,SALE,21,2.87,60.27,0,0.00,0.00,2026-09-20T12:00:00
2026-03-01,1000790,FY26,100790,S00790,ST090,0790,SP040,INV-01000790,SALE,22,2.88,63.36,0,0.00,0.00,2026-09-20T12:00:00
2026-03-02,1000791,FY26,100791,S00791,ST091,0791,SP041,INV-01000791,SALE,23,2.89,66.47,0,0.00,0.00,2026-09-20T12:00:00
2026-03-03,1000792,FY26,100792,S00792,ST092,0792,SP042,INV-01000792,SALE,24,2.90,69.60,0,0.00,0.00,2026-09-20T12:00:00
2026-03-04,1000793,FY26,100793,S00793,ST093,0793,SP043,INV-01000793,SALE,25,2.91,72.75,0,0.00,0.00,2026-09-20T12:00:00
2026-03-05,1000794,FY26,100794,S00794,ST094,0794,SP044,INV-01000794,SALE,26,2.92,75.92,0,0.00,0.00,2026-09-20T12:00:00
2026-03-06,1000795,FY26,100795,S00795,ST095,0795,SP045,INV-01000795,SALE,27,2.93,79.11,0,0.00,0.00,2026-09-20T12:00:00
2026-03-07,1000796,FY26,100796,S00796,ST096,0796,SP046,INV-01000796,SALE,28,2.94,82.32,0,0.00,0.00,2026-09-20T12:00:00
2026-03-08,1000797,FY26,100797,S00797,ST097,0797,SP047,INV-01000797,SALE,29,2.95,85.55,0,0.00,0.00,2026-09-20T12:00:00
2026-03-09,1000798,FY26,100798,S00798,ST098,0798,SP048,INV-01000798,SALE,30,2.96,88.80,0,0.00,0.00,2026-09-20T12:00:00
2026-03-10,1000799,FY26,100799,S00799,ST099,0799,SP049,INV-01000799,SALE,31,2.97,92.07,0,0.00,0.00,2026-09-20T12:00:00
2026-03-11,1000800,FY26,100800,S00800,ST100,0800,SP050,INV-01000800,SALE,32,2.98,95.36,0,0.00,0.00,2026-09-20T12:00:00
2026-03-12,1000801,FY26,100801,S00801,ST001,0801,SP051,INV-01000801,SALE,33,2.99,98.67,0,0.00,0.00,2026-09-20T12:00:00
2026-03-13,1000802,FY26,100802,S00802,ST002,0802,SP052,INV-01000802,SALE,34,3.00,102.00,0,0.00,0.00,2026-09-20T12:00:00
2026-03-14,1000803,FY26,100803,S00803,ST003,0803,SP053,INV-01000803,SALE,35,3.01,105.35,0,0.00,0.00,2026-09-20T12:00:00
2026-03-15,1000804,FY26,100804,S00804,ST004,0804,SP054,INV-01000804,SALE,36,3.02,108.72,0,0.00,0.00,2026-09-20T12:00:00
2026-03-16,1000805,FY26,100805,S00805,ST005,0805,SP055,INV-01000805,SALE,37,3.03,112.11,0,0.00,0.00,2026-09-20T12:00:00
2026-03-17,1000806,FY26,100806,S00806,ST006,0806,SP056,INV-01000806,SALE,38,3.04,115.52,0,0.00,0.00,2026-09-20T12:00:00
2026-03-18,1000807,FY26,100807,S00807,ST007,0807,SP057,INV-01000807,SALE,39,3.05,118.95,0,0.00,0.00,2026-09-20T12:00:00
2026-03-19,1000808,FY26,100808,S00808,ST008,0808,SP058,INV-01000808,SALE,40,3.06,122.40,0,0.00,0.00,2026-09-20T12:00:00
2026-03-20,1000809,FY26,100809,S00809,ST009,0809,SP059,INV-01000809,SALE,41,3.07,125.87,0,0.00,0.00,2026-09-20T12:00:00
2026-03-21,1000810,FY26,100810,S00810,ST010,0810,SP060,INV-01000810,SALE,42,3.08,129.36,0,0.00,0.00,2026-09-20T12:00:00
2026-03-22,1000811,FY26,100811,S00811,ST011,0811,SP061,INV-01000811,SALE,43,3.09,132.87,0,0.00,0.00,2026-09-20T12:00:00
2026-03-23,1000812,FY26,100812,S00812,ST012,0812,SP062,INV-01000812,SALE,44,3.10,136.40,0,0.00,0.00,2026-09-20T12:00:00
2026-03-24,1000813,FY26,100813,S00813,ST013,0813,SP063,INV-01000813,SALE,45,3.11,139.95,0,0.00,0.00,2026-09-20T12:00:00
2026-03-25,1000814,FY26,100814,S00814,ST014,0814,SP064,INV-01000814,SALE,46,3.12,143.52,0,0.00,0.00,2026-09-20T12:00:00
2026-03-26,1000815,FY26,100815,S00815,ST015,0815,SP065,INV-01000815,SALE,47,3.13,147.11,1,3.13,3.13,2026-09-20T12:00:00
2026-03-27,1000816,FY26,100816,S00816,ST016,0816,SP066,INV-01000816,SALE,48,3.14,150.72,0,0.00,0.00,2026-09-20T12:00:00
2026-03-28,1000817,FY26,100817,S00817,ST017,0817,SP067,INV-01000817,SALE,1,3.15,3.15,0,0.00,0.00,2026-09-20T12:00:00
2026-03-29,1000818,FY26,100818,S00818,ST018,0818,SP068,INV-01000818,SALE,2,3.16,6.32,0,0.00,0.00,2026-09-20T12:00:00
2026-03-30,1000819,FY26,100819,S00819,ST019,0819,SP069,INV-01000819,SALE,3,3.17,9.51,0,0.00,0.00,2026-09-20T12:00:00
2026-03-31,1000820,FY26,100820,S00820,ST020,0820,SP070,INV-01000820,SALE,4,3.18,12.72,0,0.00,0.00,2026-09-20T12:00:00
2026-04-01,1000821,FY26,100821,S00821,ST021,0821,SP071,INV-01000821,SALE,5,3.19,15.95,0,0.00,0.00,2026-09-20T12:00:00
2026-04-02,1000822,FY26,100822,S00822,ST022,0822,SP072,INV-01000822,SALE,6,3.20,19.20,0,0.00,0.00,2026-09-20T12:00:00
2026-04-03,1000823,FY26,100823,S00823,ST023,0823,SP073,INV-01000823,SALE,7,3.21,22.47,0,0.00,0.00,2026-09-20T12:00:00
2026-04-04,1000824,FY26,100824,S00824,ST024,0824,SP074,INV-01000824,SALE,8,3.22,25.76,0,0.00,0.00,2026-09-20T12:00:00
2026-04-05,1000825,FY26,100825,S00825,ST025,0825,SP075,INV-01000825,SALE,9,3.23,29.07,0,0.00,0.00,2026-09-20T12:00:00
2026-04-06,1000826,FY26,100826,S00826,ST026,0826,SP076,INV-01000826,SALE,10,3.24,32.40,0,0.00,0.00,2026-09-20T12:00:00
2026-04-07,1000827,FY26,100827,S00827,ST027,0827,SP077,INV-01000827,SALE,11,3.25,35.75,0,0.00,0.00,2026-09-20T12:00:00
2026-04-08,1000828,FY26,100828,S00828,ST028,0828,SP078,INV-01000828,SALE,12,3.26,39.12,0,0.00,0.00,2026-09-20T12:00:00
2026-04-09,1000829,FY26,100829,S00829,ST029,0829,SP079,INV-01000829,SALE,13,3.27,42.51,0,0.00,0.00,2026-09-20T12:00:00
2026-04-10,1000830,FY26,100830,S00830,ST030,0830,SP080,INV-01000830,SALE,14,3.28,45.92,0,0.00,0.00,2026-09-20T12:00:00
2026-04-11,1000831,FY26,100831,S00831,ST031,0831,SP081,INV-01000831,SALE,15,3.29,49.35,0,0.00,0.00,2026-09-20T12:00:00
2026-04-12,1000832,FY26,100832,S00832,ST032,0832,SP082,INV-01000832,SALE,16,3.30,52.80,0,0.00,0.00,2026-09-20T12:00:00
2026-04-13,1000833,FY26,100833,S00833,ST033,0833,SP083,INV-01000833,SALE,17,3.31,56.27,0,0.00,0.00,2026-09-20T12:00:00
2026-04-14,1000834,FY26,100834,S00834,ST034,0834,SP084,INV-01000834,SALE,18,3.32,59.76,0,0.00,0.00,2026-09-20T12:00:00
2026-04-15,1000835,FY26,100835,S00835,ST035,0835,SP085,INV-01000835,SALE,19,3.33,63.27,0,0.00,0.00,2026-09-20T12:00:00
2026-04-16,1000836,FY26,100836,S00836,ST036,0836,SP086,INV-01000836,SALE,20,3.34,66.80,0,0.00,0.00,2026-09-20T12:00:00
2026-04-17,1000837,FY26,100837,S00837,ST037,0837,SP087,INV-01000837,SALE,21,3.35,70.35,0,0.00,0.00,2026-09-20T12:00:00
2026-04-18,1000838,FY26,100838,S00838,ST038,0838,SP088,INV-01000838,SALE,22,3.36,73.92,0,0.00,0.00,2026-09-20T12:00:00
2026-04-19,1000839,FY26,100839,S00839,ST039,0839,SP089,INV-01000839,SALE,23,3.37,77.51,0,0.00,0.00,2026-09-20T12:00:00
2026-04-20,1000840,FY26,100840,S00840,ST040,0840,SP090,INV-01000840,SALE,24,3.38,81.12,0,0.00,0.00,2026-09-20T12:00:00
2026-04-21,1000841,FY26,100841,S00841,ST041,0841,SP091,INV-01000841,SALE,25,3.39,84.75,0,0.00,0.00,2026-09-20T12:00:00
2026-04-22,1000842,FY26,100842,S00842,ST042,0842,SP092,INV-01000842,SALE,26,3.40,88.40,0,0.00,0.00,2026-09-20T12:00:00
2026-04-23,1000843,FY26,100843,S00843,ST043,0843,SP093,INV-01000843,SALE,27,3.41,92.07,0,0.00,0.00,2026-09-20T12:00:00
2026-04-24,1000844,FY26,100844,S00844,ST044,0844,SP094,INV-01000844,SALE,28,3.42,95.76,0,0.00,0.00,2026-09-20T12:00:00
2026-04-25,1000845,FY26,100845,S00845,ST045,0845,SP095,INV-01000845,SALE,29,3.43,99.47,0,0.00,0.00,2026-09-20T12:00:00
2026-04-26,1000846,FY26,100846,S00846,ST046,0846,SP096,INV-01000846,SALE,30,3.44,103.20,0,0.00,0.00,2026-09-20T12:00:00
2026-04-27,1000847,FY26,100847,S00847,ST047,0847,SP097,INV-01000847,SALE,31,3.45,106.95,0,0.00,0.00,2026-09-20T12:00:00
2026-04-28,1000848,FY26,100848,S00848,ST048,0848,SP098,INV-01000848,SALE,32,3.46,110.72,0,0.00,0.00,2026-09-20T12:00:00
2026-04-29,1000849,FY26,100849,S00849,ST049,0849,SP099,INV-01000849,SALE,33,3.47,114.51,0,0.00,0.00,2026-09-20T12:00:00
2026-04-30,1000850,FY26,100850,S00850,ST050,0850,SP100,INV-01000850,SALE,34,3.48,118.32,0,0.00,0.00,2026-09-20T12:00:00
2026-05-01,1000851,FY26,100851,S00851,ST051,0851,SP101,INV-01000851,SALE,35,3.49,122.15,0,0.00,0.00,2026-09-20T12:00:00
2026-05-02,1000852,FY26,100852,S00852,ST052,0852,SP102,INV-01000852,SALE,36,3.50,126.00,1,3.50,3.50,2026-09-20T12:00:00
2026-05-03,1000853,FY26,100853,S00853,ST053,0853,SP103,INV-01000853,SALE,37,3.51,129.87,0,0.00,0.00,2026-09-20T12:00:00
2026-05-04,1000854,FY26,100854,S00854,ST054,0854,SP104,INV-01000854,SALE,38,3.52,133.76,0,0.00,0.00,2026-09-20T12:00:00
2026-05-05,1000855,FY26,100855,S00855,ST055,0855,SP105,INV-01000855,SALE,39,3.53,137.67,0,0.00,0.00,2026-09-20T12:00:00
2026-05-06,1000856,FY26,100856,S00856,ST056,0856,SP106,INV-01000856,SALE,40,3.54,141.60,0,0.00,0.00,2026-09-20T12:00:00
2026-05-07,1000857,FY26,100857,S00857,ST057,0857,SP107,INV-01000857,SALE,41,3.55,145.55,0,0.00,0.00,2026-09-20T12:00:00
2026-05-08,1000858,FY26,100858,S00858,ST058,0858,SP108,INV-01000858,SALE,42,3.56,149.52,0,0.00,0.00,2026-09-20T12:00:00
2026-05-09,1000859,FY26,100859,S00859,ST059,0859,SP109,INV-01000859,SALE,43,3.57,153.51,0,0.00,0.00,2026-09-20T12:00:00
2026-05-10,1000860,FY26,100860,S00860,ST060,0860,SP110,INV-01000860,SALE,44,3.58,157.52,0,0.00,0.00,2026-09-20T12:00:00
2026-05-11,1000861,FY26,100861,S00861,ST061,0861,SP111,INV-01000861,SALE,45,3.59,161.55,0,0.00,0.00,2026-09-20T12:00:00
2026-05-12,1000862,FY26,100862,S00862,ST062,0862,SP112,INV-01000862,SALE,46,3.60,165.60,0,0.00,0.00,2026-09-20T12:00:00
2026-05-13,1000863,FY26,100863,S00863,ST063,0863,SP113,INV-01000863,SALE,47,3.61,169.67,0,0.00,0.00,2026-09-20T12:00:00
2026-05-14,1000864,FY26,100864,S00864,ST064,0864,SP114,INV-01000864,SALE,48,3.62,173.76,0,0.00,0.00,2026-09-20T12:00:00
2026-05-15,1000865,FY26,100865,S00865,ST065,0865,SP115,INV-01000865,SALE,1,3.63,3.63,0,0.00,0.00,2026-09-20T12:00:00
2026-05-16,1000866,FY26,100866,S00866,ST066,0866,SP116,INV-01000866,SALE,2,3.64,7.28,0,0.00,0.00,2026-09-20T12:00:00
2026-05-17,1000867,FY26,100867,S00867,ST067,0867,SP117,INV-01000867,SALE,3,3.65,10.95,0,0.00,0.00,2026-09-20T12:00:00
2026-05-18,1000868,FY26,100868,S00868,ST068,0868,SP118,INV-01000868,SALE,4,3.66,14.64,0,0.00,0.00,2026-09-20T12:00:00
2026-05-19,1000869,FY26,100869,S00869,ST069,0869,SP119,INV-01000869,SALE,5,3.67,18.35,0,0.00,0.00,2026-09-20T12:00:00
2026-05-20,1000870,FY26,100870,S00870,ST070,0870,SP120,INV-01000870,SALE,6,3.68,22.08,0,0.00,0.00,2026-09-20T12:00:00
2026-05-21,1000871,FY26,100871,S00871,ST071,0871,SP121,INV-01000871,SALE,7,3.69,25.83,0,0.00,0.00,2026-09-20T12:00:00
2026-05-22,1000872,FY26,100872,S00872,ST072,0872,SP122,INV-01000872,SALE,8,3.70,29.60,0,0.00,0.00,2026-09-20T12:00:00
2026-05-23,1000873,FY26,100873,S00873,ST073,0873,SP123,INV-01000873,SALE,9,3.71,33.39,0,0.00,0.00,2026-09-20T12:00:00
2026-05-24,1000874,FY26,100874,S00874,ST074,0874,SP124,INV-01000874,SALE,10,3.72,37.20,0,0.00,0.00,2026-09-20T12:00:00
2026-05-25,1000875,FY26,100875,S00875,ST075,0875,SP125,INV-01000875,SALE,11,3.73,41.03,0,0.00,0.00,2026-09-20T12:00:00
2026-05-26,1000876,FY26,100876,S00876,ST076,0876,SP126,INV-01000876,SALE,12,3.74,44.88,0,0.00,0.00,2026-09-20T12:00:00
2026-05-27,1000877,FY26,100877,S00877,ST077,0877,SP127,INV-01000877,SALE,13,3.75,48.75,0,0.00,0.00,2026-09-20T12:00:00
2026-05-28,1000878,FY26,100878,S00878,ST078,0878,SP128,INV-01000878,SALE,14,3.76,52.64,0,0.00,0.00,2026-09-20T12:00:00
2026-05-29,1000879,FY26,100879,S00879,ST079,0879,SP129,INV-01000879,SALE,15,3.77,56.55,0,0.00,0.00,2026-09-20T12:00:00
2026-05-30,1000880,FY26,100880,S00880,ST080,0880,SP130,INV-01000880,SALE,16,3.78,60.48,0,0.00,0.00,2026-09-20T12:00:00
2026-05-31,1000881,FY26,100881,S00881,ST081,0881,SP131,INV-01000881,SALE,17,3.79,64.43,0,0.00,0.00,2026-09-20T12:00:00
2026-06-01,1000882,FY26,100882,S00882,ST082,0882,SP132,INV-01000882,SALE,18,3.80,68.40,0,0.00,0.00,2026-09-20T12:00:00
2026-06-02,1000883,FY26,100883,S00883,ST083,0883,SP133,INV-01000883,SALE,19,3.81,72.39,0,0.00,0.00,2026-09-20T12:00:00
2026-06-03,1000884,FY26,100884,S00884,ST084,0884,SP134,INV-01000884,SALE,20,3.82,76.40,0,0.00,0.00,2026-09-20T12:00:00
2026-06-04,1000885,FY26,100885,S00885,ST085,0885,SP135,INV-01000885,SALE,21,3.83,80.43,0,0.00,0.00,2026-09-20T12:00:00
2026-06-05,1000886,FY26,100886,S00886,ST086,0886,SP136,INV-01000886,SALE,22,3.84,84.48,0,0.00,0.00,2026-09-20T12:00:00
2026-06-06,1000887,FY26,100887,S00887,ST087,0887,SP137,INV-01000887,SALE,23,3.85,88.55,0,0.00,0.00,2026-09-20T12:00:00
2026-06-07,1000888,FY26,100888,S00888,ST088,0888,SP138,INV-01000888,SALE,24,3.86,92.64,0,0.00,0.00,2026-09-20T12:00:00
2026-06-08,1000889,FY26,100889,S00889,ST089,0889,SP139,INV-01000889,SALE,25,3.87,96.75,1,3.87,3.87,2026-09-20T12:00:00
2026-06-09,1000890,FY26,100890,S00890,ST090,0890,SP140,INV-01000890,SALE,26,3.88,100.88,0,0.00,0.00,2026-09-20T12:00:00
2026-06-10,1000891,FY26,100891,S00891,ST091,0891,SP141,INV-01000891,SALE,27,3.89,105.03,0,0.00,0.00,2026-09-20T12:00:00
2026-06-11,1000892,FY26,100892,S00892,ST092,0892,SP142,INV-01000892,SALE,28,3.90,109.20,0,0.00,0.00,2026-09-20T12:00:00
2026-06-12,1000893,FY26,100893,S00893,ST093,0893,SP143,INV-01000893,SALE,29,3.91,113.39,0,0.00,0.00,2026-09-20T12:00:00
2026-06-13,1000894,FY26,100894,S00894,ST094,0894,SP144,INV-01000894,SALE,30,3.92,117.60,0,0.00,0.00,2026-09-20T12:00:00
2026-06-14,1000895,FY26,100895,S00895,ST095,0895,SP145,INV-01000895,SALE,31,3.93,121.83,0,0.00,0.00,2026-09-20T12:00:00
2026-06-15,1000896,FY26,100896,S00896,ST096,0896,SP146,INV-01000896,SALE,32,3.94,126.08,0,0.00,0.00,2026-09-20T12:00:00
2026-06-16,1000897,FY26,100897,S00897,ST097,0897,SP147,INV-01000897,SALE,33,3.95,130.35,0,0.00,0.00,2026-09-20T12:00:00
2026-06-17,1000898,FY26,100898,S00898,ST098,0898,SP148,INV-01000898,SALE,34,3.96,134.64,0,0.00,0.00,2026-09-20T12:00:00
2026-06-18,1000899,FY26,100899,S00899,ST099,0899,SP149,INV-01000899,SALE,35,3.97,138.95,0,0.00,0.00,2026-09-20T12:00:00
2026-06-19,1000900,FY26,100900,S00900,ST100,0900,SP150,INV-01000900,SALE,36,3.98,143.28,0,0.00,0.00,2026-09-20T12:00:00
2026-06-20,1000901,FY26,100901,S00901,ST001,0901,SP151,INV-01000901,SALE,37,3.99,147.63,0,0.00,0.00,2026-09-20T12:00:00
2026-06-21,1000902,FY26,100902,S00902,ST002,0902,SP152,INV-01000902,SALE,38,4.00,152.00,0,0.00,0.00,2026-09-20T12:00:00
2026-06-22,1000903,FY26,100903,S00903,ST003,0903,SP153,INV-01000903,SALE,39,4.01,156.39,0,0.00,0.00,2026-09-20T12:00:00
2026-06-23,1000904,FY26,100904,S00904,ST004,0904,SP154,INV-01000904,SALE,40,4.02,160.80,0,0.00,0.00,2026-09-20T12:00:00
2026-06-24,1000905,FY26,100905,S00905,ST005,0905,SP155,INV-01000905,SALE,41,4.03,165.23,0,0.00,0.00,2026-09-20T12:00:00
2026-06-25,1000906,FY26,100906,S00906,ST006,0906,SP156,INV-01000906,SALE,42,4.04,169.68,0,0.00,0.00,2026-09-20T12:00:00
2026-06-26,1000907,FY26,100907,S00907,ST007,0907,SP157,INV-01000907,SALE,43,4.05,174.15,0,0.00,0.00,2026-09-20T12:00:00
2026-06-27,1000908,FY26,100908,S00908,ST008,0908,SP158,INV-01000908,SALE,44,4.06,178.64,0,0.00,0.00,2026-09-20T12:00:00
2026-06-28,1000909,FY26,100909,S00909,ST009,0909,SP159,INV-01000909,SALE,45,4.07,183.15,0,0.00,0.00,2026-09-20T12:00:00
2026-06-29,1000910,FY26,100910,S00910,ST010,0910,SP160,INV-01000910,SALE,46,4.08,187.68,0,0.00,0.00,2026-09-20T12:00:00
2026-06-30,1000911,FY26,100911,S00911,ST011,0911,SP161,INV-01000911,SALE,47,4.09,192.23,0,0.00,0.00,2026-09-20T12:00:00
2026-07-01,1000912,FY26,100912,S00912,ST012,0912,SP162,INV-01000912,SALE,48,4.10,196.80,0,0.00,0.00,2026-09-20T12:00:00
2026-07-02,1000913,FY26,100913,S00913,ST013,0913,SP163,INV-01000913,SALE,1,4.11,4.11,0,0.00,0.00,2026-09-20T12:00:00
2026-07-03,1000914,FY26,100914,S00914,ST014,0914,SP164,INV-01000914,SALE,2,4.12,8.24,0,0.00,0.00,2026-09-20T12:00:00
2026-07-04,1000915,FY26,100915,S00915,ST015,0915,SP165,INV-01000915,SALE,3,4.13,12.39,0,0.00,0.00,2026-09-20T12:00:00
2026-07-05,1000916,FY26,100916,S00916,ST016,0916,SP166,INV-01000916,SALE,4,4.14,16.56,0,0.00,0.00,2026-09-20T12:00:00
2026-07-06,1000917,FY26,100917,S00917,ST017,0917,SP167,INV-01000917,SALE,5,4.15,20.75,0,0.00,0.00,2026-09-20T12:00:00
2026-07-07,1000918,FY26,100918,S00918,ST018,0918,SP168,INV-01000918,SALE,6,4.16,24.96,0,0.00,0.00,2026-09-20T12:00:00
2026-07-08,1000919,FY26,100919,S00919,ST019,0919,SP169,INV-01000919,SALE,7,4.17,29.19,0,0.00,0.00,2026-09-20T12:00:00
2026-07-09,1000920,FY26,100920,S00920,ST020,0920,SP170,INV-01000920,SALE,8,4.18,33.44,0,0.00,0.00,2026-09-20T12:00:00
2026-07-10,1000921,FY26,100921,S00921,ST021,0921,SP171,INV-01000921,SALE,9,4.19,37.71,0,0.00,0.00,2026-09-20T12:00:00
2026-07-11,1000922,FY26,100922,S00922,ST022,0922,SP172,INV-01000922,SALE,10,4.20,42.00,0,0.00,0.00,2026-09-20T12:00:00
2026-07-12,1000923,FY26,100923,S00923,ST023,0923,SP173,INV-01000923,SALE,11,4.21,46.31,0,0.00,0.00,2026-09-20T12:00:00
2026-07-13,1000924,FY26,100924,S00924,ST024,0924,SP174,INV-01000924,SALE,12,4.22,50.64,0,0.00,0.00,2026-09-20T12:00:00
2026-07-14,1000925,FY26,100925,S00925,ST025,0925,SP175,INV-01000925,SALE,13,4.23,54.99,0,0.00,0.00,2026-09-20T12:00:00
2026-07-15,1000926,FY26,100926,S00926,ST026,0926,SP176,INV-01000926,SALE,14,4.24,59.36,1,4.24,4.24,2026-09-20T12:00:00
2026-07-16,1000927,FY26,100927,S00927,ST027,0927,SP177,INV-01000927,SALE,15,4.25,63.75,0,0.00,0.00,2026-09-20T12:00:00
2026-07-17,1000928,FY26,100928,S00928,ST028,0928,SP178,INV-01000928,SALE,16,4.26,68.16,0,0.00,0.00,2026-09-20T12:00:00
2026-07-18,1000929,FY26,100929,S00929,ST029,0929,SP179,INV-01000929,SALE,17,4.27,72.59,0,0.00,0.00,2026-09-20T12:00:00
2026-07-19,1000930,FY26,100930,S00930,ST030,0930,SP180,INV-01000930,SALE,18,4.28,77.04,0,0.00,0.00,2026-09-20T12:00:00
2026-07-20,1000931,FY26,100931,S00931,ST031,0931,SP181,INV-01000931,SALE,19,4.29,81.51,0,0.00,0.00,2026-09-20T12:00:00
2026-07-21,1000932,FY26,100932,S00932,ST032,0932,SP182,INV-01000932,SALE,20,4.30,86.00,0,0.00,0.00,2026-09-20T12:00:00
2026-07-22,1000933,FY26,100933,S00933,ST033,0933,SP183,INV-01000933,SALE,21,4.31,90.51,0,0.00,0.00,2026-09-20T12:00:00
2026-07-23,1000934,FY26,100934,S00934,ST034,0934,SP184,INV-01000934,SALE,22,4.32,95.04,0,0.00,0.00,2026-09-20T12:00:00
2026-07-24,1000935,FY26,100935,S00935,ST035,0935,SP185,INV-01000935,SALE,23,4.33,99.59,0,0.00,0.00,2026-09-20T12:00:00
2026-07-25,1000936,FY26,100936,S00936,ST036,0936,SP186,INV-01000936,SALE,24,4.34,104.16,0,0.00,0.00,2026-09-20T12:00:00
2026-07-26,1000937,FY26,100937,S00937,ST037,0937,SP187,INV-01000937,SALE,25,4.35,108.75,0,0.00,0.00,2026-09-20T12:00:00
2026-07-27,1000938,FY26,100938,S00938,ST038,0938,SP188,INV-01000938,SALE,26,4.36,113.36,0,0.00,0.00,2026-09-20T12:00:00
2026-07-28,1000939,FY26,100939,S00939,ST039,0939,SP189,INV-01000939,SALE,27,4.37,117.99,0,0.00,0.00,2026-09-20T12:00:00
2026-07-29,1000940,FY26,100940,S00940,ST040,0940,SP190,INV-01000940,SALE,28,4.38,122.64,0,0.00,0.00,2026-09-20T12:00:00
2026-07-30,1000941,FY26,100941,S00941,ST041,0941,SP191,INV-01000941,SALE,29,4.39,127.31,0,0.00,0.00,2026-09-20T12:00:00
2026-07-31,1000942,FY26,100942,S00942,ST042,0942,SP192,INV-01000942,SALE,30,4.40,132.00,0,0.00,0.00,2026-09-20T12:00:00
2026-08-01,1000943,FY26,100943,S00943,ST043,0943,SP193,INV-01000943,SALE,31,4.41,136.71,0,0.00,0.00,2026-09-20T12:00:00
2026-08-02,1000944,FY26,100944,S00944,ST044,0944,SP194,INV-01000944,SALE,32,4.42,141.44,0,0.00,0.00,2026-09-20T12:00:00
2026-08-03,1000945,FY26,100945,S00945,ST045,0945,SP195,INV-01000945,SALE,33,4.43,146.19,0,0.00,0.00,2026-09-20T12:00:00
2026-08-04,1000946,FY26,100946,S00946,ST046,0946,SP196,INV-01000946,SALE,34,4.44,150.96,0,0.00,0.00,2026-09-20T12:00:00
2026-08-05,1000947,FY26,100947,S00947,ST047,0947,SP197,INV-01000947,SALE,35,4.45,155.75,0,0.00,0.00,2026-09-20T12:00:00
2026-08-06,1000948,FY26,100948,S00948,ST048,0948,SP198,INV-01000948,SALE,36,4.46,160.56,0,0.00,0.00,2026-09-20T12:00:00
2026-08-07,1000949,FY26,100949,S00949,ST049,0949,SP199,INV-01000949,SALE,37,4.47,165.39,0,0.00,0.00,2026-09-20T12:00:00
2026-08-08,1000950,FY26,100950,S00950,ST050,0950,SP200,INV-01000950,SALE,38,4.48,170.24,0,0.00,0.00,2026-09-20T12:00:00
2026-08-09,1000951,FY26,100951,S00951,ST051,0951,SP201,INV-01000951,SALE,39,4.49,175.11,0,0.00,0.00,2026-09-20T12:00:00
2026-08-10,1000952,FY26,100952,S00952,ST052,0952,SP202,INV-01000952,SALE,40,4.50,180.00,0,0.00,0.00,2026-09-20T12:00:00
2026-08-11,1000953,FY26,100953,S00953,ST053,0953,SP203,INV-01000953,SALE,41,4.51,184.91,0,0.00,0.00,2026-09-20T12:00:00
2026-08-12,1000954,FY26,100954,S00954,ST054,0954,SP204,INV-01000954,SALE,42,4.52,189.84,0,0.00,0.00,2026-09-20T12:00:00
2026-08-13,1000955,FY26,100955,S00955,ST055,0955,SP205,INV-01000955,SALE,43,4.53,194.79,0,0.00,0.00,2026-09-20T12:00:00
2026-08-14,1000956,FY26,100956,S00956,ST056,0956,SP206,INV-01000956,SALE,44,4.54,199.76,0,0.00,0.00,2026-09-20T12:00:00
2026-08-15,1000957,FY26,100957,S00957,ST057,0957,SP207,INV-01000957,SALE,45,4.55,204.75,0,0.00,0.00,2026-09-20T12:00:00
2026-08-16,1000958,FY26,100958,S00958,ST058,0958,SP208,INV-01000958,SALE,46,4.56,209.76,0,0.00,0.00,2026-09-20T12:00:00
2026-08-17,1000959,FY26,100959,S00959,ST059,0959,SP209,INV-01000959,SALE,47,4.57,214.79,0,0.00,0.00,2026-09-20T12:00:00
2026-08-18,1000960,FY26,100960,S00960,ST060,0960,SP210,INV-01000960,SALE,48,4.58,219.84,0,0.00,0.00,2026-09-20T12:00:00
2026-08-19,1000961,FY26,100961,S00961,ST061,0961,SP211,INV-01000961,SALE,1,4.59,4.59,0,0.00,0.00,2026-09-20T12:00:00
2026-08-20,1000962,FY26,100962,S00962,ST062,0962,SP212,INV-01000962,SALE,2,4.60,9.20,0,0.00,0.00,2026-09-20T12:00:00
2026-08-21,1000963,FY26,100963,S00963,ST063,0963,SP213,INV-01000963,SALE,3,4.61,13.83,1,4.61,4.61,2026-09-20T12:00:00
2026-08-22,1000964,FY26,100964,S00964,ST064,0964,SP214,INV-01000964,SALE,4,4.62,18.48,0,0.00,0.00,2026-09-20T12:00:00
2026-08-23,1000965,FY26,100965,S00965,ST065,0965,SP215,INV-01000965,SALE,5,4.63,23.15,0,0.00,0.00,2026-09-20T12:00:00
2026-08-24,1000966,FY26,100966,S00966,ST066,0966,SP216,INV-01000966,SALE,6,4.64,27.84,0,0.00,0.00,2026-09-20T12:00:00
2026-08-25,1000967,FY26,100967,S00967,ST067,0967,SP217,INV-01000967,SALE,7,4.65,32.55,0,0.00,0.00,2026-09-20T12:00:00
2026-08-26,1000968,FY26,100968,S00968,ST068,0968,SP218,INV-01000968,SALE,8,4.66,37.28,0,0.00,0.00,2026-09-20T12:00:00
2026-08-27,1000969,FY26,100969,S00969,ST069,0969,SP219,INV-01000969,SALE,9,4.67,42.03,0,0.00,0.00,2026-09-20T12:00:00
2026-08-28,1000970,FY26,100970,S00970,ST070,0970,SP220,INV-01000970,SALE,10,4.68,46.80,0,0.00,0.00,2026-09-20T12:00:00
2026-08-29,1000971,FY26,100971,S00971,ST071,0971,SP221,INV-01000971,SALE,11,4.69,51.59,0,0.00,0.00,2026-09-20T12:00:00
2026-08-30,1000972,FY26,100972,S00972,ST072,0972,SP222,INV-01000972,SALE,12,4.70,56.40,0,0.00,0.00,2026-09-20T12:00:00
2026-08-31,1000973,FY26,100973,S00973,ST073,0973,SP223,INV-01000973,SALE,13,4.71,61.23,0,0.00,0.00,2026-09-20T12:00:00
2026-09-01,1000974,FY26,100974,S00974,ST074,0974,SP224,INV-01000974,SALE,14,4.72,66.08,0,0.00,0.00,2026-09-20T12:00:00
2026-09-02,1000975,FY26,100975,S00975,ST075,0975,SP225,INV-01000975,SALE,15,4.73,70.95,0,0.00,0.00,2026-09-20T12:00:00
2026-09-03,1000976,FY26,100976,S00976,ST076,0976,SP226,INV-01000976,SALE,16,4.74,75.84,0,0.00,0.00,2026-09-20T12:00:00
2026-09-04,1000977,FY26,100977,S00977,ST077,0977,SP227,INV-01000977,SALE,17,4.75,80.75,0,0.00,0.00,2026-09-20T12:00:00
2026-09-05,1000978,FY26,100978,S00978,ST078,0978,SP228,INV-01000978,SALE,18,4.76,85.68,0,0.00,0.00,2026-09-20T12:00:00
2026-09-06,1000979,FY26,100979,S00979,ST079,0979,SP229,INV-01000979,SALE,19,4.77,90.63,0,0.00,0.00,2026-09-20T12:00:00
2026-09-07,1000980,FY26,100980,S00980,ST080,0980,SP230,INV-01000980,SALE,20,4.78,95.60,0,0.00,0.00,2026-09-20T12:00:00
2026-09-08,1000981,FY26,100981,S00981,ST081,0981,SP231,INV-01000981,SALE,21,4.79,100.59,0,0.00,0.00,2026-09-20T12:00:00
2026-09-09,1000982,FY26,100982,S00982,ST082,0982,SP232,INV-01000982,SALE,22,4.80,105.60,0,0.00,0.00,2026-09-20T12:00:00
2026-09-10,1000983,FY26,100983,S00983,ST083,0983,SP233,INV-01000983,SALE,23,4.81,110.63,0,0.00,0.00,2026-09-20T12:00:00
2026-09-11,1000984,FY26,100984,S00984,ST084,0984,SP234,INV-01000984,SALE,24,4.82,115.68,0,0.00,0.00,2026-09-20T12:00:00
2026-09-12,1000985,FY26,100985,S00985,ST085,0985,SP235,INV-01000985,SALE,25,4.83,120.75,0,0.00,0.00,2026-09-20T12:00:00
2026-09-13,1000986,FY26,100986,S00986,ST086,0986,SP236,INV-01000986,SALE,26,4.84,125.84,0,0.00,0.00,2026-09-20T12:00:00
2026-09-14,1000987,FY26,100987,S00987,ST087,0987,SP237,INV-01000987,SALE,27,4.85,130.95,0,0.00,0.00,2026-09-20T12:00:00
2026-09-15,1000988,FY26,100988,S00988,ST088,0988,SP238,INV-01000988,SALE,28,4.86,136.08,0,0.00,0.00,2026-09-20T12:00:00
2026-09-16,1000989,FY26,100989,S00989,ST089,0989,SP239,INV-01000989,SALE,29,4.87,141.23,0,0.00,0.00,2026-09-20T12:00:00
2026-09-17,1000990,FY26,100990,S00990,ST090,0990,SP240,INV-01000990,SALE,30,4.88,146.40,0,0.00,0.00,2026-09-20T12:00:00
2026-09-18,1000991,FY26,100991,S00991,ST091,0991,SP241,INV-01000991,SALE,31,4.89,151.59,0,0.00,0.00,2026-09-20T12:00:00
2026-09-19,1000992,FY26,100992,S00992,ST092,0992,SP242,INV-01000992,SALE,32,4.90,156.80,0,0.00,0.00,2026-09-20T12:00:00
2026-09-20,1000993,FY26,100993,S00993,ST093,0993,SP243,INV-01000993,SALE,33,4.91,162.03,0,0.00,0.00,2026-09-20T12:00:00
2026-09-21,1000994,FY26,100994,S00994,ST094,0994,SP244,INV-01000994,SALE,34,4.92,167.28,0,0.00,0.00,2026-09-20T12:00:00
2026-09-22,1000995,FY26,100995,S00995,ST095,0995,SP245,INV-01000995,SALE,35,4.93,172.55,0,0.00,0.00,2026-09-20T12:00:00
2026-09-23,1000996,FY26,100996,S00996,ST096,0996,SP246,INV-01000996,SALE,36,4.94,177.84,0,0.00,0.00,2026-09-20T12:00:00
2026-09-24,1000997,FY26,100997,S00997,ST097,0997,SP247,INV-01000997,SALE,37,4.95,183.15,0,0.00,0.00,2026-09-20T12:00:00
2026-09-25,1000998,FY26,100998,S00998,ST098,0998,SP248,INV-01000998,SALE,38,4.96,188.48,0,0.00,0.00,2026-09-20T12:00:00
2026-09-26,1000999,FY26,100999,S00999,ST099,0999,SP249,INV-01000999,SALE,39,4.97,193.83,0,0.00,0.00,2026-09-20T12:00:00
2026-09-27,1001000,FY26,101000,S01000,ST100,1000,SP250,INV-01001000,SALE,40,4.98,199.20,1,4.98,4.98,2026-09-20T12:00:00
